{
  "type" : "FeatureCollection",
  "features" : [{"type":"Feature","id":0,"geometry":{"type":"LineString","coordinates":[[-79.598297430142352,42.342719206519732],[-79.598158761795773,42.342864948710229],[-79.598124108714302,42.342901369406732],[-79.598017045532416,42.343009071582266],[-79.597938763399199,42.343087820636384],[-79.597869489779384,42.343149877793664],[-79.597716074475983,42.34328731073203],[-79.597562658501843,42.343424743465846],[-79.597458726453624,42.343517847168989],[-79.597396294553803,42.343552102827388],[-79.597345768241595,42.343579825976057],[-79.597228914919555,42.343679202126744],[-79.597070782136342,42.343813683085465],[-79.596996823024085,42.343876579906016],[-79.596911302884848,42.343947287043584],[-79.596772722962726,42.344061862970108],[-79.596754465779767,42.344082299018964],[-79.596621633951287,42.34423098290106],[-79.59660054409396,42.344254589527758],[-79.596465326224532,42.34430561763039],[-79.596414438158234,42.344303521467857],[-79.59631480923872,42.344299417524361],[-79.596248205396364,42.34420732704654],[-79.596207658600406,42.344151264456947],[-79.59628865311079,42.344053539114725],[-79.596327868006213,42.344006223567604],[-79.596377288775116,42.343889101485168],[-79.596449060822707,42.343719008381832],[-79.596470628752996,42.343667894196592],[-79.596478715402299,42.343625445827328],[-79.596494142488396,42.343544480899503],[-79.59652253261882,42.343395482355774],[-79.596527860170283,42.343368059146918],[-79.596562122672367,42.343191694670914],[-79.596567596527692,42.34316351818817],[-79.59658209233811,42.343088896022032],[-79.596601277781829,42.343015940921937],[-79.596607075135452,42.342993895710592],[-79.596613215454099,42.342838246303366],[-79.5966151221442,42.342789913934325],[-79.596612119977777,42.342660112460401],[-79.596611687992208,42.342641435114771],[-79.596612252230386,42.342619061381953],[-79.596615705255886,42.342481969480922],[-79.596615984340559,42.342470889245078],[-79.596638454959077,42.342446936347905],[-79.596645037561544,42.342439918884317],[-79.596811339015659,42.34239946607228],[-79.59681794458011,42.342397859263372],[-79.596846674329271,42.342381513413279],[-79.596853017970972,42.342377904769052],[-79.596866958360351,42.342302885035515],[-79.596847563072032,42.342239900957914],[-79.59683801077469,42.342208880869372],[-79.596818003033448,42.34218087487514],[-79.596758021402138,42.342168880162006],[-79.596756741932097,42.342168932884988],[-79.596742015213678,42.342169534810161],[-79.596740734530201,42.342169587543715],[-79.596665134930021,42.342172679052005],[-79.596634961231373,42.342173912936559],[-79.596619348645575,42.342176028870206],[-79.596508830216678,42.34219100786958],[-79.59649991943283,42.342162014263309],[-79.596534994177006,42.342144436497044],[-79.596618002167176,42.342102836823031],[-79.596655092100704,42.342067522626486],[-79.596662033153848,42.342060913428675],[-79.596660510416356,42.342016724165937],[-79.596660308720274,42.342010890231442],[-79.59666027656715,42.342009957004528],[-79.59665910172275,42.341975857786856],[-79.596642034632964,42.341949893749621],[-79.596620091205892,42.34193691275761],[-79.596550261637631,42.341960204733866],[-79.596513936342063,42.341933602291839],[-79.596342699016319,42.341808198009062],[-79.596334496405376,42.341802190873736],[-79.596221239491484,42.341763791845246],[-79.596144022046957,42.34174234021917],[-79.596123041939165,42.341736512065481],[-79.596116359338481,42.341734655676305],[-79.596103945435587,42.341730776123271],[-79.595994776845515,42.341696660375533],[-79.595897852330609,42.341673382019131],[-79.595867311897138,42.341666047104148],[-79.595833497816983,42.341650351967402],[-79.595777574237616,42.341624391524626],[-79.595776801342893,42.341622207029644],[-79.595751546968557,42.341550749325357],[-79.595745198755765,42.341532786917085],[-79.595597118160327,42.34149785030295],[-79.595539452722576,42.341484333800189],[-79.595372421829367,42.341445182361916],[-79.595306894022102,42.341440562210366],[-79.595215418826328,42.341434112529669],[-79.595214364119954,42.341434180357368],[-79.595066810270467,42.341443611111586],[-79.594953144363998,42.341450875821401],[-79.594831807875593,42.341478504531473],[-79.594601437574269,42.341530960173706],[-79.594593096258976,42.341532859492716],[-79.594526063458332,42.341578858941148],[-79.594509079244119,42.34159889897149],[-79.594513883493306,42.341631599461188],[-79.594515102519964,42.341639892138843],[-79.59454026699855,42.341674435148448],[-79.594566083142439,42.341709872647165],[-79.594595045117572,42.341846126253429],[-79.594607108680165,42.341902879938026],[-79.594603320649384,42.341912162989154],[-79.594585077812539,42.341956883137179],[-79.594545037753889,42.342011882445931],[-79.59454463320354,42.342013720548316],[-79.594528084433819,42.342088910930237],[-79.594532021945199,42.342115837361007],[-79.594542910639404,42.342190315054353],[-79.594545045136783,42.342204914803851],[-79.594584730235994,42.342365750501145],[-79.594627980130412,42.342541032641591],[-79.594671230266073,42.342716314765788],[-79.59468652437009,42.342778297756439],[-79.59466150712538,42.342801362535766],[-79.594646111778161,42.342803265615238],[-79.594547273384151,42.342815484315516],[-79.594427442303981,42.342830298074709],[-79.594309382160986,42.342844267267623],[-79.59407135372652,42.34287243104356],[-79.594063457694958,42.342873365301472],[-79.593832530537114,42.342896630897854],[-79.593737982552909,42.342906156339716],[-79.593696478161078,42.342910337555445],[-79.593696352127225,42.342910272944458],[-79.593667469302204,42.342895297166599],[-79.59365542758961,42.342873360439675],[-79.593649097160707,42.34284695219111],[-79.593607041650614,42.342671511315238],[-79.593577657214126,42.342548929135539],[-79.593567466527787,42.342495778222982],[-79.593533643217057,42.342319367489317],[-79.593507088281129,42.342180865393566],[-79.593492124691025,42.342144210250289],[-79.593478122772908,42.342109910799721],[-79.593457703161846,42.342038721553401],[-79.593370728276327,42.342012114509281],[-79.59327994187926,42.34198434136718],[-79.593137158418742,42.341985979118896],[-79.593110841725561,42.341986280956739],[-79.592899486203578,42.341958229742495],[-79.59278011116146,42.341942386042547],[-79.592660452471037,42.341938548829241],[-79.592465451670108,42.341932295278497],[-79.592419623552374,42.341930825575474],[-79.592178794686987,42.341923101917757],[-79.591988335077474,42.341916993301659],[-79.591937966567855,42.341918620530144],[-79.591697141034203,42.341926400445786],[-79.59145631544078,42.341934179857482],[-79.591379666118158,42.341936655761586],[-79.591221435301705,42.341969448533817],[-79.591065570498955,42.342001750711994],[-79.590989582960916,42.342018201575861],[-79.590768419231182,42.342066081913693],[-79.590758458584915,42.342068762954412],[-79.590554842243264,42.342123568766837],[-79.590531823300964,42.342129458401928],[-79.59033991196516,42.342178560684609],[-79.590305275149603,42.34219006317246],[-79.590085392173691,42.342263083437587],[-79.589865508686984,42.342336103282513],[-79.589845906497686,42.34234261283239],[-79.589657342692945,42.342425756457885],[-79.589582869276001,42.342458593949807],[-79.58944998841875,42.342516620721909],[-79.589242445566427,42.342607250574773],[-79.589034902115813,42.342697880053272],[-79.589023058171946,42.342703052013555],[-79.588833400320127,42.342795653167144],[-79.588632263579967,42.342893858291269],[-79.588576545290707,42.342921062660338],[-79.588451994924853,42.343011167660244],[-79.588381325154202,42.343062292985103],[-79.588280686659502,42.343135410380356],[-79.588279975436777,42.34313598640145]]},"properties":{"FID":0,"retreatCat":0,"sedimentCat":-1,"CalSedi":1,"CalRetreat":1}},{"type":"Feature","id":1,"geometry":{"type":"LineString","coordinates":[[-79.404953562228314,42.453468182609868],[-79.404770322930091,42.453584230423097],[-79.404683922609692,42.453638948611029],[-79.404586126628956,42.453699446201433],[-79.404401076417258,42.453813919601082],[-79.404301757574785,42.453875358660255],[-79.404219441956542,42.453931261704497],[-79.404041764682589,42.454051927213548],[-79.403864086724013,42.454172592448238],[-79.403797185620334,42.454218026352343],[-79.403683698178142,42.454291025504666],[-79.403501672375171,42.454408110374999],[-79.403485747747965,42.454418353574624],[-79.403334616684205,42.454536676936307],[-79.40320881792222,42.454635166668588],[-79.403167229774894,42.454665062719734],[-79.402994263924015,42.454789400465522],[-79.40298543128948,42.454795749848145],[-79.402829207847645,42.454919445861933],[-79.402664576776999,42.45504979818589],[-79.402542971394439,42.45514608293886],[-79.402499945031707,42.455180150281585],[-79.402335312630925,42.455310502162249],[-79.402170679544739,42.455440853807282],[-79.402103027592077,42.455494418411945],[-79.402003467047734,42.455569387208627],[-79.401905401917944,42.455643229703057],[-79.401834455158536,42.455696652275023],[-79.401738022491088,42.455769265398096],[-79.401665442417581,42.455823916973806],[-79.401531954050554,42.455924431102289],[-79.401501084962646,42.45595416075836],[-79.401452005432432,42.456001428602221],[-79.401382970999677,42.456088449321207],[-79.401368021447681,42.456102418909808],[-79.401278118769142,42.456186428174149],[-79.401196313932459,42.456224077475781],[-79.401086939963108,42.456274414845964],[-79.401012594544312,42.456336793660348],[-79.40090103411292,42.456430397052763],[-79.40085847144762,42.456473747130154],[-79.400716799097864,42.456618039882301],[-79.400575126095106,42.456762332460009],[-79.400511411533842,42.456827224848361],[-79.400429429430503,42.456904387775346],[-79.400426439156348,42.456907202266741],[-79.400336402173593,42.456991247188519],[-79.400295849234269,42.457018261140746],[-79.400276967363354,42.457030840333104],[-79.400268527427144,42.457036463586434],[-79.400237432964047,42.457057180795623],[-79.400089373936339,42.457155942202235],[-79.400084459113927,42.457159220580515],[-79.400029993625992,42.457207941261693],[-79.399942473002881,42.457286232240016],[-79.39993549936095,42.457293182583783],[-79.399791813156867,42.457436388309546],[-79.399777204817255,42.457450947752889],[-79.399714240296547,42.457509395157402],[-79.399642219548781,42.457576250655073],[-79.399541611993158,42.457669642431256],[-79.399478946921988,42.457706099030503],[-79.399443217395188,42.457726885329322],[-79.399332974752795,42.457846446571736],[-79.399305524609659,42.45787621693551],[-79.399197138643586,42.457993764068164],[-79.399172194089516,42.458020816947474],[-79.399027890067984,42.458119925301531],[-79.398851124988525,42.458241327315221],[-79.398693092919586,42.458349862894501],[-79.39867301793231,42.458361576356346],[-79.39853715061642,42.458440852743401],[-79.398494072926027,42.458479936703647],[-79.398368535692171,42.458593835017361],[-79.398341708297565,42.458618175133061],[-79.398321086010753,42.458636885424951],[-79.398295330242206,42.458656967504687],[-79.398194154576231,42.458735852082576],[-79.398175454321461,42.458747112964318],[-79.397988359972118,42.458859776672099],[-79.397807167114337,42.458968885967479],[-79.397801006287636,42.458972192532009],[-79.397605711167117,42.459077008618841],[-79.397410415392812,42.459181824374205],[-79.397319098422827,42.459230834197783],[-79.397220459308173,42.45929168821845],[-79.397035192563465,42.459405985394085],[-79.396865309634507,42.459510791156646],[-79.396851825269323,42.459521742757424],[-79.396689439444359,42.459653627275308],[-79.396551353951722,42.459765775231475],[-79.39652581884036,42.459784644476308],[-79.396398402695965,42.459878798751795],[-79.396348644813003,42.459905046043602],[-79.396152187885207,42.460008676681539],[-79.395955730307179,42.460112306983923],[-79.395818320376634,42.460184789570704],[-79.395756276955211,42.4602125881473],[-79.395549853084674,42.460305076016041],[-79.395510378248119,42.460322762576965],[-79.395367456072691,42.460378975159735],[-79.395338016081894,42.460390553536214],[-79.395149345144617,42.460464755152088],[-79.395126064947746,42.460475836666994],[-79.39492312879257,42.460572435142076],[-79.394720192011235,42.460669033259229],[-79.394712310881005,42.460672784672184],[-79.39451510749609,42.460763128757641],[-79.394309935611901,42.460857122787893],[-79.394171609005809,42.4609204930698],[-79.39413675529434,42.460940498129013],[-79.394110586655259,42.460955519897553],[-79.394109773970683,42.460956332176593],[-79.394014562647229,42.461051495793583],[-79.393959845669883,42.461095743668103],[-79.393821576645479,42.461207557023656],[-79.393798969593604,42.461228562441505],[-79.393648791144457,42.461368100779097],[-79.393498612025894,42.461507638920764],[-79.39349840363721,42.46150783254339],[-79.39334843274834,42.461647177165275],[-79.393201650892962,42.461783557924498],[-79.393198563755305,42.461786884483971],[-79.393062125877066,42.461933903316101],[-79.392925687358186,42.462080921986313],[-79.392789248198483,42.462227940494792],[-79.392751536929353,42.462268575705636],[-79.392651687746124,42.462374388086005],[-79.392513698594101,42.462520617500715],[-79.39237570879753,42.462666846749869],[-79.392279655365044,42.462768635088871],[-79.392231750780567,42.462809661920758],[-79.392074123799404,42.462944657575321],[-79.392021231600523,42.462989955586977],[-79.391931690720924,42.463059859520726],[-79.391911012206634,42.463076002679003],[-79.391839290553051,42.463131993745989],[-79.391835974333745,42.463134133701757],[-79.391736092117114,42.46319857447989],[-79.391664193577199,42.463244960958548],[-79.391545479673425,42.463307666326379],[-79.391483770413757,42.463340261414878],[-79.391431306240221,42.463367971990934],[-79.391339387892529,42.463399029784249],[-79.391222654544308,42.463438472033623],[-79.391119801490404,42.463473223791453],[-79.391064237478531,42.463491997580199],[-79.391002236248596,42.463513063569508],[-79.390938837903974,42.463534603915278],[-79.390896519451331,42.463533439309536],[-79.390889977167632,42.463533259264224],[-79.390842192909489,42.463531944819849],[-79.390728204692834,42.463541825405621],[-79.390656113871799,42.463537004180779],[-79.390566980023763,42.463531043104346],[-79.390417832347865,42.463552754781603],[-79.390180878293975,42.463587248151981],[-79.389943923978862,42.463621741034309],[-79.389867247185947,42.463632902582084],[-79.389705751199585,42.463651096115342],[-79.389474300663082,42.463677170052662],[-79.389466995411922,42.463677992983008],[-79.389228239220742,42.463704888396819],[-79.388989482824314,42.463731783315112],[-79.388750726222895,42.463758677737886],[-79.38862447735508,42.46377289866561],[-79.388513858843751,42.463792647928635],[-79.388279111368959,42.46383455814793],[-79.388148508003781,42.463857874953753],[-79.388047667848255,42.463884601378822]]},"properties":{"FID":1,"retreatCat":0,"sedimentCat":0,"CalSedi":2,"CalRetreat":1}},{"type":"Feature","id":2,"geometry":{"type":"LineString","coordinates":[[-79.414437707950157,42.4526185622383],[-79.414387182600208,42.452578997770779],[-79.41429074125827,42.452477676119528],[-79.414151957131779,42.452331868255882],[-79.414013173651327,42.452186060224811],[-79.413991228382088,42.452163004114276],[-79.413866446746752,42.452044584892029],[-79.413834240211884,42.452014020421338],[-79.413725143262994,42.451927022457753],[-79.413703904304668,42.451913145160837],[-79.413601143388973,42.45184600219001],[-79.413512610825563,42.451805432891959],[-79.413316923614687,42.451715760455194],[-79.413306613859319,42.451712681675737],[-79.413082774692214,42.451645836777764],[-79.41303434361599,42.451631373770972],[-79.412855021301667,42.451586787941281],[-79.412785517215795,42.451569506690625],[-79.412720826890876,42.45154859218885],[-79.412631518341797,42.451519719837229],[-79.412522187634195,42.451484374438181],[-79.412403800758156,42.45146228962065],[-79.412169690791814,42.45141861650459],[-79.412042219407425,42.451394836545347],[-79.411932248090935,42.451393193429482],[-79.411842395887476,42.451391850841482],[-79.411758150849337,42.451385807579058],[-79.411691501613873,42.451381026840146],[-79.411578384439579,42.451372912873403],[-79.411499775815869,42.451375301257293],[-79.411450666855686,42.451376793071965],[-79.411209394963265,42.451384122038732],[-79.411141838395906,42.451386174071764],[-79.410970798809501,42.451409197363567],[-79.410733243035253,42.451441173814658],[-79.410638360453277,42.451453945440633],[-79.410493419995603,42.45145766375083],[-79.410306016967297,42.451462471126838],[-79.410253059265344,42.451470110581063],[-79.410016069330197,42.45150429742597],[-79.410013045729187,42.451504733590411],[-79.40978090677207,42.451544769258078],[-79.409545767528613,42.451585321838216],[-79.409310627980602,42.451625873937672],[-79.409229323487679,42.451639895563403],[-79.409077751518396,42.451672761568254],[-79.408846070935596,42.451722997417242],[-79.408726355628147,42.451748955356244],[-79.408617274269716,42.451779557561458],[-79.408391561095513,42.451842879789716],[-79.408309297476492,42.451865958121942],[-79.408170516078997,42.451914299339634],[-79.407952147837022,42.45199036226235],[-79.407733779064628,42.452066424770557],[-79.407555708240409,42.452128450199083],[-79.407515341461604,42.452142379612617],[-79.407355697116927,42.452197468081778],[-79.407299281793314,42.452221642123128],[-79.407090462200401,42.452311121193858],[-79.406881642010816,42.452400599885422],[-79.406685140577565,42.452484799455142],[-79.406672821207238,42.452490078176069],[-79.406549920427551,42.452542739749127],[-79.406469309121917,42.452585597511799],[-79.406273391222058,42.452689758635259],[-79.406077472670631,42.452793919425027],[-79.405966945370523,42.452852681354393],[-79.405885217901286,42.452901614105315],[-79.405697705545862,42.453013883014684],[-79.405510192518264,42.453126151618427],[-79.405322678818322,42.453238419916552],[-79.405206918013207,42.453307727931261],[-79.405136800847444,42.45335213450479],[-79.404953562228314,42.453468182609868]]},"properties":{"FID":2,"retreatCat":0,"sedimentCat":1,"CalSedi":3,"CalRetreat":1}},{"type":"Feature","id":3,"geometry":{"type":"LineString","coordinates":[[-79.370371160901286,42.475229761930549],[-79.370227072090003,42.475372769933678],[-79.370181859170103,42.475417643540197],[-79.370085680095357,42.475517225449224],[-79.369945520916872,42.475662342775202],[-79.369869903462444,42.475740634855576],[-79.369822502208763,42.475814860440899],[-79.369719565417498,42.475976048406629],[-79.369616628095898,42.476137236280167],[-79.369534774231141,42.476265409254182],[-79.369513768230561,42.476298451093314],[-79.369411210601598,42.476459770759384],[-79.369314366779207,42.476612101954416],[-79.369304961508604,42.476619203619805],[-79.369136159435655,42.476746661093181],[-79.368967356675086,42.476874118318754],[-79.368798553226895,42.477001575296704],[-79.368702925303182,42.477073779916054],[-79.36865756606548,42.477143396341923],[-79.368580885918277,42.477261083063183],[-79.368539219948488,42.477297437816432],[-79.368483809662436,42.477345784790948],[-79.368371887982164,42.477407884858259],[-79.368356496579523,42.47741012087576],[-79.368119474095394,42.477444554521384],[-79.368111040437441,42.477445779718572],[-79.368031604359544,42.477469666985407],[-79.367895301750352,42.477510654475338],[-79.367671603044215,42.477577922335691],[-79.367512145355732,42.477625872091586],[-79.36744318557048,42.477631466605416],[-79.367203056273311,42.477650947291018],[-79.367179339337255,42.477652871319066],[-79.366963509394978,42.477631772041093],[-79.366813657311525,42.477617122433436],[-79.366723363406109,42.477620569150567],[-79.366563309045318,42.477626678602626],[-79.366488493824633,42.477650162414761],[-79.36626620951013,42.477719935032844],[-79.366244783262502,42.477726660467013],[-79.366136442564851,42.477774007106333],[-79.366056982835559,42.477808731212768],[-79.365905652962667,42.477874862498638],[-79.365902170110431,42.4778754750633],[-79.36584176096386,42.477886086019147],[-79.365774676678797,42.477897869431615],[-79.365646689408692,42.477942819045957],[-79.365619970237276,42.477954208744563],[-79.365410812698258,42.478043366890411],[-79.36520165456318,42.478132524656026],[-79.365168716907291,42.478146564921332],[-79.364995435023417,42.47822531367347],[-79.364789764238665,42.478318781115171],[-79.364705359926859,42.478357138612523],[-79.364598494681317,42.478426595366564],[-79.364440580806985,42.478529230563794],[-79.364416617617508,42.478543850377505],[-79.364307715796613,42.478610290646792],[-79.364230471323395,42.478657418141232],[-79.36417818194515,42.478689320255249],[-79.364053950651709,42.478778878258041],[-79.363881189218645,42.478903420857918],[-79.363825777074965,42.478943366954041],[-79.363716777631893,42.479033836027341],[-79.363556308454577,42.479167024096711],[-79.363448964172576,42.479256118507671],[-79.363396715493508,42.479300778246689],[-79.363238893696803,42.479435676441618],[-79.363154327080437,42.479507959436141],[-79.36307776109399,42.479568381978041],[-79.362912806586962,42.479698556321345],[-79.36274785139355,42.479828730428132],[-79.362723735360291,42.479847761489033],[-79.362592200883284,42.479964942257325],[-79.36243814305999,42.480102187760998],[-79.362366152837225,42.480166321418494],[-79.362279741180458,42.480236658354144],[-79.362117528600379,42.480368694750275],[-79.361955315335692,42.480500730917697],[-79.361793101386496,42.480632766856409],[-79.361630886752593,42.480764802566334],[-79.361610807518318,42.480781146141624],[-79.361487154372995,42.480907860850131],[-79.36134603238645,42.481052476126415],[-79.361204909747542,42.481197091229511]]},"properties":{"FID":3,"retreatCat":0,"sedimentCat":0,"CalSedi":2,"CalRetreat":1}},{"type":"Feature","id":4,"geometry":{"type":"LineString","coordinates":[[-79.343460853022975,42.491654665560887],[-79.343299529624247,42.491522018689089],[-79.343138206909771,42.491389371590984],[-79.343124222797684,42.491377873161397],[-79.342972885647313,42.491259435047148],[-79.342930584989844,42.491226329972733],[-79.342880200314482,42.491186898607275],[-79.342814136169665,42.491125327916592],[-79.342734278568329,42.491050901739996],[-79.342730602876486,42.491035753701972],[-79.342728404576633,42.491026689859758],[-79.342726269124199,42.491017893883992],[-79.342730639790602,42.490986618056198],[-79.342751277719131,42.490976461867682],[-79.342755635034791,42.490974317576004],[-79.342925947059811,42.49089050371127],[-79.342952974821785,42.490878384200094],[-79.343159427232962,42.490785808567871],[-79.343365879032973,42.490693232565093],[-79.343572330221818,42.490600656191859],[-79.343711039342452,42.490538456200923],[-79.343775895916792,42.490504829652537],[-79.343973553825947,42.490402348409845]]},"properties":{"FID":4,"retreatCat":0,"sedimentCat":-1,"CalSedi":1,"CalRetreat":1}},{"type":"Feature","id":5,"geometry":{"type":"LineString","coordinates":[[-79.344100837498971,42.490075881985547],[-79.344106329545866,42.489999436972916],[-79.344112188424234,42.489917878748123],[-79.344119583067879,42.489898689884022],[-79.344185629134728,42.489727301907678],[-79.344241882333534,42.489581325420694],[-79.344251674684642,42.489555913860812],[-79.344300250720366,42.489429856702948],[-79.344321356566766,42.489385375122396],[-79.344401153471495,42.489217198723189],[-79.34441223179563,42.489193850465284],[-79.344469218554664,42.489099849320723],[-79.344506233464742,42.489057396082202],[-79.34454415849541,42.489013898933472],[-79.344655252202884,42.488917558783662]]},"properties":{"FID":5,"retreatCat":0,"sedimentCat":-1,"CalSedi":1,"CalRetreat":1}},{"type":"Feature","id":6,"geometry":{"type":"LineString","coordinates":[[-79.345226771077165,42.487311375148678],[-79.345073216597626,42.487234858123692],[-79.345018736499242,42.487224419087212],[-79.34499517598428,42.487219904602519],[-79.344859168344726,42.487219846913817],[-79.344850526110861,42.487220459810665],[-79.344778277379163,42.487225582467985],[-79.344624345218008,42.487236496577687],[-79.344537771804411,42.487242634351801],[-79.34443523676093,42.48724990366788],[-79.344432834941486,42.487249546002431],[-79.344334195592438,42.487234835057698],[-79.344304769200889,42.487220164718977],[-79.344265079304193,42.487200377552675],[-79.344104601769644,42.487120378595613],[-79.343981262650189,42.487058893056911],[-79.343966865952396,42.486991335349572],[-79.343955478999149,42.486937901015459],[-79.343896110447474,42.486821797870761],[-79.343862094656046,42.486755275232163],[-79.343771440924328,42.486770628746974],[-79.343720574725069,42.486779243231567],[-79.343485091790683,42.48681912330246],[-79.343249608555993,42.486859002891244],[-79.343014125021185,42.486898881998016],[-79.342788500244367,42.486937091025425],[-79.342778598179777,42.486938615952099],[-79.342542086851921,42.486975038630931],[-79.342305575248645,42.487011460823567],[-79.342069063369934,42.487047882529843],[-79.341957507262833,42.487065061457187],[-79.341831979115923,42.487082159338257],[-79.341594383859302,42.487114521205129],[-79.341356788356748,42.4871468825812],[-79.341119192608417,42.487179243466549],[-79.340881596614338,42.487211603861176],[-79.340683546942032,42.487238577676095],[-79.340644090893647,42.48724431342459],[-79.340407038239874,42.487278773598774],[-79.340169985324977,42.487313233284368],[-79.339932932148955,42.487347692481464],[-79.339782562041478,42.487369550735245],[-79.339696338872969,42.487383764768133],[-79.339460543558943,42.487422635655172],[-79.339224747951988,42.487461506058956],[-79.338988952051935,42.487500375979309],[-79.338896484233118,42.487515618748752],[-79.33875238405723,42.487536537273975],[-79.338515317869934,42.487570950931058],[-79.338282498516975,42.487604747585067],[-79.338278251423546,42.487605364106656],[-79.338041184818977,42.487639777177804],[-79.337804117953553,42.487674189760362],[-79.337567050827261,42.487708601854429],[-79.337329983440114,42.48774301345999],[-79.337305477953763,42.487746570533027],[-79.33709389946047,42.487780904922317],[-79.336857928596899,42.487819197136517],[-79.336621957444336,42.487857488866659],[-79.336385986002924,42.487895780112744],[-79.336290278892335,42.487911310419207],[-79.336298697565553,42.48798514461707],[-79.336302311503772,42.488016846564626],[-79.336305966397049,42.48804890774332],[-79.336333419493471,42.488118399070231],[-79.336361341008697,42.488189080142071],[-79.336365996037685,42.488200863957772],[-79.33646396507244,42.488292858917248],[-79.336477500724413,42.488340758550663],[-79.336478943539873,42.488345864346357],[-79.336349522094054,42.488422322011893],[-79.336295894179855,42.488454003003056],[-79.336284241747862,42.488460886734948],[-79.336280237036448,42.488476884895789],[-79.336291777835257,42.488490235835435],[-79.336293200072163,42.488491880303904],[-79.33642826343727,42.488553835939996],[-79.336438997249687,42.488567529608503],[-79.336443206986957,42.488572900181737],[-79.336433626977282,42.488594531118601],[-79.33642816132118,42.488606872948111],[-79.336409252610324,42.488621906719139],[-79.336323552941536,42.488645213566436],[-79.336284235570218,42.488655907017893],[-79.33626821857662,42.488668776804019],[-79.33623825451312,42.488692853155513],[-79.336238250475375,42.488750835650848],[-79.336240031349405,42.488757026873671],[-79.336262864159352,42.488836444909019],[-79.336312975689211,42.489010744206951],[-79.336363087498412,42.489185043483026],[-79.336413199586758,42.489359342737259],[-79.336463311954432,42.489533641969729],[-79.336478520788447,42.489586540652759],[-79.336513425198646,42.489707941086913],[-79.336563538982347,42.489882240141654],[-79.336606277340366,42.49003088619321],[-79.336608851019591,42.490057040625963],[-79.336611194024044,42.490080850859307],[-79.336610006829972,42.490086835613333],[-79.336603256362139,42.490120857403603],[-79.336576214029492,42.490137908166361],[-79.33645772133579,42.490144596138052],[-79.336435278379497,42.490145862850831],[-79.336427136281657,42.49014602438757],[-79.336285243765431,42.490148849084846],[-79.336255266910484,42.490135847939797],[-79.336248075355485,42.490111154814471],[-79.336207234670965,42.489970922714853],[-79.336198473624137,42.489936784690535],[-79.336153545497496,42.489761718546639],[-79.336115131328768,42.489612033784546],[-79.33610861759513,42.489586652388894],[-79.336063689783259,42.489411586236116],[-79.336018762222821,42.489236520065759],[-79.335973834913844,42.489061453877902],[-79.335946223606641,42.488953861666403],[-79.335932032719597,42.48888599211358],[-79.33590022100492,42.488733848380768],[-79.335870055292773,42.488724237891475],[-79.335850214469033,42.488717916800717],[-79.335790198468061,42.48866283926467],[-79.335736656802382,42.488580207079224],[-79.335700173563993,42.488523901449994],[-79.335683213883314,42.488510861509226],[-79.335628244116705,42.488512851857912],[-79.335628012211814,42.488512887590751],[-79.335585766370585,42.488519373215674],[-79.335553176821392,42.488526697230313],[-79.335322052096785,42.488578638747533],[-79.335090926988315,42.488630579800237],[-79.335074903683591,42.488634180718471],[-79.334879205597403,42.488678159033505],[-79.334859275069519,42.488680944994833],[-79.334621882203166,42.488714128344142],[-79.334457319193817,42.488737131051707],[-79.334384489061492,42.488747311112142],[-79.33414709561481,42.488780493183548],[-79.334028203981916,42.488797111265654],[-79.333909930939711,42.488814542180855],[-79.333884387073411,42.488818306782818],[-79.333736297051558,42.488840132385214],[-79.333673008646912,42.488849508310494],[-79.333436120872364,42.488884601957771],[-79.333199232832058,42.488919695117168],[-79.332962344525939,42.488954787788785],[-79.332725455954062,42.488989879972522],[-79.332488567116371,42.489024971668471],[-79.332251678012838,42.489060062876632],[-79.332014788643562,42.489095153596914],[-79.331777899008443,42.489130243829322],[-79.331711206236079,42.489140122870111],[-79.331541635433339,42.489167532659749],[-79.331305617003039,42.48920568273094],[-79.33106959828477,42.489243832317896],[-79.33087261616501,42.489275671701911],[-79.330881194991008,42.489304454061696],[-79.330904634304432,42.489383093908955],[-79.330902953919363,42.489480742506252],[-79.330902039723966,42.489533867050127],[-79.330967199455714,42.489649311617718],[-79.331002764830274,42.489712323181067],[-79.33103476587911,42.489819682358522],[-79.331038286795106,42.489831494530918],[-79.331086635224722,42.489993701934964],[-79.331091336305576,42.490009473861925],[-79.331128910237553,42.490169112263622],[-79.331136907636107,42.490203090286329],[-79.331247719767049,42.490321281691436],[-79.331262008320763,42.490336521717566],[-79.331382838407237,42.490408177642585],[-79.331444278874798,42.490407746507366],[-79.331537266020518,42.490407093942785],[-79.331681056451629,42.490379338059327],[-79.331688516883631,42.490377897965686],[-79.331905729252171,42.490335968656147],[-79.331915085759391,42.49033649027934],[-79.332156024799303,42.490349922310379],[-79.332312868596276,42.490358665869145],[-79.332391061306183,42.490381964940177],[-79.332490848680365,42.490411698467902],[-79.332504848893095,42.49044606422099],[-79.332519877964685,42.490482955730748],[-79.332487385537618,42.490487611111362],[-79.332250194079862,42.490521594623814],[-79.332013002364434,42.490555577647143],[-79.331775810391164,42.490589560181348],[-79.331538618160153,42.49062354222653],[-79.331301425671484,42.490657523782673],[-79.3311571331556,42.490678195698585],[-79.331154156036419,42.490676930426964],[-79.331075139453716,42.490643348795892],[-79.331055762015495,42.490635113472976],[-79.330927246104338,42.49050411643212],[-79.33089754035349,42.490473837083314],[-79.330867711057039,42.490477743503035],[-79.330709535874931,42.49049845585904],[-79.330694679174613,42.490500401267767],[-79.330468611712263,42.490511163773405],[-79.330415638169555,42.490513685646341],[-79.330239714283351,42.490563694815947],[-79.330106273692678,42.490601627198693],[-79.330012996506085,42.490625226764635],[-79.329784447175157,42.490683050422945],[-79.329707671252109,42.490702474833199],[-79.329563551135564,42.490754492803489],[-79.329368498031855,42.490824893837647],[-79.329347746269235,42.490834445319116],[-79.329142771353787,42.490928789434037],[-79.329075252550084,42.490959866273897],[-79.328936100956199,42.491021085482352],[-79.328766219418739,42.491095823820807],[-79.328734539408032,42.491118136516853],[-79.328652420521323,42.491175973938368],[-79.32854566584804,42.491228143147765],[-79.328344251711201,42.491326570334792],[-79.328303682932287,42.491346395431023],[-79.3281424748955,42.491424592844986],[-79.327940606131847,42.491522513021842],[-79.327782617787207,42.491599147729048],[-79.327749855042072,42.49162941966263],[-79.327599133456459,42.491768682032351],[-79.327448411199654,42.491907944204634],[-79.327323724068549,42.492023150199778],[-79.327296911499573,42.492046737696093],[-79.327141691104643,42.492183287380982],[-79.32698647003194,42.492319836856446],[-79.326831248281465,42.492456386122385],[-79.326676025853217,42.492592935178891],[-79.326634773609996,42.492629224611505],[-79.326555784126768,42.492685153538147],[-79.326502569033025,42.492716259615065],[-79.326313213734736,42.492826943935704],[-79.326194793271341,42.492896164184351],[-79.326122131503894,42.492935969550288],[-79.325928166765223,42.493042226297064]]},"properties":{"FID":6,"retreatCat":0,"sedimentCat":-1,"CalSedi":1,"CalRetreat":1}},{"type":"Feature","id":7,"geometry":{"type":"LineString","coordinates":[[-79.353635581954364,42.494073108303134],[-79.353460155396732,42.494097886517729],[-79.353400727234785,42.494113360868241],[-79.353329937472552,42.494131793587322],[-79.353287235594962,42.494142911725199],[-79.353217817657168,42.49411940007986],[-79.353174031070623,42.49411210653134],[-79.353151801357185,42.494108403712396],[-79.353133440920715,42.494110021502742],[-79.35313207612036,42.494109337456237],[-79.353112223618581,42.494099398495557],[-79.353095499723338,42.494091024807148],[-79.353043420442802,42.494036430638673],[-79.353012883001341,42.493994979209099],[-79.352974876356669,42.49394338901778],[-79.352930387031734,42.493879661821282],[-79.352886241431491,42.493844673672989],[-79.352832250338736,42.493801882279982],[-79.352811133811898,42.493683171962317],[-79.352779709136854,42.493506511711715],[-79.352775672924338,42.493483821242656],[-79.352728480746975,42.493332481652637],[-79.352675833598198,42.493163647743472],[-79.352672784523421,42.493159255704207],[-79.352562679369456,42.493000654282703],[-79.352452574773878,42.492842052755947],[-79.352342470736701,42.49268345112376],[-79.352250806228184,42.492551410396963],[-79.352229990751027,42.492525822007956],[-79.352123706871367,42.492395167242819],[-79.352105697298512,42.492373027849119],[-79.352089799157042,42.492353484049033],[-79.351930202797533,42.492252019226441],[-79.351866881502133,42.492211761990141],[-79.351720658265151,42.492167575489461],[-79.351594936264519,42.492129583960782],[-79.351494520242966,42.492105099688487],[-79.351265104437601,42.492049161211526],[-79.35115189748791,42.492021557745076],[-79.351032068477465,42.492003166291298],[-79.350795505777455,42.491966858057722],[-79.350734907837108,42.491957557249599],[-79.350555441856713,42.491950293977126],[-79.350437836326961,42.491945534142289],[-79.350313993829374,42.491946557692778],[-79.350072376170516,42.491948554263864],[-79.349953913774797,42.491949532974488],[-79.349944089091153,42.491950092046295],[-79.34983230662192,42.491963761043522],[-79.349593929197098,42.491992909957382],[-79.349355551550133,42.492022058377238],[-79.349238459118652,42.492036376052994],[-79.34911786487109,42.492054006645176],[-79.348880845234376,42.492088657955001],[-79.348643825335017,42.492123308776414],[-79.348622547809327,42.492126419391376],[-79.348403024033004,42.492136414276295],[-79.348161849724846,42.492147394420201],[-79.347920675332034,42.492158374058377],[-79.347683924996687,42.492169151792552],[-79.34767950085697,42.492169353220405],[-79.347648247333382,42.492170776165452],[-79.347442633103469,42.492203400799738],[-79.347206406267773,42.492240882214418],[-79.34697017914894,42.492278363143889],[-79.346954823177867,42.492280799577699],[-79.347076451668784,42.492265726885186],[-79.3469919424886,42.49229267719037],[-79.346982477530716,42.492296060115514],[-79.346765040292894,42.492373775298425],[-79.346662089385106,42.49241057121656],[-79.346549716779478,42.492454561422967],[-79.346336293931643,42.492538109027628],[-79.346301226358705,42.49255183670067],[-79.346119826136132,42.492617252910804],[-79.345902759221644,42.492695530621077],[-79.345857945645946,42.492711691018982],[-79.345685691459394,42.492773807462882],[-79.345546250558698,42.49282409085491],[-79.345472672092711,42.492857504592202],[-79.345266925324026,42.492950938670809],[-79.345237837624566,42.492964147974945],[-79.345206485421244,42.492981117782463],[-79.345150531557749,42.493018087848938],[-79.345073993898964,42.492980823624521],[-79.345072935335054,42.492979810494496],[-79.344984396513098,42.492895071633413],[-79.344913361162071,42.492846840594517],[-79.344761507688105,42.492743735888588],[-79.344738995536574,42.49272377310605],[-79.344584502369869,42.492586774920362],[-79.344457180692231,42.492473870686403],[-79.344428807677531,42.492450542111776],[-79.344267480191235,42.492317896585476],[-79.344106153389177,42.492185250832961],[-79.343944827271471,42.492052604854138],[-79.343783501838018,42.491919958649099],[-79.343622177088818,42.491787312217745],[-79.343469753489472,42.491661983875197],[-79.343460853022975,42.491654665560887]]},"properties":{"FID":7,"retreatCat":0,"sedimentCat":1,"CalSedi":3,"CalRetreat":1}},{"type":"Feature","id":8,"geometry":{"type":"LineString","coordinates":[[-79.343973553825947,42.490402348409845],[-79.34400803153676,42.490384472412181],[-79.344026787743132,42.490366898719813],[-79.344056010570924,42.490339519937372],[-79.344085995370634,42.490282471909204],[-79.344088054845457,42.490253805835245],[-79.344100837498971,42.490075881985547]]},"properties":{"FID":8,"retreatCat":0,"sedimentCat":1,"CalSedi":3,"CalRetreat":1}},{"type":"Feature","id":9,"geometry":{"type":"LineString","coordinates":[[-79.344655252202884,42.488917558783662],[-79.344657190959865,42.488915877495486],[-79.344828145295892,42.48879310845637],[-79.345001243040741,42.488668799401054],[-79.345122221973298,42.488581918694607],[-79.345182641860433,42.488552037762652],[-79.34538331041216,42.488452795778869],[-79.34557716732003,42.488356921907979],[-79.345583844829235,42.488353411107354],[-79.34575696130932,42.488262392248501],[-79.345780579105579,42.488249974998695],[-79.345977313852913,42.488146539713647],[-79.346005219066157,42.488131868210345],[-79.345976783711109,42.487980411985006],[-79.345975348084025,42.48797276533503],[-79.345907017731633,42.487822899539431],[-79.345897026339387,42.487812995658963],[-79.345857659605429,42.487773973688149],[-79.3458212021918,42.487737835975508],[-79.345757245821289,42.487711904898219],[-79.345727787028025,42.487690247830614],[-79.345640211172025,42.487625865011715],[-79.345626813164699,42.487612080828676],[-79.345610184212617,42.487594971796796],[-79.345571494877333,42.487555167121243],[-79.345535770418834,42.487518412737707],[-79.345468212806168,42.487448905835336],[-79.345420972006991,42.487416709589937],[-79.345374236105442,42.487384857398119],[-79.345226771077165,42.487311375148678]]},"properties":{"FID":9,"retreatCat":0,"sedimentCat":1,"CalSedi":3,"CalRetreat":1}},{"type":"Feature","id":10,"geometry":{"type":"LineString","coordinates":[[-79.150772527738184,42.55293895069952],[-79.150583681995059,42.553011103449606],[-79.150558907484168,42.55302239604908],[-79.150353228340137,42.553116147372407],[-79.150147548578033,42.553209898327943],[-79.149941868198098,42.553303648915588],[-79.149736187200276,42.553397399135442],[-79.149586551739091,42.553465603167822],[-79.149530337195856,42.553490947417629],[-79.149324037000696,42.553583957165976],[-79.149117736190661,42.553676966544224],[-79.149023415376391,42.553719490254196],[-79.148921721836757,42.553780658386536],[-79.148734371591672,42.553893348030194],[-79.148547020669952,42.554006037368588],[-79.148359669071638,42.554118726401803],[-79.148172316796789,42.554231415129756],[-79.147984963845317,42.554344103552616],[-79.147797610217239,42.554456791670205],[-79.147666264551873,42.554535792095166],[-79.147617464703174,42.554575096288929],[-79.147454223845457,42.554706572627012],[-79.147290982299936,42.554838048733458],[-79.147219329143283,42.554895758537064],[-79.147131219393387,42.554971789437928],[-79.147038874937749,42.555051474243079],[-79.146974178137924,42.55510730199066],[-79.146971321591096,42.555109766940596],[-79.146828676332021,42.555249625187088],[-79.146765925598345,42.555311149638136],[-79.146683388483424,42.555392074835609],[-79.146615354405682,42.55545878003209],[-79.146535793472282,42.55553321748269],[-79.146386165999118,42.555673208770322],[-79.146236537854577,42.555813199863351],[-79.146086909038743,42.555953190761691],[-79.145937279551632,42.556093181465343],[-79.145787649393156,42.556233171974391],[-79.145693913578398,42.556320868611458],[-79.145634903522975,42.55637127113468],[-79.145476933045828,42.556506198617022],[-79.145318961885593,42.556641125882294],[-79.145160990042257,42.55677605293058],[-79.145003017515819,42.556910979761888],[-79.144845044306194,42.557045906376302],[-79.144687070413468,42.557180832773646],[-79.144555947154544,42.55729282528447],[-79.144528206434515,42.557315177208778],[-79.144364998531145,42.557446680570933],[-79.144201789939885,42.557578183701452],[-79.14403858066072,42.557709686600333],[-79.143875370693763,42.55784118926767],[-79.143712160038817,42.557972691703362],[-79.14354894869598,42.558104193907425],[-79.143528129409233,42.558120968310625],[-79.143402587835297,42.558245916727216],[-79.143340178750194,42.55830803070544],[-79.143265889985017,42.558392802343505],[-79.143149166538905,42.558525996049525],[-79.143136103193484,42.558543118165254],[-79.143017596623238,42.558698444129519],[-79.142969088041013,42.55876202382543],[-79.142909460299691,42.558857662367139],[-79.142808510382466,42.559019577922058],[-79.14277708934479,42.559069974551946],[-79.142708972013992,42.559181965197951],[-79.142610071260265,42.559344565604242],[-79.142511169991138,42.559507165925361],[-79.142494018478843,42.559535364067408],[-79.14238642728715,42.559659498663699],[-79.142256262430834,42.559809677095167],[-79.14212609694782,42.559959855379283],[-79.142056038053838,42.560040685391655],[-79.141993401351087,42.560108808200205],[-79.141857756826937,42.560256332675245],[-79.141722111661437,42.56040385699032],[-79.141600014249875,42.560536646371055],[-79.141585444182596,42.560550842426764],[-79.141485032577606,42.560648676254289],[-79.141445884576939,42.560696132563663],[-79.141352938972304,42.56080880350175],[-79.141326511094206,42.560850850599998],[-79.141224885439826,42.561012537754685],[-79.141213830904405,42.561030125544846],[-79.141141253235631,42.561179649009119],[-79.14105981681216,42.561347422244246],[-79.140978379950639,42.561515195421642],[-79.140896942651253,42.561682968541398],[-79.140815504913803,42.561850741603415],[-79.140734066738489,42.562018514607885],[-79.140652628125125,42.562186287554617],[-79.140590002766899,42.562315302370429],[-79.140568622266954,42.562353331553162],[-79.140476071757021,42.562517949210893],[-79.140383520758789,42.562682566794187],[-79.140324772577088,42.562787059869272],[-79.140289886769779,42.562846847914983],[-79.140209812132369,42.562984081074312],[-79.14019012365992,42.563008968068729],[-79.140068334389696,42.563162913923996],[-79.140001775449818,42.563247046353283],[-79.139942306327839,42.563314944710001],[-79.139874724364702,42.563392105616288],[-79.139802669301716,42.563460222313282],[-79.139695309516298,42.563561713697197],[-79.139653991684028,42.563600772499967],[-79.139635544200488,42.563618211356996],[-79.139541387179108,42.563758023341741],[-79.139503369721481,42.563814474547847],[-79.139448608247378,42.5639223396471],[-79.139429168373312,42.563960630776393],[-79.139363881716164,42.5640892276705],[-79.139279154832337,42.564256115659262],[-79.139197339785866,42.56441726724556],[-79.139194413521835,42.564422999726716],[-79.139109279204291,42.564589775326091]]},"properties":{"FID":10,"retreatCat":0,"sedimentCat":-1,"CalSedi":1,"CalRetreat":1}},{"type":"Feature","id":11,"geometry":{"type":"LineString","coordinates":[[-79.138848684072059,42.565088616274465],[-79.138758911949793,42.56525406766643],[-79.138695268922589,42.565371362163035],[-79.138669765637331,42.56541970076762],[-79.138589211451077,42.565572381624996],[-79.138583661321647,42.56558615866868],[-79.138514848377767,42.565756971983816],[-79.138446035057044,42.565927785257834],[-79.138377221359463,42.566098598490726],[-79.138308407285024,42.566269411682406],[-79.138239592833813,42.566440224832959],[-79.138170778005673,42.566611037942309],[-79.138148930446349,42.566665268049292],[-79.138103053630132,42.5667820863763],[-79.138073699982087,42.566856830732164],[-79.138035837130928,42.566953244431588],[-79.138016968678087,42.567001290811973],[-79.137978209725148,42.567126229030144],[-79.13792792760286,42.56728831104293],[-79.13792493277785,42.56730001978331],[-79.137880147697487,42.567475113578325],[-79.137844037468639,42.567616291049283],[-79.13783502299458,42.567650159318099],[-79.137788485393529,42.567825005081389],[-79.137741947531609,42.567999850825757],[-79.137738200795965,42.568013927509313],[-79.137707389859415,42.568176177198907],[-79.137673880984096,42.568352633205066],[-79.137668020902254,42.568383491989486],[-79.137628458724535,42.568527590076371],[-79.137609998875774,42.568594826509148],[-79.137580510120969,42.568702229026961],[-79.137573016740291,42.568729520995909],[-79.137551564227991,42.568879017499263],[-79.137526138092483,42.569056204127833],[-79.137526091897612,42.569056526044193],[-79.137530798154771,42.569234341909429],[-79.137531607846824,42.56926493428908],[-79.137375237703679,42.569357219375497],[-79.137324402696365,42.569387220605797],[-79.137232887742698,42.569498616653561],[-79.137107650483202,42.569651060219954],[-79.136982412611573,42.569803503649922],[-79.136931855863807,42.569865042644885],[-79.136857174458925,42.569955947091167],[-79.136731935918419,42.570108390495911],[-79.136606696765682,42.57026083376423],[-79.136566965852367,42.570309194736701],[-79.136481456410252,42.57041327663314],[-79.136417247216471,42.57049143164609],[-79.136375806798711,42.570572718013146],[-79.136290768254327,42.570739522434266],[-79.136278517582824,42.570763552237302],[-79.136302919178945,42.570914995514954],[-79.136311337064541,42.570967239146064],[-79.136303819562443,42.570978551299326],[-79.136427323504549,42.571045555120307],[-79.136434054688777,42.571049206939684],[-79.136447032974516,42.571054763772366],[-79.136447169034113,42.57105499898617],[-79.136635932346834,42.571135631487913],[-79.136845214484495,42.571225028244847],[-79.137054497222039,42.571314424620923],[-79.137263780559536,42.571403820616062],[-79.137473064496916,42.571493216230444],[-79.137682349034264,42.571582611463967],[-79.137891634171481,42.571672006316554],[-79.138100919908766,42.571761400788382],[-79.138291483891749,42.571842797881445],[-79.138310206144482,42.571850795008054],[-79.138331280147028,42.571859796668001],[-79.138242087320563,42.571959366297875],[-79.138194550231631,42.57193812318927],[-79.137987710901797,42.57184569158823],[-79.137780872184877,42.571753259615043],[-79.137574034081084,42.57166082726998],[-79.137568360893027,42.571658292011932],[-79.137401830469358,42.571780717681087],[-79.137293937690373,42.571860035208836],[-79.137220710063573,42.571897919235241],[-79.137090063236883,42.571965508630122],[-79.137030769156567,42.572007518569471],[-79.136856415449543,42.572131047911427],[-79.136819307132768,42.57215733900135],[-79.136701410349673,42.572267487009398],[-79.136551636210001,42.572407416496866],[-79.13640186139834,42.572547345789282],[-79.136252085914592,42.572687274886661],[-79.136232333431124,42.572705728761179],[-79.136115317386711,42.572831945703854],[-79.136114328219122,42.57283364360638],[-79.13601893579316,42.572997383878658],[-79.135923542866266,42.573161124071881],[-79.135828149438453,42.57332486418597],[-79.135797736444985,42.573377067029533],[-79.135749494861813,42.573493120261979]]},"properties":{"FID":11,"retreatCat":0,"sedimentCat":-1,"CalSedi":1,"CalRetreat":1}},{"type":"Feature","id":12,"geometry":{"type":"LineString","coordinates":[[-79.135022807915462,42.575370054889163],[-79.134960738359837,42.575542265787682],[-79.134898668461375,42.57571447665272],[-79.134842960255952,42.575869036374009],[-79.134838877898744,42.575887049502242],[-79.134799048775093,42.576062792294024],[-79.134759219427011,42.576238535072136],[-79.134741879358515,42.576315045972862],[-79.134722324947091,42.576414614431229],[-79.134687693314149,42.576590953304333],[-79.134653061485366,42.576767292167133],[-79.134651943210386,42.576772986199131],[-79.134578881851553,42.576936797738313],[-79.134503382197025,42.577106075249517],[-79.13446424917781,42.577193814873617],[-79.134435805691751,42.577277042710683],[-79.134419135986406,42.577325819449243],[-79.134391004830945,42.577452006267748],[-79.134351808616316,42.577627826323862],[-79.134312612180707,42.577803646366654],[-79.134273415524035,42.577979466396037],[-79.134271754835567,42.577986915537338],[-79.134188868023656,42.578146250235129],[-79.134102313643467,42.578312634227494],[-79.134015758801411,42.578479018154837],[-79.133968631125256,42.578569611043406],[-79.133946572585728,42.578649130415826],[-79.133898147299803,42.578823699195524],[-79.133849721742735,42.578998267954795],[-79.13380129591458,42.579172836693637],[-79.133755568853076,42.579337675817591],[-79.133752128424689,42.579347277747864],[-79.133690399963228,42.579519555881312],[-79.133628671160722,42.579691833981627],[-79.133566942017055,42.579864112048732],[-79.133564592403033,42.579870669498511],[-79.133485811557989,42.580031945671017],[-79.133403912977187,42.580199603373138],[-79.133322013956018,42.58036726101691],[-79.133320584177497,42.580370187945654],[-79.133246652896844,42.580536571653532],[-79.133208604085723,42.580622200838519],[-79.133188142958446,42.580708980154427],[-79.13314675162222,42.580884527495712],[-79.133105360053023,42.581060074822169],[-79.133101470791047,42.581076569664283],[-79.133039641302588,42.581231448881645]]},"properties":{"FID":12,"retreatCat":0,"sedimentCat":0,"CalSedi":2,"CalRetreat":1}},{"type":"Feature","id":13,"geometry":{"type":"LineString","coordinates":[[-79.139109279204291,42.564589775326091],[-79.139027309251688,42.564750351126307],[-79.13902416059284,42.564756555324706],[-79.138956237444845,42.564890392518564],[-79.138938455718176,42.56492316481242],[-79.138848684072059,42.565088616274465]]},"properties":{"FID":13,"retreatCat":0,"sedimentCat":1,"CalSedi":3,"CalRetreat":1}},{"type":"Feature","id":14,"geometry":{"type":"LineString","coordinates":[[-79.135749494861813,42.573493120261979],[-79.135678674410983,42.57366348993466],[-79.135607853573163,42.573833859563727],[-79.135554757090929,42.573961590087755],[-79.135533855369772,42.574003441515679],[-79.135513171134562,42.57404485741332],[-79.135439153285375,42.574167320148028],[-79.135340768089833,42.574330097905879],[-79.13526892449849,42.574448962137495],[-79.135256698727162,42.574496178292478],[-79.13521138027248,42.574671198367355],[-79.135166061563339,42.574846218424469],[-79.135120742599923,42.575021238463641],[-79.135075423382119,42.575196258484965],[-79.135049844552839,42.57529504190294],[-79.135022807915462,42.575370054889163]]},"properties":{"FID":14,"retreatCat":0,"sedimentCat":1,"CalSedi":3,"CalRetreat":1}},{"type":"Feature","id":15,"geometry":{"type":"LineString","coordinates":[[-79.076278161728951,42.640383758564361],[-79.076060267121179,42.640392427612511],[-79.076036271715424,42.640392403377675],[-79.075794063442601,42.640392158472508],[-79.075634283916997,42.640391996634499],[-79.075605278676392,42.640391966430748],[-79.075558030789978,42.640373624365729],[-79.075527807133255,42.640361891247693],[-79.075343822311112,42.64029046485161],[-79.075129614536493,42.640207304754931],[-79.07512191932544,42.640204317295762],[-79.074892021172744,42.640174236020513],[-79.074798476584135,42.640161995936637],[-79.074665519432898,42.640115537027647],[-79.074540178217447,42.640071739133184],[-79.074485241594019,42.640020306992767],[-79.07447626690805,42.64001190438465],[-79.074404099592726,42.639944337159058],[-79.074302570106838,42.6398901993363],[-79.074194152690723,42.639832388510037],[-79.074103895017473,42.639788355610314],[-79.074065593647049,42.639769669952045],[-79.073889307263158,42.63970623474998],[-79.073705660470367,42.639640150540316],[-79.073668196165642,42.639636655301466],[-79.073427915360696,42.63961423796237],[-79.073225192593412,42.639595324250529],[-79.073187341997425,42.639594746866699],[-79.073037861243606,42.639592466522515],[-79.072947538185943,42.639607785399619],[-79.072788943975738,42.639634682939722],[-79.072711893538767,42.639648941321667],[-79.072597657944456,42.639670080805871],[-79.072481719091712,42.639703276366482],[-79.072388610731764,42.639729935000361],[-79.072263640910066,42.639779990362975],[-79.072088324906403,42.63985021100072],[-79.07205290706591,42.639867607555139],[-79.071891656419126,42.639946810475983],[-79.071851474955011,42.639966546201215],[-79.071795491979429,42.639994043030207],[-79.071640196755723,42.640053217124454],[-79.071433437568885,42.640132000680133],[-79.071425303923661,42.640135403475867],[-79.07121476304799,42.640223485128509],[-79.071179814394952,42.640238106147656],[-79.071013786909774,42.640322750670869],[-79.070948736310825,42.640355914792188],[-79.070814719864345,42.640424248188729],[-79.070749789125074,42.64045735549238],[-79.070625627823034,42.640535275412141],[-79.070490750963131,42.640619919722461],[-79.070441362666571,42.640650914105876],[-79.070257096824065,42.640766552503401],[-79.070072830296695,42.640882190605694],[-79.070024856976275,42.640912296571678],[-79.069877200810041,42.640986927979668],[-79.069677571320568,42.641087828224535],[-79.069675013020159,42.641089121281311],[-79.069461295787619,42.641167997449926],[-79.069244803614453,42.641247897151096],[-79.069231670762321,42.641252744008497],[-79.069033832896409,42.641335397983717],[-79.069006700550432,42.641346733465959],[-79.068957673316433,42.641376585038373],[-79.068839518429314,42.64144136950523],[-79.068645317353472,42.641547849631991],[-79.068451115612831,42.64165432943075],[-79.068371668056471,42.641697889910859],[-79.068257579586955,42.64176146126686],[-79.06806450424537,42.641869044427111],[-79.067942741956415,42.641936891012882],[-79.067858012893268,42.641958015125383],[-79.067628615412261,42.642015206664801],[-79.067399217509532,42.642072397746624],[-79.067396624903409,42.642073044104791],[-79.067204828713813,42.642178529732313],[-79.067010839446937,42.642285220837152],[-79.066816849514737,42.642391911614702],[-79.066701983826576,42.642455085234282],[-79.06663112066758,42.642505723427739],[-79.066457384744965,42.642629873064358],[-79.066283648129016,42.642754022438424],[-79.066109910819677,42.642878171549953],[-79.066091536446464,42.642891301455201],[-79.065895635934197,42.642959275718042],[-79.065839105917618,42.642978890616462],[-79.065747040105762,42.643092422751444],[-79.065728845800322,42.643114859234338],[-79.065570411391889,42.643212514783492],[-79.065480423283361,42.64326798127729],[-79.065400462970501,42.643338479801642],[-79.065245289905974,42.64347529045849],[-79.06509011615897,42.643612100905997],[-79.064934941729476,42.643748911144066],[-79.064897609974636,42.643781824733701],[-79.064796952022704,42.643895077686494],[-79.064664405874339,42.644044208138304],[-79.064657107413751,42.644052419764172],[-79.064541383373353,42.644197677741992],[-79.064418915265961,42.644351400074989],[-79.064296446553286,42.644505122277423],[-79.064173977235399,42.644658844349472],[-79.064132559696304,42.644710830964307],[-79.064079794338269,42.644822177971392],[-79.064000065606479,42.644990423078838],[-79.063920336443388,42.645158668131124],[-79.063854173772569,42.645298284341095],[-79.063830180385835,42.645322936328128],[-79.063689176236849,42.645467810437815],[-79.063548171431066,42.645612684374569],[-79.063527545869803,42.645633875824323],[-79.063586484352612,42.645779678122558],[-79.063600646420667,42.645814712207347],[-79.063582788498408,42.645955725111364],[-79.063560321711662,42.646133130439217],[-79.063537854796763,42.646310535762623],[-79.063528216284638,42.646386643959083],[-79.06353152436192,42.646488350519768],[-79.063534640110106,42.646584143632055],[-79.063538600773114,42.646666444915084],[-79.063547169848064,42.646844506746497],[-79.063552837324337,42.646962273997381],[-79.063545048601071,42.647022333724976],[-79.063522046871398,42.647199701987184],[-79.063499045010531,42.647377070244865],[-79.063476043018582,42.647554438497927],[-79.063473382376642,42.647574954629924],[-79.063439920552938,42.647730584568457],[-79.063402081747782,42.647906570767141],[-79.063364242728397,42.648082556953383],[-79.063359549116583,42.6481043864881],[-79.06334429637414,42.648260055266675],[-79.063326883655577,42.64843776770504],[-79.063316918568518,42.648539469914184],[-79.063303732334901,42.648615057588351],[-79.063272902704227,42.648791782086938],[-79.063251073253454,42.648916914299441],[-79.063254812860379,42.648966635188806],[-79.063254979381938,42.648968850147334],[-79.063268354141996,42.649146751718497],[-79.063275367532654,42.649240038457805],[-79.063266857362137,42.649324551074798],[-79.063248964765037,42.649502237739824],[-79.06323227356134,42.649667992765977],[-79.063229741825623,42.649679811285736],[-79.063192038947477,42.649855813403505],[-79.063154335856069,42.650031815509017],[-79.063116632551143,42.650207817602094],[-79.063101142740649,42.650280125004919],[-79.063093811078076,42.650384960330314],[-79.063081366912741,42.650562898440604],[-79.063079430307013,42.650590589716103],[-79.063061319356677,42.650740444314252],[-79.063045888447235,42.650868123001253],[-79.063041368771849,42.650918003588025],[-79.06302526017393,42.651095782588172],[-79.063023366862552,42.65111667763626],[-79.062999051992705,42.651272889259545],[-79.062977877155703,42.651408927003189],[-79.06297605264912,42.651450152212213],[-79.062968171366649,42.651628231246313],[-79.062960290039058,42.651806310279873],[-79.062959608626258,42.651821706792205],[-79.062936252134762,42.651983566452991]]},"properties":{"FID":15,"retreatCat":0,"sedimentCat":0,"CalSedi":2,"CalRetreat":1}},{"type":"Feature","id":16,"geometry":{"type":"LineString","coordinates":[[-79.061518250437629,42.669567147664949],[-79.061462193382724,42.669645528489177],[-79.061405405909596,42.669724822807048],[-79.061292501261121,42.66988247479842],[-79.061252120638017,42.669938859196904],[-79.061152796255968,42.670026979914823],[-79.061143169999809,42.670035520323651],[-79.061018964498999,42.670175434572727],[-79.060915894212641,42.670291539975352],[-79.060880509791744,42.670321293074537],[-79.060720996263669,42.670455420026478],[-79.060629060832937,42.670532723571021],[-79.060560870442174,42.670589150369992],[-79.060399911890713,42.670722341235702],[-79.060238952649399,42.670855531876001],[-79.060231618460591,42.670861600755529],[-79.060126730979391,42.670948393400423],[-79.060076733455944,42.67098788015447],[-79.060055432490955,42.67100470308516],[-79.05991161334866,42.671118288706339],[-79.059746492695339,42.67124869712169],[-79.05958137134914,42.671379105299906],[-79.059466639083226,42.671469717142998],[-79.059417020011267,42.671510033353904],[-79.059254422791582,42.671642145421053],[-79.059091824880625,42.671774257258257],[-79.05892922627848,42.671906368865422],[-79.058914774427748,42.671918110977508],[-79.058765461390252,42.672037699139189],[-79.058601582105268,42.672168952982361],[-79.058482165144412,42.672264595660586],[-79.058432665063933,42.672296412040872],[-79.058250218961803,42.672413679557636],[-79.058067772171242,42.672530946784939],[-79.057885324692151,42.672648213722702],[-79.057702876524559,42.672765480370913],[-79.057626962918405,42.67281427283023],[-79.057514493106723,42.672877408348377],[-79.057377808040343,42.672954136905844],[-79.057330020141904,42.672992110892729],[-79.057165440110609,42.673122891611342],[-79.057030882754333,42.673229814738669],[-79.057000859255893,42.673253672005231],[-79.056836277122017,42.673384451764697],[-79.056816098243615,42.673400486190218],[-79.056640961221845,42.67348913077398],[-79.056441350048658,42.673590162173227],[-79.056405913732021,42.673608097875572],[-79.056244159271969,42.673689968713063],[-79.05624188918199,42.673691340656418],[-79.056054680282756,42.673804481180923],[-79.055985814787945,42.673846100166429],[-79.055895698017011,42.67392546567384],[-79.055887639204016,42.673932562993635],[-79.055732333298636,42.674069338998471],[-79.055577026709798,42.674206114793513],[-79.055421719437248,42.674342890378682],[-79.05541843330117,42.674345784395264],[-79.055266487748227,42.674479712545967],[-79.055111257024222,42.674616535515192],[-79.054956025616846,42.674753358274714],[-79.054800793525843,42.674890180824711],[-79.054645560751297,42.675027003165106],[-79.054548271186448,42.675112753882033],[-79.054487238664308,42.675161842147482],[-79.054323729974428,42.675293351130563],[-79.054238420929806,42.675361964330754],[-79.054160923630562,42.675425328493823],[-79.053998883544054,42.675557816840076],[-79.053836842766628,42.675690304957975],[-79.053763297431573,42.675750436986306],[-79.053691088056382,42.675831985221407],[-79.053558867952006,42.675981304718796],[-79.053535360230015,42.676007852490862],[-79.053442789774536,42.67613757959024]]},"properties":{"FID":16,"retreatCat":0,"sedimentCat":0,"CalSedi":2,"CalRetreat":1}},{"type":"Feature","id":17,"geometry":{"type":"LineString","coordinates":[[-78.94075017774216,42.731410248431573],[-78.94052206060897,42.731422609448849],[-78.940508457077968,42.731424426693245],[-78.940269807723553,42.731456306680521],[-78.940233675578185,42.731461133349185],[-78.940030912297445,42.731487173703322],[-78.939791972775055,42.731517859589687],[-78.939675942882076,42.73153276057662],[-78.939555713880111,42.731557272606452],[-78.939321985457454,42.731604924238155],[-78.939088256675703,42.731652575394598],[-78.938916669043962,42.731687557254496],[-78.938854125967467,42.731699110791915],[-78.938618886094105,42.731742566141186],[-78.938488664202609,42.731766621514261],[-78.938389145698949,42.731797978882248],[-78.938167289105053,42.731867883436571],[-78.938166224570111,42.731868218856178],[-78.93803877948389,42.731908374864027],[-78.937938946313182,42.731929491803335],[-78.937768894317045,42.731965461355649],[-78.937705852657686,42.731978796082132],[-78.937608301467989,42.731999430269553],[-78.937472154702121,42.732026511959155],[-78.937238021616679,42.732073084205126],[-78.937231731297302,42.732074335427455],[-78.936996306928947,42.732086944502569],[-78.936858148010415,42.73209434391832],[-78.936754413934949,42.732100206113579],[-78.936512562247557,42.732113873210544],[-78.936426674526089,42.732118726622438],[-78.936270255595844,42.732119730208098],[-78.936171490500897,42.73212036377641],[-78.936162703076505,42.73212209591351],[-78.936032608473511,42.732147744539489],[-78.935798333782486,42.73219393222552],[-78.935784543369408,42.732196651013822],[-78.935604568855183,42.732245701867605],[-78.93557290130633,42.732258772107869],[-78.935420004485167,42.732321877461168],[-78.935361431189449,42.732346052331451],[-78.935149960335906,42.732433331980914],[-78.934938488887113,42.732520611241448],[-78.934876769228126,42.732546084282454],[-78.934723190563943,42.732602597662741],[-78.934506314694147,42.732682402419236],[-78.93443802601152,42.732707530775343],[-78.934412552717646,42.732716904803119],[-78.934362627772671,42.732716949798323],[-78.934274854009928,42.732717027696189],[-78.934199285765459,42.7327170947081],[-78.934036266016122,42.732743717872751],[-78.933866646315252,42.732771418622356],[-78.933798228013117,42.732766051359988],[-78.933697770129683,42.732758170588752],[-78.933571081795733,42.732804530629444],[-78.933353964551983,42.732883981533789],[-78.933323973626074,42.732894956229607],[-78.933178333752309,42.732951451406144],[-78.933139107032929,42.732966667979923],[-78.932924611639123,42.733049873269074],[-78.932771536972751,42.733109252353387],[-78.932712349198525,42.733135954560943],[-78.932521669876849,42.733221978023607],[-78.93251313708798,42.733225827383016],[-78.932505278098432,42.733228708710726],[-78.93228824125606,42.733308280231924],[-78.932153243001267,42.733357773899222],[-78.93206506286225,42.733376231535438],[-78.931890224698577,42.73341282797012],[-78.931852507905958,42.733417544804958],[-78.931830314146239,42.733420320229911],[-78.931591183512722,42.733450224254412],[-78.93149367516466,42.733462417823588],[-78.931352618714584,42.733482417168794],[-78.931114443404525,42.733516185852906],[-78.930931848767699,42.73354207390603],[-78.930876351742143,42.733550266889743],[-78.93063853546596,42.733585375197826],[-78.930450846040358,42.733613083010674],[-78.930403906987181,42.73362797310223],[-78.93018121508058,42.733698615473919],[-78.930105533438109,42.733722623085015],[-78.929963563002616,42.73377703443866],[-78.92974850514895,42.733859456639102],[-78.929745525712704,42.733860598521424],[-78.92953902814574,42.733949293832609],[-78.929454554142225,42.733985577121338],[-78.929321439079956,42.734027278403232],[-78.929170471751277,42.73407457205392],[-78.929101664031393,42.734102248434127],[-78.928922990338492,42.734174115659101],[-78.928885379162182,42.734181306788393],[-78.928650627389587,42.734226190215409],[-78.928525900632934,42.734250037159029],[-78.928519931618666,42.734251178655974],[-78.928418400818103,42.734277176967652],[-78.928307469106201,42.734305582380344],[-78.928189345526036,42.734335828677366],[-78.928165347966626,42.734341973387259],[-78.927961494173488,42.734396951864944],[-78.927873770064977,42.734420610532588],[-78.927733783382465,42.734458364021727],[-78.927506072166281,42.734519775779184],[-78.927278360499059,42.734581187085531],[-78.927102492652295,42.734628616297734],[-78.927049549265732,42.734640164043249],[-78.926817009166015,42.734690884182271],[-78.926713594862136,42.734713440062102],[-78.926583177765821,42.73473818760354],[-78.926407034746177,42.7347716116874],[-78.926348073394379,42.734782052226855],[-78.926112252536257,42.734823809700245],[-78.925876431360422,42.734865566689841],[-78.925806211832366,42.734878000397238],[-78.925644547090059,42.734917433589153],[-78.925414331903326,42.734973587096064],[-78.925328822905129,42.734994444091569],[-78.925188979641405,42.73503908032788],[-78.924966500700975,42.735110092364749],[-78.924910677828876,42.735127910119225],[-78.924735566088657,42.735163555870109],[-78.924501798975172,42.73521114103081],[-78.924432081961754,42.735225332378818],[-78.92426870886591,42.735260471603588],[-78.924036727451565,42.735310367032625],[-78.924035880554783,42.735310456914682],[-78.923837699306219,42.735331489922018],[-78.923796375427415,42.735338260532131],[-78.923690566176361,42.735355596516513],[-78.923558095249163,42.73537122686384],[-78.92331858665105,42.735399486261421],[-78.923235064522459,42.735409340836533],[-78.923089310019591,42.735454110952055],[-78.922865511704416,42.73552285260638],[-78.922702472714107,42.735572931120252],[-78.922644823381162,42.735596318998638],[-78.922432480994999,42.735682464223636],[-78.922343260477717,42.735718659924565],[-78.922224438013842,42.735773942547489],[-78.922019510400915,42.735869285412733],[-78.921814582157751,42.735964627912587],[-78.921609653284406,42.73605997004713],[-78.921404723780995,42.736155311816361],[-78.921199793647418,42.736250653220203],[-78.921187924453974,42.736256175206712],[-78.920991412379536,42.736341862394902],[-78.920867845192916,42.73639574237751],[-78.920774063103622,42.736418763996433],[-78.920574327162413,42.73646779484568],[-78.920542354658835,42.736468505665172],[-78.92029988226956,42.736473896072582],[-78.920057409838094,42.736479285968578],[-78.919814937364535,42.736484675353161],[-78.919783665178272,42.736485370396117],[-78.919574699450081,42.73650836048737],[-78.919469139244612,42.736519973909509],[-78.919333421800758,42.736524309822023],[-78.919103968621272,42.73653164004601],[-78.919101698010905,42.736531808746882],[-78.919091120084815,42.736532590470013],[-78.918849755027992,42.736550427406208],[-78.91881996583723,42.73655262879879],[-78.918610993400449,42.736581527452572],[-78.918523058553404,42.736593687780157],[-78.918374391604786,42.736620564054611],[-78.91825205719276,42.736642679724703],[-78.918147842638803,42.736681087884115],[-78.917931023086169,42.736760996036921]]},"properties":{"FID":17,"retreatCat":0,"sedimentCat":0,"CalSedi":2,"CalRetreat":1}},{"type":"Feature","id":18,"geometry":{"type":"LineString","coordinates":[[-78.873702573982612,42.76668314271555],[-78.873503136851795,42.766784677820851],[-78.873497122366885,42.76678773983469],[-78.873273246846011,42.766841108649572],[-78.87312437006959,42.766876598513065],[-78.873039826333581,42.766888843136691],[-78.87300975048359,42.766893199060753],[-78.872909678080958,42.766907693057071],[-78.872826960614745,42.766960975686843],[-78.872741823450681,42.767015816812176],[-78.872647204443467,42.767080658932294],[-78.872469788707676,42.767202240824759],[-78.872292372275467,42.767323822443394],[-78.872114955146927,42.767445403788123],[-78.872068810863865,42.767477025662487],[-78.871942756391491,42.767570921564115],[-78.871772391509822,42.767697822888231],[-78.87160202593013,42.767824723959926],[-78.87143165965243,42.767951624779116],[-78.871261292676607,42.7680785253457],[-78.871104238739107,42.768195508798492],[-78.87109186551578,42.768206061698201],[-78.870933532335513,42.76834110078434],[-78.870775198464969,42.768476139652428],[-78.870616863903948,42.768611178302464],[-78.870458528652648,42.768746216734279],[-78.870300192710957,42.768881254948049],[-78.870147048435996,42.769011864635111],[-78.8701393034478,42.769013211178432],[-78.869993200707839,42.769038612486511],[-78.869931855818493,42.769089500711615],[-78.869791813073448,42.769205671757994],[-78.869770966579594,42.769222903168874],[-78.869609796835633,42.769356123300952],[-78.869546165689414,42.769408719489604],[-78.869443684347956,42.769485968975786],[-78.86930639768876,42.769589453943141],[-78.86926792453761,42.769607881670574],[-78.869064653168181,42.769705243442729],[-78.868916498984603,42.76977620507725],[-78.868863045328169,42.769804388667737],[-78.868665910050112,42.769908328360053],[-78.868488563655561,42.770001833764809],[-78.868480904574099,42.770018813038348],[-78.868451993634238,42.770082905068342],[-78.868431026918145,42.770168157844559],[-78.868402902980478,42.770180450477874],[-78.868194355694371,42.770271603609672],[-78.868094240617609,42.770315362293992],[-78.86800834480465,42.770383231665448],[-78.867949376766646,42.770429824310035],[-78.86779774140193,42.770456973997867],[-78.867562565471744,42.770499080837126],[-78.867561948875277,42.770499223667315],[-78.867330482733024,42.770552840879944],[-78.867256439136526,42.77056999234712],[-78.867096612965199,42.770600305190378],[-78.867089537860252,42.770601647058243],[-78.866902794977321,42.770706865997759],[-78.866891256218835,42.770713367406856],[-78.866709405734127,42.770752868164102],[-78.866675228289608,42.770765922177169],[-78.866545170975982,42.770815597189539],[-78.866485907013001,42.770871138789836],[-78.866336238740814,42.771011405835729],[-78.866294648561876,42.771050383431991],[-78.866166394747992,42.771138077243222],[-78.866093054149957,42.771188223853287],[-78.866023371431965,42.771279462507252],[-78.865904674208977,42.771434877296826],[-78.8657859763902,42.771590291963825],[-78.865754614924782,42.771631354334311],[-78.865669621987465,42.771746654314541],[-78.865609112183719,42.771828740590273],[-78.865494752444533,42.771841015008107],[-78.865402060976876,42.771850963647886],[-78.865322261445087,42.771943369484738],[-78.865192306157581,42.772093853707865],[-78.865062350238489,42.772244337783995],[-78.864932393687994,42.772394821713227],[-78.864824358914959,42.772519920526491],[-78.864811533575491,42.772548463908016],[-78.86473550389961,42.77271767087192],[-78.864659473808317,42.772886877785382],[-78.864648275741487,42.772911799287129],[-78.864568868005364,42.7730521041712],[-78.864537647420846,42.773107267379245],[-78.864438230012325,42.773200552632012],[-78.864384891083944,42.773250601415796],[-78.864308040712189,42.773350389015846],[-78.864257820051847,42.773415598637811],[-78.864244383583639,42.773518391503679],[-78.864227221523862,42.773649685724152],[-78.864199285157042,42.773691170250629],[-78.864091723630779,42.7738508947686],[-78.863994862597636,42.773994728695946],[-78.863973730489036,42.774003307345026],[-78.863843214835555,42.774056290465403],[-78.863780493679897,42.774107274336039],[-78.863714158864212,42.774161195498067],[-78.863634617866069,42.774249091365448],[-78.863582551598682,42.774306626431937],[-78.863559669806492,42.774342396748068],[-78.863519379225039,42.774405383090347],[-78.863495415731194,42.774442845198159],[-78.86342397905382,42.774554520066182],[-78.863418121796201,42.774567226544185],[-78.863340322608664,42.774736000170812],[-78.863312578166628,42.77479618732643],[-78.863246150148086,42.77489993431103],[-78.863142902047429,42.775061185970259],[-78.863039653409174,42.775222437536755],[-78.863033595135292,42.775231899193372],[-78.862974063184808,42.775352899082499],[-78.862934349833623,42.775378913046993],[-78.862840128216888,42.77544063214323],[-78.862726814566784,42.775420922898682],[-78.862715393980352,42.775418936448652],[-78.862559344273592,42.775457560128999],[-78.862513657940397,42.775492844110509],[-78.862417413350144,42.775567174514833],[-78.862339131175887,42.775577540671563],[-78.86233017226219,42.775593475734702],[-78.862237575303723,42.775758175805258],[-78.862144977852779,42.775922875801122],[-78.862052379909244,42.776087575722471],[-78.862010859362243,42.776161426198868],[-78.861919449153859,42.77623324083693],[-78.861894264548354,42.776253026586325],[-78.861771396969573,42.776357231958031],[-78.861763757145425,42.776369273356224],[-78.861661280061625,42.776530790626182],[-78.861558802443326,42.776692307804659],[-78.861550523858568,42.776705355819324],[-78.861530869998703,42.77686849902414],[-78.86152919977269,42.776882363234094],[-78.861462427682355,42.777039135838059],[-78.861389997213166,42.777209192673872],[-78.861359834344526,42.777280010675383],[-78.861284163684743,42.777367907967758],[-78.861180641079855,42.777488156952039],[-78.861145170416108,42.777512916193189],[-78.861017599837652,42.777601962784978],[-78.861019191435886,42.777650905130443],[-78.861021059453805,42.777708347405913],[-78.860928083162165,42.777807920487426],[-78.86083156791473,42.777911283199771],[-78.860789436420248,42.777954158938904],[-78.860706873043412,42.778038180564828],[-78.860664637917338,42.778061046308615],[-78.860646943890657,42.778094682929215],[-78.860599571061172,42.77818473922337],[-78.860557279989109,42.7782602450566],[-78.860464979635083,42.778425036003355],[-78.860448946817158,42.778453660533749],[-78.860408794990235,42.778536014362217],[-78.86035777014331,42.778582578077945],[-78.86026223625673,42.778669759133649],[-78.860225696136467,42.778730383841925],[-78.860174295512081,42.778815663796493],[-78.860120718018095,42.778890930847929],[-78.860014121047371,42.779040680415164],[-78.86000703840304,42.779048290867166],[-78.859870116068322,42.779195416375032],[-78.859789802091072,42.77928171478478],[-78.859748288597814,42.779348780966188],[-78.859669315547038,42.779476363642523],[-78.859630505047335,42.779501575627023],[-78.85949524714664,42.779589441280002],[-78.859456175277515,42.779624893270942],[-78.859303504927198,42.779763418706601],[-78.859192731294712,42.779863928642264],[-78.859154218428401,42.779903825676918],[-78.859013879741141,42.7800492076504],[-78.859009220959962,42.780054033837317],[-78.85891740183051,42.780200068370135],[-78.858911217017493,42.780210551725119],[-78.858814755670139,42.780374054718223],[-78.858792836050682,42.780411208570925],[-78.858683057916551,42.780492098889901],[-78.858661464708518,42.78050946910264],[-78.85859774322283,42.780560728462774],[-78.858491746191689,42.78063676476927],[-78.858325920917906,42.780755717920329],[-78.858318157135216,42.780761316522089],[-78.858215884217884,42.780835067198765],[-78.858155289526138,42.780892881745608],[-78.858105917539547,42.780939988392724],[-78.858043941624828,42.781005841025134],[-78.85799565448086,42.781021401058311],[-78.857773376099473,42.781093027607355],[-78.857756276100275,42.78109853785277],[-78.857673443462815,42.781132690630976],[-78.857574711757252,42.781193711944582],[-78.857561326050302,42.781201984989764],[-78.857379512588238,42.781242660901825],[-78.8573443342178,42.781243222664727],[-78.857245432747504,42.781244801963197],[-78.857146905362939,42.781321711469069],[-78.857113883290225,42.781347488112111],[-78.856947924406512,42.781422006002373],[-78.856781167259754,42.781496881901894],[-78.856736803528847,42.781508862742129],[-78.856617361541254,42.781541119059121],[-78.856506347052274,42.78156448447406],[-78.856435397917352,42.781579417198003],[-78.856348626023063,42.781685814919307],[-78.85634599655576,42.781689039105558],[-78.856280241933916,42.781775827638448],[-78.85621565460545,42.781834091244392],[-78.856214401044738,42.781835222068004],[-78.856200501767276,42.78183607980597],[-78.856178840346431,42.781837416058238],[-78.856143482004668,42.781820842274826],[-78.856091522217881,42.781796484946405],[-78.855993822015463,42.781816625177754],[-78.855911904561665,42.781833511828943],[-78.855813398179237,42.781923872216915],[-78.855775748688956,42.781958408187172],[-78.855661056496601,42.782062595305753],[-78.855584417820921,42.782132214108032],[-78.855493282588313,42.782190425520518],[-78.855351120029354,42.782281229593401],[-78.85531245656918,42.7823092150105],[-78.855261366328349,42.782346195131417],[-78.855182270530605,42.782457471651242],[-78.855069984896048,42.782615440763074],[-78.855032358615901,42.782668375112777],[-78.854975803359338,42.782779334220905],[-78.85489074555889,42.782946213356922],[-78.854842096803736,42.783041659340483],[-78.854826452532961,42.783117057763015],[-78.85478990488059,42.783293200458019],[-78.854782363735993,42.783329545143324],[-78.854774895690355,42.783470848547594],[-78.85477368282676,42.783493797161178],[-78.854772499446526,42.783587163716824],[-78.854692073008124,42.783605592572599],[-78.854672241062801,42.783610136839869],[-78.854560557357672,42.783614826981925],[-78.854552172332376,42.783623576455071],[-78.854497195901942,42.783680933090153],[-78.854481776664855,42.783697019879298],[-78.85443807676711,42.783852246044468],[-78.854420838695958,42.783913477083019],[-78.854420172695811,42.783914337487296],[-78.854403756800679,42.784028362178411],[-78.854395824082829,42.784083462629191],[-78.854370284925807,42.784204789500407],[-78.854350874793738,42.784296999371435],[-78.854327669089798,42.784380142566782],[-78.854305903177973,42.784458126955776],[-78.854268346338813,42.784552764355027],[-78.854200458765476,42.784723829726047],[-78.85416887675602,42.784803410790722],[-78.854144060831061,42.784896939616296],[-78.854097657632181,42.785071828020321],[-78.854082453231868,42.785129131465155],[-78.854057470501132,42.785247513589525],[-78.854046379184652,42.785300070291711],[-78.854032393244154,42.785424638145258],[-78.854012456181039,42.785602209685749],[-78.853992519003626,42.785779781222779],[-78.853972581711716,42.785957352756256],[-78.853957710016559,42.786089806876106],[-78.853954360348368,42.786135010401743],[-78.853941176793413,42.786312920859487],[-78.85392799316277,42.786490831315717],[-78.853927801390313,42.786493419238219],[-78.853927873107438,42.786669000834145],[-78.853927887017377,42.786703055699384],[-78.853928332542409,42.786847173812205],[-78.853928883346796,42.787025346704112],[-78.853928903217295,42.787031774352485],[-78.853930297278609,42.787203516990814],[-78.853931743521557,42.787381687179995],[-78.853932305659981,42.787450939666229],[-78.853932899830738,42.787559858428772],[-78.853933803628308,42.787725534829548],[-78.853933861786047,42.787738030378677],[-78.853934691050881,42.787916202689807],[-78.853935520320519,42.788094375000931],[-78.853936349594861,42.788272547312062],[-78.85393647218666,42.788298886475268],[-78.853956167953271,42.788450030952909],[-78.85397928055373,42.788627395122838],[-78.853998288215308,42.788773257569048],[-78.853997783018272,42.788804900836254],[-78.85399493859731,42.788983061958646],[-78.853992094159906,42.789161223080946],[-78.853989249706174,42.789339384203245],[-78.853986405236085,42.789517545325367],[-78.853983560749569,42.789695706447489],[-78.853982419294638,42.789767199867562],[-78.853980707539463,42.789873867494471],[-78.853977848477058,42.79005202849109],[-78.853974989398125,42.790230189487623],[-78.853973124394145,42.790346405018866],[-78.853972302836567,42.790408351845734],[-78.853969939950332,42.790586516758424],[-78.853967577050582,42.790764681671028],[-78.853965214137162,42.79094284658354],[-78.853962883147005,42.791118603457662],[-78.853962768214771,42.791121010132699],[-78.853958666970442,42.79120688980629],[-78.853948609431825,42.79129492708811],[-78.853948385449925,42.791298818462622],[-78.853938966621186,42.791462457052234],[-78.853940056754681,42.791476823650278],[-78.853953555630113,42.791654721419775],[-78.853956816855813,42.791697700014325],[-78.853964941762513,42.791828451092996],[-78.853965637273632,42.791832661500308],[-78.853985683059278,42.791954012190075],[-78.853992803420027,42.792009701937019],[-78.854010855735581,42.792150892209207],[-78.854011868768353,42.792187247587648],[-78.854015708244816,42.792325037044023],[-78.854021915444633,42.792365134246381],[-78.854049321192534,42.792542168976816],[-78.854052700106308,42.792563995899485],[-78.854079408431815,42.792718967531187],[-78.854109872920873,42.792895732864935],[-78.854140337584028,42.793072498190512],[-78.854170802421166,42.793249263508095],[-78.85419434601269,42.793385869168127],[-78.854204763965413,42.793425620281283],[-78.854250619420128,42.793600587377291],[-78.854296475134106,42.793775554454918],[-78.854341945775047,42.793949051252561],[-78.854342509428534,42.79395049019255],[-78.854409586639335,42.794121729810591],[-78.854446485860535,42.794215928425189],[-78.854466792416076,42.794294691780671],[-78.854497633445007,42.794414314972734],[-78.854513514979402,42.794469526700723],[-78.854563661445326,42.794643858881237],[-78.854600792251574,42.794772941995568],[-78.854627187034907,42.79481493684645],[-78.854704896147382,42.794938573888388],[-78.854713919597287,42.794980069241674],[-78.854752180716801,42.795156016692687],[-78.85479044205384,42.79533196413108],[-78.854822664991843,42.795480142782296],[-78.854838462130544,42.795505762539193],[-78.854938555645987,42.795668093388308],[-78.854952174639294,42.795690180488371],[-78.854941998123309,42.795843929934875],[-78.854937161546118,42.795917001931421],[-78.854846906566806,42.795998501427462],[-78.854833021899438,42.796011039141263],[-78.854930731032312,42.796156329984349],[-78.855038183583531,42.796316108144033],[-78.85514563668967,42.796475886203169],[-78.855221535307905,42.796588743564229],[-78.85528388428358,42.796614132756041],[-78.855453857960399,42.796683347637781],[-78.855467996770784,42.796717332773198],[-78.855538892544217,42.796887742734185],[-78.855609788708179,42.797058152651474],[-78.855628810109607,42.797103873370418],[-78.855668681700891,42.797230917962239],[-78.855723173574205,42.797404546930778],[-78.855777665753251,42.797578175873468],[-78.855832158238172,42.797751804790401],[-78.855842620046218,42.797785139041402],[-78.855896292107047,42.797923614440819],[-78.855904660340713,42.797945204656742],[-78.855975726719365,42.798091941731499],[-78.855980689465937,42.798102188728265],[-78.856053667280833,42.798208133010768],[-78.856072610482244,42.798254693360654],[-78.856142071908536,42.798425421443078],[-78.856195684927457,42.798557195315958],[-78.856212187562008,42.79859600303238],[-78.856284515424903,42.798766089163422],[-78.856356843685347,42.798936175248997],[-78.856414322543372,42.799071340996299],[-78.856425200347104,42.7991070403436],[-78.856478182968146,42.799280920886368],[-78.856531165886821,42.799454801404792],[-78.856556587577003,42.799538230516056],[-78.856571433539585,42.799630272674307],[-78.856599973008684,42.799807211206847],[-78.856603976792925,42.799832033721557],[-78.856667014698402,42.799978061290346],[-78.8567403395962,42.800147917808886],[-78.856813664896606,42.800317774280707],[-78.856826976590483,42.800348610426525],[-78.856908031061977,42.800481759702215],[-78.856920820257017,42.800502768628107],[-78.856927868895937,42.800514347727209],[-78.857120737543028,42.800530946355366],[-78.857361918674812,42.800551702376268],[-78.857603099968415,42.800572457891001],[-78.857844281423837,42.800593212899642],[-78.857865062192587,42.800595001176283],[-78.858086426442981,42.800606428975875],[-78.858328662398463,42.800618933771652],[-78.858570898451717,42.800631438056904],[-78.858813134603039,42.800643941831545],[-78.8588382407696,42.800645237735196],[-78.859055256296926,42.800657581940406],[-78.859297364852438,42.800671352989596],[-78.859306150639654,42.800671852712348],[-78.859389205003922,42.800817223372036],[-78.859397618373748,42.800829879167559],[-78.859471298129463,42.800940711551277],[-78.859515858153941,42.800984764055052],[-78.859660581433786,42.801127838443215],[-78.85977679687204,42.801242729180494],[-78.85979427214518,42.801275400781741],[-78.859882986121164,42.801441258998942],[-78.859935620503265,42.801539662937188],[-78.859968671141132,42.801607947720704],[-78.860049937200529,42.801775848042972],[-78.86012141465612,42.80192352374992],[-78.860132045484605,42.801943518234033],[-78.860204372204862,42.802079550109042],[-78.860216322847748,42.802110488764328],[-78.860282538068788,42.802281910749642],[-78.860291154811833,42.802304218224535],[-78.860374152341393,42.802446741245028],[-78.860469566744612,42.802610585584993],[-78.860561000497626,42.802767593517068],[-78.860564981652857,42.802774429845904],[-78.860660397059988,42.802938274029636],[-78.860728971570325,42.803056027327415],[-78.860765981390159,42.803098156399734],[-78.860897544688186,42.803247917164946],[-78.861029108623313,42.803397677779614],[-78.861160673195357,42.80354743824364],[-78.861178157542298,42.803567340677922],[-78.861277136768621,42.803703704411205],[-78.861391286402196,42.803860967570323],[-78.861505436616184,42.804018230616194],[-78.861616985789368,42.804171909365124],[-78.861619512747666,42.804175522187961],[-78.861730388144608,42.804334041616215],[-78.861841264109728,42.804492560937526],[-78.861851390186061,42.804507038138922],[-78.861934794794891,42.804656929909918],[-78.861960684314923,42.804703457466566],[-78.862012138418123,42.804825678190511],[-78.86208380773563,42.804995915973933],[-78.862150545570358,42.805154439010145],[-78.8621552265909,42.805166208983493],[-78.862223251245965,42.805337249872856],[-78.862291276277176,42.805508290721896],[-78.86235930168462,42.805679331530705],[-78.862373050477302,42.8057139009153],[-78.86243194690654,42.805849337388004],[-78.862437154301674,42.80586131212867],[-78.862505762140472,42.806019081171478],[-78.862579577738899,42.806188824917115],[-78.86263472425648,42.806315637264227],[-78.862656019091176,42.806357905782605],[-78.862740215738867,42.806525028690203],[-78.862824412841491,42.806692151536076],[-78.862908610399046,42.806859274320225],[-78.862992808411519,42.807026397042726],[-78.863077006878996,42.807193519703596],[-78.863151615218598,42.807341606441042],[-78.863160397370578,42.807360851139769],[-78.863237499228276,42.807529807137406],[-78.863314601507241,42.807698763083351],[-78.863331480199378,42.807735749608391],[-78.86341143478846,42.807861952984055],[-78.863513798401868,42.808023526786393],[-78.863532436998668,42.808052946406818],[-78.863626004356789,42.808181498247812],[-78.863740401832288,42.80833866767906],[-78.863765979197396,42.808373808014501],[-78.86386372230389,42.808492109170132],[-78.863968949754735,42.808619468233779],[-78.863985386339451,42.808646110875827],[-78.864085527645372,42.808808432917679],[-78.864098520366042,42.808829493139072],[-78.864155404181304,42.808978828394878],[-78.864220768943881,42.809150427484838],[-78.864268742914362,42.809276370702733],[-78.864285236684893,42.809322205412982],[-78.864347229312372,42.809494476740234],[-78.864409222285076,42.809666748033997],[-78.864471215603118,42.809839019294365],[-78.864495731455037,42.809907145341924],[-78.864533818106025,42.810011171580214],[-78.864596819227771,42.810183246026995],[-78.864643918040883,42.81031188598088],[-78.864668225677235,42.810353173574583],[-78.864764525618057,42.810516742684484],[-78.864781435146412,42.81054546406336],[-78.864869132547838,42.810677513097019],[-78.864874278143432,42.810685260980158],[-78.864902914868068,42.810853509319948],[-78.864904917727728,42.810865276616063],[-78.864988790737158,42.811019791094431],[-78.865078644576727,42.811185322791673],[-78.865146186878789,42.811309750811382],[-78.865172204858467,42.811349664678083],[-78.86527698427011,42.811510404920178],[-78.865368020495509,42.811650061227496],[-78.865378386777834,42.811672159882399],[-78.865457418040435,42.811840636762668],[-78.865536449733526,42.81200911358858],[-78.865615481857304,42.812177590360136],[-78.865662837705884,42.81227854074961],[-78.865693698679124,42.812346270048131],[-78.865770696422686,42.812515253120736],[-78.865847694586975,42.81268423614182],[-78.865924693171991,42.812853219111219],[-78.865936507609064,42.812879147276256],[-78.865996597123583,42.813023397550644],[-78.866067578008398,42.813193792629583],[-78.866073509602728,42.813208031834066],[-78.86615478010053,42.813360043122685],[-78.866243461773905,42.81352591562473],[-78.866280273699687,42.813594769324098],[-78.866334316957818,42.813691147661849],[-78.866426714822026,42.813855925140004],[-78.866519113178725,42.814020702543814],[-78.866540797760138,42.814059373321236],[-78.866638523206461,42.814175367182152],[-78.86676621686415,42.814326930614357],[-78.866877194371511,42.814458652427724],[-78.866897487607048,42.814476609534196],[-78.867052502076746,42.814613778491278],[-78.867068094270863,42.8146275756419],[-78.867150906201161,42.814775867276779],[-78.867215935267552,42.814892314530042],[-78.867263503738315,42.814931318179596],[-78.867425452261884,42.815064106953265],[-78.867492173135773,42.815118814123259],[-78.867565178517879,42.815208861079817],[-78.867686739328619,42.815358797026406],[-78.86768892592309,42.815362159049954],[-78.867790241221286,42.815517937111871],[-78.86779473223568,42.815522434631831],[-78.867938262692007,42.815666172565116],[-78.867969726602325,42.815697681844128],[-78.868011618782447,42.81583336073696],[-78.868026506138605,42.815881577225895],[-78.868104750358683,42.815996810213846],[-78.868128811682723,42.816032246066854],[-78.868195944004199,42.816161787081569],[-78.868242861097173,42.816252319696837],[-78.868308501862259,42.816317852307556],[-78.868424037727578,42.816433197379446],[-78.868442208352675,42.816465603936798],[-78.868489582347891,42.816550093321709],[-78.868520731110308,42.816633849322329],[-78.868559578340182,42.816738305424941],[-78.868588054363414,42.81680501167267],[-78.868660639134319,42.816975043781149],[-78.868733224304449,42.817145075843712],[-78.868805809873749,42.817315107860537],[-78.868877167133135,42.817482261599565],[-78.868877875151753,42.817485232594834],[-78.868919701575322,42.817660744545762],[-78.868961528236213,42.817836256481506],[-78.868999940614387,42.817997440602134],[-78.869004553955207,42.818011586545396],[-78.869061066381761,42.818184870746784],[-78.869117579124961,42.818358154920368],[-78.869174092185062,42.818531439066156],[-78.869192050264076,42.818586503126845],[-78.869238477934232,42.818703190859836],[-78.869306530811883,42.818874228895481],[-78.869374584066023,42.819045266890804],[-78.86944263769675,42.819216304845803],[-78.869510691703894,42.819387342760479],[-78.869560547638471,42.819512643427295],[-78.869581661328297,42.819557701531743],[-78.869660617893132,42.819726199797664],[-78.869739574888214,42.819894698009399],[-78.869818532313701,42.820063196166871],[-78.869897490169507,42.820231694270078],[-78.869917391224973,42.820274163482935],[-78.869978099875524,42.820399769449097],[-78.870053575998298,42.820555928502515],[-78.870061121561946,42.820567127034131],[-78.870168748186714,42.820726857502713],[-78.870210513897149,42.820788842440699],[-78.870302129398652,42.820874704143691],[-78.870409854463517,42.820975663270346],[-78.870441574201379,42.821019886969005],[-78.870554673923849,42.82117757015871],[-78.870580009984664,42.821212893469919],[-78.870676048795076,42.821331862747371],[-78.870799813012084,42.821485176425213],[-78.870856400995365,42.821555274836648],[-78.870881986263484,42.821650145093365],[-78.870929124137717,42.821824931705301],[-78.870950967047676,42.821905924584193],[-78.871045761887032,42.82197155372365],[-78.871067803931851,42.821986814021479],[-78.871140410593597,42.822133380390561],[-78.87117597724243,42.822205176212385],[-78.87126805064608,42.822281330875846],[-78.871380731516311,42.82237452978746],[-78.871425799859679,42.822416732480796],[-78.871552599669187,42.822535469378359],[-78.871560554493442,42.822562188681395],[-78.871601751048331,42.822700562602513],[-78.871627903244914,42.822731661606333],[-78.871751348935831,42.822878457110086],[-78.871753085325707,42.822884013636255],[-78.871801929162501,42.823040315705235],[-78.871794116897888,42.823057187503679],[-78.87171839999634,42.823220709403437],[-78.871719649515938,42.823226110606562],[-78.871760287586,42.823401773173813],[-78.871800925887086,42.823577435726762],[-78.871841564419,42.823753098265229],[-78.871882203181926,42.8239287607894],[-78.871922370480931,42.824102384398493],[-78.871922701628662,42.824104438130696],[-78.871951231916213,42.824281378440034],[-78.871979762367019,42.824458318742359],[-78.87200829298115,42.824635259037571],[-78.872036823758535,42.82481219932577],[-78.872049207238021,42.824888998051904],[-78.872060162737384,42.824989516839068],[-78.872079520114497,42.825167123648328],[-78.872094736239134,42.825306733132919],[-78.872100204507461,42.825344640090051],[-78.872125764336644,42.825521824511142],[-78.872151324312284,42.825699008926549],[-78.872151847576035,42.82570263623478],[-78.87215696713406,42.825877121635749],[-78.872162193719703,42.82605525374597],[-78.872163299419327,42.826092937989515],[-78.872152538564279,42.826231473902659],[-78.872152814105206,42.826233181834766],[-78.872181359794126,42.826410120893193],[-78.872209905646471,42.826587059944515],[-78.872220119648389,42.826650370323762],[-78.872266020896603,42.826759727244706],[-78.872334716557148,42.826923389703758],[-78.872337497226084,42.826930014422928],[-78.872408973997963,42.827100301545734],[-78.872433077032554,42.827157724684156],[-78.872485550310273,42.827269368812942],[-78.872564721401389,42.82743781540961],[-78.872643892923875,42.827606261951658],[-78.872664525536479,42.82765016005397],[-78.872720406599811,42.82777536349527],[-78.872795983760156,42.827944695868283],[-78.872871561334577,42.828114028191735],[-78.872947139323074,42.828283360465363],[-78.872947556047507,42.828284294132551],[-78.873024904750764,42.82845215917353],[-78.873055405768483,42.828518353354688],[-78.873190712340204,42.828561736888162],[-78.873413313418482,42.82863310930103],[-78.873635915010937,42.828704481282692],[-78.873834882112746,42.82876827491458],[-78.873852030630559,42.82878240682853],[-78.874013541460954,42.828915505770084],[-78.874175052986971,42.829048604484534],[-78.874336565208438,42.829181702972058],[-78.874498078125612,42.829314801232556],[-78.874659591738322,42.829447899266128],[-78.874821106046639,42.829580997072682],[-78.874982621050506,42.829714094652218],[-78.875144136749981,42.829847192004735],[-78.875305653145091,42.829980289130233],[-78.875383070952893,42.830044084770648],[-78.87542704019377,42.830131072222557],[-78.875511485864848,42.83029813631898],[-78.87559593199245,42.830465200353323],[-78.875680378576575,42.83063226432558],[-78.875764825617139,42.830799328235749],[-78.875849273114312,42.83096639208393],[-78.875933721068009,42.831133455870024],[-78.876018169478229,42.831300519594123],[-78.876102618344873,42.83146758325605],[-78.87615141763456,42.831564121566103],[-78.876147281868782,42.831639275628724],[-78.876137484834487,42.831817304062049],[-78.876127687743789,42.831995332494493],[-78.876117890596703,42.832173360926042],[-78.876111481086625,42.832289830503406],[-78.876108093489307,42.832351389359729],[-78.876098296507408,42.832529417797851],[-78.876088499469034,42.832707446235176],[-78.876078702374258,42.832885474671706],[-78.876068905223079,42.83306350310734],[-78.876059108015312,42.833241531542178],[-78.876051465453088,42.833380406460321],[-78.876030255979359,42.833416372825496],[-78.875933817600924,42.833579909447607],[-78.875837378712049,42.833743445988716],[-78.875740939312735,42.833906982449001],[-78.875644499403165,42.834070518828284],[-78.875548058983071,42.834234055126743],[-78.875451618052622,42.834397591344199],[-78.875355176611748,42.834561127480654],[-78.875258734660434,42.834724663536285],[-78.875162292198681,42.834888199510914],[-78.875065849226587,42.835051735404633],[-78.874969405743968,42.835215271217436],[-78.874872961750995,42.835378806949237],[-78.874776517247497,42.835542342600121],[-78.874680072233573,42.835705878170096],[-78.87458362670921,42.835869413659069],[-78.874564884177857,42.835901193863052],[-78.874386719547246,42.835841720793645],[-78.874165580947732,42.835767902056212],[-78.873944442876407,42.835694082893163],[-78.873723305333556,42.835620263304591],[-78.873502168318893,42.83554644329049],[-78.873281031832619,42.835472622850858],[-78.873059895874718,42.835398801985704],[-78.872838760445106,42.835324980695027],[-78.872617625543782,42.835251158978906],[-78.872396491170832,42.835177336837177],[-78.872175357326185,42.835103514269917],[-78.871954224009812,42.835029691277221],[-78.871733091221813,42.834955867858909],[-78.871511958962202,42.83488204401516],[-78.871290827230879,42.834808219745881],[-78.871069696027845,42.834734395051079],[-78.870848565353086,42.83466056993084],[-78.870627435206714,42.834586744384985],[-78.87040630558873,42.834512918413694],[-78.870185176499021,42.834439092016964],[-78.869964047937685,42.83436526519462],[-78.869742919904652,42.834291437946838],[-78.869521792399894,42.834217610273534],[-78.869300665423523,42.834143782174785],[-78.869079538975441,42.834069953650605],[-78.868858413055733,42.833996124700803],[-78.868637287664399,42.833922295325571],[-78.868611004408478,42.833913519828528],[-78.868414643496678,42.833850970355371],[-78.868191794894699,42.833779982843325],[-78.86796894680468,42.833708994899183],[-78.867746099226693,42.833638006522847],[-78.86770998053376,42.833626500811796],[-78.867546564760133,42.833715540161911],[-78.867403650333443,42.833793408668136],[-78.867347387088898,42.833769655773992],[-78.867257372316899,42.83373165375815],[-78.867257497818201,42.833629648275419],[-78.867257499020965,42.833628670654591],[-78.867125576571738,42.833480214830693],[-78.86699292692137,42.833330939796227],[-78.866860277911726,42.833181664608638],[-78.866727629542893,42.833032389267927],[-78.866594981814814,42.832883113774095],[-78.866462334727544,42.83273383812714],[-78.866329688281084,42.832584562327064],[-78.866208201979632,42.832447845007728],[-78.866189516338594,42.832441768781095],[-78.865967412987416,42.832369544534245],[-78.865834597403108,42.832326354870666],[-78.865832276811034,42.83225474782158],[-78.865831376845335,42.832226977323408],[-78.865829053406728,42.832223866456204],[-78.865732820885583,42.83209508774673],[-78.865616060817473,42.83193883817043],[-78.865615767616816,42.831938445804909],[-78.865406364005125,42.83184898157333],[-78.865295030927967,42.831801416095644],[-78.865233091839798,42.831731135107233],[-78.86510121343764,42.831581494797582],[-78.865044570666811,42.83151722288428],[-78.864969335785645,42.831431854283821],[-78.864837458856087,42.831282213579016],[-78.864705582565136,42.83113257272278],[-78.864585299084084,42.83099608553696],[-78.864573631671362,42.830982967541914],[-78.86444090069449,42.830833733954201],[-78.864308170358527,42.83068450021328],[-78.864175440663558,42.83053526631906],[-78.864157854171651,42.830515492979032],[-78.86397985426332,42.830432728525608],[-78.863813018237082,42.83035515448055],[-78.863767681172675,42.830353282055846],[-78.863547163480121,42.830344174399265],[-78.863530478612759,42.830354785166996],[-78.863346927536469,42.830471514363261],[-78.863163375766959,42.830588243266249],[-78.86297982330413,42.830704971876138],[-78.862901190042976,42.830754977797582],[-78.862793240024004,42.830819047833529],[-78.862604385096219,42.830931135643404],[-78.862415529483386,42.831043223142863],[-78.86240960988205,42.831046736467698],[-78.862181339905973,42.831004753631021],[-78.862149719571178,42.830998938058734],[-78.862082620838819,42.830852730599261],[-78.862005123923012,42.830683864693555],[-78.861927627430674,42.830514998735538],[-78.861850131361734,42.830346132725296],[-78.861772635716363,42.830177266662744],[-78.86169514049439,42.830008400548053],[-78.861617645695816,42.829839534380959],[-78.861540151320725,42.829670668161725],[-78.861462657369017,42.829501801890181],[-78.861385163840808,42.829332935566413],[-78.861307670735982,42.829164069190334],[-78.861230178054555,42.828995202762115],[-78.861152685796611,42.828826336281494],[-78.861075193962066,42.828657469748734],[-78.860997702550904,42.828488603163663],[-78.86092021156314,42.828319736526367],[-78.860842720998775,42.828150869836847],[-78.860765230857808,42.827982003095016],[-78.860687741140239,42.827813136300954],[-78.860610251846055,42.827644269454673],[-78.860532762975183,42.827475402556075],[-78.860455274527695,42.827306535605253],[-78.860377786503705,42.827137668602205],[-78.860300298902914,42.826968801546933],[-78.86022281172562,42.826799934439343],[-78.860145324971626,42.826631067279536],[-78.860067838640944,42.826462200067496],[-78.859990352733661,42.826293332803239],[-78.859912867249676,42.82612446548675],[-78.859835382189075,42.82595559811795],[-78.859757897551702,42.825786730696926],[-78.859680413337813,42.825617863223677],[-78.859602929547151,42.825448995698203],[-78.859525446179774,42.825280128120419],[-78.859447963235809,42.825111260490402],[-78.859370480715057,42.824942392808254],[-78.85929299861769,42.824773525073795],[-78.85921551694355,42.824604657287018],[-78.859138035692709,42.824435789448103],[-78.859060554865181,42.824266921556969],[-78.858983074460951,42.824098053613518],[-78.858905594480035,42.823929185617843],[-78.858828114922332,42.823760317569942],[-78.858750635787928,42.823591449469902],[-78.858673157076751,42.823422581317551],[-78.858595678788873,42.823253713112891],[-78.858518200924223,42.823084844856091],[-78.858440723482872,42.822915976547065],[-78.858363246464648,42.822747108185723],[-78.858285769869823,42.822578239772248],[-78.858208293698112,42.822409371306463],[-78.858130817949728,42.822240502788446],[-78.858053342624544,42.822071634218297],[-78.857975867722587,42.821902765595837],[-78.857898393243758,42.821733896921145],[-78.8578237871493,42.821571279451788],[-78.857815219256949,42.821573282073061],[-78.857653016440963,42.821611194497457],[-78.85763097352752,42.821560398340758],[-78.857557297727652,42.821390617630641],[-78.857483622332538,42.821220836873366],[-78.857471659881682,42.821193269993479],[-78.857328786211013,42.821172332254022],[-78.857306794974008,42.82113314425451],[-78.857246097893579,42.821024982839845],[-78.857168259238591,42.821047045825239],[-78.856941674011466,42.82111126990791],[-78.85688834365267,42.821126385960767],[-78.856947092555757,42.82125562924422],[-78.857023925562814,42.821424655370826],[-78.857100758990001,42.821593681446181],[-78.857177592837274,42.821762707470029],[-78.857254427104678,42.821931733442625],[-78.857331261792169,42.822100759363792],[-78.857408096899874,42.822269785233537],[-78.857484932427596,42.822438811052038],[-78.857561768375419,42.82260783681911],[-78.857638604743443,42.822776862534752],[-78.857715441531568,42.822945888199065],[-78.857792278739808,42.823114913812034],[-78.857869116368249,42.823283939373582],[-78.857945954416792,42.823452964883792],[-78.858022792885535,42.823621990342666],[-78.858099631774479,42.823791015750118],[-78.858176471083524,42.82396004110614],[-78.858253310812685,42.824129066410912],[-78.858330150962132,42.824298091664176],[-78.85840699153168,42.824467116866188],[-78.858483832521429,42.824636142016686],[-78.858560673931379,42.824805167115933],[-78.858637515761515,42.824974192163758],[-78.858714358011866,42.825143217160161],[-78.858791200682404,42.82531224210522],[-78.858868043773128,42.825481266998857],[-78.858944887284068,42.825650291841157],[-78.859021731215194,42.825819316632035],[-78.859098575566605,42.82598834137157],[-78.859175420338218,42.826157366059682],[-78.859252265530031,42.826326390696458],[-78.859329111142131,42.826495415281812],[-78.859405957174417,42.826664439815822],[-78.859482803627003,42.82683346429841],[-78.859559650499776,42.827002488729661],[-78.859636497792835,42.827171513109491],[-78.859713345506194,42.827340537437891],[-78.859790193639739,42.827509561714955],[-78.859867042193571,42.827678585940589],[-78.859943891167688,42.827847610114894],[-78.860020740562092,42.82801663423777],[-78.860097590376782,42.828185658309309],[-78.860174440611758,42.828354682329419],[-78.860251291267019,42.828523706298107],[-78.860328142342468,42.828692730215373],[-78.860404993838401,42.828861754081295],[-78.860481845754521,42.829030777895888],[-78.860558698090927,42.829199801659051],[-78.860635550847704,42.829368825370786],[-78.860712404024767,42.829537849031098],[-78.860789257622216,42.829706872640074],[-78.860866111639936,42.829875896197628],[-78.860942966077957,42.830044919703752],[-78.861019820936335,42.83021394315854],[-78.861096676215098,42.830382966561899],[-78.861173531914247,42.830551989913836],[-78.861250388033667,42.830721013214436],[-78.861327244573459,42.830890036463614],[-78.861404101533552,42.831059059661364],[-78.8614809589141,42.831228082807776],[-78.86155781671502,42.831397105902759],[-78.861589449358021,42.831466671065549],[-78.861548555813826,42.831567132559428],[-78.861537481800553,42.831594337575176],[-78.861382138277179,42.831691581936987],[-78.861204107922632,42.831803027520856],[-78.861195254589632,42.831802461106122],[-78.860953216686497,42.831786975841403],[-78.86071117890468,42.831771490066878],[-78.860469141244096,42.831756003782623],[-78.860227103704844,42.831740516988553],[-78.85998506628691,42.831725029684755],[-78.859972417297854,42.831724220296735],[-78.860051822410028,42.831882723893557],[-78.860135606539885,42.832049967674692],[-78.860186609228975,42.83215177505695],[-78.860208641327702,42.832219589559941],[-78.860224394706037,42.832268078152374],[-78.860264951952843,42.832392911366448],[-78.860309562605707,42.832530220166511],[-78.860317964467313,42.832566724868528],[-78.860358400751934,42.832742413240467],[-78.86039883726643,42.832918101598288],[-78.860422124438628,42.83301927912278],[-78.860319131684918,42.83302161830327],[-78.860253990686104,42.833023097743755],[-78.860199551459459,42.832898980203062],[-78.860178600565021,42.832851213523476],[-78.860004703093225,42.832862178756109],[-78.85976263477059,42.832877442107225],[-78.859520566328229,42.832892704948435],[-78.859278497766411,42.83290796727966],[-78.859036429085052,42.832923229101063],[-78.858850567156807,42.832934946876968],[-78.858800033778522,42.832916555729696],[-78.858644924028226,42.832860104789155],[-78.858580495227358,42.832879797162221],[-78.858356232252149,42.832948341751866],[-78.858282992211088,42.832970726989174],[-78.858119978145467,42.832981003261985],[-78.857877908895759,42.832996262675806],[-78.85763583952658,42.833011521579728],[-78.857508886016035,42.833019523919582],[-78.857413880793146,42.833067743923309],[-78.857352153676217,42.833099073505878],[-78.857184286690668,42.833101243041007],[-78.856941362021928,42.833104382197057],[-78.856698437328504,42.833107520839647],[-78.856455512610381,42.8331106589686],[-78.85621258786766,42.833113796584193],[-78.85596966310024,42.833116933686235],[-78.855961689709588,42.833117036644943],[-78.855742850145248,42.833179815454386],[-78.855516583499124,42.833244724308678],[-78.855290316377719,42.833309632717544],[-78.855064048780974,42.833374540680907],[-78.854837780709047,42.833439448198845],[-78.854611512161867,42.833504355271181],[-78.854385243139319,42.833569261898013],[-78.854158973641518,42.833634168079328],[-78.853932703668448,42.833699073815225],[-78.853706433220111,42.833763979105527],[-78.85348016229652,42.833828883950311],[-78.853253890897562,42.833893788349592],[-78.85309942580902,42.833938095267015],[-78.853027146552307,42.833957783549131],[-78.852799385399791,42.83401982345692],[-78.852571623790041,42.834081862913244],[-78.852343861722971,42.834143901918203],[-78.852116099198668,42.834205940471783],[-78.85188833621703,42.834267978573905],[-78.851660572778172,42.83433001622457],[-78.851432808881896,42.834392053423855],[-78.85120504452847,42.834454090171775],[-78.850977279717725,42.83451612646823],[-78.850749514449745,42.834578162313313],[-78.850521748724447,42.834640197706932],[-78.850293982541814,42.834702232649185],[-78.850066215902046,42.834764267139974],[-78.84983844880486,42.834826301179298],[-78.849610681250539,42.834888334767257],[-78.849382913238884,42.834950367903751],[-78.849155144769909,42.835012400588781],[-78.848927375843786,42.835074432822445],[-78.848699606460343,42.835136464604645],[-78.848471836619581,42.83519849593538],[-78.848244066321669,42.835260526814658],[-78.848016295566438,42.835322557242563],[-78.847788524353973,42.835384587219011],[-78.847560752684174,42.835446616743994],[-78.84733298055724,42.835508645817605],[-78.847105207972888,42.835570674439666],[-78.8468774349314,42.835632702610262],[-78.846649661432664,42.835694730329493],[-78.846500037985166,42.835735475762299],[-78.846527351647254,42.835793233684917],[-78.84660695916179,42.835961572401665],[-78.846686567109941,42.836129911063161],[-78.846715678520283,42.836191469696821],[-78.846826773151292,42.836236178807987],[-78.846851050988278,42.836245489342019],[-78.847032362985331,42.836315022119159],[-78.847069592225822,42.836308227485766],[-78.847305374072675,42.836265195103401],[-78.847352430532737,42.836256606796177],[-78.847528344415394,42.836195792357984],[-78.847688331801137,42.83614048346336],[-78.847731623049768,42.836103855278076],[-78.84789075702794,42.835969213491467],[-78.847940504411397,42.835927122525021],[-78.848096659793171,42.835883677721981],[-78.848323832204997,42.835820474412813],[-78.848551004152114,42.835757270654497],[-78.848778175634536,42.835694066447211],[-78.849005346652262,42.835630861790769],[-78.849232517205309,42.835567656685264],[-78.849459687293731,42.835504451130781],[-78.849686856917373,42.83544124512715],[-78.849914026076334,42.835378038674456],[-78.850141194770586,42.835314831772699],[-78.850368363000143,42.835251624421971],[-78.850595530765005,42.835188416622088],[-78.850822698065087,42.835125208373228],[-78.851049864900574,42.835061999675219],[-78.851277031271351,42.834998790528239],[-78.851504197177348,42.834935580932189],[-78.851731362618651,42.834872370887084],[-78.851958527595258,42.834809160393],[-78.85218569210717,42.834745949449761],[-78.852412856154388,42.834682738057552],[-78.852640019736825,42.834619526216279],[-78.852867182854553,42.834556313925944],[-78.8530943455076,42.834493101186638],[-78.853321507695952,42.834429887998262],[-78.853336916678842,42.834425600067632],[-78.853550320449671,42.834369969491839],[-78.85377925290382,42.834310290312018],[-78.854008184915841,42.83425061067603],[-78.85423711648572,42.83419093058405],[-78.854466047613371,42.834131250035995],[-78.85469497829898,42.834071569031856],[-78.854923908542276,42.834011887571727],[-78.855132450487048,42.833957520785454],[-78.855153529175539,42.833953936727958],[-78.855390215769688,42.833913692072173],[-78.855626902055548,42.833873446928955],[-78.855863588033117,42.833833201298212],[-78.856100273702495,42.833792955180044],[-78.856336959063583,42.833752708574437],[-78.856573644116295,42.833712461481312],[-78.85665153719637,42.833699216039861],[-78.856814463373539,42.833702931594566],[-78.857057310743755,42.833708469333814],[-78.857300158157486,42.833714006559866],[-78.857313358911568,42.833714307538933],[-78.857538715549197,42.833747127569005],[-78.857777026597148,42.833781833708301],[-78.857848481590722,42.833792239865481],[-78.858016297592087,42.833771801328126],[-78.858255979410472,42.833742609707627],[-78.858495661002465,42.833713417587177],[-78.858607334196279,42.833699816123399],[-78.858734498090087,42.833718761961983],[-78.858972598794395,42.833754235595968],[-78.859155486967893,42.833781482981919],[-78.859210341956171,42.833790908620855],[-78.859446900176295,42.833831555682927],[-78.859683458707636,42.833872202258007],[-78.859711702629426,42.83387705522253],[-78.859922965996049,42.83385223895278],[-78.860162872856023,42.833824057550409],[-78.8602885471295,42.833809294622462],[-78.860391327804848,42.833848237207178],[-78.860497089694675,42.833888309197349],[-78.860510093896835,42.833978682262909],[-78.860535590644389,42.834155871848495],[-78.860561087538144,42.834333061428389],[-78.860586584578087,42.83451025100269],[-78.860612081764231,42.834687440571308],[-78.86061399396938,42.834700729165711],[-78.86056443992149,42.834861484092414],[-78.860510867891392,42.83503527251758],[-78.86045729556001,42.835209060917869],[-78.860453739152931,42.83522059785097],[-78.860499762310226,42.835383483551276],[-78.860549058225573,42.835557951262572],[-78.860598354419281,42.835732418952645],[-78.860647650891252,42.835906886621672],[-78.860696947641657,42.836081354269467],[-78.860746244670338,42.836255821896124],[-78.860795541977467,42.836430289501642],[-78.860844839562944,42.836604757086022],[-78.860894137426783,42.836779224649263],[-78.86094343556897,42.836953692191365],[-78.860992733989605,42.837128159712236],[-78.861042032688601,42.837302627212061],[-78.861083329512965,42.837448775400013],[-78.861046124124769,42.837458372118547],[-78.860816911562594,42.837517494632721],[-78.860666126643196,42.837556387406252],[-78.860609805042387,42.837601231186945],[-78.860445199613196,42.837732291024416],[-78.860280593485712,42.837863350626073],[-78.860191198129613,42.837934526987056],[-78.860088518873141,42.837965488784448],[-78.859924305353644,42.838015005305024],[-78.859859001620109,42.838012075226622],[-78.859616473582378,42.838001193037869],[-78.859378955882548,42.837990535162312],[-78.859374205383716,42.837991724204862],[-78.859144250976016,42.838049281151363],[-78.858914296139872,42.838106837637781],[-78.858684340875257,42.838164393663952],[-78.85845438518237,42.838221949230039],[-78.858224429061025,42.83827950433588],[-78.858014775957088,42.83833197735914],[-78.858009087492192,42.838347145641322],[-78.857944659765835,42.838518941524356],[-78.857904295948472,42.838626570731854],[-78.857906359333498,42.838693102204452],[-78.857911883736477,42.838871229499411],[-78.857916816337209,42.83903027402576],[-78.857923217411724,42.83904877563667],[-78.857982968156165,42.83922147812445],[-78.858042719234561,42.839394180581138],[-78.858102470646998,42.839566883006832],[-78.858162222393389,42.839739585401439],[-78.858221974473921,42.83991228776496],[-78.858224772714308,42.839920375538256],[-78.858426817713706,42.840003402000406],[-78.858429759951363,42.840004611051398],[-78.858669324813363,42.840008267558318],[-78.858721382487261,42.840009062054698],[-78.85889933615799,42.839958349962842],[-78.859125821944204,42.83989380698219],[-78.859352307257112,42.839829263555146],[-78.859578792096968,42.839764719681696],[-78.859805276463618,42.839700175361855],[-78.860031760357032,42.839635630595787],[-78.860258243777309,42.839571085383234],[-78.86048472672438,42.839506539724376],[-78.860711209198314,42.839441993619111],[-78.860937691199013,42.839377447067541],[-78.861164172726504,42.839312900069665],[-78.861390653780859,42.839248352625383],[-78.861617134362078,42.839183804734709],[-78.86184361446999,42.839119256397723],[-78.862023800852782,42.839067901665167],[-78.862043749029851,42.839101254432556],[-78.862141341362999,42.839264425384151],[-78.862188968802769,42.839344056446784],[-78.862306692054716,42.839314565546573],[-78.862536630053583,42.839256963255018],[-78.862766567623638,42.839199360503379],[-78.862931658461349,42.839158002464345],[-78.862949066055904,42.839206602219583],[-78.863010791457853,42.839378930931062],[-78.863013915485823,42.839387652754858],[-78.862797699265343,42.839446624889504],[-78.862569956188949,42.839508740367684],[-78.862342212654596,42.839570855394584],[-78.862114468662398,42.839632969970111],[-78.861886724212354,42.839695084094267],[-78.861658979304352,42.839757197767049],[-78.86143123393849,42.839819310988553],[-78.861203488114782,42.839881423758676],[-78.86097574183313,42.839943536077435],[-78.860747995093618,42.840005647944906],[-78.860520247896162,42.840067759360913],[-78.860292500240845,42.84012987032564],[-78.860071559720041,42.840190124309224],[-78.860067641579292,42.840194608680854],[-78.85993655966162,42.840344633474153],[-78.859805477107287,42.840494658117969],[-78.859674393916507,42.840644682612222],[-78.859635222822135,42.840689513694265],[-78.859582041611048,42.840808202625041],[-78.85950619538167,42.840977474130476],[-78.859432020468162,42.841143014693863],[-78.859432987221425,42.841146877285176],[-78.859476849168118,42.841322123938454],[-78.859520711363601,42.841497370574857],[-78.859564573807944,42.841672617194561],[-78.859608436501063,42.841847863797568],[-78.859614252627225,42.8418711011537],[-78.859671541126858,42.842019831015904],[-78.8597375875502,42.842191296887094],[-78.859803634340111,42.842362762720356],[-78.859869681496647,42.842534228515611],[-78.859935729019838,42.842705694272937],[-78.86000177690957,42.842877159992334],[-78.860044172351749,42.84298722150335],[-78.86007252368654,42.843047546547155],[-78.860151692553558,42.843215998814671],[-78.860230861852315,42.843384451027561],[-78.860310031582827,42.843552903185916],[-78.860389201744979,42.843721355289823],[-78.860399933936037,42.843744190334967],[-78.860508256903515,42.843876153302453],[-78.860633567197127,42.844028810015949],[-78.860720203900982,42.844134352895274],[-78.860767803048006,42.84417684717377],[-78.860922032967949,42.844314535851474],[-78.861076263575342,42.84445222432214],[-78.861090455970157,42.844464894458191],[-78.861293435612239,42.844401466560946],[-78.861516986010784,42.844331610065247],[-78.861740535903692,42.844261753134695],[-78.861964085290964,42.844191895769207],[-78.86218763417277,42.844122037968859],[-78.862411182549025,42.844052179733666],[-78.862634730419629,42.843982321063613],[-78.862858277784696,42.843912461958624],[-78.863081824644212,42.843842602418874],[-78.863305370998077,42.84377274244418],[-78.863528916846406,42.843702882034634],[-78.863571426870351,42.843689597141626],[-78.863764162047858,42.843718750344941],[-78.863966556545023,42.843749364243472],[-78.863983206474899,42.843773054368178],[-78.864094520346171,42.843931435256223],[-78.864205834788194,42.844089816036451],[-78.864317149800954,42.844248196708939],[-78.864428465384549,42.84440657727351],[-78.864539781538895,42.844564957730263],[-78.864651098263877,42.844723338079184],[-78.864762415559795,42.844881718320373],[-78.864873733426364,42.845040098453651],[-78.864985051863854,42.845198478479098],[-78.865096370871996,42.845356858396727],[-78.865207690451072,42.845515238206524],[-78.865319010600871,42.84567361790841],[-78.865430331321519,42.845831997502565],[-78.865541652612904,42.845990376988802],[-78.865652974475211,42.846148756367214],[-78.865764296908253,42.846307135637801],[-78.86582052346553,42.846387129237897],[-78.865874477679341,42.846465940750591],[-78.865983493349873,42.846625180446956],[-78.866092509582458,42.846784420039931],[-78.866201526377154,42.846943659529352],[-78.866310543733803,42.847102898915473],[-78.866419561652592,42.847262138198118],[-78.866528580133405,42.847421377377387],[-78.866637599176357,42.847580616453179],[-78.866746618781349,42.847739855425495],[-78.86685563894838,42.847899094294519],[-78.86696465967762,42.848058333059981],[-78.8670736809689,42.848217571722152],[-78.86718270282222,42.848376810280755],[-78.867291725237678,42.848536048736065],[-78.867400748215346,42.848695287087814],[-78.867509771755053,42.848854525336179],[-78.867618795856885,42.84901376348116],[-78.86772782052094,42.849173001522672],[-78.867836845747036,42.849332239460708],[-78.867945871535255,42.849491477295359],[-78.868054897885685,42.849650715026534],[-78.868163924798253,42.84980995265424],[-78.868272952273031,42.849969190178562],[-78.868299521940031,42.850007995743283],[-78.868180634499609,42.850110764608431],[-78.8680234385414,42.850246647467976],[-78.867866241891477,42.850382530112491],[-78.867734855188274,42.850496101710036],[-78.867704458979787,42.850515055409538],[-78.867519332897501,42.850630491228664],[-78.867334206123331,42.850745926749539],[-78.867149078657079,42.85086136197225],[-78.867080433995127,42.850904164791586],[-78.866938535744382,42.850862379937077],[-78.866935305222313,42.850861428640791],[-78.866839493719752,42.850778907958144],[-78.866877821818846,42.850717806304012],[-78.866921937259306,42.850647478456288],[-78.86702479505874,42.850580641061114],[-78.867206668099811,42.850462458677676],[-78.867388540444821,42.850344276006297],[-78.867570412093841,42.850226093047141],[-78.867749560150145,42.850109679196407],[-78.867750843286856,42.850107183030552],[-78.867805794705376,42.850000282410996],[-78.867802726915713,42.849936388617365],[-78.867800213153188,42.849884033616938],[-78.867724108316082,42.84977129954153],[-78.867616307748236,42.849611613797883],[-78.86750850773781,42.849451927953154],[-78.867400708284791,42.849292242007266],[-78.867292909389121,42.849132555960303],[-78.86724362275497,42.849059545740566],[-78.867184538656289,42.848973078773646],[-78.867075686335625,42.848813777500141],[-78.866966834576274,42.848654476123521],[-78.866857983378537,42.84849517464378],[-78.866749132742115,42.848335873060918],[-78.866640282667205,42.848176571375035],[-78.866531433153725,42.848017269585938],[-78.866422584201729,42.84785796769382],[-78.866313735811076,42.847698665698488],[-78.866204887981922,42.84753936360022],[-78.866096040714112,42.847380061398745],[-78.865987194007786,42.847220759094157],[-78.865878347862804,42.847061456686532],[-78.865769502279235,42.846902154175794],[-78.865660657257081,42.846742851561942],[-78.865551812796355,42.846583548844968],[-78.865518988457367,42.846535507574892],[-78.865362338096773,42.846583408745659],[-78.865138047731477,42.84665199264537],[-78.864923483772344,42.846717601835273],[-78.864914645258594,42.846713393245622],[-78.864710839744802,42.846616347874239],[-78.864634932956307,42.846580203429198],[-78.864492084288912,42.846619358000964],[-78.864264455506074,42.846681750185624],[-78.864036826263415,42.846744141919451],[-78.86380919656095,42.846806533202347],[-78.863581566398679,42.846868924034311],[-78.863353935776587,42.846931314415443],[-78.863126304694603,42.846993704345643],[-78.862898673152898,42.847056093824911],[-78.862671041151387,42.847118482853347],[-78.86244340868997,42.847180871430758],[-78.862390657854718,42.84719532908246],[-78.862300992764347,42.847277661928509],[-78.862316437000459,42.847307083822585],[-78.862403723524594,42.847473367613148],[-78.862491010518582,42.84763965133736],[-78.862578297982594,42.847805934995314],[-78.862665585916545,42.84797221858701],[-78.86275287432052,42.848138502112356],[-78.86284016319442,42.848304785571358],[-78.862927452538273,42.848471068964102],[-78.86301474235205,42.848637352290588],[-78.863102032635851,42.84880363555073],[-78.863189323389577,42.848969918744523],[-78.863276614613341,42.849136201872057],[-78.863363906307129,42.84930248493324],[-78.863451198470841,42.849468767928172],[-78.863538491104592,42.849635050856755],[-78.863625784208352,42.849801333718986],[-78.863713077782151,42.849967616514967],[-78.863800371825874,42.850133899244597],[-78.863887666339721,42.850300181907969],[-78.863972253736364,42.850461307010917],[-78.863979628301323,42.850462451361928],[-78.86421739150839,42.850499346085208],[-78.864455154999519,42.850536240316522],[-78.864532563801021,42.85054825187769],[-78.864598188717181,42.850658365451594],[-78.864679465303624,42.850794740730841],[-78.864693593393071,42.850822201150642],[-78.864779363536329,42.850988909905269],[-78.86486513414259,42.851155618595854],[-78.864950905211856,42.851322327222398],[-78.86503667674414,42.851489035785001],[-78.86505533306925,42.85152529674599],[-78.865115577075557,42.851657534909961],[-78.86519256769256,42.851826531728548],[-78.865269558730986,42.851995528495614],[-78.865339400088217,42.852148830734428],[-78.865342513523686,42.852165219251376],[-78.865376038817686,42.852341689300438],[-78.865409564303278,42.852518159339731],[-78.865419915793439,42.852572646871636],[-78.865469635750742,42.85269028937946],[-78.865530290342306,42.852833803714987],[-78.865553907217787,42.852855717742379],[-78.865704575940171,42.85299552231421],[-78.86580026140355,42.853084307830393],[-78.86588894741098,42.853085128152429],[-78.866131969055743,42.85308737568721],[-78.866374027747497,42.853089613805345],[-78.866374418284707,42.853090259158535],[-78.866463915946071,42.853238151478259],[-78.866484771287617,42.853232271863867],[-78.866711616667786,42.853168318465912],[-78.866938461578101,42.853104364620137],[-78.867165306018578,42.853040410326543],[-78.8673921499893,42.852976455585214],[-78.867618993490169,42.852912500396073],[-78.867845836521198,42.852848544759105],[-78.868072679082474,42.852784588674325],[-78.868299521173896,42.852720632141811],[-78.868526362795464,42.852656675161477],[-78.868753203947193,42.852592717733323],[-78.868980044629168,42.852528759857435],[-78.869110887828469,42.852491868269517],[-78.869206884832948,42.852464801517748],[-78.869433724555421,42.852400842708562],[-78.869660563808125,42.852336883451649],[-78.869887402590905,42.852272923746916],[-78.870114240903931,42.852208963594457],[-78.870341078747103,42.85214500299417],[-78.870567916120436,42.852081041946072],[-78.870794753024015,42.852017080450324],[-78.871021589457641,42.851953118506671],[-78.871248425421442,42.851889156115377],[-78.871475260915474,42.851825193276262],[-78.871702095939568,42.851761229989329],[-78.871873386084303,42.851712928948032],[-78.871899380440922,42.851752175806325],[-78.872005537528224,42.851912453561219],[-78.872111695166453,42.852072731217966],[-78.872217853355636,42.852233008776743],[-78.872324012095831,42.85239328623738],[-78.872430171387052,42.852553563599962],[-78.872459731109274,42.852598192164272],[-78.872297775049518,42.852647498239854],[-78.872073320114794,42.852715831032164],[-78.871848864683301,42.852784163385984],[-78.871624408755153,42.852852495301491],[-78.871399952330322,42.852920826778501],[-78.871175495408835,42.852989157817106],[-78.870951037990665,42.853057488417306],[-78.870817983876989,42.853097993226768],[-78.870726200141348,42.853125138117456],[-78.870500808741312,42.853191796845508],[-78.870275416854739,42.85325845513151],[-78.870050024481614,42.853325112975376],[-78.869824631621952,42.853391770377193],[-78.86959923827574,42.853458427336967],[-78.86937384444299,42.853525083854606],[-78.869148450123689,42.85359173993011],[-78.869144363234113,42.853592948544389],[-78.869232046408882,42.853755653902638],[-78.869321349304002,42.853921363872566],[-78.869410652678383,42.85408707377303],[-78.869499956532024,42.854252783604132],[-78.869504977163047,42.854262099723563],[-78.869719085410452,42.854201765436933],[-78.869945947284975,42.854137836698627],[-78.870172808689844,42.854073907512507],[-78.87039966962503,42.854009977878476],[-78.870626530090561,42.853946047796626],[-78.870853390086324,42.853882117266956],[-78.871080249612518,42.853818186289374],[-78.871307108668944,42.853754254863887],[-78.871533967255701,42.85369032299058],[-78.871760825372704,42.853626390669454],[-78.871987683020123,42.853562457900424],[-78.872214540197788,42.853498524683566],[-78.8724413969057,42.853434591018896],[-78.872668253144028,42.853370656906314],[-78.872895108912601,42.853306722345913],[-78.872963919303757,42.85328732945959],[-78.873041497263642,42.853397663727357],[-78.873152851957727,42.853556035745257],[-78.873264207222832,42.853714407655332],[-78.873375563059028,42.853872779457404],[-78.873486919466401,42.854031151151652],[-78.873598276444895,42.854189522737897],[-78.873709633994565,42.854347894216318],[-78.873820992115327,42.854506265586828],[-78.87393235080728,42.854664636849328],[-78.874043710070339,42.854823008004011],[-78.874155069904589,42.854981379050777],[-78.874266430310016,42.85513974998954],[-78.874377791286634,42.855298120820478],[-78.874489152834443,42.855456491543414],[-78.874600514953343,42.855614862158525],[-78.87471187764352,42.855773232665634],[-78.874823240904888,42.855931603064825],[-78.874934604737447,42.856089973356198],[-78.875045969141283,42.856248343539562],[-78.87515733411621,42.856406713615016],[-78.875268699662413,42.856565083582467],[-78.875314951188315,42.856630856371105],[-78.87530791042532,42.85673490440103],[-78.875300562358632,42.856843493373958],[-78.875332996593215,42.856908747646074],[-78.875416205613519,42.857076154779385],[-78.875499415084917,42.8572435618523],[-78.87558262500751,42.857410968864997],[-78.875665835381298,42.857578375817475],[-78.875749046206295,42.857745782709735],[-78.875832257482472,42.857913189541691],[-78.875915469209758,42.858080596313336],[-78.875998681388324,42.858248003024762],[-78.87602917563332,42.858309351269732],[-78.876075030052334,42.858417110040087],[-78.876147408744629,42.858587200562638],[-78.87619769418977,42.858705371193786],[-78.876188131356656,42.858759304691276],[-78.87615680320566,42.858935991910265],[-78.876143871999943,42.859008922146515],[-78.876065419011127,42.859096330176222],[-78.875931821315646,42.859245176729523],[-78.87583512924698,42.859352904698646],[-78.875774621216578,42.859374243198062],[-78.875555585285312,42.859451487069094],[-78.875336548806146,42.859528730522683],[-78.875117511778782,42.859605973558736],[-78.874898474203505,42.85968321617726],[-78.874679436080214,42.859760458378254],[-78.874669233589543,42.859764056197449],[-78.874442460769728,42.859799058344763],[-78.874204608891901,42.859835770009582],[-78.873966756731264,42.859872481181995],[-78.873933421660652,42.859877626223991],[-78.873837250414127,42.860013645917718],[-78.873759475224546,42.860123646672001],[-78.873764602520737,42.860177793137623],[-78.873781433871443,42.860355538814737],[-78.873795594774478,42.860505082719641],[-78.873820556510978,42.860526632255485],[-78.873959379285139,42.86064647796546],[-78.873985444614235,42.860655082624312],[-78.874207076438154,42.860728247152259],[-78.874428708787249,42.860801411252638],[-78.874455117811635,42.860810129220233],[-78.874547554085296,42.860923572033862],[-78.874542794143792,42.860948131116452],[-78.874508604505735,42.861124533154943],[-78.874492983499735,42.861205129671426],[-78.874616851189529,42.861238598209496],[-78.874670032180958,42.861252967441615],[-78.874797780412152,42.861196196321544],[-78.874805752813828,42.861169711067106],[-78.874858125412089,42.860995722566877],[-78.874905002762887,42.860839989132643],[-78.874902302727662,42.860821400028073],[-78.874880177459119,42.860669072354042],[-78.874885291057637,42.860644370364611],[-78.874920852262733,42.8604725861844],[-78.874925891497895,42.860470153870047],[-78.875128901299135,42.860372165708995],[-78.875331910455998,42.860274177189297],[-78.875534918968569,42.860176188310952],[-78.875725362913542,42.860084263534361],[-78.875739162656131,42.860079873590664],[-78.875962138289026,42.860008940757723],[-78.876081097871563,42.859971097185181],[-78.876194216286194,42.859976833333981],[-78.876436704904094,42.859989129368664],[-78.876475637755888,42.859991103515021],[-78.876679480839897,42.859997710802539],[-78.876834340706424,42.860002730125096],[-78.876887496520311,42.860054190386037],[-78.877034225640188,42.860196238598519],[-78.877110126515632,42.860269717777527],[-78.877149419565967,42.860350758834059],[-78.877230819809668,42.860518644336089],[-78.877312220496037,42.86068652978048],[-78.87739362162516,42.860854415167317],[-78.877475023196865,42.861022300496423],[-78.877556425211324,42.861190185767796],[-78.877637827668451,42.861358070981616],[-78.87771923056826,42.861525956137704],[-78.877800633910809,42.861693841236153],[-78.87788203769604,42.861861726276956],[-78.87796344192401,42.862029611260027],[-78.878044846594662,42.862197496185452],[-78.878126251708068,42.862365381053237],[-78.878207657264227,42.862533265863384],[-78.878234101572403,42.862587802443791],[-78.878324102036103,42.862688394975429],[-78.878457406045527,42.862837386673696],[-78.878590710698447,42.862986378217244],[-78.878724015994848,42.863135369606248],[-78.878857321934561,42.863284360840616],[-78.878990628517755,42.863433351920271],[-78.879123935744346,42.863582342845291],[-78.879257243614333,42.863731333615675],[-78.879390552127802,42.863880324231431],[-78.879523861284767,42.864029314692559],[-78.879657171085114,42.864178304998958],[-78.879790481528957,42.86432729515073],[-78.879923792616196,42.864476285147873],[-78.880057104347003,42.864625274990289],[-78.880190416721206,42.864774264678076],[-78.880323729738905,42.864923254211234],[-78.880457043400071,42.865072243589758],[-78.880590357704833,42.86522123281356],[-78.880723672652977,42.865370221882728],[-78.880856988244702,42.865519210797181],[-78.880990304479909,42.865668199557],[-78.881001896767742,42.865681154581431],[-78.881122067492669,42.865817928335531],[-78.881253683163564,42.865967727452905],[-78.881385299473237,42.866117526419472],[-78.881516916421688,42.866267325235221],[-78.881648534009003,42.866417123900341],[-78.881780152235009,42.866566922414641],[-78.881911771099894,42.866716720778221],[-78.882043390603457,42.866866518990989],[-78.882175010745883,42.867016317053036],[-78.882306631527172,42.867166114964263],[-78.882438252947168,42.86731591272477],[-78.882512037506871,42.867399886224391],[-78.882618479477657,42.867393288602209],[-78.882653311450341,42.867391129580625],[-78.882793341782559,42.867503996576552],[-78.882847751617419,42.867547851736148],[-78.882840141549025,42.867666618799618],[-78.882839014315792,42.867684211005447],[-78.882638108718467,42.867748225129581],[-78.882415165828903,42.867819260382817],[-78.882192222426227,42.867890295203416],[-78.881969278510454,42.867961329591566],[-78.881746334081498,42.868032363547087],[-78.881523389139517,42.868103397070151],[-78.881300443684353,42.868174430160579],[-78.881077497716092,42.868245462818471],[-78.880854551234719,42.868316495043814],[-78.880631604240165,42.868387526836528],[-78.880495768956351,42.868430804202134],[-78.880407626783494,42.868456752680785],[-78.880182042817324,42.868523162716038],[-78.879956458365768,42.86858957230853],[-78.879730873428812,42.868655981458176],[-78.87950528800647,42.868722390164884],[-78.879279702098643,42.868788798428838],[-78.879054115705529,42.868855206249862],[-78.878867645531031,42.868910098648485],[-78.878891371577936,42.86893563551213],[-78.879028200708092,42.869082907192407],[-78.879165030491237,42.869230178709877],[-78.87930186092737,42.869377450064277],[-78.879438692016407,42.869524721255871],[-78.879575523758433,42.869671992284488],[-78.879687305554611,42.869792301592518],[-78.879731566015593,42.869788875128961],[-78.879973327682634,42.869770158623993],[-78.880016056397423,42.869766850633575],[-78.880198365737584,42.86970632794263],[-78.880419813076543,42.869632811748161],[-78.880641259888009,42.869559295126926],[-78.880862706171982,42.86948577807901],[-78.881084151928476,42.869412260604328],[-78.881305597157379,42.869338742702872],[-78.881527041858803,42.869265224374644],[-78.881748486032649,42.869191705619649],[-78.881969929679087,42.869118186437888],[-78.882191372797863,42.869044666829438],[-78.88241281538923,42.868971146794223],[-78.882634257453034,42.868897626332327],[-78.882855698989346,42.868824105443572],[-78.883077139998164,42.868750584128136],[-78.883298580479405,42.86867706238602],[-78.883520020433068,42.868603540217045],[-78.883724787305141,42.868535553284694],[-78.883733955328196,42.868547164129957],[-78.883855722213653,42.868701375350284],[-78.883977489707618,42.868855586441647],[-78.884099257809879,42.869009797403962],[-78.884168110989037,42.869096994841676],[-78.884070680807071,42.869126925197648],[-78.883846474737012,42.869195800427519],[-78.883622268166548,42.869264675219881],[-78.883398061095676,42.869333549574812],[-78.883173853524497,42.869402423492311],[-78.88294964545301,42.8694712969723],[-78.882725436881131,42.869540170014766],[-78.882501227808845,42.869609042619807],[-78.882277018236252,42.869677914787331],[-78.882052808163252,42.869746786517432],[-78.881828597589944,42.869815657810101],[-78.88160438651623,42.86988452866516],[-78.881380174942223,42.869953399082796],[-78.881155962867894,42.870022269063007],[-78.880931750293158,42.870091138605694],[-78.880707537218029,42.870160007710872],[-78.880483323642594,42.870228876378526],[-78.880259109566836,42.870297744608756],[-78.880203379609043,42.870314862191485],[-78.880302301642089,42.870427421559711],[-78.880433944888523,42.870577212300411],[-78.880565588774004,42.870727002890298],[-78.880612574538006,42.870780465284632],[-78.880719844171082,42.870814973194584],[-78.880754766729979,42.870801935286053],[-78.880971390214199,42.870721061208577],[-78.881089548800574,42.870676947693511],[-78.881194430505147,42.870702451588507],[-78.881228848341365,42.870710820886295],[-78.881330370257487,42.870789481199139],[-78.881389480738619,42.87078962100064],[-78.881592748675942,42.870790101515027],[-78.881629525035507,42.870778869891396],[-78.881853931047317,42.870710335198631],[-78.882078336560696,42.870641800067723],[-78.8823027415757,42.870573264498503],[-78.882527146092357,42.870504728491056],[-78.882751550110754,42.870436192045382],[-78.882975953630691,42.870367655161481],[-78.883200356652281,42.870299117839352],[-78.883424759175426,42.870230580078911],[-78.883649161200296,42.870162041880327],[-78.883873562726819,42.870093503243517],[-78.884097963754883,42.870024964168479],[-78.884322364284685,42.869956424655214],[-78.884546764316042,42.869887884703722],[-78.884611656976617,42.869868064009033],[-78.884739147146504,42.869953558348463],[-78.884794236675717,42.869990501024049],[-78.884869456274089,42.870100955413598],[-78.884921064305004,42.87017673771394],[-78.884873528080263,42.8702634791645],[-78.88481196119001,42.870375822598966],[-78.884746628404883,42.870406943723488],[-78.884542790410123,42.870504041051085],[-78.884521231590867,42.870514310460322],[-78.884325785955369,42.870584080288012],[-78.88410722377715,42.870662101636505],[-78.883888661046385,42.87074012256933],[-78.883813090982841,42.870767098877984],[-78.883667928612539,42.870814741060094],[-78.883528859870424,42.870860383076931],[-78.883488850789576,42.870920067672685],[-78.883403202723329,42.87104783498701],[-78.883424823457332,42.871079959082394],[-78.883532369548661,42.871239750551076],[-78.883639916196785,42.87139954191921],[-78.883745845281922,42.871556929026646],[-78.883748409868957,42.87155884048164],[-78.883918864146764,42.871685884197809],[-78.884043579225022,42.871778836885404],[-78.88409836942904,42.871752884973226],[-78.88430255130001,42.871656171824803],[-78.884506732531136,42.871559458313648],[-78.884710913122319,42.871462744439675],[-78.884915093073673,42.871366030202964],[-78.885119272384998,42.87126931560335],[-78.885323451056564,42.871172600640996],[-78.885527629088116,42.87107588531574],[-78.885528118523624,42.87107565347852],[-78.885659222355329,42.871225191347101],[-78.885790641849468,42.871375088384816],[-78.88592206198193,42.871524985272337],[-78.886053482752729,42.871674882009494],[-78.886184904161951,42.87182477859637],[-78.88631632620951,42.871974675032966],[-78.886447748895392,42.872124571319198],[-78.886579172219797,42.872274467455142],[-78.886710596182439,42.872424363440722],[-78.886842020783604,42.872574259276021],[-78.886973446023092,42.872724154961041],[-78.887104871901002,42.872874050495781],[-78.887236298417335,42.873023945880064],[-78.887367725572105,42.873173841114159],[-78.887499153365283,42.873323736197882],[-78.887630581796884,42.873473631131233],[-78.887762010866908,42.873623525914311],[-78.887893440575368,42.873773420547103],[-78.888024870922322,42.873923315029529],[-78.888156301907713,42.87407320936159],[-78.888287733531513,42.874223103543365],[-78.888419165793835,42.874372997574774],[-78.888550598694579,42.874522891455818],[-78.888682032233831,42.874672785186576],[-78.888813466411591,42.87482267876706],[-78.888944901227774,42.87497257219708],[-78.889076336682564,42.875122465476828],[-78.889207772775777,42.875272358606203],[-78.889251888805887,42.875322669474293],[-78.889381057230821,42.875393741037506],[-78.889575484647651,42.875500719079753],[-78.889769912738615,42.875607696793111],[-78.889964341503699,42.875714674177395],[-78.890158770942833,42.875821651232783],[-78.890191858037767,42.875839856019262],[-78.890309103664833,42.875960180583974],[-78.890377303577395,42.876030171194529],[-78.890271827183824,42.876080377271514],[-78.890067930948462,42.876177430046575],[-78.889864034071749,42.876274482459969],[-78.889660136553672,42.876371534511428],[-78.889456238394246,42.876468586201135],[-78.889252339593469,42.87656563752909],[-78.889048440151257,42.876662688495195],[-78.888844540067765,42.876759739099462],[-78.888640639342938,42.876856789341879],[-78.888492879676207,42.876927117814262],[-78.888426626308615,42.876920088872652],[-78.888186000168986,42.876894560068159],[-78.888016797418331,42.876876608487315],[-78.888012581307933,42.876929404032765],[-78.888002299812626,42.877058151978844],[-78.888068992873571,42.877063853414967],[-78.888310490677455,42.87708449817314],[-78.888551988642902,42.877105142423801],[-78.888793486769828,42.877125786166964],[-78.889034985058487,42.877146429402529],[-78.88918502298057,42.877159254357849],[-78.889183964264348,42.8770917808476],[-78.889181984599375,42.876965613549835],[-78.889241773112275,42.87693761187446],[-78.889446641706897,42.876841662180581],[-78.889651509664432,42.876745712121391],[-78.889856376984866,42.876649761696989],[-78.889993750326369,42.876585421974369],[-78.890021912003448,42.876640373781029],[-78.890107393088499,42.876807172156767],[-78.890192874635673,42.876973970468903],[-78.89027835664497,42.877140768717361],[-78.890363839116475,42.877307566902317],[-78.890449322050003,42.877474365023588],[-78.890459536580295,42.877494296007114],[-78.890291152548244,42.877591179289936],[-78.890099916880231,42.877701210072289],[-78.889908680530368,42.877811240536403],[-78.889748169936297,42.877903591965755],[-78.88973196337345,42.877912916643936],[-78.889724207418993,42.877916776853603],[-78.889716692573899,42.877920517755236],[-78.889515569795648,42.878020636636066],[-78.88931444636475,42.878120755164822],[-78.889113322281148,42.87822087334159],[-78.888912197544897,42.878320991166376],[-78.888711072156028,42.878421108639088],[-78.888509946114425,42.878521225759727],[-78.888308819420189,42.878621342528383],[-78.888107692073334,42.878721458944959],[-78.887906564073745,42.878821575009468],[-78.887905897371496,42.878821906874578],[-78.88798090388822,42.878990769412844],[-78.888056160276804,42.879160193510707],[-78.888131417078668,42.879329617559272],[-78.888206674293798,42.879499041558546],[-78.888281931922279,42.879668465508615],[-78.888357189963941,42.879837889409302],[-78.888432448418968,42.880007313260698],[-78.888507707287346,42.880176737062882],[-78.888582966569004,42.880346160815691],[-78.888658226263914,42.880515584519287],[-78.888733486372203,42.880685008173508],[-78.888808746893829,42.880854431778516],[-78.88881907837866,42.880877689545166],[-78.888888568095041,42.881022725037134],[-78.888969115358833,42.881190838388022],[-78.889049663061556,42.881358951682508],[-78.889130211203224,42.881527064920412],[-78.889210759783836,42.881695178101921],[-78.889291308803465,42.881863291227035],[-78.889371858262038,42.882031404295567],[-78.889452408159542,42.882199517307697],[-78.889532958495991,42.882367630263346],[-78.889613509271456,42.882535743162499],[-78.889669271358059,42.882652120442494],[-78.889696776811874,42.88270311357283],[-78.889786155094171,42.882868813843579],[-78.889875533856596,42.883034514044787],[-78.889964913099192,42.883200214176533],[-78.89005429282183,42.883365914238652],[-78.890143673024539,42.883531614231309],[-78.890233053707476,42.883697314154517],[-78.890322434870484,42.883863014008085],[-78.890411816513733,42.884028713792205],[-78.890490729142599,42.884175004840543],[-78.890518908554029,42.884178039423794],[-78.890759487773067,42.884203946615031],[-78.890927778576497,42.884222068990276],[-78.890944821437657,42.884274129198246],[-78.890967884727601,42.884344579647099],[-78.890887777576197,42.884432513382059],[-78.890752775523993,42.884580704634658],[-78.890617772823248,42.88472889572872],[-78.890555785698567,42.884796938074523],[-78.89043723661193,42.884755215056238],[-78.890218045457644,42.884678070873996],[-78.889998854851527,42.884600926273691],[-78.889779664793693,42.884523781255226],[-78.889654689097327,42.88447979517094],[-78.889644250312813,42.884403594118005],[-78.889619964479024,42.884226311623365],[-78.889595678784772,42.884049029123574],[-78.889571393230057,42.883871746618631],[-78.889547107814948,42.883694464108537],[-78.889546847089107,42.883692560815369],[-78.889498638894167,42.883519876191173],[-78.889449907796688,42.883345317496293],[-78.889401176974999,42.883170758780636],[-78.889354482060142,42.883003491942389],[-78.889351290170978,42.882996426076005],[-78.889274880629628,42.882827278212737],[-78.889198471507399,42.882658130298658],[-78.889122062804034,42.882488982333783],[-78.889045654519705,42.882319834318096],[-78.888969246654341,42.882150686251521],[-78.888964948036161,42.882141170147975],[-78.888882302587021,42.881984304388034],[-78.888794730873045,42.881818087362291],[-78.888707159630968,42.881651870269756],[-78.888619588860777,42.881485653110524],[-78.888532018562302,42.881319435884585],[-78.888514345277954,42.881285890098169],[-78.888408495909573,42.881166688574403],[-78.888275883262835,42.881017346984997],[-78.888143271258173,42.880868005242469],[-78.888010659895485,42.880718663346912],[-78.887879858137524,42.880571358501612],[-78.887877700621047,42.88056951246886],[-78.887719538992187,42.880434184451715],[-78.887561378057256,42.880298856216875],[-78.887403217816001,42.880163527764338],[-78.887338954328669,42.880108541031305],[-78.887227208194361,42.880041580058631],[-78.887038982503427,42.879928790120971],[-78.886850757500639,42.879815999874943],[-78.886827315690184,42.8798019527664],[-78.886639882132982,42.879728018456966],[-78.886425785045276,42.879643565964592],[-78.886315791013701,42.879600177599599],[-78.886201788896358,42.879577223640247],[-78.885967333272291,42.879530016345996],[-78.885732878006948,42.879482808573279],[-78.885705714208271,42.879477339082996],[-78.885512090522127,42.879545782552732],[-78.885293093542458,42.879623194577434],[-78.885074096013284,42.879700606184784],[-78.88485509793459,42.879778017374775],[-78.884636099306377,42.879855428147323],[-78.884537459633151,42.879890294710734],[-78.884546430144781,42.879987995857554],[-78.88456275244971,42.880165767299651],[-78.884564408078589,42.880183799225563],[-78.884762956322746,42.880172076981232],[-78.884776809790978,42.880181916232864],[-78.884951405924795,42.880305920529651],[-78.88496160005603,42.880313160735511],[-78.885035113829403,42.880472047545709],[-78.885113186400659,42.880640786430973],[-78.885117819927558,42.880650800879799],[-78.884963034349781,42.880774189470699],[-78.884930309176454,42.880800276520731],[-78.884758100972661,42.880866990801586],[-78.88454314262377,42.880950266128487],[-78.88433579541352,42.881030592289761],[-78.884339716184428,42.881036209307815],[-78.884450441246429,42.881194836990268],[-78.884469640062392,42.88122234163319],[-78.884655276159194,42.881165881802509],[-78.884815760174959,42.881117071464161],[-78.884873717828043,42.88114503439018],[-78.885076801696869,42.881243016174025],[-78.885201622585697,42.881303238120296],[-78.885225098508769,42.881369711770617],[-78.885286015946889,42.881542202891559],[-78.885346933725714,42.881714693980257],[-78.885407851845059,42.88188718503654],[-78.88546877030511,42.88205967606067],[-78.88552968910578,42.882232167052386],[-78.885536538650797,42.882251561410328],[-78.885416269667758,42.882382869590479],[-78.885332191640998,42.882474664527905],[-78.885251217980425,42.882507100443725],[-78.885074736106503,42.882577794118461],[-78.885097753846225,42.88260355906624],[-78.885230932054952,42.882752631817802],[-78.8852337375356,42.882755772117292],[-78.885437210648448,42.882665256070631],[-78.8854679654373,42.88265157459228],[-78.885669378461415,42.882616010069576],[-78.885698441007037,42.882610878315532],[-78.885869594199903,42.88270410652602],[-78.885879568474365,42.882709539558974],[-78.886081056745866,42.882791916133606],[-78.886175533619564,42.882830541912625],[-78.886302878227752,42.882797769939046],[-78.886507795395161,42.88274503439618],[-78.886517755630024,42.882727460304395],[-78.886611014056967,42.882562912234562],[-78.886704271986432,42.882398364089049],[-78.886714109799755,42.882381005789007],[-78.886920389723556,42.88236446292904],[-78.88692802037167,42.882369191964244],[-78.887113677761491,42.88248425131767],[-78.887190046242807,42.882531579726148],[-78.887127739145186,42.882626005007168],[-78.887086321307137,42.882688772813943],[-78.886991594241934,42.882772105122903],[-78.886835970933816,42.882909007783311],[-78.886680346935066,42.883045910232866],[-78.886524722245582,42.883182812471745],[-78.886457888857237,42.883241605208561],[-78.886556789934701,42.883312895633409],[-78.88673013418699,42.883437845998841],[-78.886786069279722,42.883478165085222],[-78.886920263603557,42.883548129583687],[-78.887118389971661,42.883651425566832],[-78.887178194599585,42.88368260542002],[-78.887287124382993,42.883587198139097],[-78.887443150187721,42.883450540625262],[-78.887599175301261,42.8833138828995],[-78.887755199723614,42.883177224961912],[-78.887911223454708,42.883040566812497],[-78.887936561298616,42.883018373811012],[-78.888137144271425,42.882992487208021],[-78.888187201228234,42.882986026957816],[-78.88833370394255,42.883077336251546],[-78.888477154852012,42.883166743034231],[-78.88844195706919,42.88319755269297],[-78.888389507662509,42.883243463130285],[-78.888296173369227,42.883339991827853],[-78.888155601071517,42.883485374556557],[-78.888086310575687,42.883557035880983],[-78.888015027933406,42.883630757021024],[-78.887874453959796,42.883776139223656],[-78.887801100843319,42.883852000989059],[-78.887837682733732,42.883932875431398],[-78.887883877025672,42.884035000441095],[-78.887980183621977,42.884036604133208],[-78.88807196279042,42.884038132359642],[-78.888167831118011,42.884123956365144],[-78.888321846052861,42.884261834170758],[-78.888475861676127,42.884399711769873],[-78.888629877987839,42.884537589162491],[-78.888783894988052,42.884675466348781],[-78.88893791267661,42.884813343328567],[-78.889091931053684,42.884951220101946],[-78.889245950119275,42.885089096668821],[-78.889399969873296,42.885226973029283],[-78.889553990315747,42.88536484918324],[-78.8897080114467,42.885502725130792],[-78.889862033266084,42.885640600871923],[-78.890016055773998,42.885778476406557],[-78.890170078970414,42.885916351734693],[-78.89028957917597,42.886023322912649],[-78.890243875338712,42.886045083237128],[-78.890039971569735,42.886142164658693],[-78.889836067158868,42.886239245718421],[-78.889632162106295,42.886336326416298],[-78.889556718461535,42.886372245522303],[-78.889509766680234,42.886479094368958],[-78.889488705892276,42.886527022581824],[-78.889596785174334,42.886627359346321],[-78.889747439157048,42.886767220156898],[-78.88989809382285,42.886907080769944],[-78.890035760675616,42.887034883388921],[-78.890054042918266,42.887027365312093],[-78.890199971150693,42.886967356111377],[-78.890246749369865,42.887011088714694],[-78.890372076710818,42.887128255898382],[-78.890342368517935,42.887147884057924],[-78.890235224399817,42.88721867385248],[-78.890296544021282,42.887275530952486],[-78.890447312316468,42.887415326534978],[-78.89059808129511,42.88755512191949],[-78.89074885095701,42.887694917106295],[-78.890820096461709,42.88776097638425],[-78.890947167756707,42.887773770800266],[-78.891188081349156,42.887798027244941],[-78.89142899513098,42.887822283184512],[-78.891669909102319,42.887846538618973],[-78.891910823263117,42.887870793548323],[-78.89215173761346,42.887895047972485],[-78.892323101913632,42.887912300019032],[-78.89236732089384,42.887952251552043],[-78.892520491164888,42.888090639267112],[-78.892673662123201,42.888229026777985],[-78.892826833768879,42.888367414084755],[-78.892980006101737,42.888505801187243],[-78.893133179121961,42.888644188085628],[-78.893286352829463,42.888782574779732],[-78.893439527224317,42.888920961269733],[-78.893592702306449,42.889059347555452],[-78.893745878075933,42.889197733637069],[-78.893899054532696,42.889336119514404],[-78.894052231676824,42.889474505187636],[-78.894205409508317,42.889612890656586],[-78.894358588027075,42.889751275921341],[-78.894511767233283,42.889889660981908],[-78.894664947126756,42.890028045838285],[-78.894818127707595,42.890166430490375],[-78.894851423633085,42.890196510206252],[-78.894988372432579,42.89029334742991],[-78.895163356926503,42.890417079215176],[-78.895338342122614,42.890540810733981],[-78.895513328020741,42.890664541986339],[-78.895688314620884,42.890788272972152],[-78.895863301923214,42.890912003691511],[-78.896038289927574,42.891035734144417],[-78.896213278634036,42.891159464330777],[-78.8963882680425,42.891283194250597],[-78.896563258153179,42.891406923903965],[-78.896738248965946,42.891530653290879],[-78.896913240480828,42.891654382411254],[-78.897088232697726,42.891778111265083],[-78.897263225616811,42.891901839852459],[-78.897438219237998,42.892025568173288],[-78.897613213561385,42.892149296227672],[-78.897788208586789,42.892273024015417],[-78.897963204314394,42.892396751536801],[-78.8981382007441,42.892520478791553],[-78.898313197875993,42.892644205779852],[-78.898488195709987,42.892767932501521],[-78.898663194246183,42.892891658956735],[-78.898838193484494,42.893015385145411],[-78.899013193424892,42.893139111067626],[-78.899188194067577,42.893262836723217],[-78.899363195412377,42.893386562112347],[-78.899538197459364,42.893510287234854],[-78.899713200208538,42.893634012090899],[-78.899888203659827,42.893757736680321],[-78.900063207813403,42.893881461003282],[-78.900238212669066,42.894005185059704],[-78.900413218226944,42.894128908849495],[-78.900496103575307,42.894187506090333],[-78.900585764706619,42.894250893383436],[-78.900587067667558,42.894253208620327],[-78.900640250228051,42.894347708782782],[-78.900679769484896,42.894417930783881],[-78.900772471548606,42.894582652947882],[-78.900865174107565,42.894747375037007],[-78.900957877161687,42.894912097051346],[-78.901050580711157,42.895076818990901],[-78.901143284755776,42.895241540855672],[-78.901197598686281,42.895338048519754],[-78.901235989294221,42.895406262646098],[-78.901328694325869,42.895570984362365],[-78.90142139985285,42.895735706003762],[-78.901514105875009,42.895900427570368],[-78.901606812392487,42.896065149062196],[-78.901699519405227,42.896229870479232],[-78.901792226913287,42.89639459182149],[-78.9018630625756,42.896520450945232],[-78.901842417833862,42.896530893327302],[-78.901815843210926,42.896544333909816],[-78.901615696091511,42.896645561446306],[-78.90141554831493,42.896746788634182],[-78.901215399881281,42.89684801547336],[-78.901015250790479,42.896949241964016],[-78.900933667156224,42.896990503135115],[-78.901026928435641,42.89707095494424],[-78.901184362114975,42.897206764402945],[-78.901341796487799,42.897342573645993],[-78.901475515494951,42.897457924418305],[-78.901499231593817,42.897478382648615],[-78.901656667617232,42.89761419129632],[-78.901733728213983,42.897680665591722],[-78.901740720533681,42.897718671454093],[-78.901750314254798,42.897770813125248],[-78.90178280329043,42.897947389686358],[-78.901815292512239,42.898123966238224],[-78.901847781920026,42.898300542780945],[-78.901880271513974,42.898477119314521],[-78.901891031388388,42.898535597546996],[-78.901903032378272,42.898600817518464],[-78.90183059343623,42.898606378832099],[-78.901779296367152,42.898610317004554],[-78.901671535430623,42.898618591748644],[-78.901715849741066,42.898670254785422],[-78.901733220588397,42.898690506245046],[-78.901776332084467,42.898714315991128],[-78.901901363692375,42.89878336563109],[-78.901915739515843,42.898791304768352],[-78.90196286535614,42.898952637461242],[-78.901965346877702,42.898961132788088],[-78.901970178350609,42.898984635793049],[-78.901999806419937,42.899128728047891],[-78.902029666815963,42.89927394950444],[-78.901997454684519,42.89929453414625],[-78.901880935465002,42.89936899367946],[-78.901887985411307,42.899433692035196],[-78.901907338834889,42.899611300442466],[-78.901926692369841,42.899788908846453],[-78.901946046016434,42.899966517247236],[-78.901958005451831,42.90007626846495],[-78.901979915655176,42.900142422301492],[-78.901984440133475,42.900156083114865],[-78.901993191618701,42.900182511720658],[-78.902018516902174,42.900258975229512],[-78.902012429707511,42.900317043588615],[-78.901993806892662,42.900494693921544],[-78.901991175518702,42.900519795547389],[-78.901975183563295,42.900672344228632],[-78.901956560059588,42.900849994528883],[-78.901943469310737,42.90097486705853],[-78.901952362694814,42.901027397796781],[-78.901982297992618,42.90120421658537],[-78.902012233462088,42.901381035366228],[-78.90203650027847,42.901524370564161],[-78.902036671074825,42.901558110419607],[-78.90203757301299,42.901736282545102],[-78.902038474956399,42.901914454670603],[-78.902039376904966,42.902092626796097],[-78.902039861050667,42.902188265160525],[-78.902039887628518,42.902193662803747],[-78.902011878328921,42.902200595947228],[-78.901969042722399,42.902154842038122],[-78.901831476153944,42.902007902772837],[-78.901790470528027,42.901964103180795],[-78.901764399488926,42.901936256284714],[-78.90166497719693,42.901991312166615],[-78.901507665633503,42.902078424314595],[-78.901514398069011,42.902111779797153],[-78.901534173284958,42.902209754809434],[-78.901570900813439,42.902284174397614],[-78.901653595396269,42.902451734571436],[-78.901661923720525,42.902468609812288],[-78.901700932092695,42.902626270611812],[-78.901744309256785,42.902801587869412],[-78.901787686667603,42.90297690511067],[-78.901818564338328,42.903101701892027],[-78.901820080598966,42.903153033360702],[-78.901825342381528,42.903331165018038],[-78.901830604194558,42.903509296675104],[-78.901835646622629,42.903680000383076],[-78.901834997647001,42.903687414847049],[-78.901819434339828,42.903865223116583],[-78.901803870942942,42.90404303138407],[-78.901788307456172,42.904220839649334],[-78.901772743879704,42.904398647912558],[-78.901757180213437,42.904576456173743],[-78.901741616457471,42.904754264432704],[-78.901726052611608,42.904932072689618],[-78.901710488676045,42.905109880944408],[-78.901694924650599,42.90528768919706],[-78.901685063235007,42.905400348535188],[-78.901679068611543,42.905465483385413],[-78.901662707667654,42.90564325325419],[-78.901646346629263,42.905821023120573],[-78.901629985496641,42.905998792984647],[-78.901613624269601,42.906176562846412],[-78.901597262948229,42.906354332705781],[-78.901585748906157,42.906479435043067]]},"properties":{"FID":18,"retreatCat":0,"sedimentCat":0,"CalSedi":2,"CalRetreat":1}},{"type":"Feature","id":19,"geometry":{"type":"LineString","coordinates":[[-79.760691567982576,42.269566678590792],[-79.760547068224199,42.269596374301123],[-79.760459569653847,42.269614355481401],[-79.760295368211459,42.269648099091],[-79.76023141453301,42.269669811175483],[-79.760195308745139,42.26968206896138],[-79.760012567221537,42.269744106819253],[-79.759793719192857,42.269818401722283],[-79.759698936578303,42.269850578502904],[-79.75956871105096,42.26988084747272],[-79.759366446902774,42.269927860389217],[-79.759339727998622,42.269935759665202],[-79.759116132724955,42.270001863881525],[-79.759039188805986,42.270024611624592],[-79.758895324638829,42.270072811262473],[-79.758718536920753,42.270132041119581],[-79.758675836517639,42.270146064898967],[-79.758455757460169,42.270218343495493],[-79.758235677897943,42.270290621671208],[-79.758118654585303,42.270329054040403],[-79.758015597748823,42.27036289928914],[-79.75787974011692,42.270407516562749],[-79.757797935538349,42.27043890024791],[-79.757642582430989,42.270498500003534],[-79.757586686158049,42.270524177576398],[-79.757382117818352,42.270618151561791],[-79.757213682853262,42.270695526223584],[-79.757175312751144,42.270709101991294],[-79.756958083666831,42.270785959699403],[-79.756740854052708,42.270862816997614],[-79.756561379776556,42.270926315752668],[-79.756521811902601,42.27093640141333],[-79.756294155820612,42.270994429525956],[-79.756215218567888,42.271014550008303],[-79.756065282965011,42.271049735836421],[-79.755835764094968,42.271103597249173],[-79.755606244832705,42.27115745820425],[-79.755552534752155,42.271170062192233],[-79.755377885570894,42.271213934441271],[-79.755149880399273,42.271271209338892],[-79.755086659753928,42.27128709026622],[-79.754922442602137,42.27132970139791],[-79.754795348969637,42.27136267950376],[-79.754698234240664,42.27139430690881],[-79.754541302100407,42.271445414841629],[-79.754474321285201,42.27145864773312],[-79.754241684103945,42.271504607750515],[-79.754009046583406,42.271550567297702],[-79.75394351956129,42.271563512628731],[-79.753778145351845,42.271601010152217],[-79.753625169029036,42.271635696284498],[-79.753551665755623,42.271660506500069],[-79.753393391860115,42.271713929874323],[-79.753331934189518,42.271733344269393],[-79.753211058061837,42.271771528744175],[-79.753132427997599,42.271827766799454],[-79.753047167167026,42.271888747159153],[-79.752928220669574,42.271909502471644],[-79.752794534755949,42.271932829543736],[-79.752697305752875,42.271958942079515],[-79.752633370770582,42.271976112871862],[-79.752551612737619,42.272031915344101],[-79.752490133868065,42.272034024136353],[-79.752400014370778,42.272037115273747],[-79.752260121274119,42.272078326276713],[-79.752211745439496,42.272092577225663],[-79.752096428662838,42.272154790370969],[-79.752064775243653,42.272179495882824],[-79.751995852550067,42.272233289987817],[-79.751901767100591,42.272310612974678],[-79.751879715206059,42.272328736018544],[-79.751749310984493,42.272332185900432],[-79.751680636003769,42.272358513896485],[-79.751595586445973,42.272391119343183],[-79.751463914139592,42.272436057292452],[-79.751447595004123,42.272441626774309],[-79.751258926649044,42.27242206187119],[-79.751229219267699,42.272431455433647],[-79.751104457526495,42.272470905353515],[-79.751029777216019,42.272506762300615],[-79.751014189628805,42.272509712887235],[-79.75087357601933,42.272536329639678],[-79.750781784620855,42.272556225031238],[-79.750685269107933,42.272577144261852],[-79.750552165219673,42.272609775986908],[-79.75051078000655,42.272619921940048],[-79.750332181645206,42.272681776005655],[-79.750310939679864,42.272689132720267],[-79.750115114906478,42.272758892770447],[-79.750101258591897,42.272763828885346],[-79.750028622941869,42.272726700310287],[-79.749997606508799,42.272710845546825],[-79.749960646355731,42.272674475743656],[-79.749922745092178,42.272675660701481],[-79.749916038983628,42.272675870362214],[-79.74988721191329,42.27269925636255],[-79.749780560144728,42.272785776312332],[-79.749747570927681,42.272787145680773],[-79.74972140728282,42.272788231715765],[-79.749624786664029,42.272825592039133],[-79.749541651902021,42.272873736371302],[-79.74935892626749,42.272979554496054],[-79.749351003349076,42.272982315237996],[-79.749133157470851,42.273058223353523],[-79.749129982128551,42.273059329793],[-79.74904444563316,42.273064667543508],[-79.748899249763966,42.273096518305977],[-79.748786627758278,42.273121223383605],[-79.74866990616971,42.273091762777916],[-79.748607725285979,42.273076068222487],[-79.748451240931701,42.273134191818912],[-79.748414441131786,42.273147860466189],[-79.748219312525805,42.273179004289091],[-79.748163008992591,42.273187990640132],[-79.748008952091396,42.273261340604719],[-79.747986799465266,42.273271887938485],[-79.747822262941042,42.273373658520931],[-79.747637514643316,42.273487929995795],[-79.747614215094259,42.273502341303228],[-79.747555741419916,42.273538509500646],[-79.747428802199721,42.273570759557494],[-79.747425723738147,42.273571541666357],[-79.747307760920052,42.273579498558128],[-79.747243712472169,42.273593499231104],[-79.74720342852612,42.273618181841371],[-79.747194695108675,42.273623532939865],[-79.747163693876416,42.27365948152584],[-79.747150661656406,42.273692524324296],[-79.74711774347783,42.273725490746244],[-79.74710287529301,42.273725033034061],[-79.747047893608553,42.273723338128427],[-79.747020656281762,42.273722498480964],[-79.746962720085662,42.273706534345258],[-79.746910716944043,42.273706531749824],[-79.746909993301117,42.273707194512383],[-79.746874766246421,42.273739534274718],[-79.746868657850413,42.27376148529261],[-79.746870609834403,42.273764991968982],[-79.74687327940147,42.273769785696352],[-79.746888700220936,42.273797476764813],[-79.746885143815007,42.273800065206359],[-79.746873003178152,42.273808898813009],[-79.746828601207426,42.273855774296322],[-79.746728540218598,42.273865618635448],[-79.746635577993217,42.273874764493563],[-79.746572619335637,42.273888722225863],[-79.746522588401405,42.273932753017675],[-79.746522588102977,42.273935377782969],[-79.746522588051278,42.273935832053461],[-79.7465225620209,42.274001717304756],[-79.746518960643215,42.274006146407885],[-79.746500591010474,42.274028738549731],[-79.746467549157302,42.274048745293996],[-79.746452655388069,42.274048746010756],[-79.746401722306942,42.274048747706111],[-79.746291642374118,42.274048751293286],[-79.746286621278401,42.274049414419814],[-79.746162958093819,42.274065737052041],[-79.746117587100727,42.274071725654544],[-79.746097342014494,42.274087463844936],[-79.746075160681372,42.274104704461692],[-79.746067508905099,42.274109451913013],[-79.746022356901008,42.274137464362617],[-79.746023723874643,42.274185005907455],[-79.746024672766993,42.274218007089154],[-79.746025065497278,42.274231655283636],[-79.746011344068663,42.274232718116657],[-79.745878718770015,42.274242983827698],[-79.745857167560217,42.274244651795861],[-79.745848285818838,42.274245282846451],[-79.745847796903618,42.274245317583997],[-79.745659166971407,42.274258718443264],[-79.745609497467612,42.274266632090423],[-79.745452162448458,42.274291699506918],[-79.745408092421627,42.274316667632888],[-79.745405348725342,42.274334570619892],[-79.74540012208702,42.274368675109081],[-79.745408989760108,42.274407931135066],[-79.745404489272744,42.274412716830994],[-79.745393047248797,42.274424886021713],[-79.745377081352899,42.274425524973893],[-79.745293300661274,42.274461279559496],[-79.745283522586291,42.274465452483639],[-79.745280845093404,42.27446659598813],[-79.745273026040977,42.274465873047134],[-79.745161818069874,42.274455595700601],[-79.7451611174139,42.274455795464007],[-79.745156130700991,42.274457210845064],[-79.745062418803641,42.274483818069754],[-79.745034814427868,42.274491655645143],[-79.744910795080898,42.274541634495534],[-79.744853733536345,42.274571648925146],[-79.744686295134713,42.274659721363818],[-79.744677411439156,42.274685048637608],[-79.744661661540533,42.274729951294667],[-79.744582644142568,42.274753893758238],[-79.74448998620764,42.274756333177571],[-79.744485172617047,42.274756459903664],[-79.744324271389061,42.274778701449335],[-79.744266205744324,42.2748060264746],[-79.744265804230039,42.274808586216977],[-79.74425698093124,42.2748648366452],[-79.744244952804209,42.274880689387253],[-79.744195920060562,42.274897665792338],[-79.744114891175272,42.274917998279854],[-79.744065431862722,42.274930409015226],[-79.744055119731755,42.274934343279071],[-79.744040969941338,42.274935260762227],[-79.743978150709921,42.274939333047229],[-79.743878529278376,42.274942388033892],[-79.74387122773021,42.274942611939494],[-79.743868256447442,42.274967584870062],[-79.743870507556068,42.274988655257545],[-79.743895441291855,42.275031645307728],[-79.743895508077017,42.2750696382654],[-79.743866872758275,42.275105654028572],[-79.743864493737377,42.275108646214271],[-79.743823503054443,42.275124570545721],[-79.743751924137342,42.275131243196689],[-79.743644726338346,42.275147445789642],[-79.743636527782471,42.275148157063796],[-79.74353956253961,42.275156569337874],[-79.74350012462952,42.27524168403707],[-79.743484318433161,42.275252539744336],[-79.743351019551639,42.27534408927896],[-79.743294715157333,42.275356956045542],[-79.743064637455376,42.275409533414134],[-79.743057122390184,42.275411250747965],[-79.742842811446167,42.275478781749023],[-79.742621263587793,42.275548592585068],[-79.74257713820036,42.275562496645549],[-79.742557139445807,42.275568797458043],[-79.742435233035053,42.275609865392433],[-79.742421227393876,42.275609860210352],[-79.742398074786848,42.275609852333098],[-79.742226223826009,42.275609793718651],[-79.742157634979222,42.275604574130156],[-79.742082226474636,42.275598835519773],[-79.742070462276743,42.275599818684164],[-79.741979533254835,42.275601656670197],[-79.741918466157415,42.275592938703227],[-79.741900083165575,42.275590314332014],[-79.741804319297898,42.275634892433672],[-79.741792443327824,42.275705620370864],[-79.74178249599251,42.275711362693926],[-79.741676443914102,42.275772583522425],[-79.741579534368469,42.275802618731497],[-79.741578345427698,42.275802834802569],[-79.741502509628546,42.275816616721286],[-79.741428508900867,42.275846602287139],[-79.741372930475364,42.275887455301358],[-79.741364516247913,42.275893640186226],[-79.741364290306066,42.27590566509663],[-79.741362614644686,42.275995295346426],[-79.741281566946441,42.276026783962408],[-79.741246907158782,42.276040249940785],[-79.741168297617676,42.276130798353108],[-79.741112783134454,42.276137302822605],[-79.741091427111371,42.276139805037843],[-79.741011119789064,42.276149212790465],[-79.740969118776974,42.276210885226511],[-79.740949075961481,42.276240314438112],[-79.740932301541577,42.276264944584298],[-79.740765992553392,42.276351754649482],[-79.740683363770117,42.276394885093055],[-79.740633755381694,42.276423714654278],[-79.740568676551732,42.276453612788202],[-79.740520667169207,42.276475668934978],[-79.740382720308077,42.276522710701997],[-79.740350856646771,42.276527058511128],[-79.740184713063528,42.276549728715956],[-79.740180797485522,42.276548743674219],[-79.740113083310021,42.276549612574904],[-79.740051193744634,42.276550406699847],[-79.739891864911925,42.276519886500232],[-79.739877776483368,42.276517969738372],[-79.739747453618335,42.276500238937011],[-79.739648852962517,42.276486825706222],[-79.739640811701534,42.276486670109264],[-79.739494782579584,42.276483844374326],[-79.739491050576163,42.276484743590139],[-79.739400454211705,42.276480235291871],[-79.73931608818971,42.27647603696601],[-79.73925062877494,42.276484135119176],[-79.739161979404955,42.276495103494007],[-79.739130977062572,42.276498939322821],[-79.739003052266753,42.276571380362299],[-79.738964711058586,42.276593091990172],[-79.738933063906231,42.276611012927617],[-79.738823405320105,42.276670892341755],[-79.73877849358071,42.276705316450737],[-79.738719030056473,42.276750894178377],[-79.73861067574633,42.276803023955402],[-79.738586276512763,42.276809545025223],[-79.738477053852421,42.276838736378558],[-79.738370568758882,42.276886717095465],[-79.738363204373059,42.276890035379957],[-79.738314122718236,42.276879014883797],[-79.738233189676365,42.276902030551923],[-79.738144225247297,42.276924914406827],[-79.7381373399149,42.276926685481314],[-79.737996413198829,42.277038087240506],[-79.737973243469582,42.277048756465568],[-79.737859990261441,42.277100907321291],[-79.737758652091856,42.27712725414095],[-79.737531461947199,42.277186320698284],[-79.737374934685022,42.277227015476676],[-79.737359892571163,42.277227232579008],[-79.737300050372141,42.277228099592762],[-79.737170875519197,42.277229971014798],[-79.737059659777415,42.277223051851777],[-79.736895548773617,42.277212841670014],[-79.73688242113775,42.277213935250884],[-79.736819908772333,42.277219140963808],[-79.736810473900604,42.277219926649018],[-79.736716403951789,42.27724158789168],[-79.736623471531985,42.277278430206572],[-79.73659701812737,42.277283602484999],[-79.736475266581991,42.277307407758393],[-79.736428593958792,42.27732166160645],[-79.73636907939246,42.277339837401989],[-79.736338281957543,42.277349242946684],[-79.736332696090926,42.27736961801854],[-79.736306080735758,42.277466698659396],[-79.736263382190003,42.277478353657877],[-79.736142567672758,42.277511331089151],[-79.736050383053978,42.277558440279385],[-79.735987520293023,42.27759056501106],[-79.735826168469032,42.277613918240725],[-79.735734295824699,42.277627215303909],[-79.735626797341524,42.277697655698404],[-79.735623289599957,42.277698255520193],[-79.735398190582842,42.277736747074229],[-79.735389560501119,42.277740147113057],[-79.735201487169547,42.277814243105595],[-79.735174505967649,42.277818998337537],[-79.734994051799688,42.277850801832933],[-79.734951278240331,42.277876743583633],[-79.734890483027286,42.277913615229018],[-79.734776554326146,42.277911623515024],[-79.734728327513736,42.277910780527385],[-79.734674880140361,42.277909846262453],[-79.734528168773224,42.277981043951797],[-79.734517778981086,42.277985328740854],[-79.734418001871489,42.278026477115787],[-79.734307435550946,42.278072074299772],[-79.734189873767519,42.278120556200662],[-79.734115386782506,42.278151273872716],[-79.734098280024796,42.278160216422968],[-79.734039424259734,42.278190983209868],[-79.733901604890136,42.2782630290572],[-79.733704929428612,42.278365841685208],[-79.733508253325297,42.278468653977221],[-79.733451042397576,42.278498560822577],[-79.733304256689181,42.278563121748427],[-79.733097256716817,42.278654166239932],[-79.732890256146362,42.278745210359197],[-79.732683254977715,42.278836254106224],[-79.732514686315298,42.278910393907459],[-79.732474157923733,42.278924363935438],[-79.732255870316365,42.278999606736846],[-79.732056098444602,42.279068466723452],[-79.732041051883101,42.279078688433593],[-79.731925960208414,42.279156874477898],[-79.731845768105586,42.279176740618546],[-79.731723222112777,42.2792070990361],[-79.731618338591346,42.2792352736924],[-79.731534555324359,42.279257780141727],[-79.731393651368833,42.27929932671271],[-79.731169945550434,42.279365287557049],[-79.730946239263687,42.27943124796672],[-79.730881066009076,42.279450464371095],[-79.730725353623782,42.279502138882613],[-79.730553734092297,42.279559091977028],[-79.730503410882434,42.279570730047801],[-79.730349233449488,42.279606385953855],[-79.73029493756907,42.279618942665081],[-79.73027707992739,42.279628943586594],[-79.730251008827537,42.279643544329254],[-79.730118964397391,42.279717495850868],[-79.730081021477829,42.279731679836942],[-79.729866081457644,42.279812029286795],[-79.729651140889274,42.279892378335362],[-79.729474412724016,42.279958442375381],[-79.729433882207388,42.279968647902827],[-79.729278937048818,42.280007662715008],[-79.72920590470811,42.280026051985381],[-79.729007234153798,42.280076076199308],[-79.728979441219877,42.280086165391985],[-79.728763243374217,42.280164647652768],[-79.728586767677399,42.280228709878777],[-79.728550043983532,42.280246969761187],[-79.728350167623447,42.280346352587507]]},"properties":{"FID":19,"retreatCat":0.10000000000000001,"sedimentCat":0,"CalSedi":2,"CalRetreat":2}},{"type":"Feature","id":20,"geometry":{"type":"LineString","coordinates":[[-79.717528208056663,42.284455044434878],[-79.717476207427708,42.284438630335913],[-79.717394692698079,42.284435383371878],[-79.717390297039742,42.284436504504313],[-79.71733010823354,42.284477063206573],[-79.717329586128159,42.284479455068038],[-79.717327459996795,42.284489189126489],[-79.717318591128048,42.284529793399052],[-79.717253643662332,42.284536097647468],[-79.717134116946781,42.284541322374963],[-79.71707163379817,42.284544053575914],[-79.716944624528935,42.284574046853287],[-79.716922375809446,42.28460291733645],[-79.716874194462719,42.284665438526538],[-79.716733109393672,42.284685061120754],[-79.716718577489189,42.284687082257172],[-79.716607064198229,42.284795741559527],[-79.716568454740468,42.284807277354155],[-79.71641982934598,42.284851683723758],[-79.716378996127489,42.284859203180993],[-79.716341665708825,42.284866076667484],[-79.716138751864435,42.284903438066351],[-79.71611239549712,42.2849165128127],[-79.715979331403503,42.284982522465825],[-79.715933941881318,42.285031821493881],[-79.71590753766607,42.285060499922317],[-79.715870988394371,42.285100197761906],[-79.715754408913725,42.285141073976234],[-79.715673333673593,42.285169501252767],[-79.715667028999931,42.285171338903595],[-79.715532738875567,42.285210490557247],[-79.715522272473606,42.285213541978855],[-79.715402771727597,42.285238690518725],[-79.715342218649226,42.285251433370036],[-79.715299850028259,42.285250398010504],[-79.715225156559242,42.285248572692474],[-79.715141340467753,42.285246524438818],[-79.715059349928154,42.285251283042108],[-79.715053064759672,42.28525164782107],[-79.715059838393771,42.285284880404774],[-79.71507108218367,42.285340045218383],[-79.715045702256631,42.285422035335124],[-79.715038515370523,42.285445252605363],[-79.714934152165768,42.285449220227591],[-79.714913681322258,42.285449999332108],[-79.714838508027469,42.285477135558082],[-79.714816842025243,42.285484956587155],[-79.714731509827573,42.285528020874047],[-79.714668688021234,42.285597896333151],[-79.714657525020939,42.285610312698957],[-79.714609608015024,42.28570207145706],[-79.714531618032552,42.285731773197412],[-79.714528153248892,42.28573309272528],[-79.714373494073016,42.285779459597578],[-79.714329754213026,42.285819954838956],[-79.714320984188404,42.285828074295708],[-79.714331368422052,42.285945561988704],[-79.714308106801781,42.285992551408619],[-79.714277128461802,42.28605512880042],[-79.714266299390829,42.28607700307996],[-79.714179061811265,42.286135556517351],[-79.714177965847938,42.286136292110982],[-79.714117239512959,42.28617705064584],[-79.714032248673178,42.286220975332839],[-79.713986989442049,42.286244316869187],[-79.713961248917229,42.286257592010436],[-79.71381908166903,42.286257380335847],[-79.713754453527528,42.286271261409297],[-79.713680103620405,42.286287230507426],[-79.713543915936086,42.286322401696054],[-79.713528087096066,42.286330408170116],[-79.713410880010514,42.286389693209664],[-79.713312846937654,42.286394958229458],[-79.713312360900218,42.28639517491915],[-79.713222505992803,42.286435234800514],[-79.713105782690036,42.286486773247006],[-79.713078008450339,42.286499036759523],[-79.712984861237729,42.286553549340368],[-79.712918767755298,42.286598445219028],[-79.712902257214807,42.286609660457543],[-79.712818863245928,42.286696828874028],[-79.712792658820717,42.286732738899026],[-79.712781736807827,42.286744160792594],[-79.712729564087098,42.286798721292001],[-79.712623639710273,42.286838081315508],[-79.712611144903931,42.286859850192961],[-79.712581798521725,42.286910978395525],[-79.712513061780001,42.286959388338509],[-79.712446222876437,42.286976786595034],[-79.712385645059271,42.28699255504052],[-79.712239792492355,42.287000962966253],[-79.712214287114463,42.287013107826212],[-79.712189184758003,42.287025060770006],[-79.712157827946186,42.287039990342691],[-79.712127779460531,42.287064090096798],[-79.712037179786009,42.287132422751178],[-79.712020992620623,42.287144631513357],[-79.711893574046357,42.287177797686986],[-79.711816434864915,42.2871997574712],[-79.711728658302633,42.287224745396259],[-79.711582946152731,42.287237909979993],[-79.711461341475996,42.287248896392398],[-79.711347835404609,42.287273656960927],[-79.711116823063705,42.28732405030793],[-79.711044110355147,42.287339911844725],[-79.710964055305709,42.287357376289464],[-79.710959309990727,42.287363996050381],[-79.710925839587205,42.287410692114996],[-79.710910954212949,42.287431459344354],[-79.710762941712289,42.287461327297351],[-79.710733033528982,42.287467362570077],[-79.710708476312632,42.287468953065279],[-79.710468547041245,42.28748449226552],[-79.710228617651467,42.287500030965624],[-79.710176008053281,42.287503438086695],[-79.710116398491465,42.287512086043179],[-79.710052094058653,42.287521414811785],[-79.709996606012766,42.287541479515816],[-79.709984511057158,42.287545853095892],[-79.709947013116761,42.287559412724335],[-79.709769161418237,42.287598791640903],[-79.709596181403299,42.287637091585985],[-79.709542325292261,42.287657132933148],[-79.709491176175845,42.287676166897597],[-79.709403165202318,42.287725163999347],[-79.709401030377919,42.287726957656126],[-79.709354628165798,42.28776593981798],[-79.70928457395155,42.28782479172844],[-79.709195456717239,42.287899657687468],[-79.709147239428319,42.287940164155515],[-79.70913224646057,42.287942541399872],[-79.709101796227827,42.287947369764161],[-79.709078213749109,42.287951109756207],[-79.709067282687101,42.287950964985527],[-79.709022030316092,42.287950366681983],[-79.708980933380104,42.287949823473838],[-79.708929164241084,42.287949139182373],[-79.708927848058892,42.287949991182444],[-79.708895286257643,42.287971065440871],[-79.70882413303211,42.288017114695144],[-79.708816046672084,42.288019497033119],[-79.708778128665131,42.288030670324297],[-79.708766233091794,42.288034175586958],[-79.708756918176292,42.288032865240638],[-79.708709252094195,42.28802616395604],[-79.708617056612454,42.287920463493791],[-79.708517391176457,42.287909710299189],[-79.708475332077683,42.287916302659447],[-79.708434941571269,42.287922631950053],[-79.708383045058142,42.287937893821905],[-79.708350178682124,42.287947559241836],[-79.708304955566376,42.287988260769765],[-79.708192158484664,42.288042131832128],[-79.708182831109525,42.288046586509381],[-79.708138831155267,42.2880382158787],[-79.708096989798392,42.288058825449284],[-79.707998833869937,42.288107178234085],[-79.707984473305288,42.288112596932017],[-79.707940699030956,42.288129114341771],[-79.70787180249981,42.288145094232867],[-79.707861280227334,42.288144483483904],[-79.707852348011471,42.288143965176999],[-79.707752661855793,42.288138183819825],[-79.707595716027015,42.288129081477216],[-79.707513041156503,42.288120840075699],[-79.707485769155412,42.288118121466894],[-79.707477316231888,42.288119531378015],[-79.707471316906407,42.288123228307263],[-79.707377650798733,42.288180946490122],[-79.707302700304567,42.28818046715044],[-79.707218852061203,42.288179930848152],[-79.707128014281508,42.288261784280806],[-79.707119232447127,42.288269697636288]]},"properties":{"FID":20,"retreatCat":0.10000000000000001,"sedimentCat":0,"CalSedi":2,"CalRetreat":2}},{"type":"Feature","id":21,"geometry":{"type":"LineString","coordinates":[[-79.686993541177429,42.29680910681153],[-79.686956685398826,42.296797161086324],[-79.686909671197853,42.296791163821773],[-79.686900700085729,42.296792714949973],[-79.68683459793256,42.296804142106353],[-79.686834461421753,42.296804241552849],[-79.686780380314246,42.296843365528815],[-79.686689901554118,42.29690882054711],[-79.686641713214584,42.296942476486478],[-79.686606779518115,42.296966876586374],[-79.686573916915165,42.296989830064959],[-79.686478826118673,42.297028837523115],[-79.686394229223055,42.297043695307003],[-79.686256877783677,42.297067818243278],[-79.686178574418733,42.297071472148808],[-79.686157362145906,42.29707246083332],[-79.686157278528086,42.297072464730647],[-79.686055564298769,42.297129931372318],[-79.686035043329142,42.297141767796511],[-79.686006200900422,42.297158406313741],[-79.685992031386419,42.297164088420885],[-79.685962061744632,42.297176105477213],[-79.685847033886105,42.297222228577752],[-79.685812616856609,42.297291576498225],[-79.685809112988125,42.297298636833204],[-79.685805322949534,42.297306273802398],[-79.685722304813083,42.29736738396457],[-79.685685449389297,42.297385456188913],[-79.685628320019347,42.297413470847857],[-79.685599057748163,42.297427820233629],[-79.685543556029742,42.297463088226422],[-79.685480338849544,42.297549308134791],[-79.685475228596431,42.297556277835248],[-79.685469283384734,42.297564384562008],[-79.685444447248031,42.297574755253869],[-79.685366241422926,42.297607408133999],[-79.685300204215764,42.297616295836399],[-79.685268475086929,42.297620566677409],[-79.685240284120212,42.29762436126277],[-79.685235785155271,42.29762346818427],[-79.685099223568258,42.297596374146146],[-79.685055534618286,42.297559601292939],[-79.685014838310636,42.297525347283887],[-79.684913547189268,42.297496498877024],[-79.684852884625855,42.297523348229539],[-79.684844036160342,42.297527264570661],[-79.684792239277115,42.297571398777791],[-79.684764247635925,42.297586923241376],[-79.684729738849342,42.297606064681894],[-79.684670984015014,42.297638653227359],[-79.684478263540413,42.297745545770439],[-79.68438201322239,42.297798930818558],[-79.684282773450605,42.297849591848326],[-79.684084520082308,42.297950797947209],[-79.68400600466849,42.297990878992266],[-79.683869790138345,42.298028682658774],[-79.683868996640641,42.29802890287791],[-79.683752079119728,42.298158971337912],[-79.683743753741567,42.298168231593493],[-79.683733429854399,42.298175042858823],[-79.683723236142029,42.298181768237832],[-79.683658780598648,42.298224291231406],[-79.683586731512747,42.298259187685488],[-79.683540939495458,42.298281367851459],[-79.683528834378194,42.298287231171507],[-79.683452192567159,42.29831355933711],[-79.683362797466685,42.298344264616851],[-79.683319671054903,42.298347520224723],[-79.683168997880088,42.298358894396017],[-79.683121716917469,42.298375663126158],[-79.683088357393174,42.298387496275637],[-79.68304503904595,42.298402861955658],[-79.683011279550215,42.298415079587272],[-79.682962013550224,42.298432909836016],[-79.682900059986437,42.298463635185925],[-79.682878490834284,42.29847413847412],[-79.682800869734251,42.298511936688456],[-79.682654267481865,42.298526707645806],[-79.682631193548701,42.2985290324498],[-79.68251272772595,42.298586250505693],[-79.682495273993624,42.298594679867968],[-79.682443966781278,42.298609881800743],[-79.682372999950118,42.298630908677872],[-79.682274446866018,42.298675998549797],[-79.682269758213437,42.298674590400999],[-79.682229459906793,42.298662481674093],[-79.682146935025202,42.298637684760948],[-79.682039106009611,42.298716729151003],[-79.682024260285147,42.298727611831268],[-79.681816999144715,42.298752710056547],[-79.681808526470604,42.298756593953748],[-79.681628533285533,42.298839103067778],[-79.681604821551801,42.298851621302319],[-79.681484981818642,42.29891488864213],[-79.681393699668092,42.298930384134664],[-79.681387064483332,42.298931510479456],[-79.681320059516338,42.298942883684148],[-79.681307923662146,42.298942883752268],[-79.681175007564818,42.298942874378525],[-79.68115949816324,42.298933204544788],[-79.681054746549449,42.298867893659825],[-79.680975754424338,42.298817986323606],[-79.680948747233728,42.29880092311187],[-79.680873437511266,42.298707555419718],[-79.680825828591352,42.298682563932346],[-79.680770268554241,42.298653398592251],[-79.68068001053328,42.298634861827502],[-79.680601465573673,42.298641695416308],[-79.680595238951881,42.298642237144129],[-79.68053335884693,42.298685932936976],[-79.680521928937637,42.298689989220996],[-79.680450260252613,42.298715423313965],[-79.68039872178268,42.298733256724176],[-79.680317551313834,42.298761343370877],[-79.68022969143145,42.298828917715042],[-79.680212692079039,42.298841992347086],[-79.680161520472353,42.298881349676392],[-79.680061207275756,42.298980165083627],[-79.679916566884089,42.299122645131028],[-79.679817426863806,42.299220303921594],[-79.679766540156422,42.29926183630171],[-79.679604778127228,42.299393861663731],[-79.679469847148226,42.299503987722311],[-79.679439634798172,42.299523328651262],[-79.679378189124122,42.299562664040963],[-79.679357048582361,42.299569661577557],[-79.67926417462192,42.299600404117001],[-79.679256598215574,42.299625463409598],[-79.679243693378467,42.299668146670967],[-79.679231419865232,42.299708748661182],[-79.679156792226863,42.299783387470008],[-79.67901355732549,42.29992664317988],[-79.679011806711884,42.299928394042709],[-79.678854153724245,42.300060218754481],[-79.678694549396539,42.300193674336178],[-79.678534944392297,42.300327129696541],[-79.678527275572677,42.300333542038928],[-79.678356316733499,42.300446590000057],[-79.678320271194863,42.3004704253295],[-79.678176728957737,42.300565344208302],[-79.678138087100564,42.300590896480777],[-79.678041136320971,42.300710947183752],[-79.678004018411784,42.300756908828021],[-79.677908712204328,42.300859697146237],[-79.677831248440924,42.30094324197578],[-79.677787431776764,42.301012946923812],[-79.677756585455001,42.301062018134552],[-79.677734341090598,42.301097403355527],[-79.677711395642305,42.301110446222047],[-79.677643183255896,42.301149222353423],[-79.677591059853327,42.30117885245366],[-79.677514012336601,42.301220897052843],[-79.677446336659713,42.30124330486791],[-79.677441076345218,42.301243183796139],[-79.677293585458429,42.301239789035932],[-79.677204922383766,42.301261361540071],[-79.677105509971696,42.301285549353423],[-79.676997776597915,42.30134723802297],[-79.676911068080571,42.301396887593292],[-79.676813799152725,42.301409150895665],[-79.67680027961444,42.301431067768249],[-79.676767082214226,42.301484884859214],[-79.67665472020839,42.301570086795032],[-79.676650995411308,42.301572911230828],[-79.676569952783936,42.301616130366298],[-79.676531056139098,42.3016368740901],[-79.676447428431146,42.301656410278056],[-79.676411007075785,42.301664918612808],[-79.676328002526688,42.301676273966173],[-79.676272090605636,42.301683921978352],[-79.676263605529613,42.30168354820303],[-79.676210765502688,42.301681220867017],[-79.676164293381959,42.301679173984802],[-79.676113054026359,42.30167691730427],[-79.67607766749461,42.301667182886909],[-79.676011032775264,42.301648852175823],[-79.675985477344696,42.301632078864642],[-79.675941042779684,42.301602914195563],[-79.675920075655469,42.30157826931174],[-79.675884042773987,42.301535917731449],[-79.67582736215175,42.301510114111231],[-79.675820625634898,42.301507047064796],[-79.675807098288274,42.30150088824174],[-79.675697054737029,42.301493860943978],[-79.675691575237423,42.301495186168616],[-79.675588163837091,42.301520191642396],[-79.675581010466033,42.301521921364632],[-79.675417086777898,42.301597856475986],[-79.675389338159391,42.301619116899808],[-79.675222026472298,42.301747307245698],[-79.675058104348068,42.301872899844867],[-79.675054310447862,42.301875171563054],[-79.674906091082633,42.301963922384857],[-79.674859481573662,42.301977706793942],[-79.674727001672579,42.302016886584994],[-79.674632749649859,42.302037336875344],[-79.674607534154205,42.302042807980868],[-79.674501040914919,42.302065912991218],[-79.674397792752714,42.302072605195875],[-79.674223059975404,42.302083930582903],[-79.674217162132123,42.302083929974415],[-79.674157559590284,42.302083919636637],[-79.674059256674965,42.302083902519129],[-79.673916656735116,42.302083878040847],[-79.673828030136079,42.302083862738421],[-79.673814357416319,42.302084515843276],[-79.67369269524238,42.302062071449377],[-79.673679579828828,42.302063074066837],[-79.673439953571588,42.302081392203533],[-79.673427070721786,42.302082377013633],[-79.673371489441053,42.302094891090249],[-79.673303001939956,42.302110310649837],[-79.673221154865772,42.302150524889775],[-79.673199914548803,42.302160960959029],[-79.67313811977958,42.30219132390301],[-79.673034813522619,42.302262531506202],[-79.672981997528197,42.302298936757367],[-79.672842237883174,42.302368825356723],[-79.672805509105117,42.302387191998442],[-79.672701066843786,42.302453920579588],[-79.672669513739748,42.302490400503913],[-79.672637052629241,42.302527930160984],[-79.672599367845947,42.302636877803181],[-79.672592274797395,42.302657382488334],[-79.672591363208724,42.302660017720719],[-79.672449767817582,42.302800789741603],[-79.672441909697554,42.302808602143443],[-79.67238140740433,42.302970985780021],[-79.672377449578534,42.302981608258563],[-79.672245904230763,42.303117532377193],[-79.672105687131761,42.30326241609324],[-79.671973537497507,42.303398963081619],[-79.671965469390884,42.303407299640263],[-79.671869080927976,42.303506895044542],[-79.671820292623565,42.303549319109429],[-79.671664210821504,42.303685040140643],[-79.67163330019838,42.303711918398392],[-79.671541174870569,42.303794374283356],[-79.67150928615392,42.303821472017724],[-79.671431010164312,42.303887987633587],[-79.67135706806414,42.303959458712598],[-79.671210672582632,42.304100961283325],[-79.671064276443062,42.304242463667975],[-79.671035783899185,42.304270003662616],[-79.670917879672004,42.3043839658813],[-79.670771482249194,42.304525467912192],[-79.670734723592091,42.304560997265256],[-79.670625698054877,42.304667315618843],[-79.670480119021249,42.304809279098123],[-79.670390536831576,42.304896636043267],[-79.670326902909451,42.304946457392717],[-79.67016146970596,42.305075980628139],[-79.670059914772878,42.305155491029069],[-79.66998695740206,42.305198173451025],[-79.669946107772518,42.305222071760312],[-79.6699100798985,42.305231031739289],[-79.669822022140252,42.30525292866259],[-79.669791991958448,42.30528955495943],[-79.669790097358415,42.305291865705691],[-79.669778307673013,42.305333085982745],[-79.669762061800625,42.305389886746838],[-79.669743686673783,42.305409901645021],[-79.669728054604732,42.305426929466307],[-79.669690058024273,42.305437930101199],[-79.669689619570818,42.305437872048884],[-79.669680628387908,42.305436681595104],[-79.66953105729489,42.30541687130809],[-79.669512691078154,42.305416879632986],[-79.669463989084875,42.30541690611971],[-79.669462148148313,42.305417551966642],[-79.669452454716037,42.305420946185947],[-79.669446659750378,42.305422975330892],[-79.669404047732286,42.305437900779587],[-79.669413479724,42.305471389005383],[-79.669415315153856,42.305477901491486],[-79.66938347400334,42.305509659541812],[-79.669376546253233,42.305510019556586],[-79.669317520566054,42.305513095843722],[-79.669309014467032,42.305518935619936],[-79.669308154731013,42.305519188365231],[-79.669224021947514,42.305543921690038],[-79.669080091579531,42.305560870635752],[-79.669075456385528,42.305560784138102],[-79.669071066188707,42.305560702212254],[-79.669044315181253,42.305560203761729],[-79.668918064081012,42.305557849241417],[-79.668836588421016,42.305544422582969],[-79.66872405572461,42.305525877822838],[-79.668599447866796,42.305514087793888],[-79.668519659260227,42.305506538357434],[-79.668503846929767,42.305507230886136],[-79.668421882435638,42.305502616472396],[-79.668414048161253,42.305520672288701],[-79.668402806529002,42.305546583579414]]},"properties":{"FID":21,"retreatCat":0.10000000000000001,"sedimentCat":0,"CalSedi":2,"CalRetreat":2}},{"type":"Feature","id":22,"geometry":{"type":"LineString","coordinates":[[-79.60680831718237,42.338217195445218],[-79.606658308652854,42.338356660837256],[-79.606638845166117,42.338374756300603],[-79.606515876023167,42.338500375152812],[-79.60649690636204,42.338519753511285],[-79.606353789706802,42.338632016819894],[-79.606199879257076,42.338752746331345],[-79.60618954261291,42.338762367791418],[-79.606039641430598,42.338901896996852],[-79.606011833981199,42.338927780300978],[-79.605902585762806,42.339048358521183],[-79.605768455231768,42.339196398794734],[-79.605671972546375,42.339302886499254],[-79.605631567763837,42.339342999558532],[-79.605528960022681,42.339444866176159],[-79.605479022632906,42.339480308212309],[-79.605395015308702,42.33953993054525],[-79.605292131231792,42.33959186185357],[-79.605093069262935,42.339692338981521],[-79.604894006657872,42.339792815765122],[-79.604694943416689,42.33989329220438],[-79.60466001190602,42.339910923687412],[-79.604507063302464,42.340004735791005],[-79.604462584116973,42.340032017322088],[-79.604398144636562,42.340060599424369],[-79.604294581000318,42.340083500470762],[-79.604285162709104,42.34008558313387],[-79.604106114163415,42.340096569260638],[-79.604105980374001,42.340096550645306],[-79.604055464899972,42.340089464218394],[-79.603899139346311,42.340067534359576],[-79.603831307283414,42.340033567405079],[-79.60373776687608,42.339986726852842],[-79.603613338000258,42.339964335459129],[-79.603598188504378,42.339961609246274],[-79.603453195956092,42.33999222114258],[-79.603379753540835,42.339982275590465],[-79.603266719931966,42.339966968511924],[-79.603142308833739,42.339982321324634],[-79.603123516771873,42.339984640325717],[-79.602909742904643,42.340028884722038],[-79.602820772036466,42.340047298728628],[-79.602678525997604,42.34007921575445],[-79.602447870463379,42.340130969572925],[-79.602217214549455,42.340182722929192],[-79.602140759825474,42.340199877315726],[-79.602025816863659,42.34022861785536],[-79.601988108127799,42.340238046607986],[-79.601852818441856,42.340271874532803],[-79.601763390103343,42.340301911750579],[-79.601581799237437,42.340362904244301],[-79.601545971783821,42.340378515913685],[-79.601338319099881,42.340468999366145],[-79.601278821829922,42.340494924839383],[-79.601142422814547,42.340572355497358],[-79.601104855746698,42.340593681416252],[-79.600943264177062,42.340672605344359],[-79.600807221118814,42.340739050637978],[-79.600745136707076,42.340773940426459],[-79.600553247836331,42.340881776412466],[-79.600361358307438,42.340989612078552],[-79.600223757197114,42.341066938996669],[-79.600171565282849,42.341099385357907],[-79.600071917106746,42.341161333889282],[-79.600003180495932,42.34122560946863],[-79.599947866700347,42.341277333253174],[-79.59983367793923,42.341351323567046],[-79.599712228115976,42.341430018479059],[-79.599659323599028,42.341473923382679],[-79.599498998461499,42.341606975009462],[-79.599338672645416,42.341740026412872],[-79.599178346150751,42.341873077592901],[-79.599018018977617,42.342006128549642],[-79.598899463865664,42.34210451355618],[-79.598860107904869,42.34214069131324],[-79.598762419783014,42.342230490360279],[-79.598713431324825,42.342281978945586],[-79.598574764906928,42.342427721637371],[-79.598436097846076,42.342573464162086],[-79.598297430142352,42.342719206519732]]},"properties":{"FID":22,"retreatCat":0.10000000000000001,"sedimentCat":-1,"CalSedi":1,"CalRetreat":2}},{"type":"Feature","id":23,"geometry":{"type":"LineString","coordinates":[[-79.659133960178295,42.309704952519716],[-79.659101715899055,42.309706282603933],[-79.658928780024453,42.309759332746701],[-79.658910062648005,42.309767025093642],[-79.658699465507652,42.309853574612127],[-79.658659756830957,42.309869893694746],[-79.658546765489959,42.309916330163993],[-79.65848603626857,42.309935886233554],[-79.658394752542122,42.309965281404651],[-79.658274413193425,42.309956500040215],[-79.658271799203064,42.309955996070464],[-79.658254626707105,42.309952689177301],[-79.658197396924152,42.309941668465136],[-79.658186431107978,42.309939556524647],[-79.658141641885521,42.309891942722238],[-79.658123376895816,42.309872527026343],[-79.658120598172701,42.30986476458623],[-79.658102568248481,42.309830919557584],[-79.658080895521223,42.309790236357571],[-79.657997112285045,42.30977460918939],[-79.657996961153501,42.309774566491193],[-79.657947191985429,42.30976061554972],[-79.65793921161945,42.309763515479709],[-79.65790948668743,42.309774315442766],[-79.657870172923367,42.309788599299885],[-79.657830097521781,42.309808228646652],[-79.657771801415976,42.309836784125082],[-79.657703920549011,42.309866867225622],[-79.657650723077595,42.30989044296485],[-79.657600546458113,42.309930348875781],[-79.657595813240562,42.30993746416938],[-79.657572597792779,42.309972365689369],[-79.657544558921728,42.309995400401903],[-79.65752659287601,42.31001015999572],[-79.657496645047615,42.310034763930432],[-79.657341621886374,42.310085114299106],[-79.657297536105489,42.310099432979655],[-79.657186015352949,42.310168171845724],[-79.657183848634673,42.31018070719368],[-79.657179979780096,42.310203091839377],[-79.657176097308422,42.310225555255833],[-79.657058691830372,42.310354592275303],[-79.657044052321567,42.310370682097314],[-79.657031866557972,42.310384074714726],[-79.656905329335046,42.310491728462154],[-79.656856850393837,42.310532972631748],[-79.656815137597505,42.310652585001087],[-79.656793062774469,42.310715884856045],[-79.656704124993055,42.310807529299368],[-79.656694090614039,42.310817869035638],[-79.656617015168024,42.310877908512047],[-79.656603731005177,42.310881992370987],[-79.656545534546154,42.31090415236838],[-79.656516046918256,42.31091321769545],[-79.65650504852637,42.310916598908179],[-79.656490103031572,42.310916925150501],[-79.656436790275677,42.310954243631784],[-79.656423952045373,42.310963229925363],[-79.656357466065003,42.310964684907184],[-79.656355284996437,42.310965033026761],[-79.656324989814962,42.310961243577211],[-79.656301803658508,42.310958343020971],[-79.656251181545329,42.310952010247284],[-79.656138360415113,42.310970048222579],[-79.656089234225604,42.311011138640488],[-79.656086631891256,42.311013315298275],[-79.656070130975593,42.311026262022949],[-79.656028992986762,42.311058539975612],[-79.655964426747644,42.311100694586614],[-79.65594248112491,42.311114377353888],[-79.6559133242813,42.311132556388877],[-79.655729120702603,42.311247405283005],[-79.65566117329206,42.311289769561846],[-79.655605743511998,42.31139448304782],[-79.655597049711574,42.311410906642926],[-79.655576204525019,42.31144619612386],[-79.65555407302935,42.311421929358112],[-79.655550383081717,42.311419424120317],[-79.65552304050712,42.311400865356191],[-79.655519625313303,42.311382889514043],[-79.655514242399363,42.31138040460727],[-79.655505460795823,42.311376351649571],[-79.655472189299957,42.311357317869593],[-79.655449481809043,42.311344327477187],[-79.655435257639112,42.311345994584975],[-79.65538946913378,42.311351361743426],[-79.655267505193933,42.311376854190868],[-79.655245869438346,42.311385704508943],[-79.655091743336598,42.311448751113417],[-79.655035036749979,42.311471947084335],[-79.654824203077325,42.311558188729983],[-79.654749066335611,42.31158892331073],[-79.654674398781424,42.311640694942689],[-79.654635941598031,42.311667360857498],[-79.654612090438761,42.31168389904974],[-79.654623846377731,42.311713205577163],[-79.654633883595011,42.311738224733247],[-79.654569657101476,42.311823178670195],[-79.654561447366092,42.311834037866674],[-79.654534865517988,42.311869199791779],[-79.654480693729241,42.31198808054431],[-79.654478809538219,42.311992215419416],[-79.654401054626021,42.312005667486787],[-79.654397842352736,42.312006223267453],[-79.654315495503837,42.312006969039608],[-79.654260874239796,42.312038788381258],[-79.654252080883609,42.312043910901089],[-79.654221523189193,42.312070021370431],[-79.654164878189391,42.312156192215028],[-79.65414149438206,42.312191763841113],[-79.654069862054342,42.312300731204601],[-79.653997778527554,42.312320956926946],[-79.653980462592472,42.312325815549784],[-79.653881199782674,42.312353666703167],[-79.653765454006148,42.312361695170836],[-79.653715153963532,42.312365184092876],[-79.65365850148855,42.312385255722567],[-79.653622137289787,42.31240946388391],[-79.653619530847266,42.312467609919004],[-79.653618500079887,42.312490604846211],[-79.65361565484605,42.312495141901032],[-79.653567271728093,42.312572299862829],[-79.653564562345153,42.312576622277611],[-79.653513264859612,42.312621168889436],[-79.653511650593828,42.312622570729765],[-79.653464377264569,42.312663623199988],[-79.653406733745541,42.312708845695603],[-79.653360525407592,42.312736184150836],[-79.653372184232694,42.312752379495905],[-79.653399522929774,42.312790355809284],[-79.653319098605508,42.312869852757423],[-79.653319088629402,42.312905723002594],[-79.653319075799047,42.312951855773356],[-79.65327705377949,42.312993900219944],[-79.653189121307349,42.313040088688552],[-79.653138088269543,42.313066894854281],[-79.653015105308043,42.313109892618122],[-79.652974776307815,42.313119357838019],[-79.652945025631766,42.313126340313417],[-79.652900037984196,42.313136898232663],[-79.652800097497561,42.313174905638064],[-79.652772799318015,42.313206015499155],[-79.652722727634242,42.313263078662857],[-79.652709728707777,42.313277892770309],[-79.652666197483995,42.313300185911601],[-79.652616201154075,42.313325792106276],[-79.652608245020446,42.313331734029937],[-79.652536428997635,42.313385368714634],[-79.652484558745101,42.313424106975674],[-79.652470950159284,42.313428349132259],[-79.652424521040771,42.3134428235199],[-79.652283125504695,42.313486903756697],[-79.652207739366119,42.313519750200747],[-79.652134045866191,42.313551859065385],[-79.65207004428332,42.313611127190192],[-79.652064437025103,42.313616320159355],[-79.65205259317014,42.31361725612657],[-79.652020827046982,42.313619766156002],[-79.65187817940307,42.313631037480583],[-79.651826045192607,42.313643882614784],[-79.651783991802503,42.313648604472448],[-79.651545775067817,42.313675351727525],[-79.651425053105157,42.31368890633447],[-79.65130916865246,42.313708388671991],[-79.651163644076334,42.313732853884602],[-79.651128093196235,42.313738830734465],[-79.651110044998276,42.313741865359724],[-79.651094452945912,42.3137424472039],[-79.651073349332123,42.313743234615814],[-79.651002009832922,42.313745896385548],[-79.65096613588041,42.313744028290628],[-79.650937841470309,42.313742553265726],[-79.650867086643501,42.313738865397667],[-79.650838049805856,42.313725420656795],[-79.650675071855702,42.313649957778445],[-79.650626951127322,42.313644636527805],[-79.650388653864425,42.313618285007109],[-79.65032150739782,42.313610859686037],[-79.650286252370648,42.313630042703437],[-79.650250534518506,42.313649474897687],[-79.650195428514309,42.313697273064093],[-79.650173820143564,42.313716015831254],[-79.650053768462968,42.313721896244743],[-79.650037539524689,42.313722690938917],[-79.649994586367654,42.313761043517545],[-79.649992214165849,42.313763161682211],[-79.649973354751907,42.313780001450276],[-79.649891524589435,42.313783326700573],[-79.649862648111068,42.313776977206047],[-79.649767466461753,42.313756050202713],[-79.649711997952409,42.313743854640286],[-79.649705745230605,42.313744309823825],[-79.649538222727088,42.313786095461261],[-79.649500643714916,42.31379546886518],[-79.649421939345586,42.313815100634017],[-79.649372539475351,42.31380478155527],[-79.649308164913407,42.313791333844499],[-79.649219295388335,42.313772769118835],[-79.649070781017926,42.313776499557989],[-79.64904296872723,42.313777198136073],[-79.648952717799972,42.313802960799364],[-79.648853943887815,42.313831155974981],[-79.64884804224242,42.313837577541193],[-79.648740515570665,42.313954576773988],[-79.648738197542329,42.313957097541582],[-79.648712382958792,42.313984826777023],[-79.6486399656755,42.314062615044847],[-79.648538972638818,42.314079376967541],[-79.648529477587317,42.31408095298837],[-79.648467451309429,42.314091248298752],[-79.648337725868458,42.314180704393813],[-79.648275224455517,42.314223803987396],[-79.648161507994473,42.314302219402002],[-79.648059706749621,42.314372418184703],[-79.648014850871945,42.314439955553468],[-79.648013819024357,42.314441509155422],[-79.647990012134741,42.314477355025694],[-79.647840046224744,42.314556958625673],[-79.647644305421792,42.31466085945921],[-79.647601673663672,42.314683488658616],[-79.647561442870924,42.314694268620073],[-79.647424475740408,42.31473096918053],[-79.647415666357318,42.314733329661671],[-79.647317639287479,42.314821682633365],[-79.647276062706013,42.314859155329955],[-79.647265486989795,42.314862463256688],[-79.647218094722788,42.31487728683701],[-79.647180476259877,42.31488905256105],[-79.647063980434979,42.314886536682877],[-79.647066494914981,42.314910202970651],[-79.647072797011688,42.314969518231976],[-79.647073589992743,42.314976987854493],[-79.647060530135903,42.314988643638387],[-79.647008601516362,42.315034997387407],[-79.646990835259544,42.315036799841678],[-79.646960565380766,42.315039872354326],[-79.646921087825135,42.315043879470117],[-79.646885456494815,42.315053646908353],[-79.646837019861081,42.315066922732264],[-79.646727882413288,42.315083612824061],[-79.646708009621165,42.315086651903805],[-79.646582108814144,42.315105904648092],[-79.646503435163353,42.315141304826078],[-79.646471036677681,42.315155882896477],[-79.646315740350502,42.315252588207436],[-79.646231263458176,42.315305193000135],[-79.646190000812439,42.315330886487118],[-79.646118531774277,42.315351202984132],[-79.646109085440159,42.315353888288378],[-79.646022766224476,42.315366025797601],[-79.645974008835509,42.315372879699758],[-79.645918735329559,42.3153768022758],[-79.645881099003063,42.315379473664066],[-79.645805059949609,42.315384870800578],[-79.645700625844242,42.315444806214458],[-79.645699937803059,42.315446811252016],[-79.645692662007718,42.315468004640302],[-79.645664867751037,42.315548965341556],[-79.645555943156893,42.31555592725136],[-79.645541281132324,42.31555716504576],[-79.64553740066998,42.315557492385608],[-79.645485111362248,42.315561903283566],[-79.645443037015838,42.315579247450202],[-79.645393653256889,42.315626197198647],[-79.645394747463484,42.315635937295816],[-79.645398599191125,42.315670204121993],[-79.645399520416007,42.315678399776992],[-79.645349192324716,42.315692354211755],[-79.645327430631284,42.315648311504674],[-79.645323898354945,42.315628625883811],[-79.645312605414858,42.315565721911732],[-79.645303120783822,42.315512890490893],[-79.645193018450783,42.315461850429919],[-79.645162003570434,42.315444450864838],[-79.645126784457034,42.315424692673666],[-79.645112852883088,42.315421611219108],[-79.645102149184183,42.315423432608014],[-79.644977946603348,42.315444555791842],[-79.644936917130721,42.315455840431817],[-79.644835862018098,42.315483634288725],[-79.64472077291363,42.31553312477137],[-79.644684885586202,42.315548556958539],[-79.644624278771971,42.315576634670784],[-79.644596176301221,42.315589654712717],[-79.644550922536482,42.31561062467253],[-79.644519848699119,42.315630800167852],[-79.644396942537597,42.31571059997399],[-79.644342300420277,42.315751128303397],[-79.644172179007228,42.315877307698862],[-79.644002056912072,42.316003486842796],[-79.643995771905153,42.316008148402645],[-79.643831933706053,42.316129665419446],[-79.643668947579769,42.316250549765982],[-79.643662711466547,42.3162564335978],[-79.643514077483914,42.316396670741746],[-79.643464026519467,42.316443893973293],[-79.643415261459211,42.316540188802911],[-79.643407981739273,42.316554564834391],[-79.643387033564792,42.31659593336672],[-79.643353063833771,42.316618920532136],[-79.643296889495431,42.316630536020796],[-79.643295906694661,42.316630740470941],[-79.643295106435772,42.316630907221644],[-79.643293826349606,42.316630962269613],[-79.643220245898988,42.316634163099259],[-79.643203079170235,42.316634909863865],[-79.643091047960326,42.316653860415123],[-79.643002055037428,42.316680882489123],[-79.642991247284073,42.316685719090202],[-79.642821077067666,42.316761872098901],[-79.642790880499305,42.316783511545047],[-79.642768070656928,42.316799857505096],[-79.642725066173043,42.316864897171371],[-79.6427001179961,42.316945091502994],[-79.642695255905551,42.316960720359958],[-79.642683085112907,42.316999849936337],[-79.642660072928749,42.317011857353172],[-79.642598113383883,42.317018872305972],[-79.642597905998571,42.317018803098307],[-79.642524008340175,42.317018802823242],[-79.642511692024655,42.317018802772793],[-79.642505001151818,42.317023317455465],[-79.642445886710121,42.317063199344275],[-79.642364550403897,42.317128879232207],[-79.642350678031676,42.317138613772315],[-79.642287611871282,42.317182868585903],[-79.642160912174774,42.317214060011615],[-79.642154376352224,42.317215669779841],[-79.642153157038862,42.317225677994813],[-79.642144111707537,42.317299922652964],[-79.642094007367305,42.317378935449362],[-79.642079758639156,42.317391451937915],[-79.642028031991558,42.317436890041421],[-79.642026314388616,42.317437766585769],[-79.64189583973851,42.317504376381933],[-79.641697547902311,42.317605607591126],[-79.641509030283288,42.317701848284763],[-79.641499972042908,42.317707529901362],[-79.641316216162707,42.317822787062958],[-79.641223808249023,42.3178807477886],[-79.64113245963982,42.317938043957831],[-79.640970053168431,42.318039908987487],[-79.640945818629348,42.318050275277358],[-79.640892754650267,42.318072973289624],[-79.640797045579646,42.31811391208678],[-79.640729170846612,42.318123456384576],[-79.640662083763075,42.318132889883799],[-79.640661590262823,42.318132831413685],[-79.640577507947839,42.318149022549761],[-79.640523563035657,42.318152327977693],[-79.640492510934322,42.318154230111695],[-79.640462471736356,42.318156070190987],[-79.640392206766151,42.318176835155754],[-79.640348688140122,42.318174901876617],[-79.640348312398373,42.318174993569762],[-79.640311012035838,42.318236498325362],[-79.640305743754553,42.318245185210259],[-79.640319999321591,42.318357185037094],[-79.640275726530916,42.318402815157221],[-79.640245414257336,42.318434056706124],[-79.640142746192268,42.318472771445364],[-79.640074383766418,42.318452377135657],[-79.640071976533775,42.318451658993929],[-79.640041233211221,42.318442487398272],[-79.639996080481225,42.318480872694543],[-79.639887151614673,42.318541594432318],[-79.639865095752384,42.31855388931254],[-79.639768602229964,42.318632935997471],[-79.639722147337054,42.318670991479081],[-79.639684866694211,42.318701531440574],[-79.639525910740389,42.318771985342224],[-79.639423039252975,42.318817580776226],[-79.639305027559843,42.318837439018658],[-79.639132126603542,42.318866533429272],[-79.639105979757346,42.318870932666776],[-79.639072987863855,42.318883037042326],[-79.638857132245235,42.318962231829232],[-79.638825536040997,42.318973824039446],[-79.638714089310582,42.318997877728798],[-79.638713139919787,42.319036378714216],[-79.63871247757335,42.319063165078987],[-79.63871121593553,42.319063351454261],[-79.638673897190372,42.319068864354172],[-79.638645794171254,42.319073015903676],[-79.638613114262526,42.31905387834432],[-79.638591897821215,42.319053871943304],[-79.638537082480056,42.31905385334538],[-79.638485059753478,42.319037491125002],[-79.6382633193804,42.318967748845495],[-79.63822131153573,42.318954536378463],[-79.638034927030034,42.318911361391677],[-79.637804980233142,42.318858094932615],[-79.637792997188811,42.318855319082665],[-79.637765852943559,42.318849030744545],[-79.637618974819219,42.318803206646784],[-79.6375952716851,42.318794269460419],[-79.637594253982556,42.318794421065014],[-79.637581604305169,42.318796297044031],[-79.637514267224802,42.318806283277382],[-79.637484627789462,42.318822314598542],[-79.637419922182445,42.318910398451287],[-79.63738542972068,42.318957352982572],[-79.637276006073549,42.319052293537631],[-79.637119708675058,42.319187903052097],[-79.636963410602974,42.319323512354458],[-79.636807111857124,42.31945912144446],[-79.636751806623835,42.319507105594894],[-79.636656493551826,42.319598143021736],[-79.636553862453894,42.319696169812687],[-79.636534668308684,42.319748485154875],[-79.636500526300622,42.319841541997377],[-79.636499496727936,42.319844765518383],[-79.636470226177948,42.319894453531639],[-79.636457133035549,42.319916680807658],[-79.636456464504633,42.319917815723556],[-79.636395494792154,42.319959811020659],[-79.636368835189188,42.319962090540521],[-79.63636032620704,42.319962817801972],[-79.636349440451639,42.319963749651414],[-79.636349277164925,42.319963706136093],[-79.636300547962463,42.319950700495085],[-79.636299890428702,42.319950918103501],[-79.636252473038425,42.319927650352753],[-79.636197293916354,42.319900573867876],[-79.636023761186479,42.319915774330546],[-79.636007526432223,42.319917196387237],[-79.635933354993909,42.319977967718408],[-79.635913349046078,42.320060885587424],[-79.635907525855259,42.320085020696624],[-79.63590350312289,42.32008713461304],[-79.635827710719681,42.320126949212394],[-79.635814208408235,42.320134591542804],[-79.635731344195776,42.320165648898602],[-79.635702162170801,42.320176586246788],[-79.635668549359679,42.320182254222651],[-79.635656892246359,42.320184220325842],[-79.635637776999374,42.320187441469372],[-79.635601085335622,42.320193626543961],[-79.635560160763006,42.320200525675801],[-79.635498064231982,42.320206439067533],[-79.63547534353377,42.320208602728698],[-79.635402212182569,42.320215566861258],[-79.635401711992543,42.320215544441858],[-79.635374223478067,42.320214317473109],[-79.635258146145247,42.320209133931513],[-79.635178127697557,42.320205560564396],[-79.635116705871795,42.320202926152866],[-79.635078032339777,42.320221012274089],[-79.635036212134608,42.320240570422698],[-79.635033186545328,42.320242549364686],[-79.63497810208851,42.320278578324768],[-79.63490483084388,42.32038988998022],[-79.634874105720272,42.320436566609978],[-79.634867634257802,42.320442728179721],[-79.634835075292855,42.32047373953916],[-79.634769391605474,42.320536303608016],[-79.634728189683429,42.320575548580003],[-79.634632158860569,42.320617521420935],[-79.634573660924218,42.320633209129312],[-79.63450520968469,42.320651566021233],[-79.634338407352118,42.320667330189337],[-79.634130873939711,42.320686943425081],[-79.634099378063581,42.320689920738943],[-79.634050141649084,42.320694575052947],[-79.634032061202348,42.320703204439482],[-79.633985208709618,42.320725565030997],[-79.633924256122995,42.320796840690946],[-79.633893829367025,42.320832420521228],[-79.633835792681623,42.320900289154523],[-79.63383526075458,42.320900911632499],[-79.633834518189289,42.320901780020975],[-79.633809544655108,42.320930984915563],[-79.63379619033897,42.320946600491688],[-79.633794910869909,42.320946889785077],[-79.633744386673257,42.320958313505976],[-79.633671055111805,42.320974893551849],[-79.633583806609693,42.32102617597522],[-79.633540104257918,42.321051863036232],[-79.633525183160316,42.321057820129987],[-79.633523906894993,42.321058329684426],[-79.633441039314647,42.321128286462489],[-79.633436624704899,42.321132012713619],[-79.633405647047482,42.321142841876515],[-79.633396962778619,42.321145877719204],[-79.633332697708653,42.321168343491379],[-79.633195707454306,42.321216232445337],[-79.633190178092534,42.321221250371593],[-79.633069320649639,42.321330928899627],[-79.63304109668799,42.32136111914469],[-79.632913083664775,42.321498050021816],[-79.632904997415864,42.321508123317436],[-79.632782002679605,42.321661341275664],[-79.632762374895407,42.321685792070213],[-79.632621987360835,42.321793717243985],[-79.632591468360701,42.321817179144233],[-79.632471908305249,42.321932898883269],[-79.632456614600628,42.321947701308332],[-79.632380748182058,42.322007349664183],[-79.632319444511836,42.32207041683656],[-79.63230522987854,42.322085040354686],[-79.632271927620252,42.322189377137015],[-79.632229415253292,42.322232003254491],[-79.632225288315922,42.32223614123032],[-79.632218028231748,42.322243421731592],[-79.632056996744666,42.322356186547474],[-79.631882033466852,42.322478706603889],[-79.631863912815831,42.322491395756728],[-79.631782657195998,42.322528600857062],[-79.631693117649377,42.322569596271414],[-79.631687028811584,42.32257238344706],[-79.631679336993116,42.322573926102571],[-79.631652976275419,42.322579212950068],[-79.631525288265109,42.322604821613254],[-79.631446760268119,42.322620571207331],[-79.631397927843167,42.322630365019315],[-79.631386763938352,42.322639787848409],[-79.631338408844286,42.322680597388064],[-79.631321331692945,42.322705728636791],[-79.631302008142725,42.322733372439153],[-79.631297019433546,42.322747642705806],[-79.631264555104451,42.322840507171968],[-79.631243964356329,42.32289940467831],[-79.631225360311092,42.322915829410547],[-79.631174920979618,42.322960360125045],[-79.63104801020458,42.323026360214172],[-79.631042006245465,42.323029381421456],[-79.630842785467905,42.32312962947389],[-79.63073073981559,42.323186010642601],[-79.630629551087708,42.323207950592284],[-79.630398305585132,42.323258089329975],[-79.630355383402261,42.323267395673938],[-79.630327922936445,42.323273348916814],[-79.630285949644232,42.323285347827301],[-79.630200259162493,42.323262266950806],[-79.630197270132939,42.323239129471936],[-79.630187092408946,42.323160345621559],[-79.630064278992535,42.32312082472869],[-79.630047359951689,42.323115380231215],[-79.629882367225633,42.323225784264601],[-79.629872170483253,42.323232607341723],[-79.629781679631549,42.323288734947397],[-79.629672592296828,42.323286928644471],[-79.629656333168029,42.323286659411743],[-79.629572504539013,42.32324684614715],[-79.629539537928423,42.323230800251956],[-79.629472430408612,42.323200833946522],[-79.629466924700537,42.32319737968502],[-79.629423619305001,42.323170210012286],[-79.629336018884842,42.32319160531808],[-79.629296940760369,42.32320115025199],[-79.629248173509779,42.323211606318402],[-79.629214772283106,42.32321876777943],[-79.629158831772756,42.323240543973697],[-79.629158184938078,42.323240678616216],[-79.629081749973324,42.323256537687165],[-79.62903210588297,42.323285127244553],[-79.629008769253446,42.323298566570202],[-79.62888760961593,42.323353493975318],[-79.628845826033285,42.323394353308835],[-79.628719892408782,42.323517500879731],[-79.628702965731748,42.323537731117213],[-79.628642936149106,42.323609476480463],[-79.628583978968464,42.323692543436977],[-79.628505043424042,42.32380375825975],[-79.628503849525643,42.323805438294706],[-79.628459759819535,42.32384424082656],[-79.628345901345071,42.323944445256828],[-79.628293687521847,42.323971779301274],[-79.628262441591374,42.323988136587822],[-79.628257925073555,42.3239905005167],[-79.628190800012135,42.324009192913394],[-79.628073411366216,42.324041882778879],[-79.628066953738099,42.324043681065817],[-79.627932905150573,42.324073684020341],[-79.627851146617303,42.324108023677944],[-79.627839926898275,42.324112736099863],[-79.627755856999144,42.324170696936172],[-79.627753970442726,42.324172384173011],[-79.627683772285124,42.324235164669012],[-79.62761795397104,42.324294027975952],[-79.62753022284646,42.324372487532408],[-79.627376672334236,42.324509809944423],[-79.627223121151715,42.32464713215154],[-79.627173034001373,42.324691925367787],[-79.627070186507481,42.324784829523445],[-79.627007027475869,42.324841882132219],[-79.626900062668639,42.324910110455207],[-79.626753090320307,42.325003857491744],[-79.626712771725167,42.325021542515586],[-79.626614033371595,42.325064852209906],[-79.626579268506376,42.325075458034391],[-79.626499042134967,42.325099933317702],[-79.626497933220762,42.325099932603166],[-79.626497255134552,42.325099932374634],[-79.626485719454237,42.325099928486367],[-79.626329388489964,42.325122402333861],[-79.626303941566206,42.325125389622855],[-79.626260060287407,42.325130540231861],[-79.62620967952563,42.325136453702555],[-79.626166724864106,42.32520727286802],[-79.62612660208373,42.325262675835297],[-79.62611427982354,42.325279690829511],[-79.626011885331536,42.325419367449918],[-79.625989809601677,42.325449480923055],[-79.625883522461166,42.325547459871032],[-79.625864577949514,42.325559273329418],[-79.625720537010253,42.325649094433928],[-79.625718554847722,42.325687924793925],[-79.62571339740019,42.325788958433776],[-79.625614682667887,42.325810815658343],[-79.625613544845081,42.325811082496891],[-79.625514770883356,42.325834246595001],[-79.625465112878359,42.325845892250996],[-79.625419094334362,42.325866929121375],[-79.62538826135615,42.325870301023684],[-79.625227114263765,42.325887923970434],[-79.625203309673381,42.325926859373602],[-79.62519843183027,42.325934839819595],[-79.625196516156606,42.325940928177232],[-79.625175656008594,42.326007225423062],[-79.625121667670882,42.326109841746501],[-79.625105227102509,42.326141090473307],[-79.625036575571201,42.32624261595182],[-79.624999272015046,42.326257071419398],[-79.624897464048018,42.326296522838149],[-79.624863033340489,42.326309865611528],[-79.624829077232789,42.326334916032287],[-79.624791374667893,42.326342869524552],[-79.624669309885348,42.326368619432621],[-79.624646525696591,42.326409942942483],[-79.624626255769428,42.326446707541756],[-79.624601293013384,42.32649198369996],[-79.624463206340621,42.326571299431805],[-79.624439573555023,42.326584873852681],[-79.624286366953839,42.326629775365056],[-79.624259538825328,42.32665764127011],[-79.624196882203918,42.326722721479598],[-79.624108306742556,42.326796020179948],[-79.624056907947832,42.326838554027326],[-79.623922793661933,42.326908145326719],[-79.623922440598662,42.326908328529235],[-79.62377382999324,42.326947342914295],[-79.623693286159053,42.326961740751081],[-79.623650832385053,42.326969329668131],[-79.62355992728898,42.326999207036977],[-79.623531927772589,42.327055128244112],[-79.623520738807898,42.327064769179451],[-79.623454126638421,42.327122165256675],[-79.623393230642804,42.327177458441994],[-79.623351694931401,42.327183208016585],[-79.62329624370841,42.327190883818893],[-79.623114263045863,42.32721372321744],[-79.623072041375352,42.327219022185105],[-79.62296693673845,42.327230415101319],[-79.622883560443242,42.327259070380265],[-79.622881087842103,42.327259920177745],[-79.622869500750014,42.327336167877455],[-79.622793015546421,42.327417953314985],[-79.622775131939733,42.327437076172949],[-79.622644783752207,42.327558381684455],[-79.622629991029427,42.327572148149223],[-79.622494647159542,42.327697756766504],[-79.622442137674156,42.327746489079182],[-79.622358252379087,42.327806453730204],[-79.622321562810015,42.327818309488798],[-79.622256695019587,42.327839270634684],[-79.622253320591298,42.327840360860726],[-79.622190679290085,42.327895428838907],[-79.622191414296012,42.327945329255947],[-79.622191432781847,42.327946586141124],[-79.622191485749426,42.327950187512677],[-79.622159936573624,42.328029533863678],[-79.622097872082392,42.328101460030837],[-79.622091599968087,42.328106089937428],[-79.622017876566304,42.32816051049997],[-79.621904308000737,42.328216922211183],[-79.621704263508477,42.328316287675484],[-79.621580418051209,42.328377803465727],[-79.62150421824137,42.328415652634767],[-79.621415899458768,42.328459521292721],[-79.621302908677677,42.328495504578669],[-79.621291937427202,42.328498230825808],[-79.621150419593391,42.328533396492453],[-79.621149931176433,42.328533355898529],[-79.621066422887623,42.328526344882583],[-79.621060243850252,42.32852365650497],[-79.620852539086911,42.328433287918934],[-79.620844488443467,42.328429785216805],[-79.62078659427543,42.328404751442108],[-79.620653660889971,42.328332999843312],[-79.620559074140516,42.328281945880036],[-79.620504997685643,42.328270895053294],[-79.620503955909115,42.32827099630741],[-79.620437778182534,42.328277356932588],[-79.620421018121547,42.328278967807755],[-79.620231076360909,42.3283659573571],[-79.62023042815747,42.328366076111969],[-79.620147085734018,42.328381344925916],[-79.620071136431704,42.328431431001917],[-79.620018256484443,42.328426121302655],[-79.619985328304693,42.328422814956703],[-79.619819883338792,42.328355648618789],[-79.619803075818268,42.328349059438388],[-79.619704193991097,42.328310293964449],[-79.61963074833487,42.328315642056637],[-79.619587155173079,42.328340770224365],[-79.619522076907984,42.328378282864378],[-79.619461144228737,42.328410629314256],[-79.619399794476962,42.328452470497126],[-79.619253236796752,42.328552424035372],[-79.619218589958379,42.328569458225076],[-79.619159895345561,42.328598315508039],[-79.619099642118002,42.328646733134391],[-79.619035444335708,42.328683880205055],[-79.618957965684473,42.328728711942404],[-79.618878921592668,42.328816471549715],[-79.618815466962673,42.32888692256212],[-79.61873425391066,42.328958641164995],[-79.618679782836168,42.329006744015679],[-79.61856212492448,42.329063999353657],[-79.618552167856606,42.329072577426935],[-79.618395218036355,42.329207790208883],[-79.618308832241397,42.329282211513643],[-79.618261581313149,42.329354300258217],[-79.618207970155865,42.329436092312058],[-79.618099207118618,42.32947005271668],[-79.617984950945655,42.329505728159639],[-79.617957778788423,42.329589843419996],[-79.617919031403204,42.329709791037878],[-79.617863786360886,42.329746407674087],[-79.617842488749034,42.329760523798448],[-79.617657998281771,42.329762014497831],[-79.617653036640192,42.329782314250821],[-79.617627125863194,42.329888323782463],[-79.617556580241327,42.329909357271724],[-79.617538804675945,42.329914770584367],[-79.617398420069335,42.329957522724683],[-79.617357081710381,42.329970112572603],[-79.617342880172657,42.330001268072209],[-79.617340918508944,42.330005571590462],[-79.617301767028749,42.330091452884091],[-79.617215735141528,42.330144787839302],[-79.617062708269998,42.330239655552894],[-79.617043334448255,42.330266619265849],[-79.616974861183508,42.330361917415217],[-79.616889723520018,42.330393154230933],[-79.616865436787208,42.330402064960865],[-79.616806183838349,42.330425896049519],[-79.616686595227605,42.330488382883274],[-79.616667436863111,42.330498393391608],[-79.616562492546677,42.33053836972816],[-79.616468720130712,42.330562953466668],[-79.616463441371323,42.330564337363754],[-79.616296532390635,42.33057836254104],[-79.616296119501101,42.330578341052544],[-79.616282669121887,42.330577647460871],[-79.616229268821613,42.330574890148888],[-79.616161454075709,42.33057138851435],[-79.615992622138293,42.330543375770141],[-79.615986415994072,42.330542346036061],[-79.615764383012831,42.330486226849786],[-79.615536331945378,42.330428586032603],[-79.615476138370639,42.330413371773503],[-79.615305543205622,42.330377405398202],[-79.615083887405859,42.33033067353103],[-79.615074066039114,42.330327891332644],[-79.614928959252168,42.330286785332],[-79.614843348478587,42.33028745995653],[-79.614795946855168,42.330287833460339],[-79.614741401611738,42.330425164281451],[-79.614724687294071,42.330467246486904],[-79.614615884521058,42.330533659664084],[-79.614590541698547,42.330557096593907],[-79.61457587944119,42.33057065617394],[-79.614463949620131,42.330622738494441],[-79.614420320353616,42.330676903338251],[-79.614410308120441,42.330689333305884],[-79.614401885987846,42.330699790369103],[-79.614343856279348,42.33075074773889],[-79.614331620609263,42.330757641502053],[-79.614242858294972,42.330790868518925],[-79.614120221017743,42.330836776016724],[-79.614062185490781,42.330900174194369],[-79.61401584289942,42.33095079886256],[-79.61396487720225,42.331008766171465],[-79.61390610078864,42.331028948424311],[-79.61384365458035,42.33105039073979],[-79.61381568855343,42.331161693722713],[-79.613812813253787,42.331175597611328],[-79.613796851778091,42.331252781307739],[-79.613698917214876,42.331321896490564],[-79.613524585339817,42.331444926828482],[-79.613350252782794,42.33156795690234],[-79.613279245984046,42.331618067648115],[-79.613203983856579,42.331707824265635],[-79.613150767637151,42.331771289040667],[-79.613150648661929,42.331771359432096],[-79.613041257572135,42.331835781389195],[-79.612953826988203,42.331887270324799],[-79.612871668900326,42.331961017490507],[-79.61273874806696,42.332080330082761],[-79.612712123410617,42.332093363070335],[-79.612530039973578,42.332182494096187],[-79.612518116617579,42.332196717034655],[-79.612391154290705,42.332348165309376],[-79.612344022149756,42.332404387131334],[-79.612258798276642,42.3324970240079],[-79.612123257549911,42.33264435374236],[-79.612120980219586,42.332646829142156],[-79.611990204767707,42.33279291753589],[-79.611951759865775,42.332835863924558],[-79.611869834195787,42.33294712314018],[-79.611809399069728,42.333029196817279],[-79.611735488921866,42.333093954458391],[-79.611622326031693,42.33319310371138],[-79.611580508954432,42.333230407788719],[-79.61142672094384,42.333367598114663],[-79.611418319904331,42.333375092442665],[-79.61131937440507,42.333444085265853],[-79.611243414731319,42.333482244677569],[-79.611108347565946,42.333550097331646],[-79.61103965766516,42.333576975960298],[-79.61087113475736,42.333642919366682],[-79.610827683134431,42.333661719876986],[-79.610619670092348,42.333751721916848],[-79.61050079723573,42.333803154943752],[-79.610414848140593,42.3338454978635],[-79.610305544972391,42.33389934601886],[-79.610236077505149,42.333962082374789],[-79.610137885572342,42.334050759628866],[-79.610072882022948,42.334087772260581],[-79.610070617406194,42.334090166803101],[-79.609932514696837,42.334236192321974],[-79.609794411346215,42.334382217675206],[-79.609723526078696,42.334457168796426],[-79.609658097019008,42.33452914968683],[-79.609523669346103,42.334677037829721],[-79.609425038359788,42.33478554436121],[-79.609394167925146,42.334827142294664],[-79.609381715471145,42.334843921967781],[-79.609314533371432,42.334966752820385],[-79.609299469503327,42.334990848075506],[-79.609198354622592,42.335152584813024],[-79.60909723922174,42.335314321461716],[-79.608996123300855,42.335476058021506],[-79.608895006859854,42.335637794492477],[-79.608805784222582,42.33578050597449],[-79.608792340587215,42.335798958504569],[-79.608678051919185,42.335955828895557],[-79.60856376268093,42.336112699173128],[-79.608549025829632,42.336132926506266],[-79.60843452237998,42.336263013270738],[-79.608303068327274,42.336412356721858],[-79.608288161634945,42.336429291990775],[-79.608183381185384,42.336566969268887],[-79.608065198549525,42.336722255640474],[-79.608027110690529,42.336772301089326],[-79.607955052766542,42.336880670128224],[-79.607879942708365,42.336993628874048],[-79.60785032948921,42.337041135479538],[-79.607765681123638,42.337176931034875],[-79.60775332676549,42.337204092191662],[-79.607695639085435,42.337330918696253],[-79.607668258392252,42.337370403597291],[-79.607558307455093,42.337528960079901],[-79.607478203725137,42.337644474357241],[-79.607447668591249,42.337687252199487],[-79.607431091001018,42.337710476354978],[-79.60742197528279,42.337719074578708],[-79.607408706241813,42.337731588374574],[-79.607362184535774,42.337775465688978],[-79.607310158403124,42.337807452417621],[-79.607291548591036,42.337821022064453],[-79.607119948262508,42.337946146813501],[-79.60701231675516,42.338024627428666],[-79.607005444302231,42.338031257349279],[-79.606957666825508,42.338077350094544],[-79.60692934186207,42.338104676220617],[-79.60680831718237,42.338217195445218]]},"properties":{"FID":23,"retreatCat":0.10000000000000001,"sedimentCat":0,"CalSedi":2,"CalRetreat":2}},{"type":"Feature","id":24,"geometry":{"type":"LineString","coordinates":[[-79.588279975436777,42.34313598640145],[-79.588139094500178,42.343250085947084],[-79.588109261511121,42.343258778831718],[-79.588091085495407,42.343264075044431],[-79.587982487569732,42.343273623620938],[-79.587896041511769,42.343326442923562],[-79.587810668604007,42.343378606371168],[-79.587681308663122,42.343390116328507],[-79.587673125337105,42.343390844444833],[-79.587531823987462,42.343431554712964],[-79.587467779360608,42.343468403751899],[-79.587423730924954,42.343493747635868],[-79.587315559964324,42.343595752217539],[-79.587306686553248,42.343598982645993],[-79.587166721059205,42.343649937945351],[-79.587111166041296,42.343680751706671],[-79.587096651259827,42.343684938876748],[-79.587042321340505,42.34370061174846],[-79.586916672607217,42.343739000110105],[-79.586875458079604,42.343755357840834],[-79.586774323716412,42.343795497197206],[-79.586687917777297,42.343863552254525],[-79.586663812495971,42.343882538021617],[-79.586515615075413,42.343988121064996],[-79.58646992909064,42.34402066987051],[-79.586362037187669,42.344124945640488],[-79.586346869301792,42.344139605119629],[-79.586217891882114,42.344189237719171],[-79.586160198307127,42.344219420449349],[-79.585983760923583,42.344311724336109],[-79.585960587900885,42.344318461831293],[-79.585834357645751,42.34435516283726],[-79.585741448836032,42.344391978559017],[-79.58572199753911,42.344399686247286],[-79.58570129689835,42.344432914382907],[-79.585686064783488,42.344505942692258],[-79.585650877448217,42.344550264234961],[-79.585612854666408,42.344598157189452],[-79.585476456616931,42.344656024907628],[-79.585469787404733,42.344660112212431],[-79.585335051879596,42.344742686260744],[-79.585280404270492,42.34477008766207],[-79.585087203721855,42.344866961871787],[-79.585081329285188,42.344870528042705],[-79.584895043544407,42.344983615422073],[-79.584708757133484,42.345096702499909],[-79.584562728381727,42.345185350257132],[-79.584520788230904,42.345208192054386],[-79.584326718198867,42.345313887690189],[-79.584132647514096,42.345419582998694],[-79.583948365718854,42.345519946423551],[-79.58393757843649,42.345515797866852],[-79.583889896617549,42.345497460446559],[-79.58372372920519,42.345433552642177],[-79.583717814510237,42.345431277850182],[-79.583643960547647,42.345513750100629],[-79.583684661429331,42.345581737671047],[-79.58370181900149,42.345610397975847],[-79.583717443303172,42.345636494459399],[-79.583620099671791,42.345730396546301],[-79.583580693323029,42.345768409596346],[-79.583498318577341,42.345827579913433],[-79.583463742443911,42.345852417288789],[-79.583453038664004,42.345858116457038],[-79.583394769539822,42.345889141493181],[-79.583339770248301,42.345918426174705],[-79.58325043754084,42.345953994106772],[-79.583038202700294,42.34603849524148],[-79.582892730300387,42.346096414605718],[-79.582824806104696,42.3461213372359],[-79.582608878804479,42.346200564515662],[-79.582392950959985,42.346279791390323],[-79.582177022571216,42.346359017859797],[-79.581961093638171,42.346438243924169],[-79.581895732623352,42.346462225287645],[-79.581786615636531,42.346556734122622],[-79.581728883556792,42.346606737102427],[-79.581600736342978,42.346667337475054],[-79.581486734568642,42.346721248300369],[-79.581381156210583,42.346725476005403],[-79.581268998924187,42.346729967045739],[-79.581152747254748,42.346770868813671],[-79.580935078625231,42.346847452474591],[-79.580886995025097,42.346864369935624],[-79.580711675800714,42.346914167306828],[-79.580486646808836,42.346978083647848],[-79.58028965414114,42.347034036194891],[-79.58026149636521,42.347041762839105],[-79.580215922095078,42.34705426864376],[-79.580198619838654,42.347059015092952],[-79.580119378915398,42.347028319751125],[-79.580046067900895,42.34699992077347],[-79.58004557946343,42.346999886306904],[-79.580044306293686,42.346999797503095],[-79.579956885478737,42.346993699847559],[-79.579878933763254,42.346896169794285],[-79.579878439820689,42.346895551792009],[-79.579768881416825,42.34689040812119],[-79.579761308460334,42.346986565307489],[-79.579761123569213,42.346988912948859],[-79.579718705304231,42.347046194673823],[-79.579686988986651,42.3470890236676],[-79.579623576385885,42.347091727333336],[-79.579603647905955,42.347092577139428],[-79.579550127459655,42.347094859383596],[-79.579457121965675,42.347127844042781],[-79.579455887020643,42.347127879980611],[-79.579383897047734,42.347097244337164],[-79.579279732957929,42.347052916726874],[-79.579214741167931,42.347128243012705],[-79.579208991337637,42.347134907126495],[-79.579172621422728,42.347177581935959],[-79.579131724940183,42.34722559158697],[-79.579065118421383,42.347265071045165],[-79.57904552467005,42.347276684766705],[-79.578841965257624,42.347329990922994],[-79.578839587030586,42.347330613707307],[-79.578728573207556,42.347384574370977],[-79.578637094043231,42.347423684662779],[-79.57844558797666,42.34750555928693],[-79.578427566039565,42.347511686662067],[-79.578208552191882,42.347586150034601],[-79.577989537825331,42.347660612990317],[-79.577778083835014,42.347732504921836],[-79.577771472350406,42.347736240922053],[-79.577582943662279,42.347842773866212],[-79.577579958292645,42.347844460836505],[-79.57741713847048,42.347936466676074],[-79.577390945138362,42.347954848338667],[-79.577216122138282,42.348077533234068],[-79.577142172212191,42.348129428578268],[-79.577011407259988,42.348164487568376],[-79.577004833788351,42.348166249956748],[-79.576883100452761,42.348198888211776],[-79.576810373520729,42.348254441172855],[-79.576650130368293,42.348376843484516],[-79.576641065548827,42.348380946665337],[-79.576577039715218,42.348409927854249],[-79.576500106461936,42.348431912412515],[-79.576418752479185,42.348445867625323],[-79.576392396953594,42.348450388557751],[-79.576423045152339,42.348464269430288],[-79.576246119981462,42.348479227943116],[-79.576203043040252,42.348482869931964],[-79.576148241457332,42.348541730450556],[-79.576103061910914,42.348590254161472],[-79.576093268124069,42.348604274008267],[-79.576039645165636,42.348681035371754],[-79.57595662379498,42.348749298004279],[-79.575931137814806,42.348770253291207],[-79.575870859517877,42.348812296759469],[-79.575832137815937,42.348839306818633],[-79.575786004408982,42.348860478687605],[-79.57577536474632,42.348865361832161],[-79.575745098283107,42.348879252819188],[-79.575645533540879,42.348922998372053],[-79.575577225668013,42.348910911607575],[-79.575558372923766,42.348907575657925],[-79.575446330305283,42.348887749903732],[-79.575320458367258,42.348887381270877],[-79.575235122134956,42.348887131274054],[-79.575122659910264,42.348966760449748],[-79.575091772851408,42.348988630058983],[-79.575059487266358,42.349011489639793],[-79.574926054042947,42.349067714523386],[-79.574880283912236,42.349087000667978],[-79.574779942489158,42.349132664413297],[-79.574765553807978,42.349137979942114],[-79.574721002326726,42.349161142921467],[-79.574523822519126,42.349263659231667],[-79.574415496748102,42.349319978902905],[-79.574329944080318,42.34936946274366],[-79.574140090585871,42.349479273893792],[-79.573950236428146,42.349589084730745],[-79.573760381607045,42.349698895254534],[-79.573690522859806,42.349739300824801],[-79.573565511014493,42.349803689305126],[-79.573367720115812,42.349905562747338],[-79.573248563785043,42.349966934639085],[-79.573169583888031,42.350007067852907],[-79.572970924712692,42.350108014988088],[-79.572772264899385,42.350208961780261],[-79.572573604447911,42.350309908229505],[-79.572536212182726,42.350328908496373],[-79.572371437832373,42.350406952477698],[-79.57216845779142,42.350503091671371],[-79.572107763349422,42.350531838778643],[-79.571955285131196,42.350585697862144],[-79.571788378784319,42.350644652980712],[-79.571733028701843,42.350651402019103],[-79.571694052778199,42.350656154479488],[-79.571495155619004,42.350680406596865],[-79.571493722560888,42.350680581332561],[-79.571268120592137,42.350715909406894],[-79.571259456007624,42.350717777583441],[-79.571064121267156,42.350759893626361],[-79.571031330875414,42.350773508729894],[-79.570958072252779,42.350803926845295],[-79.570921738492515,42.350860098637405],[-79.570890333782756,42.35090864937559],[-79.570881096971078,42.350922929193182],[-79.570680755183915,42.350989522553078],[-79.570665169726368,42.350994703119184],[-79.570472126998169,42.351058869275043],[-79.570460435182298,42.351061766166922],[-79.570422741951361,42.351071105443296],[-79.570355155791049,42.351087853013027],[-79.570353888065299,42.351087893636624],[-79.570339747709667,42.351088343077819],[-79.570233663618197,42.351120437242031],[-79.570206106293597,42.351128774279402],[-79.570161576012538,42.35114224516488],[-79.570059523532379,42.351196348063837],[-79.570022688054692,42.351190764502583],[-79.569983565694756,42.351184834279245],[-79.569918068442874,42.351174904977775],[-79.569917122798245,42.351174818584305],[-79.569788866166434,42.351147868444762],[-79.569752170570098,42.351140157690509],[-79.569611233741753,42.351100534609245],[-79.569601112077805,42.351138342345834],[-79.569595900295866,42.35115781004351],[-79.569578361686638,42.351223329540268],[-79.569527816133117,42.351234875776861],[-79.569456867367933,42.351235758843721],[-79.569354548785711,42.351237032279215],[-79.569255370647824,42.351308750501332],[-79.569226257798988,42.351329802692078],[-79.569201477613348,42.351428953702502],[-79.569140042864689,42.351442016782627],[-79.569025729244601,42.351466323575828],[-79.568965856476794,42.351545000026071],[-79.568896723620909,42.351635844510184],[-79.568833206086836,42.351692982914862],[-79.568680163099216,42.351830655071737],[-79.568622380122861,42.351882634420825],[-79.568492075330298,42.351937643773276],[-79.568472806854416,42.351945778114747],[-79.568284482523623,42.351992971795262],[-79.568277825235299,42.352006945571802],[-79.568211197861729,42.352146797351111],[-79.568175494607331,42.352160876621483],[-79.567962787384914,42.352244755519088],[-79.567906990757862,42.352266758240866],[-79.567786862343624,42.352363680836326],[-79.567646068219361,42.352477276501027],[-79.567615942183551,42.352486575066678],[-79.56739347021346,42.352555241927405],[-79.567170997757273,42.352623908358083],[-79.567089529561798,42.352649053483972],[-79.566957050894828,42.352705334236653],[-79.566854617169852,42.352748850859136],[-79.566734899510962,42.352769529002337],[-79.566559704034702,42.352799789261077],[-79.56652934449653,42.352839042558934],[-79.566492103285967,42.352887193421964],[-79.566413702242087,42.352945088456508],[-79.566368206283357,42.352968210277055],[-79.566216935116742,42.353045088606891],[-79.566169731130415,42.353069077400598],[-79.566169566948957,42.353069186385241],[-79.565990202888372,42.35318824901735],[-79.565928732673314,42.35322905304151],[-79.565901069488689,42.35325984163017],[-79.565866730910301,42.353298061735025],[-79.56582943064636,42.353318434166326],[-79.56563553822771,42.353424332740765],[-79.565527564633115,42.353483304578667],[-79.56545768268488,42.353521471637073],[-79.565448119296136,42.353531921355319],[-79.565445819706099,42.353533192400008],[-79.565252748350488,42.353639907739776],[-79.56520355230991,42.353667099505145],[-79.565164053032461,42.353688930514146],[-79.565080374071371,42.353762782225118],[-79.565036051966104,42.353801899051163],[-79.565022949898847,42.353846718077342],[-79.56500669008588,42.353902336166676],[-79.564978909528207,42.353915522849263],[-79.564820402091868,42.353990761826005],[-79.564775507456488,42.354011176203834],[-79.564657338422194,42.354064909588686],[-79.564620090657328,42.354081847842508],[-79.564600938921217,42.354122790168482],[-79.564584041683119,42.354158912811492],[-79.564562384751042,42.354226930872542],[-79.564540666661415,42.354295146010436],[-79.564535359328971,42.354311815980644],[-79.564366008441965,42.354413177983432],[-79.564348039656124,42.354423932851184],[-79.564201050262142,42.354511912290832],[-79.564184432344959,42.354529317828288],[-79.564045435176169,42.354674902414807],[-79.563968077348207,42.354755926055667],[-79.563897507213397,42.354815283742703],[-79.563760077632168,42.354930877550558],[-79.56374076913248,42.354950550941119],[-79.563647049026855,42.355046041942984],[-79.563599212100343,42.355094782755081],[-79.563518920054264,42.355176591716372],[-79.563431991262547,42.355219249850109],[-79.56330373456359,42.355282188396394],[-79.5632335896086,42.355316610215482],[-79.563231384934198,42.355318052746732],[-79.56305086818287,42.355436165537924],[-79.562870350752974,42.355554278045965],[-79.562689832644523,42.355672390270854],[-79.562530074615935,42.355776918657952],[-79.562509936217168,42.355791004572609],[-79.56233482829505,42.355913484364784],[-79.562257069809533,42.355967872545854],[-79.562202112901261,42.356016881161956],[-79.562177686524421,42.356047339487418],[-79.562054762671735,42.356200618128305],[-79.561931838219337,42.356353896637835],[-79.561813125746681,42.356501922258218],[-79.561806463289159,42.356505533729788],[-79.561695157046628,42.356565868604839],[-79.561693880791353,42.356565914607415],[-79.561679247653899,42.356566450014427],[-79.561615367939936,42.356604969533024],[-79.561611731984399,42.356607161977649],[-79.561470465134178,42.356692344258612],[-79.561423760713396,42.356665967497655],[-79.561336508779362,42.356616691037146],[-79.561208794978768,42.356594182173573],[-79.561100353599244,42.356575069845675],[-79.561100149239607,42.356575120204411],[-79.561024403310782,42.356594034048946],[-79.560988730832221,42.356619351052998],[-79.560979375696974,42.356625990451718],[-79.560932647655008,42.356685838953695],[-79.560929387654028,42.356690015308423],[-79.560926186028397,42.356784657189245],[-79.560926077937339,42.356787852417412],[-79.560901132897357,42.356895897882879],[-79.560858666913916,42.356953243753239],[-79.560742921525346,42.357109545187257],[-79.560647145418571,42.357238879623665],[-79.560625290946561,42.357265036282278],[-79.560498621074544,42.357416641383374],[-79.560429099323173,42.357499848266535],[-79.560354281167051,42.357558200803652],[-79.560220091092717,42.357662858580227],[-79.560184926472346,42.357684784940332],[-79.560000648542356,42.357799688193644],[-79.559944126510857,42.357834931366206],[-79.559806239200498,42.35790476095454],[-79.559721057697303,42.357947898841665],[-79.559599092669544,42.357995373184082],[-79.55946414478521,42.35804790081113],[-79.559381411581541,42.358071312660478],[-79.55915624002246,42.358135031338897],[-79.559153076673226,42.358135926494136],[-79.558927977587814,42.358192426417808],[-79.558699670701799,42.358249730946575],[-79.5586951244712,42.358250872034866],[-79.558487300249809,42.358333998591085],[-79.558275253021776,42.358418813672976],[-79.558130127931165,42.358476860744837],[-79.558065881336177,42.358506996736317],[-79.557862312338429,42.358602483914922],[-79.557658742722069,42.358697970733552],[-79.557455172486996,42.358793457192029],[-79.557322129432123,42.358855861887839],[-79.557253117353227,42.358890645025809],[-79.557053920834647,42.358991042654331],[-79.556854723679621,42.359091439938062],[-79.556655525887933,42.359191836877002],[-79.55645632745987,42.359292233471059],[-79.55625712839516,42.359392629720418],[-79.556219445066517,42.359411622028148],[-79.556057928664401,42.359493025592926],[-79.555858728290247,42.359593421113175],[-79.55565952727963,42.35969381628864],[-79.555460325632367,42.359794211119308],[-79.555453073638603,42.359797866009657],[-79.55542035743899,42.359815815287099],[-79.555266524740048,42.359900212648995],[-79.555236130895281,42.359916887598331],[-79.555140768936951,42.359997118120909],[-79.555101993473841,42.360029741603405],[-79.554957105222229,42.360151641971868],[-79.554941776730232,42.36016284798594],[-79.554770365021938,42.360288159447059],[-79.554734117788101,42.360314658087674],[-79.554604567910701,42.360417495496307],[-79.554500125406193,42.360500402182446],[-79.554431923227881,42.360530892169159],[-79.554424970469341,42.360534000458429],[-79.554218663578212,42.36062623135939],[-79.554207656126636,42.360631152297628],[-79.554078114818211,42.360770026915567],[-79.554001846643146,42.360851789773918],[-79.553996473852393,42.360857551229586],[-79.553927837163442,42.360908478410458],[-79.553757686729966,42.361034726419568],[-79.553649959574059,42.361114657289669],[-79.553595506564491,42.361166173417125],[-79.553447081499712,42.361306592727793],[-79.553338867093387,42.361408969747096],[-79.553295013722234,42.361444747363258],[-79.553133143974136,42.361576807721285],[-79.553084090096206,42.361616827846895],[-79.552969384162651,42.361707583876431],[-79.552804802143001,42.361837801509729],[-79.552792424504432,42.361847594691554],[-79.552671673074599,42.361986120778418],[-79.552596671988013,42.362072161682512],[-79.552541241857753,42.362135978773942],[-79.552473695389608,42.362213745277401],[-79.552420236961254,42.362289876490735],[-79.552397979740206,42.362321573381273],[-79.552313454446775,42.362396402700277],[-79.552272888059903,42.362429960424258],[-79.552160322101571,42.362523078076421],[-79.552092884608825,42.362542047142561]]},"properties":{"FID":24,"retreatCat":0.10000000000000001,"sedimentCat":0,"CalSedi":2,"CalRetreat":2}},{"type":"Feature","id":25,"geometry":{"type":"LineString","coordinates":[[-79.522308482097472,42.376401099598795],[-79.522237473724772,42.376446412603791],[-79.522111776344715,42.376503221230834],[-79.521906036493164,42.37659620434129],[-79.521890497279955,42.376603227185818],[-79.521706841123901,42.376672591046962],[-79.521691967260239,42.37667820878746],[-79.521687887823902,42.376679749557724],[-79.521477216478999,42.376759315139047],[-79.521428152139208,42.376777845494786],[-79.521322102506659,42.376844881119837],[-79.521298822830161,42.376874625602625],[-79.521243953731386,42.376944731814575],[-79.521178099183714,42.377028873313762],[-79.521175906987509,42.377031674249778],[-79.52104647145029,42.377108254064623],[-79.520993399713774,42.377143072135361],[-79.520880750005716,42.377216976526945],[-79.520791561474141,42.377205505707543],[-79.520724432268025,42.377196871959427],[-79.520711969684271,42.377195269608642],[-79.520683091095236,42.377212159340921],[-79.520586210324808,42.377268821250929],[-79.520510061221785,42.37731335786124],[-79.520371284803431,42.377341930022055],[-79.520282998212323,42.377360106919376],[-79.520277219067253,42.377361296622375],[-79.5202763068406,42.37736258159255],[-79.520210551315571,42.377455202518945],[-79.520201110411165,42.377468500620324],[-79.519991756794141,42.377467802120485],[-79.519981745997953,42.377467768674265],[-79.519980609584493,42.37746848991182],[-79.5199676443263,42.377476718455625],[-79.519839796782904,42.377557853815297],[-79.519803735860378,42.377589069540768],[-79.519671000673725,42.377703969872954],[-79.519635469355748,42.377710799177187],[-79.519402048047951,42.377755663657403],[-79.519367233778524,42.377762355048844],[-79.519270280843514,42.377895969404605],[-79.519238165924875,42.377940227995261],[-79.519077896236155,42.377988767297353],[-79.518985354401067,42.378016794395684],[-79.518880519014743,42.378086642490366],[-79.518701411888458,42.378205974627164],[-79.518645259339365,42.378243386743591],[-79.518538671850834,42.378336987345172],[-79.518461852930542,42.378404446221346],[-79.518346437909273,42.378433338339995],[-79.518182314299196,42.378474423551317],[-79.518140623751194,42.378514017919372],[-79.517992538829361,42.378654656679295],[-79.517844453244237,42.378795295248707],[-79.517823089185796,42.378815584870956],[-79.517648236043698,42.378896598194828],[-79.517624482359977,42.378907603764709],[-79.517464094311791,42.378981916357588],[-79.517446049310038,42.378993415943761],[-79.51726341967516,42.379109800419947],[-79.517080789363391,42.379226184606324],[-79.516898158374573,42.379342568502892],[-79.516715526708779,42.379458952109552],[-79.516532894365938,42.379575335426317],[-79.516353155112768,42.379689874403994],[-79.516350854203438,42.379692128514939],[-79.51622963005147,42.379810886788377],[-79.5162056371924,42.379834391322163],[-79.51606041884385,42.379976653567525],[-79.516000217901663,42.380035628800663],[-79.515896430198339,42.380106360455152],[-79.515874144284155,42.380121548344498],[-79.515709419728296,42.380218809952957],[-79.515701259939362,42.380223627886032],[-79.515528220981267,42.380301585101023],[-79.515502681863694,42.380310196966199],[-79.515283259661956,42.380384186444033],[-79.515261203963703,42.380391623623971],[-79.51522366639918,42.380368903800175],[-79.515113405180443,42.380302168309619],[-79.515088941266001,42.380308410961703],[-79.514980885035996,42.380335984453993],[-79.514936838097356,42.380423880819379],[-79.514908748434053,42.380479934051124],[-79.51490781305499,42.380481798954285],[-79.514820264709712,42.380578597537394],[-79.514686270310307,42.380726748893643],[-79.514679490545475,42.380734244940626],[-79.514653229406079,42.380754597814679],[-79.514535250254383,42.380809582714868],[-79.514488120300129,42.380824805107544],[-79.514438028491739,42.380840984113327],[-79.514402201028872,42.380852556655007],[-79.514259861536772,42.380880929471282],[-79.514206210403287,42.380891623806917],[-79.514057621409194,42.38089679783284],[-79.514020781488483,42.380898080457953],[-79.513779843907656,42.380906468690732],[-79.513711096895491,42.380908862022487],[-79.513550116609409,42.380951855482124],[-79.513549071177309,42.380952294836185],[-79.513381068085437,42.381022899744508],[-79.513345295994014,42.381046447586314],[-79.513165218733533,42.381164987348143],[-79.512985140793063,42.381283526828156],[-79.51290272528442,42.381337778046785],[-79.512805062328027,42.381402066155218],[-79.512624983314112,42.381520605309092]]},"properties":{"FID":25,"retreatCat":0.10000000000000001,"sedimentCat":0,"CalSedi":2,"CalRetreat":2}},{"type":"Feature","id":26,"geometry":{"type":"LineString","coordinates":[[-79.427821739247804,42.428697672601025],[-79.427789262334286,42.428717920863292],[-79.427705861009684,42.428851183676791],[-79.427604631244321,42.429012932823575],[-79.427550367409111,42.429099637465264],[-79.427508390320824,42.429176275808224],[-79.427417913506957,42.429341460303817],[-79.427327436216146,42.429506644728356],[-79.427311571650392,42.429535608575144],[-79.427205880289492,42.429660120463858],[-79.427077715774303,42.429811106521825],[-79.426949550641666,42.429962092437059],[-79.426911416586904,42.43000701638411],[-79.426822049695957,42.430113384074858],[-79.426694829722024,42.430264805125042],[-79.426567609133386,42.43041622603463],[-79.426440387930029,42.430567646803446],[-79.426313166112067,42.43071906743166],[-79.426185943679386,42.430870487919186],[-79.42617320247156,42.43088565249154],[-79.426066757486197,42.431025412718576],[-79.425948465165817,42.43118072742287],[-79.425830172259154,42.431336042005576],[-79.425813811024028,42.431357523683346],[-79.425737851855914,42.431500451163153],[-79.425649699951379,42.431666320050581],[-79.425568832446956,42.431818481592344],[-79.425563006393006,42.431832563808804],[-79.425492506375363,42.432002969620576],[-79.425422005974198,42.432173375389098],[-79.425382951613571,42.432267772850857],[-79.42535107208397,42.432343682766188],[-79.425279599916848,42.432513867956658],[-79.4252081273616,42.432684053102811],[-79.425171855813076,42.432770419852652],[-79.425134552228954,42.432853741436773],[-79.425115769273404,42.432895695108243],[-79.425058303467154,42.433022793559473],[-79.425056899730919,42.433025898228706],[-79.424982899770441,42.433146888155498],[-79.424952836759786,42.43318273009114],[-79.424825768744128,42.433334223481502],[-79.424698700114192,42.433485716731539],[-79.424571630869906,42.433637209841237],[-79.42444456101137,42.43378870281061],[-79.42443592008739,42.43379900450779],[-79.424328305126977,42.433944835112804],[-79.424212837726799,42.434101305806983],[-79.424206084211818,42.434110457515352],[-79.424163756218789,42.434275275213153],[-79.424132480687732,42.434397056017531],[-79.424117647956251,42.43445016367145],[-79.424114943879644,42.434459845436351],[-79.424091426942269,42.434544051497049],[-79.424056423508517,42.434622204062357],[-79.423980654243522,42.434791374259319],[-79.423904884569524,42.434960544406366],[-79.423863591732726,42.43505273807915],[-79.423840198546131,42.435131951499599],[-79.423788787437161,42.435306037783562],[-79.423737376042652,42.435480124044524],[-79.423705601866018,42.435587715410207],[-79.423689638784495,42.435654743917041],[-79.423647846637692,42.435830227214005],[-79.423617322689523,42.435958395234465],[-79.423601409054754,42.43600497804141],[-79.423542388213392,42.436177744765274],[-79.423483367046501,42.436350511458755],[-79.423453851311308,42.436436909516885],[-79.423405341648447,42.436518469257628],[-79.423352898606353,42.436606641962939],[-79.423335794283417,42.436658416681411],[-79.423326619202555,42.43668619159169],[-79.423323703756978,42.436695017256866],[-79.423320841731694,42.436703680069556],[-79.42319562727333,42.436834506087131],[-79.423155975972165,42.436875934242352],[-79.423130265266153,42.436909786986334],[-79.423082313404024,42.436991060380215],[-79.423074182042399,42.437004842165351],[-79.423073125116645,42.437048843248839],[-79.42307026202981,42.437167958199986]]},"properties":{"FID":26,"retreatCat":0.10000000000000001,"sedimentCat":0,"CalSedi":2,"CalRetreat":2}},{"type":"Feature","id":27,"geometry":{"type":"LineString","coordinates":[[-79.420378695558512,42.446690815018378],[-79.420298449200686,42.446846184588388],[-79.420297293669634,42.446858056432781],[-79.420279995895854,42.44703577199558],[-79.420262698023819,42.447213487555892],[-79.420255496872855,42.447287470727481],[-79.420185559371916,42.447377762812316],[-79.420144165627391,42.447431203634039],[-79.420125922834785,42.447547043609163],[-79.420122449865403,42.447569096581411],[-79.420029157095982,42.447680830334861],[-79.420020046945126,42.447704633290556],[-79.419954421016087,42.447876099826011],[-79.419888794727768,42.448047566324078],[-79.419860728149729,42.448120897582477],[-79.419829450899783,42.448220225327709],[-79.419774801576054,42.448393775427242],[-79.419724041129541,42.448554974717162],[-79.419721491506891,42.448567514175252],[-79.419685664751725,42.448743715435768],[-79.419653536771449,42.448901724724088],[-79.419650385586536,42.448919972752243],[-79.41961986416932,42.449096717039986],[-79.419602587805073,42.449196761053415],[-79.419580565270081,42.449272354636541],[-79.41952981743357,42.449446548712324],[-79.419479069314875,42.449620742765731],[-79.419447607477565,42.449728735728655],[-79.419434908698292,42.449795797671143],[-79.419429663022129,42.449823499916263],[-79.419418632502612,42.449881745887602],[-79.41938590103868,42.449969887026612],[-79.419322087810016,42.450141726161263],[-79.419294300917855,42.450216551649291],[-79.419258274548767,42.450313565324699],[-79.419199532129127,42.450471749290891],[-79.419195489798838,42.450485590114752],[-79.419164229321424,42.450592624888507],[-79.419144622085682,42.45065976530929],[-79.419135571532038,42.450690756776723],[-79.419069868371622,42.450828971660975],[-79.418989943711395,42.450997102390843],[-79.418910018622,42.451165233065204],[-79.418832189837516,42.451328953025197],[-79.418830298138545,42.451333413868625],[-79.418758187972443,42.451503457431677],[-79.418686077414648,42.451673500949518],[-79.418616104484258,42.451838502814134],[-79.418613552592589,42.451843438509364],[-79.418539059645582,42.4519875173361],[-79.418527624395054,42.452009949467097],[-79.418442611247954,42.452176716245084],[-79.418424720116803,42.452211812416657],[-79.418352963091323,42.452342145554624],[-79.41826207913914,42.452507218314089],[-79.418171194707867,42.452672291001697],[-79.41816363741529,42.452686017211199],[-79.418078217699019,42.452836727337534],[-79.418055664261061,42.452876519324391],[-79.418036089257399,42.452911061692738],[-79.417996374783726,42.452981130037017],[-79.417980069943937,42.452999133422288],[-79.417884355095183,42.453104819044057],[-79.417876923905027,42.453155587673265],[-79.417869856207574,42.453203872905348],[-79.417809318364846,42.453232996683845],[-79.417722712098765,42.453274663054287],[-79.417661541996722,42.453304091985316],[-79.417589711012454,42.453416519603643],[-79.417584147437154,42.453425227519631],[-79.417687865200421,42.453561843110826],[-79.417695785430851,42.453572275725861],[-79.417716752635897,42.453599893940954],[-79.417701784224406,42.453635947598706],[-79.417676824004204,42.453650956955393],[-79.417562174075812,42.453659799828316],[-79.417491252129182,42.4536652699326],[-79.417404603087462,42.453713877486138],[-79.417362451885552,42.453746744366818],[-79.417285673369832,42.453806611340866],[-79.417318795202576,42.453875916287537],[-79.417328338189691,42.453897039097612],[-79.41733269564044,42.453906684039438],[-79.417343101058208,42.453926013920331],[-79.417340167925985,42.453949226547884],[-79.417336152411139,42.453981023144884],[-79.417330527122459,42.453988162806638],[-79.417325101471945,42.453995047135741],[-79.417305570299362,42.454000421693344],[-79.417285146391194,42.454006042218367],[-79.41722536791525,42.454009910540648],[-79.417223058688478,42.454010059972319],[-79.417221449751494,42.45400974577565],[-79.417189172216268,42.454003437349598],[-79.417117203985612,42.453973893263758],[-79.417068770684679,42.453956959253738],[-79.41700067577915,42.453959139658664],[-79.416852815748442,42.45396387401086],[-79.416763077889968,42.453983211976045],[-79.416691205725655,42.453998699933187],[-79.416650920898093,42.454013075053481],[-79.416552257884604,42.454048280370984],[-79.416541480849958,42.454052604046446],[-79.416429116899195,42.454097683628916],[-79.416365415538564,42.454123240209142],[-79.416329612032087,42.454138094825083],[-79.416321709437426,42.45414137355197],[-79.416216383253115,42.454185069857033],[-79.416205311511547,42.454184701070254],[-79.416155685040167,42.454183043240739],[-79.416104911518516,42.454181347140945],[-79.416096339315743,42.454181060782538],[-79.416083232233035,42.454181778108563],[-79.415987211195954,42.454187032042562],[-79.415894012906335,42.45416657402248],[-79.415868859933923,42.454161052272937],[-79.415858404991326,42.454158757131793],[-79.41579411873154,42.454156605138365],[-79.415748011383386,42.454145824215189],[-79.415717106492821,42.454138597920512],[-79.415669680718054,42.4540861623449],[-79.415575789650418,42.45398235281921],[-79.415520175178017,42.453948223371235],[-79.415448289564821,42.453904108566803],[-79.415481005940293,42.453824022256242],[-79.415472696718268,42.453799227768442],[-79.415456573501103,42.453751116478379],[-79.415376012746592,42.45368008832471],[-79.415367359495505,42.453644663733627],[-79.415342070941946,42.453541137477437],[-79.415295665335734,42.453476688835728],[-79.415263633612682,42.453432202720577],[-79.415161369219561,42.453329055379868],[-79.415047255093313,42.453213955487314],[-79.41501628458316,42.453186702492076],[-79.414897178129934,42.453081892567248],[-79.414866377570576,42.453047292420059],[-79.414733808421417,42.452898368877584],[-79.414601239902765,42.452749445182427],[-79.414592931903229,42.452740112183875],[-79.41445541302356,42.452632426386529],[-79.414437707950157,42.4526185622383]]},"properties":{"FID":27,"retreatCat":0.10000000000000001,"sedimentCat":-1,"CalSedi":1,"CalRetreat":2}},{"type":"Feature","id":28,"geometry":{"type":"LineString","coordinates":[[-79.388047667848255,42.463884601378822],[-79.387820367678103,42.463944844045059],[-79.387593067070611,42.464005086262141],[-79.387552815299898,42.464015754260622],[-79.387366635224282,42.464067077786495],[-79.387140389974363,42.464129445401923],[-79.386966262307951,42.464177445700948],[-79.38692368010129,42.464203862454532],[-79.386738829110243,42.46431853815298],[-79.38670531530731,42.464339328977779],[-79.386511877644182,42.464309075646469],[-79.386456684962297,42.464300443537134],[-79.386428538193641,42.464296041224486],[-79.386286944912101,42.464344928620037],[-79.386068192137543,42.464420456099511],[-79.386032699476019,42.464432710384827],[-79.38586028631866,42.464510832375396],[-79.385762319969061,42.464555221629176],[-79.38565448091137,42.464604084355308],[-79.385448675026595,42.464697336129966],[-79.385242868528707,42.464790587536385],[-79.38503706141762,42.464883838574565],[-79.384831253693505,42.464977089244684],[-79.384625445356292,42.465070339546564],[-79.384419636405966,42.465163589480206],[-79.384373338435978,42.465184566528663],[-79.384228736769785,42.465272263792066],[-79.384042164053653,42.465385414807201],[-79.383855590663146,42.465498565519738],[-79.383669016598148,42.465611715929668],[-79.383514253425119,42.465705573646375],[-79.383481202834588,42.465723697204588],[-79.383287360546319,42.465829991786258],[-79.383177144526812,42.465890429095104],[-79.383093517460466,42.46593628590314],[-79.382899673532805,42.466042579511281],[-79.382883340894182,42.466051535422494],[-79.382734948225547,42.466172526222891],[-79.382668448100489,42.466226746365315],[-79.382544749239557,42.46627880501746],[-79.382502829361329,42.46629644694378],[-79.382425536377937,42.466328975568459],[-79.3823461601947,42.466378869539639],[-79.382162316602887,42.466494428710583],[-79.382009442970471,42.466590520443816],[-79.381980224398902,42.46661140953703],[-79.381974947876756,42.466615181853534],[-79.381843962387094,42.466708822604595],[-79.381801599990752,42.466730791303277],[-79.381653002216666,42.466807852320045],[-79.381609647514878,42.466838333690632],[-79.381434804367188,42.466961260116292],[-79.381377079425036,42.467001844446678],[-79.381259961922666,42.467084187352057],[-79.381259008465449,42.467084857706851],[-79.381093418096384,42.467213231354123],[-79.381019056869604,42.467270879517784],[-79.380919695120198,42.46733682916895],[-79.380740141233957,42.467456004400589],[-79.380560586664075,42.467575179351918],[-79.380381031410479,42.467694354023116],[-79.380201475473243,42.467813528414005],[-79.380148669277915,42.467848576662306],[-79.380026927355857,42.467936635616034],[-79.379854465175953,42.468061381146384],[-79.37968200230867,42.468186126418189],[-79.379597200854192,42.468247464449199],[-79.379506735194866,42.468308691171643],[-79.379381567897454,42.468393403480988],[-79.379330392189786,42.468430419490446],[-79.379157927936589,42.468555164484513],[-79.378985462996042,42.468679909220121],[-79.378812997368044,42.468804653697092],[-79.378670605072216,42.468907645547965],[-79.378642070117735,42.468930498263596],[-79.378478429249768,42.469061552445943],[-79.378336952484261,42.469174855552843],[-79.378314787655626,42.469192606367614],[-79.37815114511406,42.469323659878413],[-79.377987501887276,42.469454713156424],[-79.377942599506085,42.469490672981848],[-79.37789159916764,42.469512700826819],[-79.377885076205118,42.469512881089827],[-79.377875979794382,42.469513132309402],[-79.377813790364328,42.469571402342027],[-79.377664377018988,42.469711398549897],[-79.377632087149806,42.469741653164263],[-79.377493097997089,42.4698365016718],[-79.377405572870117,42.469896230039296],[-79.377325095627114,42.469964170298404],[-79.377166163925096,42.470098342549136],[-79.377007231541668,42.47023251458031],[-79.376848298476915,42.470366686392019],[-79.376755298957619,42.470445196520906],[-79.37669503268458,42.470504250617182],[-79.376628804181195,42.470569146856498],[-79.376505705776836,42.470603112463273],[-79.376382804319647,42.470637023559689],[-79.376282616987965,42.470671111267812],[-79.376104133997359,42.470731837959754],[-79.376077389234425,42.470758528366439],[-79.375936153043682,42.470899477027451],[-79.375932478030848,42.470900515429435],[-79.375823158088238,42.470931404515568],[-79.375706909770159,42.470964250987599],[-79.375697666298038,42.470966862764705],[-79.375497892271028,42.471040116755404],[-79.375490921497828,42.47104377646891],[-79.375329258092052,42.471128650853586],[-79.375297499843754,42.471150166101218],[-79.37514118219444,42.471256066212476],[-79.375124531680058,42.471267345627567],[-79.375117864008573,42.471267839820342],[-79.375016606669789,42.471275344737826],[-79.374996528478945,42.471276721313217],[-79.374906144402374,42.471282917431679],[-79.374885774741216,42.471297984530537],[-79.374715209761291,42.471424148176375],[-79.374566329142439,42.471534271693528],[-79.374544643983526,42.471550311488265],[-79.374374076761669,42.47167647399084],[-79.374315086178669,42.471720107048007],[-79.374299355069184,42.471731605067703],[-79.374202845414075,42.471802145326137],[-79.374031262715093,42.471927556931057],[-79.37385967932849,42.472052968280011],[-79.373688095254337,42.472178379373076],[-79.373516510492465,42.472303790210255],[-79.373344925043071,42.472429200791467],[-79.373173338905943,42.472554611116792],[-79.373001752081279,42.472680021186051],[-79.372862113572083,42.472782080182149],[-79.372833959844471,42.472807952217067],[-79.372682754854964,42.47294690245478],[-79.372531549193994,42.473085852493632],[-79.372380342861646,42.473224802333888],[-79.372229135858021,42.47336375197537],[-79.372077928182833,42.473502701418077],[-79.371926719836281,42.47364165066201],[-79.371775510818352,42.473780599707169],[-79.371654459990154,42.47389183518986],[-79.371627053967813,42.473921062600041],[-79.371489645757492,42.474067602367121],[-79.371352236903775,42.474214141970059],[-79.371214827406476,42.474360681408868],[-79.371077417265795,42.474507220683535],[-79.370940006481533,42.474653759794158],[-79.370802595053775,42.474800298740561],[-79.370785542402757,42.474818484050353],[-79.370659336548187,42.474943745382859],[-79.37051524905398,42.475086753746943],[-79.370371160901286,42.475229761930549]]},"properties":{"FID":28,"retreatCat":0.10000000000000001,"sedimentCat":0,"CalSedi":2,"CalRetreat":2}},{"type":"Feature","id":29,"geometry":{"type":"LineString","coordinates":[[-79.361204909747542,42.481197091229511],[-79.361094103090537,42.481310639509353],[-79.361074538358125,42.481346091481647],[-79.360983464485145,42.481511119918515],[-79.360892390131838,42.48167614828327],[-79.360871178326107,42.481714584321089],[-79.360814940073837,42.481844815137173],[-79.360741626372317,42.48201458668386],[-79.360668312272907,42.482184358183829],[-79.360594997775678,42.482354129637173],[-79.360538565967659,42.482484805861858],[-79.360523356056277,42.482524272787316],[-79.360457306574929,42.482695658454311],[-79.3604433077642,42.4827319825432],[-79.360390136318017,42.48286680650444],[-79.360330980537469,42.483016803907027],[-79.360324996134992,42.483038316351212],[-79.360276442369184,42.483212854552256],[-79.360227888332389,42.48338739273288],[-79.360179334024707,42.483561930892982],[-79.360166209837374,42.483609108235989],[-79.360128942450146,42.483736183576553],[-79.360077870127952,42.483910330498503],[-79.360051751980038,42.483999388040289],[-79.360041456027858,42.484086113000835],[-79.360020383878236,42.484263607374785],[-79.360009136628349,42.484358344499242],[-79.359988311754435,42.484439986437167],[-79.359943647229827,42.484615088727075],[-79.359925685784958,42.484685504288457],[-79.359912097029508,42.484791554661477],[-79.359904827340387,42.484848289159643],[-79.359902167566119,42.484969459404944],[-79.359898651799426,42.485129625019852],[-79.359892462140053,42.485147022946414],[-79.359831148362531,42.485319363487896],[-79.359769834247331,42.485491703996608],[-79.359737126750971,42.485583637182117],[-79.359707675950148,42.485663878626092],[-79.359644552504662,42.485835863601778],[-79.359581428711977,42.486007848542819],[-79.359526081353721,42.486158645268326],[-79.359520358790235,42.486180186378199],[-79.359473908481121,42.486355035990947],[-79.359427457912318,42.48652988558495],[-79.359415251378309,42.486575833350543],[-79.359353473130639,42.486699032000935],[-79.359269673296012,42.486866145438775],[-79.359185873013558,42.4870332588156],[-79.359119745735512,42.487165128255683],[-79.359104898597138,42.487201074233695],[-79.359034498781384,42.487371516606622],[-79.358964098582121,42.487541958936383],[-79.35889369799915,42.487712401223156],[-79.358871822302788,42.487765362855129],[-79.358817567881573,42.487881472668803],[-79.358738854578576,42.488049926090589],[-79.358716954456682,42.488096794115165],[-79.358650298489536,42.488215630860587],[-79.358557947946153,42.48838027604554],[-79.358543074378261,42.488406792978985],[-79.358472570833754,42.488546937820409],[-79.35838853207558,42.488713986678533],[-79.358345133345537,42.488800252552529],[-79.358308970236763,42.488882184669357],[-79.3582617167433,42.488989243120884],[-79.358232479322453,42.489051185213135],[-79.358153052749586,42.489219456857754],[-79.358149504105185,42.489226974926765],[-79.358084050839523,42.489390201374682],[-79.358015536111239,42.489561061503572],[-79.357990411070617,42.48962371738876],[-79.357935787958894,42.489729118905608],[-79.35784953484135,42.489895553346059],[-79.357763281264809,42.490061987721852],[-79.357677027229244,42.490228422032899],[-79.357590772734582,42.490394856279281],[-79.35756472354592,42.490445119874082],[-79.357495079426641,42.490537505158748],[-79.357482781479007,42.490553819299272],[-79.357469921380599,42.490570879163997],[-79.357472366284071,42.490584479358652],[-79.357478993162232,42.490621345105374],[-79.357442876363876,42.490645466245752],[-79.35737517554773,42.490690681751666],[-79.35737066879463,42.490693658373104],[-79.35729291425821,42.490745013636612],[-79.357318173165098,42.490816195509453],[-79.357304795354764,42.490841997107466],[-79.357274791028985,42.490899865953629],[-79.357180287818835,42.490919035432874],[-79.357147935803553,42.490955942152247],[-79.357112378322952,42.490996505559991],[-79.357044976917066,42.491066851915221],[-79.357044675233141,42.491070898001794],[-79.357041713827797,42.491110527171074],[-79.357039110588047,42.491145363371665],[-79.356985618427217,42.491209337247199],[-79.356971496622862,42.491272409739139],[-79.356970067153171,42.491276476891883],[-79.356951342322063,42.491329753066999],[-79.356892788421391,42.4913568244516],[-79.356847259075238,42.491377872365057],[-79.3568333756062,42.491398601345722],[-79.356823694917949,42.491404765979681],[-79.356743394558777,42.491455900934973],[-79.356709309137813,42.491477606190699],[-79.356681874360063,42.491505554101089],[-79.356660194193964,42.491527640174944],[-79.356656247654954,42.491531660516337],[-79.356653299449277,42.491534663854715],[-79.356646295359795,42.491549301924408],[-79.356630354184475,42.491582624351537],[-79.356585307145039,42.491620626545725],[-79.35654510135133,42.4916414268544],[-79.356504114677449,42.491662632094545],[-79.356469402670669,42.491680590992914],[-79.356436642939471,42.491718688491225],[-79.356362721167656,42.491804660412186],[-79.356346410844253,42.491823629478681],[-79.356345427425225,42.491824773163202],[-79.356348264921152,42.49195591014341],[-79.356345159533916,42.491971637341443],[-79.356343730361402,42.491978873065641],[-79.356340167000866,42.491996913914193],[-79.356314135835191,42.492015492975945],[-79.356235154711328,42.492071862705274],[-79.356205196880353,42.49210991873214],[-79.356196309074932,42.492114805544247],[-79.356145201478554,42.492142906178337],[-79.356006235555427,42.492187901889316],[-79.355987228435907,42.492201099972384],[-79.355967965134028,42.492214475933345],[-79.355957255586191,42.492221912408517],[-79.355938225888465,42.492278907663611],[-79.3559041753428,42.492315859552093],[-79.355855998226716,42.492342565932489],[-79.355828943425564,42.492357563403488],[-79.355823496038497,42.49239769490552],[-79.355818731360685,42.492432807256499],[-79.355765231975766,42.492475426004589],[-79.355746162148179,42.49248896795082],[-79.355700826197364,42.492521162070723],[-79.355681779855615,42.492572184048122],[-79.355681814402558,42.492604255320067],[-79.355681847485698,42.492636108734374],[-79.355674823836836,42.492650099112474],[-79.355666778426098,42.492666124725666],[-79.355632822076629,42.49268515496243],[-79.355617875770392,42.49271516471827],[-79.355624784915733,42.492812697935236],[-79.355629849061458,42.492884185951631],[-79.355630014091844,42.492888601603298],[-79.355623819387461,42.492895988716178],[-79.355614958322775,42.492906554672373],[-79.355582375946327,42.492916248754888],[-79.355552312199109,42.492925193031141],[-79.355518422015649,42.492935277625548],[-79.355515919155323,42.492936024614771],[-79.355514001728395,42.492936598407255],[-79.355513444142417,42.492937269291758],[-79.355494916494919,42.492959561648519],[-79.355489209081796,42.492975412585167],[-79.355471763380734,42.49302386695031],[-79.355446887621952,42.493075905861623],[-79.355414527931288,42.493094610099959],[-79.355401860587847,42.49310193195091],[-79.35539450189269,42.493103899116804],[-79.35531585999675,42.493124923707938],[-79.355283849467597,42.493144826606645],[-79.355263565052027,42.493157438387776],[-79.355213368895463,42.493188646586383],[-79.35518724065011,42.493204891145055],[-79.355179006486892,42.493223215941761],[-79.355165217710905,42.493253899350819],[-79.355171373093512,42.493280306260985],[-79.355188498067747,42.493353779447276],[-79.355189068808713,42.493356228157758],[-79.355161992659575,42.493404261183137],[-79.355131172285681,42.493417881986197],[-79.355110056702884,42.493427214223139],[-79.355034652882537,42.493483371224499],[-79.354984258349276,42.493520902473541],[-79.35494627990613,42.4935237302766],[-79.354922214434652,42.493561775997215],[-79.354900515234348,42.493596077730935],[-79.354911876184659,42.493611308886564],[-79.354935379368683,42.493642818604862],[-79.354938002453636,42.493772278908494],[-79.354928765087735,42.493783042434657],[-79.354899640793036,42.493816978498835],[-79.354890265671102,42.493827904368558],[-79.354845213510529,42.493865903201083],[-79.354762394185713,42.493908773219907],[-79.35472663581416,42.493927282897786],[-79.354650149006602,42.493966875159877],[-79.354567113464697,42.494000315728854],[-79.3545584391143,42.494003809349984],[-79.354481267033393,42.494034890595735],[-79.354378664526195,42.494027299284959],[-79.354328287920723,42.494030714864863],[-79.354278543953029,42.494034087529236],[-79.354165666782308,42.494096623866056],[-79.354116125733,42.494103837703229],[-79.354102233292465,42.494105860623549],[-79.354094378418296,42.494105277854956],[-79.353875895621911,42.494089069385545],[-79.353644244839089,42.494071883567266],[-79.353635881238688,42.494073066030374],[-79.353635581954364,42.494073108303134]]},"properties":{"FID":29,"retreatCat":0.10000000000000001,"sedimentCat":0,"CalSedi":2,"CalRetreat":2}},{"type":"Feature","id":30,"geometry":{"type":"LineString","coordinates":[[-79.325928166765223,42.493042226297064],[-79.325734201367439,42.493148482716819],[-79.325540235310527,42.493254738809455],[-79.3253462685946,42.493360994575148],[-79.325152301219632,42.493467250013644],[-79.324958333185563,42.493573505125106],[-79.32481279679125,42.493653229076727],[-79.324764788543462,42.493680175683451],[-79.324572517492115,42.493788095297937],[-79.32438024577722,42.493896014591172],[-79.32428374728002,42.493950177520603],[-79.324203151301504,42.494016094969524],[-79.3240413489102,42.494148428536477],[-79.323879545834018,42.494280761875871],[-79.323717742073228,42.494413094987721],[-79.323621635437959,42.494491696558569],[-79.323561389498082,42.494548796084921],[-79.323413011585188,42.494689424211309],[-79.32326463300501,42.494830052146384],[-79.323219294658955,42.494873022052154],[-79.323128053574933,42.494976865222569],[-79.322996665481909,42.495126399715801],[-79.322876546876614,42.49526310750187],[-79.32286247168787,42.495274326629186],[-79.322698380272215,42.495405121075926],[-79.322550857731628,42.495522708090363],[-79.322538440184204,42.49553819555927],[-79.322428775387579,42.49567497178375],[-79.322416740962652,42.495692092682937],[-79.32230554757065,42.49585028261005],[-79.322194353616069,42.496008472429608],[-79.322083159099009,42.49616666214169],[-79.322075625109136,42.496177380260441],[-79.321969635930188,42.496323949340777],[-79.321855942986417,42.496481170841484],[-79.321742249470844,42.496638392229841],[-79.321641868301768,42.496777203853014],[-79.321625566405316,42.496794256533704],[-79.321486345375504,42.496939888918696],[-79.321347123697322,42.497085521135297],[-79.321207901370585,42.497231153183314],[-79.321124233868233,42.497318672285239],[-79.321084078662679,42.497358850912065],[-79.321065990243383,42.497375316642085],[-79.320942730854995,42.497487518279222],[-79.320914223726689,42.497508405443845],[-79.320910229834624,42.497511332059062],[-79.320871734428479,42.497539540421108],[-79.320762688436332,42.497595523706224],[-79.320740897503626,42.49763235821225],[-79.320705725619021,42.497691811234489],[-79.320601806783003,42.49777529024459],[-79.320592411907725,42.497782837223546],[-79.320523929143192,42.497866206857765],[-79.320485549775427,42.497930736627026],[-79.320467998957113,42.497960245929846],[-79.320380599377984,42.498091201462401],[-79.320273904000643,42.498251068102945],[-79.320167208077706,42.498410934644554],[-79.320060511609341,42.498570801087212],[-79.319953814595266,42.498730667430841],[-79.319942811574904,42.49874715343185],[-79.319837751022831,42.498886923885017],[-79.319720609955496,42.499042765163743],[-79.31960346830418,42.499198606323276],[-79.319486326068983,42.499354447363437],[-79.31936918324989,42.49951028828432],[-79.319323575985607,42.499570961654911],[-79.31929389559707,42.499646088669387],[-79.319282305471845,42.499675425651652],[-79.31927064039894,42.499704952313039],[-79.319258065105075,42.499745075613362],[-79.319229076109067,42.499837571725998],[-79.319223281327794,42.499848039116777],[-79.319160776143832,42.499960944981702],[-79.319154939548085,42.500017004886331],[-79.319143346130929,42.500128358171501],[-79.319126617378672,42.500193696758842],[-79.319104120169698,42.50028156536785],[-79.319160932680745,42.500345845033621],[-79.319160425381469,42.500357869658735],[-79.319158992452415,42.500391834663326],[-79.31914397523694,42.500422833107933],[-79.319134728514086,42.50053216995844],[-79.319133184176181,42.500533467618908],[-79.319062154478502,42.50059315164561],[-79.319083663734574,42.500624203670824],[-79.319114034172728,42.500668050261538],[-79.319116544546063,42.500682604851605],[-79.319127158489209,42.500744142075277],[-79.319174151734245,42.500808509079448],[-79.319188933886537,42.500850147769548],[-79.31919282347404,42.500861104034954],[-79.319152359519094,42.500916232153557],[-79.31903098559458,42.500953570750745],[-79.319030527362557,42.50095371233509],[-79.319030766148259,42.500954777630945],[-79.319032039992308,42.500960457462838],[-79.319061124445824,42.501090139309341],[-79.319057545222321,42.501136795400512],[-79.31905298659872,42.50119621812059],[-79.318994855194134,42.501305611283648],[-79.318994084922195,42.50130663031846],[-79.318924047936306,42.501399285910459],[-79.318868468000801,42.5014586111566],[-79.31882038890987,42.501509929993425],[-79.31878050804859,42.501557985255857],[-79.318723596087764,42.501600123937024],[-79.318697382186841,42.501619533171421],[-79.318634082451695,42.501672222031722],[-79.318564185832358,42.501733933699761],[-79.318463926058456,42.501822452685325],[-79.31840192435628,42.501865588310267],[-79.318371968244293,42.501886429246888],[-79.318267991720731,42.501938433498815],[-79.318216362413679,42.501978375822574],[-79.318175006212272,42.502010370441702],[-79.318174884455715,42.502010466651853],[-79.318144662089239,42.502051472706228],[-79.318118916501263,42.502086408288392],[-79.318099940922295,42.502131715648744],[-79.318074931231536,42.502191430352504],[-79.317959956699056,42.502270144997439],[-79.317942671105655,42.502281979150652],[-79.317876700218235,42.502327143988474],[-79.317863684366287,42.502334948190473],[-79.317777355438366,42.502386714552692],[-79.317706684489181,42.502429091637197],[-79.317570006947463,42.50247567868653],[-79.317350643168766,42.502550449163273],[-79.317342439866991,42.502553245259513],[-79.317253020418704,42.502563767806883],[-79.31714712441358,42.50257156081463],[-79.317111504371198,42.502570276129831],[-79.31703112740523,42.502567377185457],[-79.316908550832508,42.502517212484264],[-79.316887559421147,42.502516660142447],[-79.316646039550108,42.502510304813114],[-79.316577019091156,42.502508488522444],[-79.316512961231695,42.502513288109661],[-79.316476277701526,42.50256351878572],[-79.31646166187592,42.502583540717211],[-79.316430646551382,42.502626027950235],[-79.316414234653678,42.502648511124754],[-79.316387585900699,42.502736317269957],[-79.31638331663504,42.50275038377125],[-79.316376349243669,42.502773340121671],[-79.316303413083531,42.502892615307665],[-79.31627532069912,42.502904368979834],[-79.316272241917531,42.502905657121516],[-79.31617198554757,42.50294760118512],[-79.316112285893638,42.502990263544184],[-79.31609496657947,42.503016615099256],[-79.316059203362286,42.503071029207319],[-79.315945736199069,42.503103837798719],[-79.315911638662541,42.50311582885567],[-79.315847097949415,42.503138525802832],[-79.315744570173806,42.503192421684723],[-79.315713326015796,42.503215519857967],[-79.315605939481017,42.503294908353567],[-79.315524836915642,42.503316875649368],[-79.315521791118954,42.503317589473482],[-79.315328132021136,42.503362975932873],[-79.315298467494387,42.503381031577582],[-79.315122902071479,42.50348789105778],[-79.315109543729307,42.503491003577714],[-79.31490559578171,42.503538523618772],[-79.314877916045972,42.503540315756673],[-79.314729310384948,42.503549937186641],[-79.314636810663728,42.503550114539614],[-79.314530271897382,42.503550318717892],[-79.314522859612737,42.503550199459241],[-79.314408210716138,42.503548350698452],[-79.314395298853441,42.503546963874108],[-79.3141561460113,42.503521276913375],[-79.314063247433751,42.503511298710663],[-79.313918393765405,42.503489657230681],[-79.313681531288125,42.503454268992115],[-79.313628262254142,42.503446310304277],[-79.313484239687384,42.503406363512532],[-79.313451090650005,42.503403078071457],[-79.313282210884367,42.503386340040585],[-79.313210942057694,42.503387183737523],[-79.313202209750997,42.503387287109589],[-79.313198743830824,42.503387743116733],[-79.312978095091097,42.503362712413974],[-79.312972480386662,42.503364611237032],[-79.312853271453548,42.503404926121881],[-79.312751452048104,42.503436622249382],[-79.312675204245451,42.503460357920588],[-79.312570905968414,42.503483633002894],[-79.312544938705585,42.503491436186863],[-79.31252466065115,42.503497529392178],[-79.312370456972175,42.503543864780063],[-79.31230113907381,42.503565278773841],[-79.312178593613453,42.503603135924941],[-79.312093956040769,42.503653547915611],[-79.311942295568414,42.503743879853097],[-79.311906106499336,42.503765647990704],[-79.311824282252147,42.503814866110325],[-79.311753397857345,42.503900498557059],[-79.311718348974438,42.503942839530986],[-79.311582488164987,42.504023451363842],[-79.311577560400664,42.504026375203146],[-79.311394210578399,42.504135161991258],[-79.311295263104725,42.504193870129697],[-79.311199845098074,42.504240752982405],[-79.311183327590882,42.504248868708451],[-79.310985225856669,42.504300947347808],[-79.310974785955722,42.504304521584274],[-79.310755588233889,42.504379566474931],[-79.310732633085607,42.504387425402484],[-79.310653550272605,42.504396437648985],[-79.310648565085316,42.504395780575571],[-79.310585521003546,42.504387476787514],[-79.310524575363715,42.504366531300391],[-79.310305527175061,42.504291249552175],[-79.310231846635347,42.504265927136366],[-79.310133811832145,42.504232978481632],[-79.310081716817876,42.504227381284437],[-79.310002889173475,42.504218911830854],[-79.309854948732678,42.504170209884819],[-79.309755526312429,42.504137479906092],[-79.309634270526757,42.504097562691491],[-79.30962877951066,42.504095755053363],[-79.309479290205459,42.504014605185205],[-79.309453833765929,42.504000786077746],[-79.309440209355884,42.503991658278878],[-79.309283897043642,42.503886935100482],[-79.309253849863865,42.503890640550736],[-79.309138558761163,42.503904858295677],[-79.309088885435173,42.503879279109348],[-79.30902640787339,42.503868405143002],[-79.309006029120027,42.503864858295472],[-79.308969843215365,42.503863177935798],[-79.308899091618329,42.503859884348088],[-79.308787940447047,42.503842625304202],[-79.308738089632016,42.503834884660343],[-79.308663210375713,42.503869109096073],[-79.308582017517224,42.503915391092534],[-79.308502114478912,42.503960937735968],[-79.30843261177354,42.503980230213003],[-79.308378421544262,42.503972803676994],[-79.308371387975953,42.503979317217102],[-79.308292682832743,42.504052203158743],[-79.308241087538221,42.504128230182793],[-79.308231297469106,42.5041426560838],[-79.308086107082204,42.504264313831321],[-79.308065919572229,42.504281229272458],[-79.307975611352475,42.504357157133526],[-79.307914424222631,42.504388025566136],[-79.307848037682447,42.504421516989638],[-79.307695966000097,42.504461026568002],[-79.307468025048109,42.504520247188672],[-79.307454705188135,42.504523707762104],[-79.30733367567862,42.5045526664126],[-79.307236002253006,42.504569524313013],[-79.3070148106803,42.504607700431364],[-79.307001559100016,42.504612056763818],[-79.306780828077933,42.504684619698232]]},"properties":{"FID":30,"retreatCat":0.10000000000000001,"sedimentCat":0,"CalSedi":2,"CalRetreat":2}},{"type":"Feature","id":31,"geometry":{"type":"LineString","coordinates":[[-79.242108006332444,42.530962238823427],[-79.24210781245047,42.530953093988934],[-79.24198324019369,42.530901910160914],[-79.241932398219944,42.530910061766527],[-79.24189847799083,42.530915499777549],[-79.241749204626942,42.530939430800487],[-79.241741166790675,42.530940544707853],[-79.241661719891582,42.530951555922549],[-79.241569146356341,42.530964386394082],[-79.241427306420192,42.530994441069538],[-79.24133509461879,42.531013979856219],[-79.241189434115313,42.531019248055784],[-79.241092762944959,42.531022744323501],[-79.240947940770525,42.531027981016003],[-79.240877905834807,42.531030513376194],[-79.240709570623252,42.531055307602067],[-79.240628131170837,42.531067302787712],[-79.240556167581516,42.531077902140126],[-79.240488835679869,42.531087818586634],[-79.240474115337506,42.531093604619443],[-79.240451646670934,42.531102436231862],[-79.240267176639151,42.531174942346219],[-79.240260143727383,42.531176238184145],[-79.240025580055956,42.531219457062576],[-79.239974164882156,42.531228930350863],[-79.23980923559219,42.531296625021],[-79.239703431053115,42.531340051935068],[-79.239597761375038,42.531382998867919],[-79.239386041747778,42.531469046816063],[-79.239362547711295,42.531478595318852],[-79.239164059282132,42.53153939870225],[-79.23905258735897,42.531573545931913],[-79.238939076918015,42.531604569767502],[-79.238712380524888,42.531666528324543],[-79.238587637980331,42.531700621557583],[-79.238494541359785,42.531742029747257],[-79.238287539134916,42.531834101230409],[-79.238088576244834,42.531922596331079],[-79.23808093818549,42.531926622409394],[-79.237884282002696,42.532030281002747],[-79.237773522406613,42.532088662716873],[-79.237697285910031,42.532142519144728],[-79.237522746136648,42.532265820292864],[-79.237432417787048,42.532329631179479],[-79.237423234068288,42.532334809759533],[-79.237339772833025,42.532381872946125],[-79.237173505087497,42.53247562973273],[-79.237151597166246,42.532493245870164],[-79.23706880779622,42.532559816591991],[-79.236988237257449,42.532624602947202],[-79.236969501312828,42.532639668396357],[-79.236833282734281,42.532761346742426],[-79.236790420126681,42.532799633981583],[-79.236652637378981,42.532878462211478],[-79.236602182297261,42.532907328468688],[-79.236582900105162,42.532918359612331],[-79.236490054890879,42.533008438263181],[-79.236409800357293,42.533086301135327],[-79.236374687698813,42.533123642936715],[-79.236347660684061,42.533152385490027],[-79.236209949647446,42.533298837219085],[-79.236072237965118,42.533445288783291],[-79.235986950364307,42.533535988740702],[-79.235933673087416,42.533591299595891],[-79.235793720580133,42.533736593465981],[-79.235751951047689,42.533779956991104],[-79.235641782733651,42.533875003804638],[-79.2355108580566,42.53398795748749],[-79.235485871362641,42.53401116847369],[-79.235335603565943,42.534150756840596],[-79.235185335097441,42.534290345011307],[-79.235035065957277,42.534429932985553],[-79.234993558236027,42.534468490183613],[-79.234868481719943,42.534558688565262],[-79.234756526533928,42.534639424220849],[-79.234721481733629,42.534696608004687],[-79.234621965405822,42.534858991527138],[-79.234571395076216,42.534941508165019],[-79.234508299904732,42.535015791195057],[-79.234380015729798,42.535166821707683],[-79.23437936750193,42.535167584872063],[-79.234277394205094,42.535317578972403],[-79.234268859475904,42.535324713287054],[-79.234108965507176,42.535458370758633],[-79.234021834770772,42.53553120415279],[-79.233964737802381,42.535600516530231],[-79.233920628901672,42.535654062029018],[-79.233848576451436,42.535756676185301],[-79.23377781880734,42.535857445959515],[-79.233737459977192,42.535914922671708],[-79.233628407566442,42.536070228209468],[-79.233626700873444,42.536073291127479],[-79.2335348601855,42.536238112614782],[-79.233470352154583,42.536353881105043],[-79.233443019523136,42.536402934183172],[-79.233351179580453,42.536567756042714],[-79.233299302294967,42.536660857934066],[-79.233251095920252,42.536729771891984],[-79.233199281876537,42.536803843040929],[-79.233196431121527,42.536844723512559],[-79.23319452693076,42.536872052203783],[-79.233171362014559,42.536892378654791],[-79.233081247569402,42.536971450942445],[-79.233014060491286,42.537027682960776],[-79.232854275467218,42.537161413980719],[-79.232694489758828,42.537295144778625],[-79.232658264667549,42.537325462838687],[-79.232649611377099,42.537331892107801],[-79.232526597322689,42.537423293748638],[-79.232374258809685,42.537536483433016],[-79.232359372186195,42.537549573995783],[-79.232357903937483,42.537550865159851],[-79.232272516973936,42.537625953522308],[-79.232207316212254,42.537690185209748],[-79.232079420155401,42.53781617986543],[-79.232055288190168,42.537827038780442],[-79.231937976099559,42.53787982681412],[-79.231908582172977,42.537893054346881],[-79.231851566099948,42.537922862681704],[-79.231654354028308,42.538025965862985],[-79.231623540320811,42.538042075318977],[-79.231439901078858,42.538107584776299],[-79.231284489198075,42.538163024376679],[-79.231220948144852,42.538183114711053],[-79.230998731109054,42.538253374650608],[-79.230996499712305,42.538254080164208],[-79.230760291470276,42.538282715009018],[-79.230732515841098,42.538286082134974],[-79.230726006816312,42.538285518426157],[-79.230562859960017,42.538274012650447],[-79.230519839816665,42.53827097894392],[-79.230437936038143,42.538265203185027],[-79.230431864310489,42.538262659990394],[-79.230299243788821,42.538207112853726],[-79.230296304522469,42.538205881760632],[-79.230215459482835,42.538174208321557],[-79.230194251138059,42.53816589968627],[-79.230143072900418,42.538134405329991],[-79.230111298638349,42.538114852488512],[-79.230103370841178,42.538105669750827],[-79.230067309101187,42.538063899531991],[-79.2299900424442,42.537948512570139],[-79.229953453465157,42.537893871872839],[-79.229883047833866,42.537788729953398],[-79.229776053860277,42.537628947204766],[-79.229765715730366,42.537613508391161],[-79.229698697753776,42.537460312956426],[-79.229657166164415,42.537365376092986],[-79.22962451127718,42.537290732101908],[-79.229591334469831,42.537214894890468],[-79.22949175149472,42.537149192261793],[-79.229456359200555,42.537125841160474],[-79.229442863752951,42.537112624718226],[-79.229412417234755,42.537082807378603],[-79.229411033557767,42.537070451726635],[-79.229402440789755,42.53699379617877],[-79.229400325880789,42.536974929178989],[-79.229390337996847,42.536885813417015],[-79.229369546760566,42.5368491841772],[-79.229353776188162,42.536821397056237],[-79.229336431284608,42.536790835995355],[-79.229236225712413,42.536665987878003],[-79.229113135846021,42.536512626960082],[-79.229074760480643,42.536464813897148],[-79.228989553487011,42.536359481634683],[-79.228936020235665,42.536293304006769],[-79.228829202366086,42.536229802005423],[-79.228819955088483,42.536224304593922],[-79.22879391393667,42.536199247222896],[-79.228780020352247,42.536174406811213],[-79.22876095529854,42.536140320908494],[-79.228759583648639,42.536088927520723],[-79.228758977565008,42.536066212043934],[-79.228757938168528,42.536027256352284],[-79.228731981366934,42.535969241279361],[-79.22866661052592,42.535907734622974],[-79.228517522340752,42.535767458708619],[-79.228481986216835,42.535734022924345],[-79.228421971602486,42.535605725987004],[-79.228404376101608,42.535568110895255],[-79.228404301358381,42.535568063601438],[-79.228296712982925,42.535500470771616],[-79.228272789357803,42.535471242519002],[-79.228216224933547,42.535402135836847],[-79.228165736354811,42.535340453225025],[-79.228134834486269,42.535329115042281],[-79.228083158531376,42.535310154626551],[-79.227905670886088,42.535274200113406],[-79.227883823153761,42.5352697742929],[-79.227830052360247,42.535258801699307],[-79.227741859246109,42.535240806965781],[-79.227670148478026,42.535237687344065],[-79.227428768562149,42.535227186302521],[-79.227327806017243,42.535222793855937],[-79.227312775111301,42.535223431994901],[-79.227187377468184,42.53522876095537],[-79.22715970765482,42.535229936806964],[-79.226948169415451,42.535254194426081],[-79.226927463436738,42.535256568810503],[-79.226878810437157,42.535262315717276],[-79.22682540471429,42.535268624054858],[-79.226714643848467,42.535297487949869],[-79.226517075455092,42.535348973252468],[-79.2264850653591,42.535346135358637],[-79.226244996142412,42.535324851439299],[-79.226202181322904,42.535321055533394],[-79.226074465451958,42.535329592631001],[-79.226005599964509,42.535340494001119],[-79.225769192910931,42.535377916769384],[-79.225532785574032,42.535415339051724],[-79.225296377953697,42.53545276084823],[-79.22505997005014,42.535490182158725],[-79.224916276542729,42.535512927329179],[-79.22482499294739,42.535531857353043],[-79.224776076090336,42.535542001499095],[-79.224617315501746,42.535574928104893],[-79.224593136949423,42.535582082114011],[-79.224468950902562,42.535618826478718],[-79.224368749086921,42.535648473564038],[-79.224333239585178,42.535658979865204],[-79.224148018565145,42.535721157672995],[-79.224050262016959,42.535753973907077],[-79.223934633482202,42.535804424391848],[-79.223759218260568,42.535880960338048],[-79.223725052145028,42.535893118918239],[-79.2235073126093,42.535970604802166],[-79.223289572533375,42.536048090273894],[-79.223206635537082,42.536077604260349],[-79.223077321831198,42.53613317846834],[-79.223065044594463,42.53613845475406],[-79.22293664497046,42.536193637145338],[-79.222874028867935,42.536229066822756],[-79.22268224503388,42.536337582207075],[-79.222490460533251,42.536446097271742],[-79.22242066868219,42.536485586563224],[-79.222297548631332,42.536553517147759],[-79.222103991465303,42.536660310328372],[-79.222094985257698,42.536665279394242],[-79.221914838513598,42.536771299632605],[-79.221725899849773,42.536882493415142],[-79.221536960513063,42.536993686887349],[-79.22152491723034,42.537000774505664],[-79.221360469470127,42.537115426593132],[-79.221184825276808,42.537237884048686],[-79.221009646532849,42.537360016251704],[-79.221009183719687,42.537360343805865],[-79.220834791090994,42.537483769139641],[-79.220732625403258,42.537556075940991],[-79.220656089299396,42.537603668930807],[-79.220471292494878,42.53771858193312],[-79.220286495010271,42.537833494638605],[-79.220101696845504,42.537948407047082],[-79.220100666696027,42.537949047619385],[-79.219921018328193,42.538062013646588],[-79.219917756628135,42.538064064649241],[-79.219773285804564,42.538154909696551],[-79.219736829391024,42.538182110382344],[-79.219651607516667,42.538245695584244],[-79.219566917133164,42.53830888480104],[-79.219485233115748,42.538369830726765],[-79.219432588827004,42.538427143575014],[-79.219414855614147,42.538446450092998],[-79.219397029028514,42.538465858252962],[-79.219372773006967,42.538492265562368],[-79.219279321938131,42.538594006385068],[-79.21919033628231,42.538690885303204],[-79.219137935176448,42.538738359347811],[-79.219126311096801,42.538748890449931],[-79.219056313247066,42.538759846207746],[-79.219051525564367,42.538758673604576],[-79.218995280385357,42.538744899047082],[-79.218977756082552,42.538732766945358],[-79.218943299640671,42.538708911774364],[-79.218927556968708,42.538706130142991],[-79.218841273209193,42.538690884301246],[-79.21883656153166,42.538693484312567],[-79.21871873838478,42.538758494686626],[-79.218696306540124,42.538770871704436],[-79.218568267786665,42.538879859214035],[-79.218561935540905,42.538892395916641],[-79.218524337441437,42.538966833250541],[-79.218440744607534,42.539044018309681],[-79.218433332418627,42.539050862308116],[-79.218371286031214,42.539076829746094],[-79.218266761796798,42.539146826309306],[-79.218253937417998,42.539155414753132],[-79.218181666574722,42.539203814225203],[-79.218054841108071,42.539254303551701],[-79.217842675041666,42.539338766548568],[-79.217842034128381,42.539338889482941],[-79.217670671227708,42.539371758651484],[-79.217613849834351,42.539394621874884],[-79.217481723199384,42.539447785494083],[-79.217398054431115,42.539474658004522],[-79.217176382089377,42.539545853726196],[-79.217151736764762,42.539553769163831],[-79.216961737842468,42.539590754315576],[-79.216944851695686,42.539596165888277],[-79.216723101584165,42.539667230739788],[-79.216655687983504,42.539688834839986],[-79.216495890226696,42.539727758452763],[-79.216266293217828,42.539783683326739],[-79.216101672901075,42.539823780937574],[-79.216036175031903,42.539838396009479],[-79.215804737084966,42.539890038286067],[-79.215573298755217,42.539941680096987],[-79.215563700189804,42.539943821853448],[-79.215336455172519,42.539977474361429],[-79.215099377463048,42.540012582466652],[-79.215070766357115,42.54001681936122],[-79.214861167555156,42.540043202997026],[-79.21462280206346,42.54007320720175],[-79.214384436342698,42.540103210912463],[-79.214154925493261,42.540132099543506],[-79.214146135615366,42.540133465952806],[-79.213909525102409,42.540170247396382],[-79.213753233123057,42.540194542917888],[-79.21367273617048,42.540206389174664]]},"properties":{"FID":31,"retreatCat":0.10000000000000001,"sedimentCat":0,"CalSedi":2,"CalRetreat":2}},{"type":"Feature","id":32,"geometry":{"type":"LineString","coordinates":[[-79.202807250510659,42.543003626118697],[-79.202673695269482,42.543035904373518],[-79.202575518521499,42.543054213789368],[-79.20254642715831,42.543059639148112],[-79.202402638804998,42.543174237881189],[-79.20237611410532,42.543195377893419],[-79.202307132974909,42.543243381255593],[-79.202235069940443,42.543302519559894],[-79.202155171689753,42.543368087626071],[-79.202145716226056,42.543376904643765],[-79.202096162422066,42.543423108650963],[-79.202077821762757,42.543437761935145],[-79.201913879041768,42.543568743666562],[-79.201893110471516,42.54358533662122],[-79.201855491918266,42.543580179457102],[-79.201775262505919,42.543569179919643],[-79.20171026874479,42.543597917170977],[-79.201709126396707,42.543597387673373],[-79.201696075345168,42.543601466778959],[-79.201663587162813,42.543611620950067],[-79.201575302658213,42.543639215315437],[-79.201502377621537,42.54367925855145],[-79.201488669280579,42.543689673138331],[-79.201320311090001,42.543817578864257],[-79.201151952209557,42.543945484343617],[-79.201049342132862,42.544023438814406],[-79.200983592705796,42.544073389624117],[-79.200815232616023,42.544201294732403],[-79.200651256948305,42.544325868203671],[-79.200648898378347,42.544330171267447],[-79.200607076955578,42.544406471736409],[-79.200560271587022,42.544491859936919],[-79.200557183824088,42.544494901091447],[-79.2004888788465,42.544562174938207],[-79.200364632340879,42.54457862131234],[-79.200364341738492,42.544578659788407],[-79.20036310757861,42.544578889666745],[-79.200250308452652,42.544599899911134],[-79.200141817109369,42.544646361813903],[-79.200089342592548,42.544668834198745],[-79.200010929261438,42.544744862905986],[-79.199979749117986,42.544775093525502],[-79.199947904173442,42.544805968661997],[-79.19988349008382,42.544808334571684],[-79.199841850816938,42.544809863099211],[-79.199788528980747,42.544846220285542],[-79.199780921802926,42.544851407663799],[-79.199751843447117,42.544871236349337],[-79.199564530547789,42.544927369793719],[-79.199419955539298,42.544970695380037],[-79.1993457143803,42.545002325081562],[-79.199136359718864,42.545091518105195],[-79.199095955281479,42.545108731854377],[-79.198915303019518,42.545163142025501],[-79.198691447432836,42.545230563965092],[-79.1985979041891,42.545258737612507],[-79.198469924023001,42.545301951400255],[-79.198250074568094,42.545376185303546],[-79.198180405125697,42.545399709615999],[-79.198018283971237,42.545423104407078],[-79.197923948824169,42.545436717267876],[-79.197781996872635,42.545460947757221],[-79.197632100537561,42.54548653410253],[-79.19754437811828,42.545491422813569],[-79.197381745009963,42.545500486067624],[-79.197304425169122,42.545511463026699],[-79.197132823708259,42.545535824778781],[-79.197066009589761,42.545540235079173],[-79.196825134219793,42.545556134576181],[-79.19664528467672,42.545568005598035],[-79.196585784673658,42.545578778330608],[-79.196350931997955,42.545621299085347],[-79.196176257081547,42.545652924134508],[-79.196115013121783,42.545659885310144],[-79.195876000133097,42.545687051929939],[-79.195859285700323,42.545688951701123],[-79.195643435945541,42.545735557476895],[-79.19563723726823,42.545736895873844],[-79.19543026458382,42.545819485550012],[-79.195361118924225,42.54584707706708],[-79.195211840687961,42.545895678470785],[-79.195146722050012,42.545916879448825],[-79.194980887395204,42.545946528624647],[-79.194745866787343,42.54598854693144],[-79.1945495176615,42.546023650921462],[-79.194510526887157,42.546029512249774],[-79.194409781650023,42.54604465681502],[-79.194273567433044,42.546065134168344],[-79.194257163553189,42.546067600184358],[-79.194256077888127,42.546067762619934],[-79.194032225667101,42.546073601795747],[-79.194030950413691,42.54607363505945],[-79.19379811260545,42.546118197883992],[-79.193794261931799,42.546118934859891],[-79.193665388964575,42.546118895723019],[-79.193556490856182,42.546115582383642],[-79.193523342060914,42.54611457377613],[-79.193481284728804,42.546087031521786],[-79.193412341080418,42.5460418826273],[-79.193361570457512,42.54601811760952],[-79.193303348425687,42.545990864641816],[-79.19327067801585,42.545942650700354],[-79.193266842524906,42.545936992197177],[-79.193273236432617,42.545870016818512],[-79.193275130027402,42.545850181623692],[-79.193283770658013,42.545808900450012],[-79.193237347232738,42.545760306865745],[-79.193192742260038,42.545713614914909],[-79.193186287802092,42.545706858458445],[-79.193145419060556,42.545684931954455],[-79.193068272451541,42.54566993071527],[-79.193040221371234,42.545664476676542],[-79.192973893174255,42.54564526640894],[-79.19293220820704,42.545633193397549],[-79.192908801254219,42.54562641372668],[-79.192742598986896,42.54560208381038],[-79.192740198039189,42.545601732301954],[-79.192713583248377,42.545597835785337],[-79.192694907802391,42.545579185122719],[-79.192619576614604,42.545503950195275],[-79.192582610231767,42.545472617558524],[-79.192538368849029,42.545435118588728],[-79.19244230073646,42.545395758914808],[-79.192392338780465,42.545365731291312],[-79.192355511137563,42.545343597485768],[-79.192212439411108,42.545246728769875],[-79.192171296420128,42.545218872243098],[-79.192109333135761,42.545200884503444],[-79.192031074632879,42.545172605848919],[-79.192012032608574,42.545191732779266],[-79.191985146740734,42.545218738502705],[-79.191904282116397,42.545240903274234],[-79.19189389224583,42.54523993574329],[-79.191886468470017,42.545239244147794],[-79.191861274912114,42.545236896789575],[-79.191811354489474,42.545204249291004],[-79.191806261838011,42.545200918740505],[-79.191804893444086,42.545199172275666],[-79.19176631297114,42.545149889146266],[-79.191737279446656,42.545061907511574],[-79.191725701742527,42.545039792633027],[-79.191693294609465,42.544977890822771],[-79.191656043987052,42.544968245000142],[-79.191604101350819,42.544954793378992],[-79.191547197247885,42.544959367048257],[-79.191386202022997,42.5449723068891],[-79.191306559589464,42.544976913753942],[-79.191273878603624,42.544978804148094],[-79.191164853933088,42.544996528204543],[-79.191069334310754,42.545010594926104],[-79.190992582207315,42.545021897782178],[-79.190864714203045,42.545074792497012],[-79.190848159489263,42.54507220605111],[-79.190838732251876,42.545070733174001],[-79.190794696569668,42.545063851769129],[-79.19078302820526,42.545065128092446],[-79.190764866463013,42.545067114040208],[-79.190721688409084,42.545071837977005],[-79.19064140967582,42.545092550213816],[-79.190614682705757,42.545099446454373],[-79.190577064731599,42.545109152838783],[-79.190458715523931,42.545131981567557],[-79.190380914357434,42.545144523900149],[-79.190311334066664,42.545155740895837],[-79.190305726466235,42.54515664476375],[-79.190302322502191,42.545160434036291],[-79.190251650657245,42.545216821822819],[-79.190196084569877,42.545244288605446],[-79.190096500050842,42.54529351394001],[-79.189993309956691,42.545341348948675],[-79.189947552523464,42.545362560303751],[-79.189784945602199,42.545431749655862],[-79.18975955059247,42.54544255521462],[-79.18962463281747,42.545482522826866],[-79.18956577047642,42.545506251774114],[-79.18951555515936,42.545526494842051],[-79.189364150526359,42.54560430199335],[-79.189278261374923,42.545648440429453],[-79.18918998708881,42.545725744598656],[-79.189186172738559,42.545729084921959],[-79.189137965158679,42.545730850450219],[-79.189054298057698,42.545717448354075],[-79.189031791485348,42.545713842894145],[-79.188999824228603,42.545718741894547],[-79.188986700092599,42.545727001041428],[-79.188964585717201,42.545740916487908],[-79.188930657721684,42.545762265621747],[-79.188875545888095,42.54575713632947],[-79.188802270620201,42.545727008786699],[-79.188782190664725,42.545718751351338],[-79.188749435249804,42.545727010662439],[-79.188749301208048,42.545727044461358],[-79.188687710174349,42.545742574774131],[-79.18860494642837,42.545757516260402],[-79.18853023247307,42.545748341884384],[-79.188514620615223,42.545746621512187],[-79.18844909107743,42.545739400361576],[-79.188369759104617,42.545724424603428],[-79.188339857151348,42.54571877932576],[-79.188326775629434,42.545728308456667],[-79.188295188238158,42.545751320948227],[-79.188226515755517,42.545801351104863],[-79.188185274032151,42.545811367370106],[-79.188084524011117,42.545822305299957],[-79.187939284847047,42.54583807303321],[-79.187864168583701,42.545880961975115],[-79.187709373387833,42.545969344653891],[-79.187663637726985,42.545972985732085],[-79.187575199533683,42.545980026364255],[-79.187490439816656,42.545986774287009],[-79.187441500232708,42.546021168871256],[-79.187266508708504,42.546144151878678],[-79.187172898472411,42.546209940290282],[-79.187082632733706,42.54625937233692],[-79.186999483129355,42.54630490725711],[-79.186873298642936,42.54634650062097],[-79.186857015887171,42.54635186778475],[-79.186756191839038,42.546409215861708],[-79.186666190767724,42.546435126706108],[-79.186618629387112,42.546448819345223],[-79.186517599408873,42.546485828439764],[-79.186459199199049,42.546523865742763],[-79.186408623160659,42.54655680693449],[-79.186280066049491,42.546630292985071],[-79.186272529402885,42.546636810785593],[-79.186202405339003,42.546697454996753],[-79.18617707036924,42.546794177637587],[-79.186176142352991,42.546797720567803],[-79.186054788307871,42.546853072092411],[-79.185984330259672,42.546899155715906],[-79.185983578046631,42.546899647705999],[-79.185916723636169,42.546911622706098],[-79.185841178900546,42.546938209768875],[-79.185776767552824,42.546969127977754],[-79.185768928667827,42.54697526521381],[-79.185616932407441,42.547094266097531],[-79.185605039944875,42.54710615736586],[-79.185537953310941,42.547173237155135],[-79.185459021209283,42.547229248264046],[-79.18544716619347,42.54724033429374],[-79.185297500153993,42.547380291670002],[-79.185226276653296,42.547446894695589],[-79.185153628389713,42.547509946925423],[-79.185141728972269,42.54751604534755],[-79.184995645672402,42.547590912481731],[-79.184956470466219,42.547628098676029],[-79.184808186921572,42.547768853014972],[-79.184659902708219,42.547909607162772],[-79.184511617826161,42.548050361119351],[-79.184363332275296,42.548191114884794],[-79.184305147719456,42.548246343879242],[-79.184202348282312,42.548323707062657],[-79.184163835342105,42.548352690452475],[-79.184052935365969,42.54846342727317],[-79.183916188002584,42.548599972766389],[-79.183909850884547,42.548607059432491],[-79.183776799408577,42.548755847652458],[-79.183700360539561,42.548841326984601],[-79.183631415759365,42.548897609102681],[-79.18357204762097,42.54894607334721],[-79.183446837330123,42.54901115736947],[-79.183335412808333,42.549069075351788],[-79.183273167969006,42.549131815133784],[-79.183178456837624,42.549227279058456],[-79.183123956377656,42.549271770147051],[-79.183037924301075,42.549342001679904],[-79.182968974237554,42.549408365251608],[-79.182821973910805,42.549549850614056],[-79.182674972917638,42.549691335788658],[-79.182527971257997,42.549832820775315],[-79.182414228071224,42.549942294842907],[-79.182380969202583,42.549974305726806],[-79.182312581963771,42.550040126712709],[-79.182224313437246,42.550109773959612],[-79.182117546674519,42.550194016724909],[-79.182059258858615,42.5502400076399],[-79.181894203463671,42.55037024099564],[-79.181729147380025,42.5505004741146],[-79.181594303346571,42.550606868638454],[-79.18155859842426,42.550626150583383],[-79.181363536300296,42.550731490754636],[-79.181233247682542,42.550801850650593],[-79.181175508001147,42.550842976096305],[-79.181001628408026,42.55096682241102],[-79.180827748124869,42.551090668462834],[-79.180775612858895,42.551127801605176],[-79.18076433634576,42.55113583320589],[-79.180645975123866,42.551208018012915],[-79.18045967128333,42.551321638312835],[-79.180273366764411,42.551435258311045],[-79.180087061567178,42.551548878007367],[-79.179900755691747,42.551662497401971],[-79.1797312847971,42.551765849293723],[-79.179714088630647,42.551775786972314],[-79.179634319761092,42.551821885392066],[-79.179517297979046,42.551863885194102],[-79.179507387266355,42.551865972454685],[-79.179274839306089,42.551914948284121],[-79.179142266999804,42.551942868467535],[-79.179038669932964,42.55194944780736],[-79.17890531759943,42.551957916733279],[-79.178901951170076,42.551957696558553],[-79.178797721048298,42.551950894022333],[-79.178721364377097,42.551945910574545],[-79.178593339271373,42.551919883554092],[-79.178565049435662,42.551908251183917],[-79.178540654442699,42.551898220307521],[-79.178447335429468,42.551859848371045],[-79.178361927984355,42.551812299242769],[-79.178217276372337,42.551731766632145],[-79.17820132868134,42.551722884517368],[-79.178182623353649,42.551696374953401],[-79.178124209443681,42.551613589429188],[-79.178116357188216,42.55160245961514],[-79.178034290983092,42.551562753862584],[-79.177882119619667,42.551489129132626],[-79.177856431666399,42.551449342460984],[-79.177752547551478,42.55128844143799],[-79.177739615446583,42.551268411468747],[-79.177673001067689,42.55112033810309],[-79.177596915410348,42.55095121065709],[-79.177520830165321,42.550782083160726],[-79.177496065696175,42.550727034793262],[-79.177434249870998,42.550615815855643],[-79.177359430350108,42.550481200114156],[-79.177354656973577,42.550448679054],[-79.177344458124963,42.550379194086979],[-79.177344432483522,42.550270910726923],[-79.177344422605017,42.55022919364842],[-79.177325422218161,42.550105185140509],[-79.177321070133956,42.550093974281424],[-79.177280412499982,42.549989241040677],[-79.177254377728048,42.549922708963408],[-79.177194939840902,42.549770814392268],[-79.177181969960444,42.549753138163695],[-79.177066962764229,42.549596398091218],[-79.176951956145686,42.549439657903726],[-79.176836950104644,42.549282917601211],[-79.176721944641187,42.549126177183673],[-79.176677430347866,42.549065508615726],[-79.176571661732225,42.54898898989024],[-79.176508157955766,42.54894304769379],[-79.176358169579203,42.548921364293648],[-79.176306283300903,42.548913863190442],[-79.17611730714475,42.548914357271755],[-79.176102271917202,42.548914396568321],[-79.175919938999726,42.548914873293199],[-79.175918876274793,42.548914768055518],[-79.175875857525341,42.548910475496051],[-79.175636192830851,42.548886560619486],[-79.175632491910577,42.548886191320136],[-79.175394664360923,42.548894859400257],[-79.175154768756656,42.54890360235391],[-79.175153107846924,42.548903679403033],[-79.174911732684677,42.548914876464977],[-79.174672977743697,42.548925951476193],[-79.174670718276772,42.548924966377527],[-79.174462582940691,42.548834221705036],[-79.174379302165804,42.548797912041671],[-79.174343032270627,42.548814745149912],[-79.174256550545635,42.548854883472004],[-79.174201465685414,42.548880449666498],[-79.174025039029189,42.548888296951539],[-79.173969090763265,42.548890785418664],[-79.173789421288404,42.548925665310612],[-79.173714591625583,42.548940192172282],[-79.173558639582751,42.548978677793194],[-79.173329310379657,42.549035270853921],[-79.17311239598699,42.549088799715797],[-79.173100591901985,42.549092973395688],[-79.17288255059529,42.54917006796704],[-79.172778134500405,42.549206986969118],[-79.17265771285193,42.5492343878553],[-79.172429024148755,42.549286423543592],[-79.172426634052371,42.549286978896951],[-79.172283080319914,42.549320334370357],[-79.172193134525997,42.549332004233477],[-79.172025846154568,42.549353708578202],[-79.171955817686211,42.549341406306645],[-79.171842587678711,42.54932151449178],[-79.171718582700606,42.549307528219906],[-79.17147951368419,42.549280563711861],[-79.171260733153701,42.549255887078942],[-79.171240444891694,42.549253598623118],[-79.171197828152671,42.549248791569077],[-79.17100348149711,42.549279410485632],[-79.171001310383502,42.549279752538155],[-79.1707629245265,42.54929775063512],[-79.170756503999186,42.549298235376966],[-79.170738330191298,42.549299003745269],[-79.170547948233462,42.54930705566467],[-79.17052243342151,42.549301778111165],[-79.170426944828748,42.549282026931358],[-79.170294723418749,42.549317114496922],[-79.17029273258423,42.549317683890344],[-79.170067272414585,42.549382166875077],[-79.170035726423166,42.549391189175317],[-79.169837970878064,42.549438722197458],[-79.169608044092726,42.54949398746173],[-79.169591772956991,42.549497898375193],[-79.169401778429332,42.549547703736181],[-79.169379014998896,42.549550491366219],[-79.169235596977444,42.549568054355682],[-79.169144187119272,42.549590768538131],[-79.169108528396535,42.549599629251091],[-79.16897258392504,42.549602603606345],[-79.168907055721633,42.549616578941631],[-79.168884023495295,42.549621491061764],[-79.168738699031977,42.549691611261458],[-79.168697515492383,42.54970334724262],[-79.168485636816087,42.54976372553228],[-79.168472544116455,42.549768614323959],[-79.16825681589556,42.549849166547517],[-79.168093401329159,42.54991018461314],[-79.168042752765501,42.549931970896587],[-79.167935365492028,42.549978162992247],[-79.167837176612949,42.550025713684697],[-79.167635075813308,42.550123586119476],[-79.167432974379849,42.550221458199246],[-79.167230872312587,42.550319329923752],[-79.16702876961152,42.55041720129325],[-79.166953190910533,42.550453801281975],[-79.166848213054081,42.550534182872958],[-79.166761204824581,42.550600804883089],[-79.16666909572227,42.550653190412426],[-79.166516903431855,42.550739746907553],[-79.166477826866227,42.550762239453782],[-79.16632254654607,42.550851618812985],[-79.166291757418833,42.550875594103267],[-79.166168157095868,42.550971840591025],[-79.16612061765727,42.551001171597271],[-79.165980191767417,42.551087811651513],[-79.165935900106234,42.551116179679177],[-79.165753376722975,42.551233082234191],[-79.165570852656103,42.551349984499566],[-79.165388327905404,42.551466886475311],[-79.16537924548588,42.551472703490802],[-79.165226305558491,42.55159908132611],[-79.165065356180932,42.551732076784937],[-79.164904406117429,42.551865072018515],[-79.164873728145977,42.551890421554944],[-79.164719755985089,42.551979482512571],[-79.16462572247363,42.552033873382072],[-79.164529523641875,42.552089515700288],[-79.164454209092966,42.552133078225431],[-79.164355027156887,42.55221211412308],[-79.164190843619451,42.552342947735646],[-79.164026659393684,42.552473781113733],[-79.164025257310342,42.552474898387565],[-79.163844422070227,42.552590915557126],[-79.163662028573299,42.552707931721351],[-79.163479634392388,42.552824947596385],[-79.163428344554674,42.552857852710396],[-79.163289478675168,42.552934908474562],[-79.163096286148388,42.553042109142993],[-79.162981362264475,42.553105878968324],[-79.162898467839995,42.553144372014678],[-79.162693857761425,42.553239384764169],[-79.162643281522051,42.553262870249277],[-79.162481377885157,42.553324245905038],[-79.162395261328683,42.553356891478835],[-79.162315088099561,42.553376953135881],[-79.162283262491812,42.553384916593686],[-79.162258002343805,42.553391369873111],[-79.16206832196626,42.553439827821165],[-79.162027903088685,42.553445347050591],[-79.162010143346123,42.55344777215258],[-79.161790082805481,42.553477818235713],[-79.161738370064811,42.553484878797001],[-79.161723017315794,42.553485365015803],[-79.161549267555159,42.553490872371441],[-79.161392267363382,42.553495848588568],[-79.161307546086903,42.553495223455641],[-79.161065687244076,42.553493438508163],[-79.16085933773256,42.553491915221691],[-79.160823953971388,42.553489701885688],[-79.160807086648745,42.55348864679172],[-79.160805351689902,42.553488538499856],[-79.160582950289054,42.553474627187398],[-79.160555326081777,42.553472899249783],[-79.160502273635686,42.553469876890709],[-79.160345172622343,42.553444149151211],[-79.160109066188284,42.553405482599118],[-79.159872960046812,42.553366815562349],[-79.159653346142321,42.55333084897655],[-79.159637009218415,42.553327677749266],[-79.159403123028,42.55328227685316],[-79.159356276451703,42.553273183149237],[-79.159169237005457,42.553236875963442],[-79.159071269086965,42.553217858770381],[-79.15897308084223,42.55314376954567],[-79.15880412029037,42.55301627754276],[-79.158758788711083,42.552982071712592],[-79.158588391119849,42.552946856958542],[-79.158355513183892,42.552898729401669],[-79.158122635607114,42.552850601373173],[-79.157937802479466,42.552812402141576],[-79.157911317210633,42.552802044081652],[-79.157893729535061,42.552795165533702],[-79.157832902624165,42.552771376068812],[-79.157720892821402,42.552711339386697],[-79.157690861431846,42.552698862612772],[-79.157566848852085,42.552647340487631],[-79.157472347291915,42.552624419368229],[-79.157393808371836,42.552605369875756],[-79.15731285022099,42.552598312176265],[-79.15723573076518,42.552591587383716],[-79.157186804163743,42.552587320971696],[-79.156994223462405,42.552589291465061],[-79.156886822437357,42.552590390256434],[-79.156883277160219,42.552590846434285],[-79.156754367249121,42.552607414349858],[-79.156676843148915,42.55261737792231],[-79.156513939136943,42.552624270091279],[-79.156510835511142,42.5526244013978],[-79.156510084845749,42.552624336732016],[-79.156394485524245,42.552584642145199],[-79.156298874593347,42.552543890062161],[-79.156253159452689,42.552524404929272],[-79.156152341177361,42.552496922205087],[-79.156088201112468,42.552479437241303],[-79.156075583081488,42.552476681824785],[-79.155843690385865,42.552426042811625],[-79.155611798066474,42.552375403330927],[-79.155380309198037,42.552324851405523],[-79.155379890279193,42.552324825321143],[-79.155138883285986,42.552309818524627],[-79.154897876408597,42.552294811223007],[-79.154656869647198,42.552279803416454],[-79.154415863001717,42.55226479510479],[-79.154174856472054,42.552249786288115],[-79.15393385005838,42.552234776966415],[-79.153692843760609,42.552219767139704],[-79.15351730377877,42.55220883422033],[-79.153451705568713,42.552211524269936],[-79.153210213400939,42.552221427049865],[-79.152993415366836,42.552230316771983],[-79.152968721149591,42.552231329231255],[-79.152727228760924,42.552241230102311],[-79.152669524495025,42.552243595825928],[-79.152503763292742,42.55230255614984],[-79.152285957304386,42.552380027977811],[-79.152068150775406,42.55245749939332],[-79.151983321630098,42.552487672034857],[-79.15185130439464,42.552536408937726],[-79.151635070305787,42.552616235748488],[-79.151418835663762,42.552696062152734],[-79.151402228493822,42.552702192924357],[-79.151256255822261,42.552754129364303],[-79.151201941756483,42.552774881671112],[-79.150987235029518,42.552856916385686],[-79.150772527738184,42.55293895069952]]},"properties":{"FID":32,"retreatCat":0.10000000000000001,"sedimentCat":0,"CalSedi":2,"CalRetreat":2}},{"type":"Feature","id":33,"geometry":{"type":"LineString","coordinates":[[-79.133039641302588,42.581231448881645],[-79.132971399311771,42.581402390106554],[-79.132962682576618,42.581424224823877],[-79.132926350957035,42.581577319997123],[-79.132904594147348,42.581668999071589],[-79.132865461529136,42.581749078092514],[-79.132783534446503,42.581916728842153],[-79.132722240819888,42.58204215587687],[-79.132702329719478,42.582082901132303],[-79.132702106582499,42.582084463794928],[-79.132701028270574,42.582092015380326],[-79.1326993320491,42.582103897143369],[-79.132692670203355,42.582148927162812],[-79.132682323767995,42.582218859145506],[-79.132667695080229,42.582260478749006],[-79.132607066984974,42.582432969158162],[-79.132606858270776,42.582433562960503],[-79.132546438699649,42.582605459562963],[-79.132485810079388,42.582777949935974],[-79.132425181123665,42.582950440277003],[-79.132364551832396,42.583122930586065],[-79.132362026315889,42.58313011565798],[-79.132338706129474,42.583206977004778],[-79.132325015437786,42.583252100091023],[-79.132303232960723,42.583294957717179],[-79.132218419900497,42.583461829158111],[-79.132182582438531,42.583532339814624],[-79.132133606012772,42.583628700433486],[-79.132048791397523,42.583795571571017],[-79.131963976328336,42.583962442645934],[-79.131958033555748,42.58397413483484],[-79.131919311661349,42.584137352736256],[-79.131884022909958,42.584286098730175],[-79.131865654437533,42.584309669447109],[-79.131745221468591,42.584464210440089],[-79.131624787902538,42.584618751306948],[-79.131616586687898,42.584629275108156],[-79.131534653546836,42.584783968963571],[-79.131463537119686,42.584918239654229],[-79.131451242387257,42.584951068682521],[-79.131386915516316,42.585122831791502],[-79.131375517309664,42.585153266737002],[-79.131314247308865,42.585292756076633],[-79.131239782474466,42.585462284332692],[-79.131183407670093,42.58559062778891],[-79.131178069505864,42.585602778110903],[-79.13117310253503,42.585633072979647],[-79.131171796496645,42.58564103884877],[-79.131166145710139,42.585675506486311],[-79.131144099641531,42.585809962087453],[-79.131118344788874,42.585967036254907],[-79.131114935452771,42.585986836508965],[-79.131084499915218,42.586163595104814],[-79.131054064205088,42.586340353692577],[-79.131053128654159,42.586345786987103],[-79.131040039208187,42.586518214447146],[-79.131034778431044,42.586587514471532],[-79.131026534361794,42.586696110144878],[-79.131013029301172,42.586874005835412],[-79.131011782235078,42.586890432788095],[-79.13100038783783,42.587051935810166],[-79.130987834168167,42.587229869271461],[-79.130985158697214,42.587267790784502],[-79.130951841394776,42.587405828934216],[-79.130909500060071,42.587581253990031],[-79.130867158486978,42.587756679030214],[-79.130824816675684,42.58793210405485],[-79.130782721563222,42.588106505994851],[-79.13078234242063,42.58810750689679],[-79.130717330905796,42.588279130887898],[-79.130707860780134,42.588304131004008],[-79.130678421989003,42.588381848523277],[-79.130653185683244,42.588450929619853],[-79.130590329906923,42.588622988422614],[-79.130563774443587,42.588695679953894],[-79.13052182723645,42.588793834732066],[-79.130452098602035,42.588956996215238],[-79.130450989173042,42.588964075603513],[-79.1304232510996,42.589141074770389],[-79.130397443297923,42.589305755788899],[-79.130395512668585,42.589318073913553],[-79.130393151648576,42.589333138081692],[-79.130365545781217,42.589408363820752],[-79.130335402999435,42.589490505206356],[-79.130327591504155,42.589511792091763],[-79.130281037574292,42.589664106823705],[-79.130274582132515,42.589685227620194],[-79.13018682964119,42.589788326378788],[-79.130162729300352,42.589818328671974],[-79.130109289148763,42.589884855705456],[-79.130060880447715,42.589955799940654],[-79.130047777006723,42.58997500328632],[-79.130023309223361,42.590010861259181],[-79.129939282255407,42.590134269279424],[-79.129929347345268,42.590148860363321],[-79.129857291772637,42.590269862297838],[-79.129849473174517,42.590299031865577],[-79.129802619064947,42.590473834247305],[-79.129784118345412,42.590542856089321],[-79.129715824621144,42.590596364121105],[-79.12971506583699,42.5906307564127],[-79.129712184873085,42.590761337282991],[-79.129711135647568,42.590808906267831],[-79.129710985675359,42.590815705584674],[-79.129601984140635,42.590875957100629],[-79.129524836010617,42.590918601695684],[-79.129524292761516,42.590918901982945],[-79.129341491218725,42.59103490294094],[-79.129210024507614,42.591118327744539],[-79.129177087749582,42.59116250588098],[-79.129159395452533,42.591186236563111],[-79.129117740797867,42.591242106560806],[-79.129028097142523,42.591297882817571],[-79.129026982811681,42.591298384931122],[-79.128917102886078,42.591347896338362],[-79.128827581415038,42.591330537825606],[-79.128820342034118,42.591329883588408],[-79.128807119254276,42.591328688704394],[-79.128738583502354,42.591322495406693],[-79.128734721603465,42.591320310838611],[-79.128695041025622,42.591297863423932],[-79.128642402193478,42.591273256712505],[-79.128618111786636,42.591261902024826],[-79.128591966591301,42.591257158002584],[-79.128546083982386,42.591248832628153],[-79.128409030350127,42.591230911328772],[-79.128353716386584,42.59122704243557],[-79.128223075115883,42.591217904723557],[-79.128115992199838,42.591196988668628],[-79.127935624195672,42.591161757888912],[-79.127880236436397,42.591162880313732],[-79.127781013024062,42.591164890994861],[-79.127647412966652,42.591127858354177],[-79.127514012951167,42.591090880964401],[-79.127430895170605,42.591050647671707],[-79.127316991760082,42.590995512364273],[-79.12722336131597,42.590959405200884],[-79.127208186966371,42.590953553431504],[-79.127005307728254,42.590882123576051],[-79.126982599813061,42.590874128525918],[-79.126799234312941,42.590809571571114],[-79.126788827140572,42.590803136764471],[-79.126736219133463,42.590770608936303],[-79.126718243843229,42.590710821971058],[-79.126705737535772,42.590669221455229],[-79.126674615550783,42.590662952241992],[-79.126543592823182,42.590636558915264],[-79.126442847204842,42.590611880022202],[-79.126428459652359,42.590608355603401],[-79.126399623282268,42.590608135780307],[-79.126217005890041,42.590606737935801],[-79.126206443364794,42.590608670439913],[-79.126201960831423,42.590608985120376],[-79.12596103864513,42.590625897953728],[-79.125927245862158,42.590628270179437],[-79.125756323715237,42.590715622891878],[-79.125557515340233,42.590817226714833],[-79.125556113088663,42.590817943352867],[-79.125361772112996,42.590922006339362],[-79.125166050005149,42.591026808192161],[-79.12510770775944,42.591058048145364],[-79.124986492152914,42.59114566629259],[-79.124901517867002,42.591207087941775],[-79.124813798217943,42.591270493431878],[-79.12472613901555,42.591333855034158],[-79.124644134854847,42.591397513590536],[-79.124477595853591,42.591526794650527],[-79.124465455924536,42.591536218616227],[-79.124326287437569,42.591665791411565],[-79.124176175933727,42.591805551908251],[-79.124098039724842,42.591878299873592],[-79.124026064092988,42.591945312404668],[-79.123970368187855,42.591997167652501],[-79.123884702373772,42.592066959863978],[-79.123870131557311,42.592081414776089],[-79.123725904099857,42.592224494506908],[-79.123581675980276,42.592367574056802],[-79.123461073896053,42.592487215075671],[-79.123436825176313,42.592510306559866],[-79.123288798596334,42.592651268300457],[-79.123224467398458,42.59271252891606],[-79.123174867692597,42.592746441580644],[-79.123128835169922,42.592777914801474],[-79.123125412747399,42.592781832860418],[-79.122994507953464,42.592931694886587],[-79.122863602529975,42.593081556763806],[-79.12275713334212,42.593203443145327],[-79.122735069120111,42.593232467521119],[-79.122616872518364,42.593387948680885],[-79.122582105404192,42.593433682745776],[-79.122504490733149,42.593545718269212],[-79.122394531794839,42.593704441440622],[-79.122284572296351,42.593863164506864],[-79.12217461223787,42.594021887467953],[-79.122108170098258,42.594117793605207],[-79.122068512717945,42.594181980710879],[-79.121968307638866,42.594344166113942],[-79.121868102038249,42.594506351429786],[-79.121767895916093,42.594668536658233],[-79.1216676892724,42.594830721799461],[-79.121659565620789,42.594843869944611],[-79.121572165762416,42.594985189261308],[-79.121567179863248,42.594992803328196],[-79.121462080792199,42.595153301751722],[-79.12144914528416,42.595173055703178],[-79.121389074283101,42.595322911115609],[-79.121371629452014,42.595366429516318],[-79.121317534285708,42.595493117904986],[-79.121244956080304,42.595663091871266],[-79.121192902281081,42.59578499826398],[-79.12117749892613,42.595834092064649],[-79.121123030184791,42.596007695004936],[-79.121081015762982,42.596141602821419],[-79.12107106176083,42.596181678584124],[-79.121027528686881,42.596356946280657],[-79.121004593639157,42.596449284244514],[-79.120970799347702,42.596529834730525],[-79.12089937656917,42.596700073993212],[-79.120827953400365,42.596870313211667],[-79.120756529841387,42.597040552385629],[-79.120702148652583,42.597170170149262],[-79.120699601100014,42.597212643351462],[-79.120688924584968,42.597390643279411],[-79.120686115225027,42.597437481040458],[-79.120635429131568,42.597563357619933],[-79.120614085989288,42.597616362172502],[-79.120566735321816,42.597734204617815],[-79.120528034304499,42.597830520180096],[-79.120504008649249,42.597906214349607],[-79.120467094588463,42.598022513792927],[-79.120446758634827,42.598079315930498],[-79.120423261286675,42.598144948302831],[-79.120426606914009,42.598255220821592],[-79.12042838237636,42.598313740244237],[-79.120428747946164,42.598325801185105],[-79.120415200392586,42.598432913335984],[-79.120392761952147,42.598610319431842],[-79.12037032338408,42.598787725523351],[-79.120348232740014,42.598962379830546],[-79.120347865021628,42.598965130224236],[-79.120324158303163,42.599142446933818],[-79.120300451449893,42.599319763638427],[-79.120276744461606,42.599497080338239],[-79.120256595353354,42.599647785034605],[-79.120248195972607,42.599673801010468],[-79.120228336380151,42.599735313393829],[-79.12019223127129,42.59984714651624],[-79.120178755121145,42.599888887870257],[-79.120156318997786,42.600023145382565],[-79.120136043476691,42.600144473373859],[-79.120114999768049,42.600198216415613],[-79.120048966724582,42.600366856054308],[-79.120048812305257,42.600369522223374],[-79.120038502184414,42.600547533871726],[-79.120028192004582,42.600725545519104],[-79.120017881765975,42.600903557165594],[-79.120016989278639,42.60091896637595],[-79.120007572394741,42.601081568840328],[-79.120005089823792,42.601124435549444],[-79.119962074164675,42.601255945250173],[-79.119921019911871,42.601381457905291],[-79.119888103881891,42.601424133713245],[-79.119768595122991,42.601579076884249],[-79.119736898184414,42.601620171832138],[-79.119673850344043,42.601701913945661],[-79.119658286920867,42.601737011525792],[-79.119583178423667,42.601906390547619],[-79.119544155270788,42.60199439223782],[-79.119568206956586,42.602078144039226],[-79.119579257678964,42.602116624337818],[-79.119616268244684,42.602245495047214],[-79.119614049525339,42.602252429389111],[-79.119558559002684,42.602425857872063],[-79.119531059926331,42.602511802326106],[-79.119522718968895,42.602537869812679],[-79.119493501349368,42.602597188369678],[-79.119440777983698,42.602704228748813],[-79.119360004593048,42.602728756349386],[-79.119308836941428,42.602744293849298],[-79.119227796791279,42.602807267429867],[-79.119163631571837,42.602825678207395]]},"properties":{"FID":33,"retreatCat":0.10000000000000001,"sedimentCat":0,"CalSedi":2,"CalRetreat":2}},{"type":"Feature","id":34,"geometry":{"type":"LineString","coordinates":[[-79.106276760330147,42.616298647868383],[-79.106152539868944,42.616451583054761],[-79.106123119910293,42.616487803583297],[-79.106125062558476,42.616537751191387],[-79.106127289534939,42.616595022938469],[-79.106102810992553,42.616617381308913],[-79.105950909420343,42.616756125680723],[-79.105950823200871,42.616756204431951],[-79.105759554901979,42.616865282448792],[-79.1057145573062,42.616890943936127],[-79.105626135398978,42.617010686597958],[-79.105607942008717,42.617035324374314],[-79.105469884019314,42.617145859797702],[-79.105421037917935,42.617184968045365],[-79.105293498592431,42.617230372346221],[-79.105268061723379,42.617239427627368],[-79.105212938892905,42.617259050797301],[-79.105092234005753,42.617358190628487],[-79.105029323035097,42.617409861791039],[-79.105010278106079,42.617459875269638],[-79.10498943114797,42.617514622572777],[-79.104924101552456,42.617686187442729],[-79.104913902040195,42.617712972733251],[-79.10472588584301,42.617654118337846],[-79.10472235184902,42.617653012093598],[-79.104633972481381,42.617625345886225],[-79.104582556237759,42.617655328100092],[-79.104532384096558,42.617697956044026],[-79.104431991757579,42.617783252521285],[-79.104355106324093,42.617815917106363],[-79.104272469576344,42.61785102502747],[-79.104187931433543,42.617939253206544],[-79.10418095770919,42.617946531315589],[-79.104058026287973,42.618039086138239],[-79.104029706879103,42.618073048082699],[-79.103947300806382,42.618171873004457],[-79.103896138595744,42.618221417287707],[-79.103852289747365,42.618263879401802],[-79.103767178853474,42.618371874033436],[-79.103666297933415,42.6184998782063],[-79.103647577633879,42.618526753336333],[-79.103537132084114,42.618685310014342],[-79.103426685971939,42.618843866586303],[-79.1033162392972,42.619002423052216],[-79.103205792060066,42.619160979412079],[-79.103095344260367,42.619319535665802],[-79.103000397594101,42.619455838128097],[-79.10298239972478,42.619477050055245],[-79.102854165687432,42.619628183614957],[-79.10282728945019,42.619659859192232],[-79.102725298307732,42.619719883863063],[-79.102670873916509,42.619739800495942],[-79.102591371315384,42.619768894442927],[-79.10245355007271,42.619818354197349],[-79.102276581553397,42.619881862333436],[-79.102235921902817,42.619896453584573],[-79.102134362229876,42.619932899518311],[-79.102026850795909,42.619985540007704],[-79.101871861920841,42.620061426395544],[-79.101830865794525,42.620089462394844],[-79.101653503122591,42.620210754852074],[-79.101476139759669,42.620332047035838],[-79.101342474495297,42.620423455228057],[-79.101288461854097,42.620442092273919],[-79.101200704917176,42.620472372701059],[-79.101086327628195,42.620511837694025],[-79.101072020033001,42.620520900480187],[-79.100888512131419,42.620637138550379],[-79.100856793143095,42.620657230003857],[-79.100836151987281,42.620670305921806],[-79.10067946011803,42.620724338348516],[-79.100460207914253,42.620799943086901],[-79.100350413368716,42.620837803314473],[-79.100317320110179,42.62084719114241],[-79.100237623355468,42.620869797960161],[-79.100110347133295,42.62090590104264],[-79.100035809146306,42.620961076804022],[-79.099907434782452,42.621056103890581],[-79.099865104378125,42.621087437986077],[-79.09983293031533,42.621111254054838],[-79.099671363115093,42.621193547731863],[-79.099551213226732,42.621254745360609],[-79.099495841971063,42.62128294797543],[-79.099469821758944,42.621291800575328],[-79.099250041607363,42.621366573871327],[-79.099030260927933,42.621441346747218],[-79.098810479720555,42.621516119203001],[-79.098590697985259,42.62159089123876],[-79.098486198741341,42.621626442759691],[-79.098406667598951,42.621668722844724],[-79.098383247070061,42.6216811726595],[-79.098370876171529,42.621687748740783],[-79.098318116382998,42.621707528798375],[-79.098168725788781,42.6217635342582],[-79.097965447009642,42.621839741537528],[-79.097959755121352,42.621849150136498],[-79.097893073875397,42.621959372920372],[-79.097828371064381,42.621991654035135],[-79.097718167951257,42.622046635710433],[-79.097696914411529,42.622125295890406],[-79.09764969695803,42.622300048804057],[-79.097647213490816,42.622309240147032],[-79.097586347537302,42.622471992296035],[-79.097575875571607,42.622499993656284],[-79.09748100811575,42.622631778162351],[-79.097419207710786,42.622717627448608],[-79.097353350128913,42.622782562018152],[-79.097208527198987,42.622925354605329],[-79.097063703604633,42.623068147010073],[-79.097055661769872,42.623076076031509],[-79.096916592491112,42.623209666925234],[-79.096769346257418,42.623351111849274],[-79.096622099354747,42.623492556584665],[-79.096561065782154,42.623551184925873],[-79.096490186097014,42.623641533055384],[-79.096369127887684,42.623795841481332],[-79.09634377225872,42.623828161251481],[-79.096261765468199,42.623955436613905],[-79.096158031240151,42.624116432348252],[-79.096065667182145,42.62425978077578],[-79.096056741603206,42.624278173519819],[-79.095975313265882,42.62444597056745],[-79.095915074917528,42.624570101391114],[-79.095900601823431,42.624615228285514],[-79.095860278038501,42.624740956898371],[-79.095844985066094,42.624788638327843],[-79.095840101760601,42.624803863801525],[-79.095753620069999,42.62495341867605],[-79.095737553341607,42.624981203170933],[-79.09572074413478,42.625001473914949],[-79.095632811478694,42.625107527919106],[-79.095506698370826,42.625259629935421],[-79.095486541855337,42.625283940147042],[-79.095472714128732,42.625300617185815],[-79.095464344737422,42.625310373820959],[-79.09537828345114,42.625410680949607],[-79.095301910603638,42.625499695574433],[-79.095272806698929,42.625569384381336],[-79.095232220516863,42.625666567034109],[-79.095209355180302,42.625741200131941],[-79.095156104251572,42.62591501194089],[-79.095152522310258,42.625926703413832],[-79.095114395442906,42.626090507032856],[-79.095112263621161,42.626099665905627],[-79.095077818034866,42.626262892194468],[-79.095076912473104,42.626266530578377],[-79.095039529588846,42.626416727903262],[-79.095030527778619,42.626441330137737],[-79.094967576433064,42.626613377610717],[-79.094954740164567,42.626648459306217],[-79.094880124094445,42.62677924605503],[-79.094818769038653,42.626886788503043],[-79.094791112129442,42.626944866659194],[-79.094711038297433,42.627113017140019],[-79.094688354263852,42.627160652141654],[-79.094638909578435,42.627283059297262],[-79.094617005822741,42.627337284912372],[-79.094569922575928,42.627453849475351],[-79.094530180610477,42.627552238784766],[-79.094521390832682,42.627572057640208],[-79.09449833746352,42.627624043872331],[-79.09443464210004,42.627767678886165],[-79.094420991640433,42.627792834070057],[-79.094331198146818,42.62795830574251],[-79.094241404175804,42.628123777344797],[-79.094198657582425,42.628202550087082],[-79.094148564299303,42.628288320302367],[-79.0940565533989,42.628445861604597],[-79.094051859028397,42.628451605482326],[-79.093927065324678,42.628604298503483],[-79.093922175126025,42.62861028195411],[-79.09387967012465,42.628699946509442],[-79.093851798605769,42.628773365980571],[-79.093829349708273,42.628832500990171],[-79.093819160041917,42.628859341758265],[-79.093816197762791,42.628866978366588],[-79.093785998176401,42.628944835121942],[-79.093769496149363,42.628987378475848],[-79.093752893490475,42.629078497623098],[-79.09374078248716,42.629119538501264],[-79.093715947400469,42.629203697644826],[-79.093682289634742,42.629292357591858],[-79.093649935738469,42.629377582690303],[-79.093606338120679,42.629450609780008],[-79.09359999592769,42.629459369242589],[-79.093537339613775,42.629545906293622],[-79.093536069037512,42.629546476415527],[-79.093474935275538,42.62961074458898],[-79.093474479972897,42.62961122304057],[-79.093471493879392,42.629614360956005],[-79.093394087943693,42.629654441317079],[-79.093379499348558,42.629659194825422],[-79.093288203206441,42.629688938042733],[-79.09326396745287,42.62969683393947],[-79.093042538136913,42.629768974260656],[-79.093027502183816,42.629773872860937],[-79.092960406943774,42.629806425889029],[-79.092951247751799,42.629808409395189],[-79.092833995152262,42.629833796115648],[-79.092820966579282,42.629836616887978],[-79.092683413433434,42.629866397948881],[-79.09267659885883,42.629864966223032],[-79.092595563088295,42.629833395606866],[-79.092503873590346,42.629797674311966],[-79.092395363205227,42.629774863183158],[-79.092371179924072,42.629768765806958],[-79.092142091298228,42.629711004948724],[-79.092046354438011,42.629686866336726],[-79.091910614216985,42.629658892960755],[-79.091857219395976,42.629647889292912],[-79.091689167523114,42.629588018618982],[-79.091616248868618,42.629562040284036],[-79.091586443438672,42.629552948445905],[-79.091554163099119,42.629543102357516],[-79.09150637810032,42.629483597196007],[-79.091482842024831,42.629454288409676],[-79.091356573730522,42.629383412713786],[-79.091319537499643,42.629382113905351],[-79.091188430821859,42.629377516082691],[-79.091087420306351,42.629411215798513],[-79.091071534002694,42.629416515868137],[-79.091068463986105,42.629417541367289],[-79.090897866293332,42.629378563403321],[-79.090855229530945,42.629376641470579],[-79.090836675553476,42.629375805109909],[-79.090786143162404,42.629367711441859],[-79.090693065676334,42.629352801246647],[-79.090617014311746,42.629346050675615],[-79.09047905097313,42.629333804460636],[-79.090439810571439,42.629314167022649],[-79.090405371194493,42.629296932723598],[-79.09039464246041,42.629290208050776],[-79.090362551493911,42.629270093710453],[-79.090200030529047,42.629254889057805],[-79.090184316553149,42.629255740907062],[-79.090165829329123,42.629249357339873],[-79.090164739524354,42.629248981034308],[-79.090072990529634,42.62921730160101],[-79.089933473388513,42.62921353018956],[-79.089691471702793,42.629206988024883],[-79.08964433292094,42.629205713636914],[-79.089457274878811,42.629246227575514],[-79.089442781534515,42.629249366599488],[-79.089260916325756,42.629329108352955],[-79.089247733700361,42.629334888717501],[-79.089182500003517,42.629363492583444],[-79.089027536331045,42.629407743235383],[-79.088905063230499,42.629442715849699],[-79.088799456999354,42.629467362958763],[-79.088789384433113,42.629469713757523],[-79.088609348949703,42.62951011940968],[-79.088567559339879,42.629518665025806],[-79.088334237248901,42.629566377066077],[-79.08831214915817,42.629570893831975],[-79.088117570661922,42.629645222155112],[-79.087902645168612,42.629727322372936],[-79.087720457903515,42.629796916304535],[-79.087690742261117,42.629812997459162],[-79.087495662218416,42.629918568138208],[-79.087352817175784,42.629995870576082],[-79.087295672081709,42.630018418054455],[-79.087082255848927,42.630102624325474],[-79.086868839038743,42.630186830200458],[-79.086755305861132,42.630231625670461],[-79.086668155660121,42.630284939769638],[-79.086481945731663,42.630398853088593],[-79.086295735121624,42.630512766105923],[-79.08622179567169,42.630557997839659],[-79.086207106290416,42.630566984802748],[-79.086109524449057,42.630626679369456],[-79.085923312520336,42.630740591823063],[-79.085775133499098,42.630831237682237],[-79.085740652140984,42.630857328953425],[-79.085571830605474,42.630985071962215],[-79.085403008376915,42.631112814723117],[-79.085378614389199,42.631131272864444],[-79.085235053805249,42.631241174816608],[-79.085169708450167,42.63129119937701],[-79.085064005659021,42.631367276583148],[-79.08489089081327,42.631491871487498],[-79.084717775274484,42.631616466131163],[-79.084689083746127,42.631637115912696],[-79.084644375434493,42.631677460476119],[-79.084561417957616,42.631752323213817],[-79.084408390380872,42.631890418193976],[-79.084255362125106,42.632028512970393],[-79.084102333190259,42.632166607543233],[-79.08409812602612,42.632170404111271],[-79.083972375872548,42.632316913188234],[-79.083843070176087,42.632467563896761],[-79.083756407955576,42.632568531309595],[-79.083719523676479,42.632620649977909],[-79.083607681847795,42.632778685459854],[-79.083514260846897,42.632910691123143],[-79.083500955858852,42.632925653921873],[-79.083492423329858,42.632935249335581],[-79.083359838288075,42.6330843498421],[-79.083227252611053,42.633233450195767],[-79.08309466629882,42.633382550396483],[-79.083015431097834,42.633471654085],[-79.083009772212293,42.633478608970293],[-79.082965375466642,42.633533168688011],[-79.082886442621316,42.633630169973415],[-79.082840977949729,42.633686041089774],[-79.082716579128359,42.633838913051704],[-79.082592179695823,42.633991784878994],[-79.08246777965222,42.634144656571721],[-79.082343378997379,42.634297528129885],[-79.082334609345267,42.634308304811299],[-79.08224629185851,42.634460639977824],[-79.082151275759259,42.634624528394177],[-79.0820562591596,42.6347884167321],[-79.081961242059464,42.634952304991508],[-79.0819171524833,42.635028351655762],[-79.08187132329077,42.635117700112303],[-79.081785818243105,42.635284399762476],[-79.081700312737397,42.635451099349147],[-79.081696838445524,42.635457872729226],[-79.081612018570752,42.635617009734929],[-79.081523605843842,42.635782886630352],[-79.081435192645571,42.635948763457826],[-79.081409489066118,42.635996987167559],[-79.081343318247519,42.636113609840322],[-79.081250024874223,42.636278033816623],[-79.081156731007908,42.636442457717344],[-79.081140464621981,42.636471125985722],[-79.081092432819617,42.63661392694025],[-79.081034257577045,42.636786883945945],[-79.080976082011162,42.636959840922152],[-79.08095057789528,42.637035664793068],[-79.080872203884084,42.637104847156465],[-79.080875408618525,42.637114569841074],[-79.080896812800418,42.637179506844404],[-79.080856679973934,42.637286876127561],[-79.080792464959117,42.637458672849121],[-79.080763440620188,42.637536322376015],[-79.080728249281634,42.637630469472448],[-79.080664032995472,42.637802266008556],[-79.080626583160594,42.637902454342537],[-79.080586281174675,42.637970545850614],[-79.080489591567414,42.638133905402455],[-79.080392901452569,42.638297264872939],[-79.080296210829943,42.638460624262159],[-79.080283759361208,42.638481661025331],[-79.080194198524495,42.638622214295424],[-79.080140034454203,42.638707216924267],[-79.080072179847647,42.638775143621601],[-79.080023222278001,42.638824153088308],[-79.080000093635093,42.63892683162225],[-79.079992434341364,42.638938851734181],[-79.079889634491039,42.639100180170921],[-79.079855409273975,42.639153891140019],[-79.07975721223157,42.639248274008025],[-79.079610005288941,42.639389762438064],[-79.079462797676698,42.639531250679546],[-79.079404257323688,42.639587516367563],[-79.079317175383991,42.639671215117808],[-79.079315284683773,42.639672537281164],[-79.079270855912441,42.639703606218276],[-79.079139740929747,42.639795296976104],[-79.078964197089135,42.639918056871863],[-79.078874400415827,42.639980852462728],[-79.078780844703147,42.640034126265519],[-79.078589315103059,42.640143189208018],[-79.078465347621531,42.640213779794017],[-79.078387040090846,42.640238918381669],[-79.078375455922284,42.640242637170239],[-79.078165050495073,42.640310183917101],[-79.078022908625158,42.640355815618364],[-79.07793627446469,42.64036257785704],[-79.077798189683037,42.640373355941421],[-79.077738398403284,42.640390167963332],[-79.077701652894163,42.640400499845612],[-79.077642938386774,42.640417008807809],[-79.077465014679362,42.64040039605468],[-79.077347509680649,42.64038942444617],[-79.077236271449308,42.640349519090528],[-79.077223005707381,42.640344760157191],[-79.077003405960639,42.640388336730119],[-79.076979903497374,42.640393000444782],[-79.07676216996235,42.640387413599306],[-79.076520108725347,42.640381202041993],[-79.076412089323213,42.640378429980565],[-79.076278161728951,42.640383758564361]]},"properties":{"FID":34,"retreatCat":0.10000000000000001,"sedimentCat":0,"CalSedi":2,"CalRetreat":2}},{"type":"Feature","id":35,"geometry":{"type":"LineString","coordinates":[[-79.062936252134762,42.651983566452991],[-79.062910685011232,42.652160744743874],[-79.062892920686195,42.652283849615948],[-79.062889279202736,42.652338160720277],[-79.062877347383193,42.652516117827282],[-79.062875272030865,42.652547070562768],[-79.062860387604289,42.652693845890305],[-79.062842369069799,42.65287152572408],[-79.06283556462887,42.652938623698724],[-79.062831422348935,42.653049470847606],[-79.062824766618476,42.653227576942278],[-79.062818110849918,42.653405683036596],[-79.062811455043175,42.653583789130558],[-79.062810872209653,42.653599385419888],[-79.062804381918056,42.653761886499325],[-79.062797268705381,42.653939983030355],[-79.062792482666438,42.654059812547686],[-79.062794906711488,42.654118077425409],[-79.062802315975091,42.654296167428335],[-79.062809725281141,42.654474257430813],[-79.062815244739554,42.654606922410792],[-79.062815224367753,42.654652368689888],[-79.062815144499282,42.654830542030588],[-79.062815064630371,42.65500871537138],[-79.062815002327412,42.655147701570996],[-79.062817554522937,42.655186843735883],[-79.062829158706677,42.655364812581055],[-79.062840762956867,42.655542781424984],[-79.062852367273479,42.655720750267761],[-79.062862579097228,42.655877362391116],[-79.062863600579504,42.655898730449465],[-79.062872112777114,42.656076793789538],[-79.062880625023496,42.656254857128985],[-79.062889137318535,42.656432920467815],[-79.062897649662347,42.656610983806026],[-79.062906162055,42.656789047143519],[-79.062912600462496,42.656923725912279],[-79.062917752828056,42.65696697159931],[-79.062938899763807,42.657144464923441],[-79.06296004682028,42.657321958243571],[-79.062974220138173,42.657440918403069],[-79.062983993810619,42.657499234528778],[-79.063013631167991,42.657676069723173],[-79.063024200001351,42.657739129813926],[-79.063043265602005,42.657852905190154],[-79.063051722717816,42.657903373517271],[-79.063056831709446,42.658030641307533],[-79.063063382558283,42.658193825794704],[-79.063066317156455,42.658208586628859],[-79.063101367228896,42.65838488562293],[-79.063136417500019,42.658561184606164],[-79.063147857831822,42.658618727989733],[-79.063160108713902,42.658738407539822],[-79.063178295885137,42.658916078177491],[-79.063178777961738,42.6589207875749],[-79.063185663063919,42.659094164284156],[-79.063191223743388,42.65923418943305],[-79.063193955117896,42.659272224933936],[-79.063206732197827,42.659450150351269],[-79.063207166417683,42.659456197000139],[-79.063228664696041,42.65962758764919],[-79.063250919402918,42.659805007770892],[-79.063257909488399,42.659860734281054],[-79.063246029877064,42.659982631887466],[-79.063228710214744,42.660160349417403],[-79.063219236140327,42.660257562724318],[-79.063221637947706,42.660338254099855],[-79.063221778806223,42.660342986391569],[-79.063226939734179,42.660516384787385],[-79.063230073156404,42.660621661970893],[-79.063214631764424,42.66069364275365],[-79.063176876589964,42.660869639582579],[-79.063153342741941,42.660979342780664],[-79.063118778922131,42.66104145697463],[-79.06308978191521,42.661093567017396],[-79.062975945647949,42.661182135407174]]},"properties":{"FID":35,"retreatCat":0.10000000000000001,"sedimentCat":0,"CalSedi":2,"CalRetreat":2}},{"type":"Feature","id":36,"geometry":{"type":"LineString","coordinates":[[-79.048240586054021,42.690426697421692],[-79.048188173263114,42.690600655985335],[-79.04817206573766,42.690654116818344],[-79.048133861189427,42.69077429690698],[-79.048078706291534,42.690947796885894],[-79.048075559089924,42.690957696963366],[-79.047983534422755,42.691111485925816],[-79.047945070293352,42.691175765818961],[-79.047883305373958,42.691273706457046],[-79.047781361648489,42.691435357883158],[-79.047760059408617,42.69146913657287],[-79.047664995800687,42.691591539400925],[-79.047544819771389,42.691746275896364],[-79.047512738455296,42.691787583070756],[-79.047395648055428,42.69188582807444],[-79.047235916611356,42.692019850463453],[-79.047142205851046,42.692098477940604],[-79.047047202430448,42.692121874062174],[-79.046817350534454,42.692178478393799],[-79.046587498219395,42.692235082265874],[-79.046357645485401,42.692291685678413],[-79.046204558763705,42.692329384421207],[-79.046144732273987,42.692289292040947],[-79.046116769637948,42.692270553011681],[-79.046085430354609,42.692185900245995],[-79.046167368223891,42.692168712381267],[-79.046400471013683,42.692119814726453],[-79.046633573436466,42.692070916599036],[-79.046866675492168,42.692022017999022],[-79.046987041336834,42.691996768236834],[-79.047015068420066,42.691913096146152],[-79.04707301920611,42.691740089057497],[-79.047130969669197,42.691567081939624],[-79.047188919809528,42.691394074792527],[-79.047200876509066,42.691358378560864],[-79.047219610192926,42.691302450186576],[-79.047106664569483,42.6912909286727],[-79.046866559131288,42.691266435281122],[-79.046699468312241,42.691249389875232],[-79.04662872607085,42.691264619779325],[-79.04653016790175,42.691285838013521],[-79.046396092806987,42.691314702833296],[-79.046163459284855,42.691364785709631],[-79.045930825387558,42.691414868115231],[-79.045698191114994,42.691464950050189],[-79.045465556467363,42.691515031514321],[-79.045441493718769,42.691520211698688],[-79.045392261357918,42.691557687922945],[-79.045251012847075,42.691586142543116],[-79.045134066101625,42.691609701403138],[-79.045013600146376,42.691619140559524],[-79.044912371327086,42.691627072282891],[-79.044775210856287,42.691604334396473],[-79.044538742755634,42.691565133285231],[-79.044403108113272,42.69154264785962],[-79.044302887062614,42.691561246787082],[-79.044140089935894,42.69159145831334],[-79.044069670475764,42.691573579680458],[-79.044008750646142,42.691558112843488],[-79.043831394563881,42.691568845800148],[-79.043784960163904,42.691571655798427],[-79.043628994722198,42.691591436401623],[-79.043591937660949,42.691595876834626]]},"properties":{"FID":36,"retreatCat":0.10000000000000001,"sedimentCat":-1,"CalSedi":1,"CalRetreat":2}},{"type":"Feature","id":37,"geometry":{"type":"LineString","coordinates":[[-79.053442789774536,42.67613757959024],[-79.05336628504709,42.676244791910769],[-79.053326681790594,42.676293913935439],[-79.053225743941582,42.676419112103183],[-79.053203110179609,42.676447185517176],[-79.053148027031256,42.676515506868952],[-79.053094669091223,42.676606132711605],[-79.052998397346343,42.676769644814755],[-79.052950341779976,42.676851264118781],[-79.052913077421266,42.676936190225724],[-79.052838672822517,42.677105758840696],[-79.052807313611822,42.677177226415402],[-79.052768839378331,42.677276348729848],[-79.052702335987362,42.677447682622073],[-79.052635832229655,42.677619016475759],[-79.052585767257398,42.677747998382777],[-79.052575899088623,42.677791439322782],[-79.05253597746777,42.677967178770928],[-79.05251048081854,42.678079417349892],[-79.0524943912216,42.67814270169459],[-79.052449862885027,42.678317841916737],[-79.052405334297532,42.678492982121654],[-79.05236080545896,42.678668122309254],[-79.052335682814558,42.678766933890039],[-79.052314257213709,42.678842970026267],[-79.052265094790684,42.679017439126234],[-79.052215932091613,42.679191908205155],[-79.052203331348593,42.679236625687139],[-79.052176063444037,42.679367606996934],[-79.052142973530209,42.67952655356298],[-79.052139704118801,42.679543762550637],[-79.052106179545461,42.679720223108355],[-79.052091860499061,42.679795592794051],[-79.052070050481632,42.679896397719524],[-79.05203197953594,42.680072359134741],[-79.0520293549895,42.680084489578945],[-79.052025741109546,42.680250358722873],[-79.052022421346592,42.680402727766477],[-79.052026718036529,42.680428318324239],[-79.052056408366894,42.680605149706842],[-79.052086098866383,42.680781981081722],[-79.052115789534795,42.680958812448957],[-79.052143695899474,42.681125015954407],[-79.052143602994505,42.681135724246793],[-79.052142057192171,42.68131389397341],[-79.0521406241687,42.681479063855981],[-79.052139092786305,42.681492015128391],[-79.052118104317913,42.681669519154532],[-79.052097115729538,42.68184702317695],[-79.052086708925231,42.681935034894508],[-79.052067811464298,42.682023783959494],[-79.052030329027318,42.68219981379216],[-79.0519928463779,42.682375843612654],[-79.051961054856662,42.682525145388666],[-79.051954537140247,42.682551771230195],[-79.051911611568698,42.682727127999392],[-79.051890146030729,42.682814817249564],[-79.051884004213278,42.682839908112726],[-79.05186734904359,42.682902299935371],[-79.051824298002103,42.683063572569814],[-79.051817982078319,42.683076594469199],[-79.051736582856918,42.683244419356519],[-79.051717204036493,42.683284373507526],[-79.051663215755269,42.683377403112438],[-79.051644919071379,42.683409297110281],[-79.051623238118168,42.683447090375594],[-79.051541981969336,42.683477123676241],[-79.051460757020607,42.683514228904201],[-79.051270792285379,42.68360100830715],[-79.051255916470581,42.683607803866288],[-79.051255307682084,42.683608569012549],[-79.051253543581851,42.683610786194095],[-79.051132956313765,42.683762375001379],[-79.051109665144594,42.68379165395087],[-79.051031736168426,42.683924047446325],[-79.050935483983451,42.684087569379649],[-79.05085128084086,42.684230620535992],[-79.050839231345236,42.684251091249386],[-79.050742978574149,42.684414613157401],[-79.05064672529636,42.684578134984768],[-79.050640420939146,42.684588845236561],[-79.050547546958811,42.684740708437154],[-79.050448163125651,42.684903215339759],[-79.050431433764913,42.684930570165626],[-79.050380958098245,42.685074030942666],[-79.050379659634956,42.685077721396205],[-79.050376903878174,42.685252071089998],[-79.050374611220292,42.685397120955095],[-79.050380524896141,42.685429948075054],[-79.050412344449811,42.685606579458707],[-79.050444164184384,42.685783210833478],[-79.050462212246813,42.685883395194018],[-79.050468421649668,42.685917859440494],[-79.050468420176088,42.685939323263746],[-79.050468419645398,42.685960208639756],[-79.050468417722143,42.686035897846921],[-79.050447636615615,42.686137237132328],[-79.050443402453794,42.686157885026127],[-79.050403704213281,42.686306492213568],[-79.050402171489281,42.686312229644898],[-79.050355465317907,42.68648706390308],[-79.050334419030094,42.686565845714732],[-79.050277809810908,42.686649123867106],[-79.050274896365607,42.686653409848454],[-79.050245372474805,42.686696842527155],[-79.050223698746208,42.686765208703427],[-79.050213800662618,42.686796431985165],[-79.050196042746052,42.686820480439593],[-79.050130709271954,42.68690895736227],[-79.050064748917535,42.686969421122313],[-79.049963107579174,42.687062592201521],[-79.049928637024578,42.687115592675575],[-79.049824089104121,42.68727634054153],[-79.04981405357438,42.687291770641927],[-79.049742418496521,42.687401909317614],[-79.049716992573551,42.687436130050529],[-79.049600808320662,42.687592501808119],[-79.049511361086871,42.687712887740005],[-79.049478854379757,42.687746208897039],[-79.049385796385565,42.687841598194566],[-79.049359654849866,42.687899274646448],[-79.049283038653726,42.68806831342738],[-79.049240311744867,42.688162581645145],[-79.049196665156131,42.68823456693567],[-79.04909799001021,42.688397308852949],[-79.049064123835095,42.688453163089648],[-79.049030760544838,42.688508188901288],[-79.049001179893125,42.688556973182436],[-79.04899934485212,42.688560060578908],[-79.048902301708196,42.688723332023272],[-79.048805258054117,42.688886603385662],[-79.048765421445339,42.688953626325393],[-79.048715356848788,42.689052001809507],[-79.048630849376565,42.689218055791713],[-79.048630620287724,42.689218921053353],[-79.048594557507499,42.689355128817532],[-79.048580422963923,42.689393144914028],[-79.048535243254165,42.689514659387889],[-79.048534325470627,42.689520205965842],[-79.048526642705184,42.689566477927833],[-79.048499471305036,42.689730125993513],[-79.048492521794913,42.689742417927114],[-79.048399499933851,42.689906949670103],[-79.048348944361408,42.68999636907558],[-79.048329513749621,42.69007644538641],[-79.048286951275543,42.690251850654228],[-79.048260819891027,42.690359540852413],[-79.048240586054021,42.690426697421692]]},"properties":{"FID":37,"retreatCat":0.10000000000000001,"sedimentCat":0,"CalSedi":2,"CalRetreat":2}},{"type":"Feature","id":38,"geometry":{"type":"LineString","coordinates":[[-79.035674526197624,42.695173164060975],[-79.035630273174689,42.695197256352785],[-79.035470904833232,42.695269650417927],[-79.035442645298517,42.6952824874475],[-79.035357345574695,42.695321235110619],[-79.035270832482894,42.695361645759846],[-79.035265416135175,42.695364175747976],[-79.035219424724048,42.695385658420328],[-79.035192057917797,42.695384525836083],[-79.035081754457309,42.695379961821139],[-79.03503198430974,42.695376141341029],[-79.034971613207404,42.695371507075699],[-79.034834888339532,42.695451493247965],[-79.034829728278268,42.695454940938276],[-79.034755615016877,42.695504459579283],[-79.034620002193947,42.695536052730844],[-79.034388909876213,42.695589888897835],[-79.034224395186968,42.695628214541117],[-79.034159367778884,42.69564694408286],[-79.033933656831451,42.695711954183629],[-79.033707945411408,42.695776963841283],[-79.033588622921201,42.695811331005331],[-79.033485517732728,42.695847533045274],[-79.033306039123147,42.695910550811568],[-79.033263832713146,42.695918340533417],[-79.033130513486455,42.695942946152648],[-79.033026116333318,42.695934921828687],[-79.032980270814292,42.695931397953984],[-79.032973463540529,42.695930776495366],[-79.032805300437261,42.695915419230836],[-79.032785632205147,42.695912698698237],[-79.032547389938969,42.695879744466893],[-79.032530393380227,42.695877393442629],[-79.032305304457083,42.695874239155934],[-79.032062923746295,42.695870842057417],[-79.031994383876153,42.695869881340847],[-79.031988763974553,42.695870596546875],[-79.031823059855583,42.695891680335009],[-79.031719326742817,42.695904878954543],[-79.031586267333907,42.695929310191929],[-79.031480579018478,42.695948715658318],[-79.031356325972581,42.695984573928094],[-79.031130672940407,42.696049694838536],[-79.03092577696431,42.696108824995576],[-79.030905503287173,42.696115651984861],[-79.03068510920464,42.696189867499747],[-79.030514894614299,42.696247185159258],[-79.030467442743955,42.696267907091695],[-79.030259029812157,42.696358919309098],[-79.030241553028048,42.696366551248005],[-79.030167731427753,42.696360464573637],[-79.030132611485953,42.696357567725812],[-79.030081512405957,42.696353354006661],[-79.030076903972684,42.696308610773009],[-79.030075606905598,42.696296017549386],[-79.029916627992819,42.696234917183112],[-79.029880261813943,42.69621440763936],[-79.029687935007914,42.696105940092949],[-79.029574724168185,42.696042091660807],[-79.02949844257256,42.695994881956928],[-79.029313005721804,42.695880116951429],[-79.029221462197839,42.695823461316756],[-79.029109684853921,42.695786181376818],[-79.028888927340063,42.695712553958792],[-79.028769245544822,42.695672637234551],[-79.028659426495508,42.695660790564688],[-79.028419572469446,42.695634916062502],[-79.028278155557132,42.695619660321562],[-79.028178712198155,42.695621938650376],[-79.027987925199426,42.695626309495573],[-79.027940902656681,42.69564182547208],[-79.027904273895942,42.695653911805081],[-79.027862235735967,42.695667781280427],[-79.027853497758244,42.695655860756922],[-79.027831593680673,42.69562598000234],[-79.027740109466777,42.695629202239573],[-79.027506152327703,42.695637442294966],[-79.027498263300046,42.695639081478781],[-79.027306664464405,42.695678891733607],[-79.027272516526239,42.695698477875382],[-79.027171961242487,42.695756152970567],[-79.027081401377814,42.695808094988635],[-79.027054433706795,42.695823562685],[-79.02698561375874,42.69580811987948],[-79.026925848881419,42.695807841804495],[-79.026856099533887,42.695830925595459],[-79.026756690348734,42.695863825310681],[-79.0266640575624,42.695886203116423],[-79.026663882264316,42.695886265912236],[-79.026631847808602,42.695897844293334],[-79.026572954511792,42.695919130371479],[-79.026416564581183,42.695979731899719],[-79.026295705638859,42.696026564845504],[-79.026208587710883,42.696070683712286],[-79.026008963288817,42.69617177841485],[-79.025992375611366,42.696180178790982],[-79.025795715051174,42.696256323801812],[-79.025581231641652,42.696339369045916],[-79.025366747658637,42.696422413889891],[-79.025261423347587,42.69646319358818],[-79.025151452167592,42.696504307106899],[-79.024935373672946,42.696585089145472],[-79.024719294616077,42.696665870777878],[-79.02462129335315,42.696702508563213],[-79.02449766924309,42.696737502910636],[-79.024304140093676,42.696792284971302],[-79.024272315278182,42.69680306285602],[-79.02405213765644,42.696877628507096],[-79.023831959505884,42.696952193736465],[-79.023817439113088,42.696957111171635],[-79.023621752980276,42.697040852401408],[-79.023412249931596,42.697130505773686],[-79.02320274627796,42.697220158764139],[-79.022993242019396,42.697309811372769],[-79.022950063259984,42.697328288666597],[-79.022809900752165,42.697425227909008],[-79.022633350958273,42.697547332665089],[-79.022532722918143,42.697616928344978],[-79.022476186934256,42.697665319333083],[-79.022464807075337,42.697675059498998],[-79.022306872866864,42.697810236962709],[-79.022251173984387,42.697857909999428],[-79.022152398182001,42.697947535190785],[-79.021999807966338,42.698085988741454],[-79.021847217070246,42.698224442089618],[-79.021767421442178,42.698296844325469],[-79.021699761565372,42.698365781737252],[-79.02155793533727,42.698510285262927],[-79.021416108448989,42.698654788613638],[-79.021350321956035,42.698721816297748],[-79.02129311116704,42.69880759337093],[-79.021212580546461,42.698928333799785],[-79.021183751121754,42.698966562695567],[-79.021066228218345,42.699122401900397],[-79.02101327000382,42.699192625926102],[-79.020951570527444,42.69927937486311],[-79.020933330768045,42.699305019756345],[-79.020811491768001,42.699424408568603],[-79.020799684488139,42.699435978372208],[-79.020680511162794,42.699574291576475],[-79.020613412422549,42.699652166410878],[-79.020548946653207,42.699723938120606],[-79.020415384965801,42.699872635782967],[-79.020381411931723,42.69991045869746],[-79.020271228632353,42.700015781501271],[-79.020156312048911,42.700125628297641],[-79.020118128744301,42.700153589123204],[-79.019946388831968,42.700279350157146],[-79.019903434660009,42.700310804351062],[-79.019748612310934,42.700380844845],[-79.019542151377252,42.700474245685129],[-79.019492346417991,42.700496776847757],[-79.019345432110327,42.700578138779527],[-79.019338696064395,42.700581869228273],[-79.019152459736247,42.700685009377494],[-79.019151921012437,42.700685456360127],[-79.019128678734191,42.700704740621603],[-79.018991170761012,42.700818833882217],[-79.018879628382749,42.700911382513112],[-79.018817741481456,42.70094148681909],[-79.018694873344714,42.701001254693118],[-79.01860594055843,42.701026011116163],[-79.018469607160881,42.701063962383806],[-79.018458379401096,42.701064149976943],[-79.018372973246144,42.701065574562463],[-79.018340551356786,42.701066115347032],[-79.018211344693199,42.701065891176484],[-79.018172303953051,42.701067262834918],[-79.018130629125906,42.701068727630492],[-79.018117890481449,42.701069175367984],[-79.017906225891508,42.70100362308056],[-79.01775865361374,42.700957919798249],[-79.017689133957035,42.700927155416714],[-79.017688145951453,42.700926718185045],[-79.017480451252055,42.700834804716564],[-79.017469392429575,42.700829910713402],[-79.017287405031794,42.700727111048977],[-79.01728368809313,42.700725011446174],[-79.017071148751626,42.700652088661563],[-79.017068207386259,42.70065117339184],[-79.016844952387061,42.700581702457143],[-79.016772023623133,42.700559008865071],[-79.016615295133136,42.700525447729426],[-79.016486348157727,42.700497835415298],[-79.016380023184013,42.700483362253074],[-79.016363610505238,42.700481128117978],[-79.016262255013331,42.700467330505944],[-79.016140510992329,42.700478393768073],[-79.01609998174392,42.700482076758789],[-79.016095473161528,42.700483144385487],[-79.016003072740617,42.700505019343332],[-79.015995492460917,42.700506145381972],[-79.015905256151825,42.700519538137144],[-79.015853983566899,42.700527147913149],[-79.015710565249947,42.700573071007902],[-79.015678742000034,42.700581209232752],[-79.015578341756282,42.700606884720884],[-79.01544658754483,42.700632069523486],[-79.015219541973593,42.700675468856502],[-79.015211731538983,42.700675998372489],[-79.01508330665439,42.700684704983651],[-79.01500087079269,42.700690293852489],[-79.01497166673326,42.700683366827576],[-79.014921812008382,42.700671541569918],[-79.014740941731844,42.700628643145457],[-79.014690555552519,42.700616692598238],[-79.014502212256716,42.700601341717054],[-79.014336377855315,42.700587825156823],[-79.014260822755361,42.700586089343375],[-79.014077447614056,42.700581876250212],[-79.014075240890463,42.70058276139266],[-79.014031060010353,42.700608601336178],[-79.013889869592234,42.700691178709121],[-79.013857285609262,42.70070879485224],[-79.01383992956066,42.700718178618096],[-79.01371708285221,42.700784597080023],[-79.013642235974089,42.700821239732051],[-79.013440463223588,42.700920020798044],[-79.013427044537693,42.700926590105894],[-79.013325303765882,42.70095160023746],[-79.013266209606982,42.700946461071212],[-79.013207089371249,42.700941318338842],[-79.013133762839828,42.700934939790216],[-79.013035655186187,42.700991231436497],[-79.013031997030538,42.700993331040095],[-79.012999243029597,42.701009551658103],[-79.012798186882051,42.701109119408677],[-79.012624004390688,42.701195378147943],[-79.012601514695774,42.701212525041271],[-79.012433260169288,42.701340807462401],[-79.01241294118519,42.701356299227783],[-79.012241574490403,42.701449471905264],[-79.012046669973614,42.70155544152945],[-79.011851764791487,42.701661410823149],[-79.011794947464111,42.701692302083188],[-79.011645149365833,42.701754076417814],[-79.011433715353306,42.701841267874002],[-79.01133891726117,42.701880360639201],[-79.011236306201354,42.70194340171556],[-79.011050295801283,42.702057680219291],[-79.010864284716533,42.702171958422099],[-79.010741020335345,42.702247687016516],[-79.010730227138694,42.70225396512415],[-79.010723588074811,42.702257827663416],[-79.010676892058342,42.702284988891975],[-79.010486784102028,42.702395566740805],[-79.010370553959902,42.702463172605448],[-79.010300037526136,42.702509093651081],[-79.010118579666994,42.702627260412342],[-79.010010978431694,42.702697330821195],[-79.009941211846751,42.70274861948127],[-79.009813614543972,42.70284242186198],[-79.009762962304777,42.702868658324313],[-79.009564788970494,42.702971306216014],[-79.009404163035455,42.703054505172183],[-79.009365523523428,42.703072762772948],[-79.00916158830627,42.703169124046575],[-79.008965289525918,42.703261876408895],[-79.008957652487808,42.703265484994681],[-79.008865029993871,42.703309250082683],[-79.008752545777,42.703360483357102],[-79.008546463999039,42.703454347081184],[-79.008340381597947,42.703548210435876],[-79.008281386952063,42.703575080321656],[-79.008128605966149,42.703634798077999],[-79.007960022803971,42.703700692088155],[-79.007911533075912,42.703713460810768],[-79.007683288590826,42.703773563720972],[-79.007594771492819,42.703796872499701],[-79.007495480850082,42.703809880640492],[-79.007448946644971,42.703802621032729],[-79.007397591805571,42.703794609354034],[-79.007301363757378,42.703791851612706],[-79.007210362657119,42.703775862378329],[-79.007210278522194,42.703775840738039],[-79.007159631023654,42.703762813731188],[-79.006981436475556,42.703716977686007],[-79.00696544483732,42.703712864224258],[-79.006740351646826,42.703702764324404],[-79.006656114401736,42.703698984496846],[-79.006498101477391,42.703696113764217],[-79.006326120340248,42.70369298901398],[-79.006321978037036,42.703693770423939],[-79.006257914372881,42.703705868180421],[-79.006023088076603,42.703750212337923],[-79.005966097222171,42.70376097430222],[-79.005963277664776,42.703762059604202],[-79.005883304778962,42.703792818218169],[-79.005863724869442,42.703800349919831],[-79.005805806279341,42.703826625593734],[-79.005785427110055,42.703835870910339],[-79.005681448889447,42.70388183041436],[-79.005587170029614,42.70389911484034],[-79.00540070896524,42.703933299050291],[-79.005351104822765,42.703939337982938],[-79.005208416738299,42.703956709062268],[-79.005110593274836,42.703956737050547],[-79.004868136949156,42.703956806060766],[-79.004625680622851,42.703956874559751],[-79.004522487673995,42.703956903558776],[-79.004383739035376,42.70394811263052],[-79.004159246536304,42.703933888725892],[-79.004142139300754,42.703933227234053]]},"properties":{"FID":38,"retreatCat":0.10000000000000001,"sedimentCat":0,"CalSedi":2,"CalRetreat":2}},{"type":"Feature","id":39,"geometry":{"type":"LineString","coordinates":[[-79.043591937660949,42.691595876834626],[-79.043536488670924,42.691602521092037],[-79.043515864433672,42.691604992319171],[-79.04342046459756,42.691606121856523],[-79.043350828289732,42.691610733681486],[-79.043343291010572,42.691611232852594],[-79.043313513450954,42.691609492515383],[-79.043280202625652,42.691607544896165],[-79.043190934659037,42.691602326253133],[-79.043109754787594,42.691610843985167],[-79.04298746557123,42.691623674969172],[-79.042877926347856,42.691657624692652],[-79.042753212049234,42.691696277487125],[-79.042651515232492,42.691720871867439],[-79.042421250379164,42.691776558765199],[-79.042312544758659,42.691802847770212],[-79.042199374324753,42.691846757392995],[-79.041984999856354,42.691929933253505],[-79.041901792497399,42.691962216984841],[-79.04176537957413,42.692005015681161],[-79.041670757367172,42.692034702673489],[-79.041562184666205,42.692099115507936],[-79.041373554360788,42.692211023488063],[-79.041184923375639,42.692322931158657],[-79.040996291710684,42.692434838519816],[-79.040812516108659,42.692543864294265],[-79.040807494443442,42.692546588561477],[-79.040612455945293,42.692652397130495],[-79.040417416782603,42.692758205368577],[-79.040222376955384,42.692864013275724],[-79.040027336463538,42.692969820852028],[-79.03983229530715,42.693075628097482],[-79.039701115216985,42.693146791170868],[-79.03963725358696,42.693181435112365],[-79.039586541783137,42.693208945424701],[-79.039572945345824,42.693210113192272],[-79.039408369017877,42.693224250956568],[-79.039303930221251,42.69323322254111],[-79.039215871857095,42.693269683927106],[-79.039188620018706,42.693287191357904],[-79.039134600484701,42.693321895142901],[-79.039007364540879,42.693405499968634],[-79.038964914788551,42.693433392981241],[-79.038799206518505,42.693494630589207],[-79.038608535928077,42.6935650925953],[-79.038590067979669,42.693581527146264],[-79.038544421322456,42.693622147867806],[-79.038402543784827,42.693691958261276],[-79.038247117061687,42.69376843510755],[-79.038202736637643,42.693792777003161],[-79.03800845350824,42.693899337516022],[-79.03783859869695,42.693992499003436],[-79.037815136258203,42.694006800427481],[-79.037628538742098,42.694120539699433],[-79.037441940542536,42.69423427866861],[-79.037297005557022,42.69432262176749],[-79.037255341720723,42.694348017389188],[-79.037170679292458,42.694399622104001],[-79.037061956238162,42.694455195180538],[-79.036862933897865,42.69455692362132],[-79.03666391090556,42.694658651717489],[-79.036464887261232,42.694760379469223],[-79.036265862964811,42.694862106876343],[-79.036066838016382,42.69496383393885],[-79.03593909178413,42.695029128154395],[-79.035869326063107,42.695067110424972],[-79.035674526197624,42.695173164060975]]},"properties":{"FID":39,"retreatCat":0.10000000000000001,"sedimentCat":1,"CalSedi":3,"CalRetreat":2}},{"type":"Feature","id":40,"geometry":{"type":"LineString","coordinates":[[-78.992260906360073,42.704531827364583],[-78.992021404705554,42.704559569225658],[-78.99178190283709,42.704587310587755],[-78.991712498820689,42.704595349516744],[-78.991542771333428,42.704616707710798],[-78.991303790805873,42.70464678013002],[-78.991267120759147,42.704651394505568],[-78.991074034888214,42.70470255890806],[-78.990845950602264,42.704762996756386],[-78.9907494268856,42.704788573470466],[-78.990620969844954,42.70482920730845],[-78.99039826592103,42.704899653079622],[-78.990360034553618,42.704911746377633],[-78.990194845252176,42.704995687861796],[-78.989995420438277,42.705097025615096],[-78.989922101415246,42.705134282518969],[-78.989802027956785,42.70520434201886],[-78.989612142420157,42.705315134332224],[-78.989592065549857,42.705326848521047],[-78.989414471362579,42.705418259538909],[-78.98921587923175,42.705520477943587],[-78.989189755379513,42.705533924238949],[-78.989017287227043,42.705622696823433],[-78.988941680058616,42.705661613085915],[-78.988818235517883,42.705724431005045],[-78.988618900875224,42.705825866999938],[-78.988494373141677,42.705889235443408],[-78.988468540305107,42.705899700397289],[-78.988414688699621,42.705921519451323],[-78.988202360328998,42.70600754813772],[-78.988050459793996,42.706069093004785],[-78.987981674403997,42.706073134424784],[-78.987950703657845,42.706074954067887],[-78.987777030233147,42.706163518452158],[-78.987634790324137,42.706236052999948],[-78.987580519723053,42.706267757751128],[-78.987390723565682,42.70637863574121],[-78.987200926730281,42.706489513418028],[-78.987011129216839,42.706600390781404],[-78.986906223785837,42.706661674934267],[-78.986818783722825,42.706708817393093],[-78.98662328975017,42.706814215565863],[-78.986427795113784,42.706919613406093],[-78.986309510580057,42.706983384305857],[-78.98623416569319,42.707026817927535],[-78.98604339407602,42.707136790421842],[-78.985856482186321,42.707244537246908],[-78.98585248844347,42.707246631691525],[-78.985655126143641,42.707350134351209],[-78.985457763185579,42.707453636672057],[-78.985351914539009,42.707509146201652],[-78.985257889993449,42.707554443577195],[-78.985055113510811,42.707652132926867],[-78.984888161626856,42.707732562962569],[-78.984848688625803,42.707744792405002],[-78.98462526393773,42.707814013027217],[-78.984593600689607,42.707823822771701],[-78.984452568462643,42.707889150928004],[-78.984417551209461,42.707905371355849],[-78.984226557249343,42.707993841800153],[-78.984212247907905,42.708000164707066],[-78.984004451898699,42.708091983737489],[-78.983796655274702,42.708183802392391],[-78.983684020442581,42.708233571836956],[-78.983670546862555,42.708239525467519],[-78.983592727076115,42.708279974140289],[-78.98339477094018,42.708382866044438],[-78.983223506062529,42.708471884050205],[-78.983196633726521,42.708485568253757],[-78.982997338208747,42.708587055154503],[-78.982904634699793,42.708634262166136],[-78.982798042302747,42.708688541989261],[-78.982651039322377,42.708763399691342],[-78.982596133986277,42.708787020003896],[-78.982386882417316,42.708877039764609],[-78.982217213840173,42.708950030500908],[-78.982178287721496,42.708967858732244],[-78.981972510592286,42.709062104632658],[-78.981766732838167,42.709156350164747],[-78.981671159110036,42.709200122394144],[-78.981561951336815,42.709251752004157],[-78.981493546463398,42.709284091335633],[-78.981358033054732,42.70934815581753],[-78.98121966429774,42.709413569874989],[-78.981159148942794,42.709449667629464],[-78.981122586822167,42.709471477107243],[-78.980970892168799,42.709561962543987],[-78.980863398504781,42.709626081933251],[-78.980778437169036,42.709670186967188],[-78.980580394908586,42.709772993957664],[-78.980494480316523,42.709817593421612],[-78.980387838144722,42.709881123754691],[-78.980199484293891,42.7099933319274],[-78.98001112976192,42.710105539791471],[-78.979865920971505,42.710192044088437],[-78.979824391918058,42.710219147605294],[-78.979643096633325,42.710337467686671],[-78.979461800657489,42.710455787482054],[-78.979422500870072,42.710481435735794],[-78.979261690503705,42.710555679455055],[-78.979056372788435,42.710650470960367],[-78.979031862252526,42.710661786991238],[-78.978864532377585,42.710759262449344],[-78.978674518380345,42.710869951529197],[-78.978484503705417,42.710980640294999],[-78.978401217936465,42.711029156318908],[-78.978308015607595,42.711102133071194],[-78.97814208274707,42.711232056694072],[-78.97808282052759,42.711278458176821],[-78.977966936901595,42.711355067424478],[-78.977786672381939,42.711474237485405],[-78.977748093775048,42.711499741104177],[-78.977630935609653,42.711610200142005],[-78.977481876807815,42.711750734990567],[-78.977332817330876,42.711891269645854],[-78.977183757178921,42.712031804107788],[-78.977134183484537,42.712078542186177],[-78.977026646515341,42.712167412851315],[-78.976865523980734,42.71230056701652],[-78.976704400754684,42.712433720955858],[-78.976543276837276,42.712566874669427],[-78.976508252870786,42.71259581856728],[-78.976358367324067,42.712681350442551],[-78.976166850954982,42.712790638232661],[-78.975975333911435,42.712899925703645],[-78.97593477386971,42.71292307083479],[-78.975774929718369,42.713000073110102],[-78.975572137217625,42.71309776444734],[-78.975369344078445,42.713195455426828],[-78.97516655030077,42.713293146048549],[-78.975151281849548,42.713300501200415],[-78.974941094756318,42.713357901527395],[-78.974713793667604,42.713419974990657],[-78.974486492124328,42.713482048004316],[-78.974341638320183,42.713521605343146],[-78.974264868166216,42.713553148946339],[-78.974053219456636,42.713640111515041],[-78.973841570154008,42.71372707369401],[-78.973815948072044,42.713737601217311],[-78.973635567380157,42.713821023347492],[-78.973527947314579,42.713870795035504],[-78.973430341388834,42.713915934640895],[-78.973370381722802,42.713943663986733],[-78.973249043841193,42.714032868460762],[-78.973208387915633,42.714062757560313],[-78.97310864788696,42.714136083784162],[-78.973077622608699,42.714158892257139],[-78.973071079435144,42.714163702518576],[-78.972908414004152,42.714286519583091],[-78.972739292587988,42.714414210342127],[-78.972664271541461,42.714470852798542],[-78.972579446958008,42.714547949262951],[-78.972426996233168,42.71468651001063],[-78.972334517744926,42.714770562267518],[-78.972289358274011,42.714832302765117],[-78.972174562150997,42.714989247499659],[-78.972132483435644,42.715046775633205],[-78.972063388342534,42.715147577378737],[-78.971955170850677,42.715305453435498],[-78.97195433222808,42.715306716697256],[-78.97184802245323,42.715466856290313],[-78.971821441335294,42.715506896578816],[-78.971741713132062,42.715626996144223],[-78.971725301524259,42.715651717908145],[-78.971626382948969,42.715745284825381],[-78.971599506887856,42.715770706887973],[-78.97146750310084,42.715895568858777],[-78.97145342920102,42.715912768995913],[-78.971328481038711,42.71606547141711],[-78.971203532261441,42.716218173702508],[-78.971078582869268,42.7163708758521],[-78.97102913246195,42.71643130954233],[-78.970950770165032,42.716522280293262],[-78.970821081832597,42.716672834709392],[-78.970731077055902,42.716777320205559],[-78.970679602393062,42.716816590341239],[-78.970511381101673,42.716944926234085],[-78.970343159114393,42.717073261880728],[-78.970335220824907,42.717079317939756],[-78.970166916326562,42.717175686406208],[-78.970150130732321,42.717179777091687],[-78.970030124904468,42.717209022683328],[-78.970021045517001,42.717211808996375],[-78.96992301477259,42.717241882583814],[-78.969699230804963,42.717310533957644],[-78.969475446342187,42.717379184895911],[-78.9693023999845,42.717432270371575],[-78.969251661342497,42.717447835325075],[-78.96921578378975,42.717458841364888],[-78.969146231936222,42.717482696380451],[-78.969141374587565,42.717559242841979],[-78.9691447547781,42.717575640463281],[-78.969178889059904,42.717741228577346],[-78.969172667749149,42.71775089972985],[-78.969108352012583,42.717850879637226],[-78.969071809553753,42.71791290791991],[-78.968975478996441,42.718076421692302],[-78.96893928742314,42.718137853883455],[-78.968917364833715,42.718247915129531],[-78.968901116190395,42.718329490363033],[-78.968853679684031,42.718418650126601],[-78.968765389462845,42.718584596167602],[-78.968677098769419,42.718750542140739],[-78.968625921656383,42.718846731182538],[-78.96858479362092,42.718915262184566],[-78.968486953015699,42.719078291786388],[-78.968459470127385,42.719124085736532],[-78.968353800860982,42.71922601290688],[-78.968206855046802,42.719367754168537],[-78.968196368200211,42.719377869558222],[-78.968035444766699,42.71949362140748],[-78.967996969874534,42.719521296210111],[-78.967893828096663,42.71963736461273],[-78.967761250274421,42.719786557467067],[-78.96769553594676,42.719860506979714],[-78.967630791280243,42.71993674408639],[-78.967502414681377,42.720087907388709],[-78.967464147882851,42.72013296633115],[-78.967356845168041,42.720230054986487],[-78.967203973989925,42.720368373781753],[-78.967051102130227,42.720506692373711],[-78.967015136991975,42.720539233543022],[-78.966884230125217,42.720635754589736],[-78.966761245234679,42.720726434147288],[-78.966740508964378,42.720741723151214],[-78.966708122432067,42.720757001633963],[-78.966707774368359,42.720757165828751],[-78.966503700385758,42.720853434889833],[-78.966299625769977,42.720949703588708],[-78.966179077602618,42.721006569807912],[-78.966124942670788,42.721067695811456],[-78.966100718065178,42.721095048774018],[-78.965928037340888,42.721166378362923],[-78.965874066943925,42.721188671941107],[-78.965767491106888,42.721295793363772],[-78.965758690376518,42.721304639126117],[-78.965588913160232,42.721416012830417],[-78.96554781117851,42.721442975596396],[-78.965391413485392,42.721518851115682],[-78.965378579506094,42.721525077435679],[-78.965176945207503,42.721601913829367],[-78.965140841653408,42.721615671683779],[-78.964961657655806,42.721683952056161],[-78.964959061926038,42.721684941189288],[-78.964739386413598,42.721755221462089],[-78.964517029438454,42.721826359019268],[-78.964412722167538,42.721859729319391],[-78.964291209484244,42.72189101265176],[-78.964062329692325,42.721949937116449],[-78.963969761737431,42.721973768317369],[-78.96384237842517,42.722023791165547],[-78.963802378831048,42.722039498778798],[-78.963635346999126,42.722054817568413],[-78.963606513595991,42.722054263252353],[-78.963370084830274,42.722049717686389],[-78.963364466150352,42.722048135412876],[-78.963138006917745,42.721984362049483],[-78.963083853701349,42.721969111833907],[-78.962943330239938,42.721881244891385],[-78.962885314660937,42.721844968608963],[-78.962735014300961,42.721792609670267],[-78.962673840184692,42.721771298849333],[-78.962511162504128,42.721724263962237],[-78.962465100429341,42.721710946011051],[-78.962272518085143,42.721701350364199],[-78.96223774924178,42.721699617930092],[-78.962030818284518,42.721712538354907],[-78.961970344151084,42.721716314187887],[-78.961943482314865,42.721717991022295],[-78.961802454438555,42.721765017173887],[-78.961744169462506,42.721784452395674],[-78.961592554173649,42.721836241216643],[-78.961582292982825,42.721839746127223],[-78.961485187215047,42.721872914438165],[-78.961402661550608,42.721901102652417],[-78.961365252039911,42.721918710723244],[-78.961161042297107,42.722014828660498],[-78.960956831921564,42.72211094623502],[-78.960752620913283,42.722207063446717],[-78.960747053419439,42.722209683922998],[-78.960552183316096,42.722307372823877],[-78.960351850847616,42.722407799357903],[-78.960151517730594,42.722508225542782],[-78.959951183965018,42.722608651378607],[-78.959807760078291,42.722680548298669],[-78.95975394404276,42.722712152173386],[-78.959564502093073,42.722823402937806],[-78.959375059464023,42.722934653389949],[-78.959185616155509,42.723045903529979],[-78.959156829582739,42.723062808315198],[-78.959004084921375,42.723163998086072],[-78.958823970804161,42.723283318797336],[-78.958648393753123,42.72339963311196],[-78.95864403721427,42.723402780589261],[-78.958471114793966,42.723527711801125],[-78.958298191677258,42.723652642752754],[-78.958125267864034,42.723777573444323],[-78.957962649807584,42.723895057933305],[-78.957952540418347,42.72390264827775],[-78.957799417684214,42.724017615745652],[-78.957782921748574,42.724030001373642],[-78.957666619049022,42.724117324613658],[-78.957609169065051,42.724154138819387],[-78.957426396420558,42.724271259862917],[-78.957243623085958,42.72438838061592],[-78.95706084906125,42.724505501078227],[-78.956986748674353,42.724552983938182],[-78.956855355016799,42.72459664035533],[-78.956714631523312,42.724643396437891],[-78.956641621975393,42.724679605445594],[-78.956440604841262,42.724779299221765],[-78.956239587060978,42.724878992646389],[-78.956182319209177,42.724907394131733],[-78.956051483830649,42.724991038169648],[-78.955887200834994,42.725096064989515],[-78.955866257195638,42.725105763392307],[-78.955661079764766,42.725200774853846],[-78.955455901705335,42.725295785949193],[-78.955250723017528,42.725390796678347],[-78.955045543701146,42.725485807041302],[-78.954914222930441,42.725546616110726],[-78.954840089655718,42.725580495491002],[-78.954634147635744,42.725674611865166],[-78.954428204990862,42.725768727870289],[-78.954333350680756,42.725812076169547],[-78.954215152578342,42.725853279001093],[-78.9541057554421,42.725891413735219],[-78.954013810665685,42.72594970753061],[-78.953830196096092,42.72606612023187],[-78.953736152896298,42.726125743882683],[-78.953622009807006,42.726148629984408],[-78.95353515242563,42.726166045115789],[-78.953400911780534,42.726219213115129],[-78.953245188485297,42.726280889326198],[-78.95319918685,42.726315274767181],[-78.953084793259663,42.726400781787937],[-78.953014174969866,42.726427352975584],[-78.95279830047923,42.726508578570815],[-78.952785004121708,42.726513581478677],[-78.952607655545791,42.72661837937855],[-78.952418665929741,42.726730055450673],[-78.952408189142048,42.726736246280566],[-78.952248657035852,42.726857034007409],[-78.952170813606102,42.726915971929593],[-78.952110842607709,42.727001327237836],[-78.952105626267382,42.727008751519385],[-78.952051119652154,42.727015399779013],[-78.951934495876188,42.726959874334504],[-78.951903345693125,42.726974465043327],[-78.951736818215721,42.72705246605662],[-78.951704498900057,42.727075517362728],[-78.951530481033984,42.727199632754733],[-78.951455304130164,42.727253251214627],[-78.951365629012173,42.727330077495523],[-78.951302311317079,42.727384322743013],[-78.951223700833268,42.727474066415866],[-78.951092453621158,42.727623900781403],[-78.951091428855108,42.72762507067074],[-78.950949089995476,42.727767615756875]]},"properties":{"FID":40,"retreatCat":0.10000000000000001,"sedimentCat":0,"CalSedi":2,"CalRetreat":2}},{"type":"Feature","id":41,"geometry":{"type":"LineString","coordinates":[[-78.917931023086169,42.736760996036921],[-78.917714202974707,42.736840903780809],[-78.917696189765024,42.736847542412939],[-78.917505562194236,42.73693172535738],[-78.917297661950997,42.737023535456991],[-78.917111369372208,42.737105802921029],[-78.91709077401417,42.73711648542205],[-78.916892618208095,42.737219265467324],[-78.916835978882062,42.737248643196729],[-78.916703481023063,42.737330625262842],[-78.916599583360679,42.737394910911291],[-78.916517854018181,42.737445332390813],[-78.916332100417861,42.737559929284302],[-78.916313391644493,42.737571471240138],[-78.916173145624981,42.737694201551648],[-78.916086740629112,42.737769814864862],[-78.91601767335365,42.737830972443419],[-78.915890837641584,42.737943282300741],[-78.915866743113796,42.737970251385484],[-78.915733654417195,42.738119217490627],[-78.91562517855904,42.738240633815707],[-78.915594447735899,42.738264641127223],[-78.915428280117567,42.738394452928532],[-78.915264796267465,42.738522167378484],[-78.915262339066985,42.738524409744507],[-78.915110237701967,42.738663212374696],[-78.914958135656079,42.738802014803717],[-78.914806032929221,42.738940817031384],[-78.914653929521307,42.739079619057875],[-78.914613844696163,42.73911619834432],[-78.91451419473303,42.739225110016889],[-78.914378885518715,42.739372994447372],[-78.914243575658858,42.739520878718601],[-78.91413005712775,42.739644945915202],[-78.91410417071269,42.739666438795034],[-78.913943436322981,42.739799892303637],[-78.913782701241388,42.739933345587438],[-78.913621965467897,42.740066798646531],[-78.913554059721889,42.74012317807432],[-78.913460163371468,42.740199552015007],[-78.913320550624405,42.740313110525335],[-78.913302415433108,42.740334470298571],[-78.913207111713703,42.740446719491892],[-78.913185992606884,42.740489907839901],[-78.913155574727995,42.740552111964952],[-78.913070639145786,42.740645227773435],[-78.913051274756143,42.740666457117854],[-78.912994381061324,42.740617251456086],[-78.912875062599625,42.740625999524312],[-78.912874206316232,42.74062606230396],[-78.91271381621938,42.740667284978919],[-78.912659825724731,42.740702059730268],[-78.912477430224158,42.740819538418641],[-78.912438456664134,42.740844640711778],[-78.912341195462815,42.740965165047889],[-78.912301673177637,42.741014140197422],[-78.912194775307981,42.741106531587342],[-78.912037682031539,42.741242305981288],[-78.912031327580351,42.741247798062837],[-78.911851557833174,42.741356417535897],[-78.911752978991018,42.741415980012711],[-78.91166131000999,42.741466917374595],[-78.91160496103393,42.741498228522758],[-78.911504160417195,42.741498817178908],[-78.911463317110147,42.741541594561518],[-78.911365899306986,42.74164362514648],[-78.911319437711697,42.741684905879268],[-78.911287313266556,42.741713448132892],[-78.91119069531203,42.741821572287854],[-78.911180749738861,42.741830857551612],[-78.911084696396159,42.741920533506097],[-78.911037486490841,42.74197441888581],[-78.910906212070714,42.74212425489759],[-78.910842033756396,42.742197507408399],[-78.910797501717994,42.742282499168432],[-78.910793776465255,42.742289608999641],[-78.910740162383192,42.742269644508603],[-78.91064220248505,42.742373583088394],[-78.910585649264192,42.742433587664898],[-78.910505610635312,42.742520829471388],[-78.910500358059949,42.742526554748352],[-78.910454932077954,42.742694543903916],[-78.910451592901552,42.742706892426654],[-78.910389849516221,42.742711862563404],[-78.910319959276933,42.742741409200804],[-78.910261801252759,42.742784599005425],[-78.910220146309612,42.742815533097158],[-78.910224561982773,42.74287861504358],[-78.910171478838137,42.742938554619904],[-78.910140636028501,42.742973381145923],[-78.910004054729427,42.743064125651166],[-78.910003855818857,42.743065484282688],[-78.90999422225957,42.743131284939523],[-78.909889536021225,42.743212720182157],[-78.909864273026514,42.743232372175527],[-78.909720197846994,42.743340306666738],[-78.909688340684042,42.743364172511413],[-78.909539531139529,42.743459093097208],[-78.909512931002055,42.743476060376075],[-78.909341527763615,42.743561789273926],[-78.909318656209095,42.743573228653943],[-78.909186191668695,42.743625402082635],[-78.909145265390677,42.743662134196072],[-78.909045462669042,42.743751708794477],[-78.909000447244054,42.743804671228027],[-78.908871981107026,42.743955816140705],[-78.908807726470485,42.744031413642205],[-78.90873332594856,42.744101739468704],[-78.90860638147754,42.744221731088899],[-78.908588337663275,42.744244358314326],[-78.908465732478518,42.744398106621922],[-78.908343126685537,42.744551854798686],[-78.908297815441969,42.744608675061407],[-78.908210597934712,42.744700949817329],[-78.908072251937483,42.744847317015157],[-78.907999674572466,42.744924102020178],[-78.907943544424114,42.744998097690214],[-78.90782667595127,42.745152163276373],[-78.907826129571518,42.745153933268789],[-78.907772490037644,42.745327697573337],[-78.907771216330019,42.745331823714096],[-78.90755928247404,42.745409492033431],[-78.907550058358879,42.745412872421575],[-78.907377355451345,42.745526976465477],[-78.907366973049648,42.745533836050555],[-78.90722523519922,42.745665600006305],[-78.907191387963891,42.745697065350235],[-78.907049265529807,42.745787460596809],[-78.906981606878858,42.745830493905018],[-78.90687339937999,42.745910046210206],[-78.906777709897071,42.74598039522899],[-78.906702249208976,42.746036332549366],[-78.906555355400386,42.746145221212963],[-78.906529597509632,42.746161409542395],[-78.906362204794121,42.746266612236596],[-78.906345264102782,42.746277259152038],[-78.906222657429083,42.74635431502616],[-78.906157823575512,42.746390272026204],[-78.906048784777155,42.746450745010961],[-78.905992803245212,42.746502719893222],[-78.905981912211459,42.746511068272099],[-78.905894732448573,42.746577894655907],[-78.90585949698594,42.746604904886311],[-78.905845096099597,42.746619269224297],[-78.905823412814286,42.746645149519807],[-78.905819486920194,42.746649835305966],[-78.905807097962423,42.746651046808687],[-78.905778448803815,42.746653848909283],[-78.905775999388567,42.74665306179002],[-78.905744066135554,42.746651694194739],[-78.90574121384239,42.746651416846909],[-78.905672041519765,42.746644701277738],[-78.905667497870752,42.746646376816557],[-78.905606118131686,42.7466855656983],[-78.905591171719934,42.746695108462923],[-78.90552915791686,42.746754128295677],[-78.905485987009399,42.746837377851016],[-78.905472955947303,42.746862506535038],[-78.905434550280745,42.746902690719992],[-78.905426270935621,42.746911352746821],[-78.905398222198414,42.746939324788485],[-78.905357195526221,42.746949367143344],[-78.905345314378522,42.746948879307972],[-78.90532305175752,42.746949774508415],[-78.905274256524962,42.746951736594553],[-78.905265451815822,42.74695258776844],[-78.90520225495554,42.746958698901551],[-78.905086777582724,42.746985562761132],[-78.904987064231719,42.747008759275353],[-78.904855607903855,42.747039662474734],[-78.904773657043009,42.747058927669414],[-78.904659935478747,42.747100926287779],[-78.904631051874176,42.747104473950294],[-78.904473039412395,42.747123881880228],[-78.904391750837505,42.747133866122994],[-78.904230128516019,42.747153717151548],[-78.90415140821338,42.747155503830349],[-78.904130760023122,42.747155972464014],[-78.903908898811665,42.747161009146197],[-78.903813759565949,42.74716316886127],[-78.903667797526154,42.747178464140006],[-78.903476590993421,42.747198500271516],[-78.903427229417431,42.747201034186105],[-78.903185194571051,42.747213458431823],[-78.902943159627668,42.747225882167996],[-78.902922426443084,42.74722694638551],[-78.902704773401439,42.747258454757777],[-78.902534846538728,42.747283053778467],[-78.902465980049683,42.747289528815415],[-78.902301764093124,42.747304968727697],[-78.902224694737157,42.747304965198254],[-78.902135742094487,42.74730496106023],[-78.902132906245498,42.747305511801287],[-78.902033485565639,42.747324824163925],[-78.901991729041171,42.747342058579157],[-78.90180994462726,42.747417087238084],[-78.901781823034199,42.74743124735037],[-78.901621557802358,42.747511945712937],[-78.901585480509823,42.747535315477641],[-78.901585332305444,42.747535411472228],[-78.901509488479832,42.747584536803501],[-78.901403372325561,42.747653270590163],[-78.901310963915222,42.74771312536312],[-78.901271403333027,42.747764331240703],[-78.901252040701976,42.747789393861218],[-78.901182423949436,42.747879504264269],[-78.901144913884963,42.747899842242589],[-78.901109015013077,42.747886960336828],[-78.901095569086664,42.747882135713105],[-78.901072162887644,42.74787373717124],[-78.900913957589097,42.747982353109883],[-78.900736721973487,42.748104033613068],[-78.900559485661987,42.748225713842871],[-78.900498899596499,42.748267308569112],[-78.900414736941599,42.748366967083179],[-78.900372536804269,42.748416936881434],[-78.900296076592596,42.748522282330953],[-78.900197014145192,42.748658768110161],[-78.900178669018175,42.748678037561355],[-78.900039647179426,42.748824063568286],[-78.899936229729889,42.748932690817966],[-78.899893219416171,42.748965625930474],[-78.899725281775488,42.749094223552],[-78.899702609538153,42.749111584673521],[-78.899567548967255,42.749229551698555],[-78.899529473979996,42.749262807726709],[-78.899405738494679,42.749338495177419],[-78.899391373865896,42.749351142645558],[-78.899235966393761,42.749487972123262],[-78.899080558235511,42.749624801390823],[-78.898963120611356,42.749728198923847],[-78.898921812400019,42.749759424072003],[-78.898752745181739,42.749887222609622],[-78.898690010960905,42.749934643442749],[-78.898584280080939,42.750015448567915],[-78.898416169929362,42.750143926594532],[-78.898353500833935,42.750191821193134],[-78.898243440096522,42.750269002164792],[-78.898067964276962,42.750392055370014],[-78.897892487760629,42.750515108307368],[-78.897719364121471,42.750636510547984],[-78.897717198447779,42.750638294308764],[-78.897555729989534,42.750771287676194],[-78.897525453681226,42.750796224644596],[-78.897367701972726,42.75088304731694],[-78.897173544092198,42.750989906422411],[-78.897128632950995,42.751014624168128],[-78.896979332486112,42.751096713193661],[-78.896809916836077,42.751189861538876],[-78.896790150948391,42.751207395065066],[-78.896635426721005,42.75134464426143],[-78.896555763347948,42.751415309889268],[-78.896474122395205,42.751477578808533],[-78.896364500697786,42.751561188821221],[-78.896312001974465,42.751609890166137],[-78.896161405096478,42.751749593396099],[-78.896144559418204,42.75176522046587],[-78.896017649255199,42.751893112753294],[-78.89597704818496,42.751934027883514],[-78.895945947049611,42.751973796408606],[-78.895850500661126,42.75197296670386],[-78.895840172030816,42.751981741015889],[-78.895681496904984,42.752116537266495],[-78.895522821088846,42.752251333298076],[-78.895364144582516,42.752386129110548],[-78.895242836545833,42.752489179836545],[-78.895202902530983,42.752519193690254],[-78.895034065263431,42.752646088973073],[-78.895033020048587,42.752646046486348],[-78.894938416855666,42.75264220093225],[-78.894838775151086,42.75270148473971],[-78.894823314763627,42.752710394945083],[-78.894666560929011,42.752800735811697],[-78.894635725341146,42.752823137601098],[-78.894537687381089,42.752894361173645],[-78.89446322346285,42.752948442980504],[-78.894440708713503,42.752964795010634],[-78.894366656093368,42.753018578623042],[-78.89429438289892,42.753076339376022],[-78.894130214214499,42.753207542455975],[-78.894099821163664,42.75323183239697],[-78.894052027618628,42.753253961316197],[-78.893975422600832,42.753289431649712],[-78.893937933006654,42.753314452359753],[-78.893778459336474,42.753420885383747],[-78.893761099584253,42.753436209471431],[-78.893646991695249,42.753536936421057],[-78.893599073911474,42.753568328345942],[-78.893418011846393,42.75368694535824],[-78.893236949088092,42.753805562085347],[-78.89317473022453,42.753846322356239],[-78.893121119904791,42.753914562667951],[-78.893095337609466,42.753947703985823],[-78.893016415749656,42.754049152200629],[-78.892955471043052,42.754091105105509],[-78.892890454087677,42.754135861152555],[-78.892785987144748,42.754218475186391],[-78.892630813976751,42.754341187885863],[-78.892619955895654,42.754348354264465],[-78.89243949009672,42.754467462048275],[-78.892259023604041,42.754586569548671],[-78.892258138872904,42.75458715346754],[-78.892118814588443,42.754731962625719],[-78.892011506439232,42.754843494671185],[-78.891975591046176,42.754875689513973],[-78.891831500354257,42.75500485310242],[-78.891825442740824,42.755015142141374],[-78.891791178710363,42.755073340559193],[-78.891767441173187,42.755113659751181],[-78.891728950533178,42.755178622715519],[-78.89166804319197,42.755281419387764],[-78.891604043196708,42.755240353349194],[-78.891600287640657,42.755237943659054],[-78.891581442298303,42.75522585185319],[-78.891528516493594,42.755250884205999],[-78.891519898031916,42.755252616959496],[-78.891409425021976,42.755274835999707],[-78.891381694340851,42.755285329088323],[-78.891261431098187,42.755330835708307],[-78.891173877364508,42.755376462348018],[-78.891071414783326,42.755429858224893],[-78.8909802815636,42.755483747328562],[-78.890791289875523,42.755595501796286],[-78.890752350389576,42.755618527384392],[-78.890640430555379,42.755733673304391],[-78.890533059618889,42.755844138700333],[-78.890503314748855,42.75588055164561],[-78.890410558649251,42.755994101078578],[-78.890368648147785,42.756027975472804],[-78.890238865348607,42.756132872804869],[-78.890200084028407,42.756155634569076],[-78.890167773057087,42.756174598694635],[-78.889992310277052,42.756191288327862],[-78.889979827079287,42.756206653147856],[-78.889855508996789,42.756359668335044],[-78.889775769563158,42.756457814042165],[-78.889714080109158,42.756502873787873],[-78.889542045281885,42.756628532436608],[-78.889402174372364,42.756730697169722],[-78.889363407861651,42.756748003136515],[-78.889168151930505,42.756835168042564],[-78.889157819446481,42.756842266989771],[-78.888980630825188,42.756964004275538],[-78.888969066604147,42.756971949437222],[-78.88885180455803,42.757100347933324],[-78.888839902417416,42.75710850077359],[-78.888732174794058,42.757182292901376],[-78.888639130651811,42.757197547289088],[-78.888578423948402,42.757207499978335],[-78.888498500530929,42.757326299294412],[-78.888483925559555,42.7573479636862],[-78.888345531020448,42.75746369466993],[-78.888305751935263,42.757496959402502],[-78.88818872161329,42.757599659306457],[-78.888161723302602,42.75762335159601],[-78.888023783422099,42.757730283252251],[-78.887957309150153,42.757781814235557],[-78.887859564098633,42.757861442729485],[-78.887787984865327,42.757919754926512],[-78.887718111488383,42.758004351891948],[-78.887717147960458,42.758004550606323],[-78.887643426793957,42.758019754558823],[-78.887509235331649,42.75809161793967],[-78.887369891520322,42.7581662402091],[-78.887317226736499,42.758200317424546],[-78.88716622040603,42.758298027068392],[-78.887130020499498,42.75831276205691],[-78.886917784250116,42.758399151375983],[-78.886705547408866,42.758485540303283],[-78.886668119571496,42.758500774872267],[-78.88649745071335,42.758577155909322],[-78.88629023995928,42.758669890290562],[-78.886215914774866,42.758703153366767],[-78.886083028479476,42.758762624171133],[-78.886051739799029,42.758776626802636],[-78.886033387454319,42.758781605938317],[-78.885861005561125,42.758828371695628],[-78.885858413684986,42.758828899365803],[-78.885720546908672,42.758856967040387],[-78.885636523754116,42.758896237410987],[-78.885456701022648,42.758980281790706],[-78.885433607268624,42.7589937667531],[-78.885243677628964,42.759104670543252],[-78.885222781555825,42.75911687214316],[-78.885075281126177,42.759232701642127],[-78.885003994002332,42.759288681946522],[-78.88491496810768,42.759366381056601],[-78.884810867113899,42.759457236923076],[-78.884749989795949,42.759496426109372],[-78.884674126297625,42.759545262390347],[-78.884538791410236,42.759576290870577],[-78.884338908375668,42.759622118075718],[-78.884338132693671,42.759646540126852],[-78.884335494729768,42.759729595263664],[-78.8842864301444,42.759817603692746],[-78.884256287737159,42.759871670781948],[-78.884255011135934,42.759873959851149],[-78.884123423604493,42.759940445824057],[-78.884098315623376,42.759953131860101],[-78.883892647275687,42.759991478873573],[-78.883858976375748,42.759997756797887],[-78.883817096057612,42.760005564659537],[-78.88365635780255,42.760032016799478],[-78.883634694502859,42.760035581835034],[-78.88354793307353,42.760095703315272],[-78.88345846992712,42.760130392523138],[-78.883345922397339,42.760174032513866],[-78.883339264625761,42.760185797214369],[-78.883301640402024,42.760252271209481],[-78.883296431149887,42.76026147483703],[-78.883087276966137,42.760330122276315],[-78.88307784340482,42.760333218495511],[-78.882979960033197,42.760422304233671],[-78.882944461845426,42.760445636857064],[-78.882930274985114,42.760454961768659],[-78.882921036414317,42.760457272808289],[-78.882787031324725,42.760490794240582],[-78.882712760361827,42.760541163796042],[-78.882690886890614,42.760555998061591],[-78.882552404082546,42.760629190445123],[-78.882524394075261,42.76065243082941],[-78.882363575016029,42.760785864696388],[-78.882264260823433,42.760868266698942],[-78.882200982646154,42.760918116431192],[-78.882110200359847,42.760989633345005],[-78.882043385509306,42.761053350214297],[-78.881951543951303,42.761140933109104],[-78.881880566713789,42.761184057687053],[-78.881693604067806,42.761297652555058],[-78.881677449791482,42.761307467545386],[-78.881477416268936,42.761346418901482],[-78.881463025923409,42.761348837984109],[-78.881255457919465,42.761383730889293],[-78.88123277780798,42.761397856504907],[-78.881047715104685,42.761513116756646],[-78.880952048722406,42.761572699148914],[-78.880859924613361,42.761625926565344],[-78.880838157779948,42.76163850297015],[-78.880754226708703,42.761729964091316],[-78.880718035387474,42.761769402945099],[-78.880714056243889,42.761773739142896],[-78.880607027131646,42.761927801731986],[-78.880500491201346,42.762081153552472],[-78.880496654318705,42.762086480914313],[-78.880383212516449,42.762243989958073],[-78.880269770137403,42.762401498889837],[-78.880220849047376,42.762469423035526],[-78.88015385851088,42.762558025619015],[-78.880036074521115,42.762713807597002],[-78.879949101316399,42.762828838421953],[-78.879919801170089,42.762870185867335],[-78.879807793097399,42.763028247560932],[-78.879695784453176,42.763186309145468],[-78.879583775237407,42.76334437062075],[-78.879471765450091,42.763502431986971],[-78.879444010807063,42.763541597501444],[-78.879402790178204,42.763672160503901],[-78.879347990774079,42.763845732301903],[-78.879293191062899,42.764019304073699],[-78.879282074137478,42.764054515532607],[-78.879203923583191,42.764184439416965],[-78.879150111585034,42.764273900543827],[-78.879148409645111,42.764276728997743],[-78.879114606517092,42.764349921551364],[-78.879076175915102,42.764433133565973],[-78.879002027666843,42.764505191270487],[-78.878939013074984,42.764566429052799],[-78.878862165071297,42.764650714998581],[-78.87875746161437,42.764765552011276],[-78.878725222205176,42.764797778542942],[-78.878581560407255,42.764941382439893],[-78.878437897943371,42.76508498615717],[-78.878340547715055,42.765182296096384],[-78.878288048204183,42.765224882719501],[-78.87812519342971,42.765356986947147],[-78.877962337960696,42.765489090944044],[-78.87788934675055,42.765548299202074],[-78.877816184491806,42.765630648068822],[-78.877683596867286,42.765779883361837],[-78.877551008603987,42.765929118501901],[-78.877516641741124,42.765967800091033],[-78.877528144231988,42.76604840695444],[-78.877477018746362,42.766082852189726],[-78.877397830057873,42.766136204579787],[-78.877288689130282,42.766077602575471],[-78.87709279450408,42.765972418601585],[-78.876993029123767,42.765918850153156],[-78.876900288619069,42.765863995124015],[-78.876794948519489,42.765801687358845],[-78.876725179403323,42.765741723218525],[-78.876704850009503,42.765724250778405],[-78.87657628563835,42.765613754937398],[-78.87656667012179,42.765620660896133],[-78.876492734691666,42.765673761972828],[-78.876354776728746,42.765687738183502],[-78.87624534008269,42.765698824841493],[-78.876146764417726,42.765673578487068],[-78.876119553251428,42.765677835362006],[-78.875964852028389,42.765702036461086],[-78.87588218456618,42.765714968088766],[-78.875874596577276,42.765716155070656],[-78.875681900902578,42.765736979986315],[-78.875641838312703,42.765739107229408],[-78.87543376442099,42.765750155308837],[-78.875399724984206,42.765748925458396],[-78.875297659703804,42.765745237762381],[-78.875241560526945,42.765731869045226],[-78.875166377180548,42.765713954101471],[-78.87516399122228,42.765713446890842],[-78.875010947034724,42.76568091240587],[-78.874936824220711,42.765708923103013],[-78.87472103625224,42.765790468045012],[-78.874505247715689,42.765872012581909],[-78.874289458610974,42.765953556713711],[-78.874276330236853,42.765958517749915],[-78.874119816577661,42.766080165090649],[-78.873953163293692,42.766209692507445],[-78.87388443695103,42.766263108242121],[-78.873850121174499,42.766336447928445],[-78.873838106500529,42.766362125887937],[-78.873819066818157,42.766402817765538],[-78.873826856483248,42.766510392137349],[-78.873819688069389,42.766537303924814],[-78.873798041480867,42.766618569789784],[-78.873710310741572,42.766679203853336],[-78.873702573982612,42.76668314271555]]},"properties":{"FID":41,"retreatCat":0.10000000000000001,"sedimentCat":0,"CalSedi":2,"CalRetreat":2}},{"type":"Feature","id":42,"geometry":{"type":"LineString","coordinates":[[-79.761865259393929,42.269392499903404],[-79.761624649027723,42.269399145308519],[-79.76149683876011,42.269402675088543],[-79.761387989006806,42.269424792383028],[-79.761239302837566,42.26945500388895],[-79.76115580474503,42.26947196962967],[-79.760923620062613,42.269519146211067],[-79.760856376388162,42.269532809055967],[-79.760691567982576,42.269566678590792]]},"properties":{"FID":42,"retreatCat":0.40000000000000002,"sedimentCat":0,"CalSedi":2,"CalRetreat":3}},{"type":"Feature","id":43,"geometry":{"type":"LineString","coordinates":[[-79.728350167623447,42.280346352587507],[-79.728150290632854,42.28044573506682],[-79.727991623708718,42.280524626680332],[-79.7279455687558,42.280538354686172],[-79.727832973887786,42.280571916728562],[-79.727809662506615,42.280590622674509],[-79.727752017927017,42.280636881039293],[-79.727690686733993,42.280686097714828],[-79.72754484152928,42.280670475262966],[-79.727541897240386,42.280670159880934],[-79.727517608304368,42.280667558130737],[-79.727483511853549,42.280688968092008],[-79.727352710705773,42.280771099525928],[-79.727302578349807,42.280802578070059],[-79.727162120196354,42.280879893703684],[-79.72709481073781,42.280916944279447],[-79.727009661274323,42.280922856847219],[-79.726938570450073,42.280927792826311],[-79.726807051452965,42.280936924337411],[-79.726706553795566,42.280967620560929],[-79.726686033513559,42.2809738883061],[-79.72668422888573,42.281013013590091],[-79.726682876324745,42.281042340888192],[-79.726659185145408,42.281089688972578],[-79.72660183889046,42.281095069825497],[-79.726581737975494,42.2810969559063],[-79.72650775622418,42.281107934394285],[-79.726496188869106,42.281107938973555],[-79.726397791711136,42.281107973642179],[-79.726392145347404,42.281108630427113],[-79.726363077249786,42.281112012118932],[-79.726277035515693,42.281122021900643],[-79.726157756466037,42.281135896857563],[-79.726151020159591,42.281135480530409],[-79.726124891339239,42.281133866963799],[-79.726071371606324,42.281130561872395],[-79.726060802275313,42.28112990824502],[-79.726019828509422,42.281116102594353],[-79.725980823540027,42.281102959739194],[-79.725906573411237,42.281067156047186],[-79.725798009655463,42.281014806035479],[-79.725711977108688,42.280992790085882],[-79.72569829643929,42.280981792028129],[-79.725664875471608,42.28095492447968],[-79.725627453075049,42.280989176510225],[-79.72551405648818,42.281022842944665],[-79.72550608410711,42.281027000886212],[-79.725415679867467,42.281074150530308],[-79.725351613101083,42.281105749958982],[-79.725307544864378,42.281127820861336],[-79.725108118339577,42.28122770018188],[-79.724998641478479,42.281282529489907],[-79.724907432881182,42.281326172312866],[-79.724705215340606,42.281422931844361],[-79.724502997178931,42.281519691020677],[-79.724501605417643,42.281520356960961],[-79.724315735077013,42.281631710904001],[-79.724276325173932,42.281655321080486],[-79.724128575547539,42.281743835866386],[-79.724082586880087,42.281771386960322],[-79.724052861027189,42.281782739270795],[-79.723925580521055,42.281831348602999],[-79.723921039506479,42.281832824212856],[-79.723700544454658,42.281904474126769],[-79.723595757578153,42.28193852443929],[-79.723544235266132,42.281954873955165],[-79.723474257270027,42.281959966603694],[-79.723241197176932,42.281976927238546],[-79.723235309626304,42.281979200462466],[-79.723021808750843,42.282061634308256],[-79.72298218491791,42.282076933217773],[-79.722790750383737,42.282108498501053],[-79.722703252175677,42.282122925800763],[-79.722653777808404,42.282127127509696],[-79.722631387314152,42.282131452643107],[-79.72255568368945,42.282146075693966],[-79.7224862054303,42.282159496192008],[-79.722376783234722,42.282206905455993],[-79.722336175820146,42.282215440950345],[-79.722139630831947,42.282256753579752],[-79.722111183506556,42.282273677376338],[-79.722033197199551,42.282320072670792],[-79.721895047458929,42.282340016670666],[-79.721826510726729,42.282349910915997],[-79.7216822687909,42.282417857828541],[-79.72161640326658,42.282448884473439],[-79.721462011011866,42.282486961520377],[-79.721398101557696,42.282502723139139],[-79.721225783124837,42.282517429703553],[-79.72107662751759,42.282530159216464],[-79.720987095911639,42.282540818070792],[-79.720862866471748,42.282555607626151],[-79.720790213790011,42.2825642572692],[-79.720750391624009,42.282572668538393],[-79.720680693639821,42.282587390162576],[-79.720609845570195,42.282613733420106],[-79.720606756254625,42.282618987607329],[-79.720574339979365,42.282674154888291],[-79.720542676991315,42.282728040093481],[-79.720466112284555,42.282833166873118],[-79.720438399734434,42.282871217349573],[-79.720264074523286,42.282910942366271],[-79.720174967574707,42.282931247827761],[-79.7200666604883,42.283005426243349],[-79.719923876998905,42.283103216772005],[-79.719902245097927,42.283133466617919],[-79.719852878154768,42.283202500761213],[-79.719745279396065,42.283263145112706],[-79.719729749195295,42.283271898159974],[-79.719544445687831,42.283361413204418],[-79.719342794368814,42.28345882480054],[-79.719283137970137,42.283487642860031],[-79.71918965592883,42.283592322174229],[-79.719186869439042,42.283595442423085],[-79.719022057476209,42.283720181120948],[-79.718892486927786,42.283818246678578],[-79.718846348796518,42.283841029893537],[-79.718646037015219,42.283939944339323],[-79.718585672483982,42.283969752362573],[-79.718513363767187,42.284079582005553],[-79.718510794263025,42.284080903809553],[-79.718377438795201,42.284149504355774],[-79.718303041296551,42.28416782183433],[-79.718296949493933,42.284169321700254],[-79.718149665351532,42.284304239208353],[-79.718101526447114,42.284348335989243],[-79.717945216404161,42.284385583462793],[-79.717934668968709,42.284388096825822],[-79.717823548547841,42.284410054427781],[-79.717753696310595,42.284477396042554],[-79.717745990716125,42.284484824671914],[-79.717652323778012,42.284491462776288],[-79.717642319906147,42.284491063867918],[-79.717549477643644,42.284461758211883],[-79.717528208056663,42.284455044434878]]},"properties":{"FID":43,"retreatCat":0.40000000000000002,"sedimentCat":0,"CalSedi":2,"CalRetreat":3}},{"type":"Feature","id":44,"geometry":{"type":"LineString","coordinates":[[-79.707119232447127,42.288269697636288],[-79.707086830743862,42.28829889495232],[-79.707011817885089,42.288336913311092],[-79.706979556368523,42.288341161061688],[-79.706914490845946,42.288349727388002],[-79.706821857234061,42.288361923176467],[-79.706800448789167,42.288367587850267],[-79.706738854344067,42.288383883548391],[-79.706694141672287,42.288411915405668],[-79.706633578836914,42.2884498841889],[-79.70662880969779,42.288452873090556],[-79.706565456080497,42.288482631921156],[-79.706497778491908,42.288514421786473],[-79.706481552879495,42.288522043354028],[-79.706425551910741,42.288611588390573],[-79.706391726287734,42.288665674842335],[-79.706385283259394,42.288668794742229],[-79.706275910176629,42.288721756237948],[-79.7062037769781,42.288756683043751],[-79.706186192800345,42.288768679149818],[-79.706159815507377,42.288786673995517],[-79.706129732465442,42.288833648257956],[-79.706064117948159,42.288873641961061],[-79.706025770421405,42.288897016228113],[-79.705975061594316,42.288927925128888],[-79.705964507250783,42.288980957141355],[-79.705950980737001,42.289048930832124],[-79.70595012113111,42.289056160338895],[-79.705944728920514,42.289101510182327],[-79.705940619647237,42.289136062541345],[-79.705898608484333,42.289158047730396],[-79.705879399202175,42.289153603733489],[-79.705821334223927,42.289140171333322],[-79.705807060960197,42.289136869437584],[-79.705709646226765,42.289189462424794],[-79.705703380652125,42.289230966396076],[-79.705697958124631,42.289266877340431],[-79.705691258203487,42.289311247826916],[-79.705603774524775,42.289375759833142],[-79.705547639917327,42.289368542920293],[-79.705477818172682,42.289359566288148],[-79.70546916383978,42.28935845357902],[-79.705356835780833,42.289368991508837],[-79.705311642865823,42.289380899306785],[-79.705284770103319,42.289387979950945],[-79.705283661526366,42.289388509370831],[-79.705221776593888,42.289418030713094],[-79.705215751780884,42.289451051468468],[-79.70524210178813,42.289485691121392],[-79.705259845665168,42.289509020765649],[-79.705258848873541,42.28951064663709],[-79.705240820916103,42.289540052106524],[-79.705201365228135,42.289548846039487],[-79.705182852406281,42.289552972277328],[-79.705173847752903,42.289552071843019],[-79.705054515899263,42.289540146171369],[-79.70504741777566,42.289539436894913],[-79.704912856557144,42.289525990846457],[-79.704808806416366,42.289515179360706],[-79.704700521481485,42.289503927748441],[-79.704570402173175,42.289518022254363],[-79.704413815640279,42.289534983483136],[-79.704412496071569,42.289535376311129],[-79.704377176585567,42.289545895912141],[-79.704337193643539,42.289557803390878],[-79.704332861339694,42.289559093610457],[-79.704273653308405,42.289691880674198],[-79.704228649457633,42.289702334591489],[-79.703998856477696,42.28975571273579],[-79.703811845793339,42.289799152662113],[-79.703770487087283,42.289811971629781],[-79.703548341719667,42.289880824365916],[-79.703506974104641,42.289893645966941],[-79.703326196246095,42.289949677343721],[-79.703185937062187,42.28999314985456],[-79.703129046898582,42.290039884554133],[-79.703125295851905,42.290040144958546],[-79.703108039581622,42.290041342918144],[-79.703001253040512,42.290048759803383],[-79.702974293060208,42.290102990673219],[-79.702961122192349,42.290129483526911],[-79.70292396509619,42.290204223919005],[-79.702855205545433,42.290194041223167],[-79.702805631380031,42.290204269165834],[-79.702795275260343,42.290208161767275],[-79.702764921196902,42.290219571077664],[-79.702712564137059,42.290239247794275],[-79.702685429667895,42.290279603063887],[-79.702680788928461,42.290286505955301],[-79.702644813668002,42.290336643896303],[-79.702631024797071,42.290355861122691],[-79.702681052369101,42.290420875958425],[-79.702665527204132,42.290477952617913],[-79.702659290772843,42.290500879562082],[-79.702659007230764,42.290501921945236],[-79.702581835590578,42.290531175141901],[-79.702510767781959,42.290537747758755],[-79.702510506707952,42.29053779532186],[-79.702444494048791,42.290512790030071],[-79.702440022354665,42.290516434680519],[-79.702411457617956,42.290539716330372],[-79.702409414654028,42.290614797933436],[-79.702375508640657,42.29064473251119],[-79.702334715514183,42.290657020081703],[-79.702282407484716,42.290672776104948],[-79.702218129749312,42.290684408593606],[-79.70217747977766,42.29069176545628],[-79.70211256844118,42.290721513606357],[-79.702081446516843,42.290735776418266],[-79.702063701960981,42.290736821931191],[-79.70199504095423,42.290740866110937],[-79.701880993958923,42.29076199703497],[-79.701816127103925,42.29077401567794],[-79.70171407753574,42.290792924314282],[-79.701653999912509,42.290817706309582],[-79.701634076964424,42.290825924506372],[-79.701612015499592,42.290861852783706],[-79.701612044184998,42.290882460385021],[-79.70161464928745,42.29089688120289],[-79.701622690161628,42.290941378469029],[-79.701597193902842,42.29096801312609],[-79.7015900441084,42.290975482248562],[-79.701580613886009,42.290985333645331],[-79.701500642998241,42.291007347986614],[-79.70136267047701,42.291021068437523],[-79.701300673474094,42.291027233571882],[-79.701123957268166,42.291044807273664],[-79.701068635227344,42.291050308765989],[-79.700981995262538,42.291067888050328],[-79.700933993863515,42.29111596379709],[-79.700931211922523,42.291126419599181],[-79.70091290082064,42.291195240976933],[-79.700854033642756,42.291283461656853],[-79.700842283040402,42.291287650531075],[-79.700763397520774,42.291315771726495],[-79.700726427678646,42.291223349711743],[-79.700731603492912,42.291206772718539],[-79.700754364007281,42.291133875697234],[-79.700742578703426,42.291077891911449],[-79.700735008384299,42.291041939252551],[-79.700734046258276,42.291042182706342],[-79.700721823087093,42.29104528809269],[-79.7006170685044,42.291071901697343],[-79.700516982609898,42.291116888949936],[-79.700504930448673,42.291120466536604],[-79.700399058837462,42.291151893597295],[-79.70033346054035,42.291155747593351],[-79.70029703463895,42.291157885913712],[-79.700293161878434,42.291157830906691],[-79.700272600999654,42.291157540105623],[-79.700085088249438,42.291154887864792],[-79.700032582030957,42.291148048486576],[-79.699991963163043,42.291142757518642],[-79.69997041321011,42.291139950466722],[-79.699852233593177,42.291151153995401],[-79.699794119271104,42.291156663190726],[-79.69972734258684,42.291162993534265],[-79.699685202669059,42.291134974102334],[-79.699629343737527,42.291097830418913],[-79.69959083846345,42.291109800569295],[-79.699520079659123,42.291131797342409],[-79.699372901036242,42.291177549894556],[-79.699368452571534,42.29117729722698],[-79.699328299805529,42.291175016589257],[-79.69924958704388,42.291170545577252],[-79.699191148776151,42.291214777947289],[-79.6991645630102,42.291234900790059],[-79.699126357668831,42.291263818489668],[-79.699047057136283,42.291274829226083],[-79.698943352954771,42.291289227730871],[-79.698934973313612,42.291290391173369],[-79.698877574099882,42.291354354166138],[-79.698838898829251,42.291397453276552],[-79.698792056814625,42.291423523929033],[-79.698599587632259,42.29153064522211],[-79.698592715716956,42.291534469865645],[-79.69849309539056,42.291534762603035],[-79.698413679459662,42.29153499562517],[-79.698377593338819,42.291563937004774],[-79.698302405997225,42.291624237778393],[-79.698224593428662,42.291686644243455],[-79.698210079887531,42.291689975006236],[-79.69811656751564,42.291711435431935],[-79.69798003396815,42.291742770880042],[-79.697962089397706,42.291746889275885],[-79.697902524926661,42.291827804778983],[-79.697887894923667,42.29184767976944],[-79.697838281831096,42.291880911860652],[-79.697816408815527,42.291895562936027],[-79.697700981457359,42.291972878980879],[-79.697673816142384,42.292008797508501],[-79.697670312979213,42.292013429458081],[-79.697651084226479,42.292038850845117],[-79.69758203929787,42.292096879936871],[-79.697504555375389,42.292130464403812],[-79.697498987130857,42.292132877888513],[-79.697287568349353,42.29214713010996],[-79.697265543294421,42.292148614079444],[-79.697246083440774,42.292149925211355],[-79.697163350162853,42.292199630499333],[-79.6971358999659,42.292216122351128],[-79.697057867989017,42.292226891821421],[-79.697038284813232,42.292229594556254],[-79.696911923131481,42.292247035281122],[-79.696823260845264,42.292266283166093],[-79.696810996957311,42.292268945553381],[-79.696787695686794,42.292295803607828],[-79.696776951863541,42.292308188032074],[-79.696726113153417,42.292337096058979],[-79.696672528939644,42.292374741127816],[-79.696652932322863,42.292388508873515],[-79.696605115003692,42.292422103239559],[-79.696556319408487,42.292421751394521],[-79.69644643801108,42.292420956277034],[-79.696448524752967,42.292432865464448],[-79.696455009232054,42.292469872829891],[-79.696417618639842,42.292532414143437],[-79.696365625244908,42.29254231977211],[-79.696322742091624,42.292550489067928],[-79.696273516102195,42.292559866659964],[-79.696122947407716,42.292645629717775],[-79.696080522501106,42.292669794621546],[-79.695910800862933,42.292728433748429],[-79.695857548198262,42.292746832564411],[-79.695725517805144,42.292779800446169],[-79.695687532809998,42.292794296887642],[-79.695573524346358,42.29283780650595],[-79.695485811399308,42.292890011316025],[-79.695457518935029,42.29290685033358],[-79.695308351396179,42.293010387918045],[-79.695275818304935,42.293032969152172],[-79.695123921881049,42.29312489529034],[-79.695085747582752,42.293147997905535],[-79.694983740325711,42.29319494900561],[-79.694916025520214,42.293211706611402],[-79.694696773330563,42.29326596533798],[-79.694689242734682,42.293270455276271],[-79.694527996129636,42.293366594449246],[-79.694494507490489,42.293369781453599],[-79.694341345204705,42.293384357279479],[-79.694255606802457,42.29339251606077],[-79.694218430085911,42.29339605373972],[-79.694165932046744,42.293453686386464],[-79.694114462997192,42.293510189967478],[-79.694098844834599,42.293515744196199],[-79.693881759552227,42.293592945101516],[-79.693745820859661,42.293641287963936],[-79.693679943247503,42.293686687802051],[-79.693611472139338,42.293733874849742],[-79.693479471531731,42.293736894965278],[-79.69347154528559,42.293737076137418],[-79.693465628071223,42.293740231722815],[-79.693444804891428,42.293751336490587],[-79.693313237659382,42.293821502926356],[-79.693263518060988,42.29383508890519],[-79.693037570261851,42.293896829244872],[-79.692980213908228,42.293912501804925],[-79.692910990922925,42.293928005912164],[-79.692869896067052,42.293937210297862],[-79.692852544282687,42.293954818814463],[-79.692831924189591,42.293975743084246],[-79.692823314035934,42.2939844802452],[-79.692730445676887,42.294137093523567],[-79.692704511391852,42.294179711943919],[-79.692536167158096,42.294214535477309],[-79.692533282245265,42.294214478560434],[-79.692500586736031,42.294213833500784],[-79.692327320883962,42.294210410057389],[-79.692312600607139,42.294233766247615],[-79.692261010130977,42.294315623046735],[-79.692238646925645,42.294351104981281],[-79.692178105010967,42.294370265981712],[-79.691998921536594,42.294426975770662],[-79.691956650710026,42.294440354078901],[-79.691735196055774,42.294510441991356],[-79.69165805789325,42.294534855217194],[-79.691606329505717,42.294581863806926],[-79.691573970907072,42.294631935716389],[-79.691546992748698,42.294673681829181],[-79.691524305923124,42.294708787724524],[-79.691463737480419,42.294790275918231],[-79.691356303086678,42.294934816509283],[-79.691346432040035,42.294945846004822],[-79.691262367181494,42.295039776377635],[-79.691198613217068,42.295085270572621],[-79.691198069717601,42.295085658407984],[-79.691159392471135,42.29514664390144],[-79.691016040703971,42.295173329009167],[-79.691014847170337,42.295173551181136],[-79.690986387159995,42.295178848904463],[-79.690892383072722,42.295194857658785],[-79.690836845690654,42.295217222757714],[-79.690820948282109,42.295223625285196],[-79.690788326746414,42.295229969470995],[-79.690746394250269,42.295238124422731],[-79.690693659182486,42.295267753020084],[-79.690644009586052,42.295332432897538],[-79.690640345513188,42.295355010173502],[-79.690636493594752,42.295378744898706],[-79.690570730830018,42.295421604013541],[-79.690489168659312,42.295403507762025],[-79.69050076320579,42.295378485841134],[-79.690512640172216,42.295352854414553],[-79.690462198533353,42.295232150228792],[-79.690429011068488,42.295229085746968],[-79.690308519968283,42.295217959692494],[-79.69019335328791,42.295241409167744],[-79.69010147778657,42.295260116152505],[-79.690094825794716,42.295261471388159],[-79.690090585177003,42.295265076607308],[-79.690003801628023,42.295338866587656],[-79.689972930479101,42.295365115531204],[-79.689786882927876,42.295405365290556],[-79.689740092441895,42.295415487947224],[-79.689562416061534,42.295469559765003],[-79.689478852606527,42.295494990299659],[-79.689353166245567,42.295556248642413],[-79.689286852182889,42.29558856938565],[-79.689173789913298,42.295664667424631],[-79.689166160631288,42.295667601750033],[-79.688952446566617,42.29574979876314],[-79.688930383885065,42.295758284302345],[-79.688924232155628,42.295760651085736],[-79.688888807735353,42.295786176733642],[-79.688774470771278,42.295868565935415],[-79.688759222175648,42.295879553779919],[-79.688718986069375,42.29590010748781],[-79.688578533306881,42.295971856063154],[-79.688485145981275,42.296019561650638],[-79.688417415285031,42.296099363762309],[-79.688411382447072,42.296106471801089],[-79.688378186440772,42.296145585652717],[-79.688246974685001,42.296222116961737],[-79.688231515265116,42.296231133888142],[-79.688228026584312,42.296322777549783],[-79.688160648654673,42.296374645354852],[-79.688143046424685,42.296388195602709],[-79.68800112730743,42.296411533829442],[-79.687957151499901,42.296451905046567],[-79.687904317092475,42.296500408654985],[-79.687776171723584,42.296567079499916],[-79.687702085506061,42.296605624584906],[-79.687601843542183,42.296688464040294],[-79.687441192174774,42.296821224886877],[-79.68743760798786,42.296824186817844],[-79.687383581858512,42.296851159632844],[-79.687316671925274,42.296871186408815],[-79.687308960309139,42.296870834812466],[-79.68730468701834,42.296870640976138],[-79.687218709952703,42.296866730897392],[-79.687163594111297,42.296864224296243],[-79.686993541177429,42.29680910681153]]},"properties":{"FID":44,"retreatCat":0.40000000000000002,"sedimentCat":0,"CalSedi":2,"CalRetreat":3}},{"type":"Feature","id":45,"geometry":{"type":"LineString","coordinates":[[-79.668402806529002,42.305546583579414],[-79.668389000712153,42.305578405131655],[-79.668377777521343,42.305596381377391],[-79.668331934961188,42.305597304932398],[-79.668254864660298,42.305598857954465],[-79.668211852576093,42.305586802437794],[-79.668192670411514,42.305581426014044],[-79.668115934671974,42.305599284700129],[-79.668101372052774,42.305604314696545],[-79.668055470441118,42.305620166563209],[-79.668000535242143,42.305607751638476],[-79.667988306288123,42.305609256480238],[-79.66798496668406,42.30560966730939],[-79.667919521996339,42.305617718118739],[-79.667870559207415,42.305642763914136],[-79.667857283448512,42.30567853143215],[-79.667817409268736,42.305708915544976],[-79.667812091622324,42.305712967255054],[-79.667808037516025,42.305716056227062],[-79.667803896365939,42.305719211329553],[-79.667802902678503,42.305719049670778],[-79.667752987944908,42.305710900479056],[-79.667660121781253,42.305694189565962],[-79.667608798969297,42.305693744884337],[-79.667589433005006,42.305710800604018],[-79.667570008321988,42.305727908025183],[-79.667528509790529,42.305736656098119],[-79.667448780479376,42.305753464084766],[-79.667367368703125,42.305770625709066],[-79.667276094684468,42.305789866217097],[-79.667173079715823,42.305858729769824],[-79.667168370033664,42.30586270559234],[-79.667158333727045,42.305871178045741],[-79.667074817986233,42.305941676701899],[-79.667024880140374,42.305966761961727],[-79.667004936125394,42.305991189641247],[-79.666993855344217,42.30600476151119],[-79.666942666236238,42.306050524931351],[-79.666931065886402,42.306060895269361],[-79.666875171796065,42.306140240809903],[-79.666873993657148,42.306141913257505],[-79.666832092353118,42.306296859085052],[-79.66681593631057,42.306310684870368],[-79.666810991095403,42.306314916813697],[-79.666779200680665,42.306319887956128],[-79.666750859998501,42.306354299591888],[-79.666745879771156,42.306353230277296],[-79.66668342674734,42.306339824303812],[-79.666616492481126,42.306333934917497],[-79.666613129334124,42.306339915772689],[-79.666602811150028,42.306358265116152],[-79.666602830075519,42.306361703180301],[-79.666603054919392,42.306402898750989],[-79.666588321098914,42.306443092260842],[-79.666585095267322,42.306451888949994],[-79.666525028949536,42.306490891971428],[-79.666520176595014,42.306492119616884],[-79.666457996254763,42.306507851217525],[-79.666430080998779,42.306528889310748],[-79.66635527976922,42.306590071652522],[-79.666351996240664,42.306607515459099],[-79.666340265863639,42.306669833225868],[-79.666365078284812,42.306712945574404],[-79.666379966039756,42.30673881549874],[-79.666340746976914,42.306744100667572],[-79.666326377476665,42.306746036982325],[-79.666244032797579,42.306757133031475],[-79.666158338027643,42.306793539255551],[-79.666149771275968,42.30683625629959],[-79.666139011614817,42.306889907931435],[-79.666133376432271,42.306901791077991],[-79.666129044183037,42.306910931312785],[-79.666139230991419,42.306929669374995],[-79.666154040292142,42.306956908523446],[-79.666198903450834,42.306997081056565],[-79.666221068550541,42.30701692867958],[-79.666224072294824,42.307055883266777],[-79.666223292910885,42.307056549646354],[-79.666198313477253,42.30707792547706],[-79.666185151324285,42.307089186479054],[-79.666175023067481,42.307097855676595],[-79.666160459690843,42.307097280170638],[-79.666101061625525,42.307094931317259],[-79.666098163743854,42.307092605782827],[-79.666029351564177,42.307037384306462],[-79.665985445476068,42.306998564738635],[-79.665953151844747,42.306951845813991],[-79.665929629598281,42.306917816328628],[-79.66591778895426,42.306823654189301],[-79.665862204174104,42.306804415833682],[-79.665829493436789,42.306793094356948],[-79.665797192756884,42.306793149909218],[-79.665743475511391,42.306793241069457],[-79.665707558105623,42.306793302828673],[-79.665625197381075,42.30680008367478],[-79.665555070570051,42.306805857242274],[-79.665388366755835,42.306831822631402],[-79.66529373652142,42.306846561894368],[-79.665164767807767,42.306894290232535],[-79.665147293676199,42.306900756987758],[-79.665048054357655,42.306899726985542],[-79.664954136375556,42.306878174796616],[-79.664932092661672,42.306871544956564],[-79.664894683697668,42.30686029387001],[-79.664803424687179,42.306828480073968],[-79.664711035203652,42.306800870459554],[-79.664664325029435,42.306786911583366],[-79.664520082125591,42.306715885011542],[-79.664502909638429,42.306714673826612],[-79.664478016964452,42.306712918128],[-79.664474708005656,42.306714465431618],[-79.664418107923524,42.306740931311332],[-79.664329054230578,42.306825592417098],[-79.664211581804295,42.306937270043889],[-79.664209786817736,42.30693897682616],[-79.664177443774207,42.306963867865612],[-79.664010510854453,42.307092338121734],[-79.663843577253374,42.307220808135654],[-79.663676642970898,42.307349277907541],[-79.663663035518752,42.307359749936474],[-79.663661400826541,42.307360121856654],[-79.663592003269159,42.307375849392727],[-79.663459482340087,42.307422882706504],[-79.663450998192474,42.307425893827634],[-79.663371721600257,42.307397005431071],[-79.663276638937532,42.307405955974843],[-79.663233207662415,42.307419783486161],[-79.663148100305349,42.307446879630774],[-79.663067045530283,42.307469218588835],[-79.663010091555947,42.307484915925158],[-79.663009225082476,42.307485260057611],[-79.662859026234358,42.307544913536745],[-79.662805801937736,42.307579031712407],[-79.662703040314085,42.307644904444658],[-79.662617393279731,42.307689738696524],[-79.662489107269735,42.307756893232323],[-79.662430931887542,42.307801450943444],[-79.662352043142405,42.307861873293589],[-79.662282827882123,42.307940930748835],[-79.662225098397727,42.308006869002803],[-79.662165687459336,42.308096277148401],[-79.662128065364485,42.308152894887165],[-79.662095233513909,42.308176081279264],[-79.662043106430986,42.308212896954835],[-79.662005298994615,42.308216646182345],[-79.661944359163556,42.308222689339161],[-79.66176650976098,42.308240325380858],[-79.661765486435826,42.308240426855861],[-79.661761098264748,42.308240862458618],[-79.661545600448363,42.308311041006036],[-79.661534945641549,42.308314510812608],[-79.661423779027942,42.30841520389297],[-79.661379918984338,42.308437872377837],[-79.661227057188938,42.308516876721882],[-79.661193037475229,42.308523079075627],[-79.661174204344888,42.308526511570804],[-79.661150100155126,42.30853090475555],[-79.661058015712044,42.30857985257655],[-79.661067122769552,42.308612156138416],[-79.661069031003294,42.308618928258348],[-79.661064735023373,42.308632874656787],[-79.661058208356067,42.308654061183276],[-79.661049727754161,42.308681590448366],[-79.661044086997322,42.308699895229076],[-79.661002091962047,42.308720873469468],[-79.660990257344764,42.308719445186284],[-79.660976419694805,42.308717774640542],[-79.660918576325159,42.30871079536081],[-79.660886067317321,42.308706873067386],[-79.660885415015372,42.308709376627057],[-79.660884340143895,42.308713499529873],[-79.660875106433295,42.308748917405794],[-79.660877745375515,42.30878238733316],[-79.660879045926919,42.30879890190127],[-79.6608782609256,42.308800310143681],[-79.660840068022011,42.308868917127242],[-79.660821307009982,42.308877505101044],[-79.66076949533138,42.308901222201769],[-79.660755005976242,42.308907853108614],[-79.660653026676215,42.308932895207413],[-79.660641051747888,42.308932558468776],[-79.66060115692693,42.308919703022021],[-79.660472121967672,42.308878123508059],[-79.660375698812175,42.308898212612746],[-79.66026199586031,42.308921901724574],[-79.66025968471908,42.308922938968557],[-79.660184040054233,42.308956859640602],[-79.660162278967263,42.308973837091337],[-79.660107087766846,42.30901689581335],[-79.6600273919736,42.309107265363146],[-79.66002022821948,42.309116853478429],[-79.659996212787959,42.309148996199177],[-79.659923916664127,42.309187260710118],[-79.659944700233297,42.309261387662069],[-79.659947135353136,42.309270072780826],[-79.659879240022178,42.309369287599324],[-79.659899314976769,42.309425466246211],[-79.659909390619049,42.30945366233292],[-79.659913524978649,42.309465231069915],[-79.659897680473122,42.309482390984471],[-79.659813739211444,42.309573299906994],[-79.659809313495572,42.309578546057082],[-79.65978172856434,42.309611244628222],[-79.659728663891684,42.309643297365312],[-79.659612476089904,42.309666360573274],[-79.659587719895924,42.30967127464536],[-79.659373944186257,42.309690183635198],[-79.659270776145291,42.309699308957299],[-79.659254778945908,42.309699968635563],[-79.659133960178295,42.309704952519716]]},"properties":{"FID":45,"retreatCat":0.40000000000000002,"sedimentCat":0,"CalSedi":2,"CalRetreat":3}},{"type":"Feature","id":46,"geometry":{"type":"LineString","coordinates":[[-79.552092884608825,42.362542047142561],[-79.552012240515111,42.362564730943092],[-79.551857888296198,42.362573849710522],[-79.55177114982699,42.362578973924016],[-79.551629081003611,42.36254555222439],[-79.551624293957829,42.362544426023391],[-79.551558138014528,42.362528862143336],[-79.551417074910404,42.362560852434555],[-79.551415960690662,42.362560865444323],[-79.551394952163918,42.36256784488819],[-79.551303145696608,42.362598344730664],[-79.551248407933755,42.362616529158672],[-79.551167949588248,42.362616165517466],[-79.551086990302849,42.362615799555449],[-79.55093244034326,42.362584713090584],[-79.550907986075487,42.36257979429206],[-79.550710327653334,42.362526577685472],[-79.550705235807712,42.362525206736073],[-79.550521931476624,42.362475852936889],[-79.550476445014922,42.36247059479328],[-79.550408932132427,42.362462790404855],[-79.550240979836005,42.36249282205678],[-79.55019214950778,42.362501553385947],[-79.55019148139057,42.362501604035209],[-79.550021186231618,42.362514565642464],[-79.550002891449225,42.362518427591802],[-79.549888952175834,42.362542479602673],[-79.549817718624325,42.362554323005021],[-79.549770512618295,42.362565624566756],[-79.549541118464489,42.362620543350673],[-79.549311723909753,42.362675461677362],[-79.549082328953929,42.362730379546726],[-79.549019326251141,42.362745462493884],[-79.548857753216808,42.362794957693289],[-79.548635001903506,42.362863193336558],[-79.54841225010631,42.362931428548706],[-79.548189497825334,42.362999663329553],[-79.548098097782514,42.363027661357357],[-79.547962447938005,42.363059166256228],[-79.547860500498174,42.363082843590362],[-79.547732407574713,42.363112593155307],[-79.547502366846373,42.363166019656219],[-79.547365127176533,42.363197893033934],[-79.547272141908692,42.36321900872349],[-79.547180109873096,42.363239907858976],[-79.547036649731012,42.363254735200641],[-79.546996094452055,42.363258926763031],[-79.546807965963723,42.363309488532558],[-79.546795293115608,42.363312894497312],[-79.546570735758721,42.36334053721334],[-79.546511042691975,42.363347885273718],[-79.546332135917069,42.363329537586083],[-79.546220843999876,42.363318123957995],[-79.546128174924434,42.363384197177425],[-79.546064158259483,42.363429841051172],[-79.545914396085365,42.363449790360043],[-79.545677083519493,42.363481401533278],[-79.545673109222335,42.363481930924301],[-79.545657854909052,42.363484992125635],[-79.545499108944767,42.363516843572896],[-79.545449809639862,42.363537684975988],[-79.545350078952779,42.36357984626369],[-79.545252247652471,42.363638795379856],[-79.545149156382195,42.363700913727747],[-79.545053569746088,42.363738238582151],[-79.544927945124982,42.363787292538873],[-79.544899896004708,42.363857483648687],[-79.544863522563119,42.363948505590756],[-79.544840889525005,42.364005147429175],[-79.544814281791204,42.364019271839794],[-79.54464549458487,42.364108870303468],[-79.544618442956633,42.364123230291419],[-79.544462273988742,42.364206130206085],[-79.544431100349257,42.364233916491628],[-79.544277205938798,42.364371088121239],[-79.544221620772902,42.364420632983318],[-79.544123311103348,42.3645082596964],[-79.543969415735603,42.36464543115131],[-79.543815519695869,42.364782602400425],[-79.543684797450581,42.364899117655824],[-79.543658279472538,42.364917446797136],[-79.54348217849207,42.36503916680357],[-79.543306076829225,42.365160886540437],[-79.54312997448389,42.365282606007916],[-79.543085120623275,42.365313608247895],[-79.542987829667794,42.365328072929437],[-79.542908927199946,42.365339803092944],[-79.542905273848291,42.365340346222929],[-79.542817882413402,42.365427278057815],[-79.542763705476332,42.365481169119469],[-79.542751189686328,42.365493618850671],[-79.542577803658034,42.365593859513822],[-79.542387886438306,42.365703656782962],[-79.542197968554845,42.365813453738667],[-79.542008050007368,42.365923250381023],[-79.541937115962597,42.36596425894006],[-79.541810061400881,42.366024656922676],[-79.541764588858527,42.366046273162766],[-79.541607261998905,42.366121062016894],[-79.541578125349901,42.366134912733827],[-79.541463419255948,42.366246476087312],[-79.541453209019465,42.366256406520499],[-79.54137107504819,42.366336289529507],[-79.541331711894387,42.36640850736913],[-79.54132162666059,42.366427010273135],[-79.54113648319408,42.366506528812891],[-79.540927998853704,42.366596071587416],[-79.54091370569985,42.366602210388173],[-79.540742159793382,42.366675888959243],[-79.540722789223523,42.366688915870526],[-79.540635168431479,42.366747841663482],[-79.540582910678154,42.366829839133715],[-79.54055197895218,42.366878373892064],[-79.540480178642213,42.366991036141279],[-79.54047129000989,42.36700498331021],[-79.540403293239279,42.367144759738778],[-79.540391707426522,42.367156122822493],[-79.540246606310163,42.367298434026559],[-79.540101504536281,42.367440745047659],[-79.539956402104963,42.367583055885795],[-79.539811299016222,42.367725366540881],[-79.539755276354867,42.367780310853803],[-79.539670843136136,42.367870161167481],[-79.539533309639097,42.368016517902213],[-79.539395775501063,42.368162874472539],[-79.539258240722205,42.368309230878559],[-79.539122801547663,42.368453356438842],[-79.539120451532824,42.368455444506338],[-79.538966265493855,42.368592443595567],[-79.538812078782371,42.368729442478298],[-79.538724302000531,42.368807434060912],[-79.538658449279652,42.368866781465499],[-79.538505556474831,42.369004570048531],[-79.538458860830247,42.369046652487313],[-79.538376655905779,42.369119972074067],[-79.538356929771709,42.369144521349924],[-79.538265172057137,42.369258714003657],[-79.538205283977831,42.369268765613249],[-79.538118036102333,42.369283409226945],[-79.537967173655716,42.369295096519501],[-79.537847800649914,42.369304344186226],[-79.537751413762109,42.369358549309638],[-79.537695673097403,42.369389896124645],[-79.537695518764153,42.369389806479823],[-79.537662619016331,42.369370949124232],[-79.537636705256659,42.36933846168936],[-79.537596983699061,42.36928866605605],[-79.537536736085855,42.369213138426744],[-79.537501512728383,42.369213292947322],[-79.537414238443247,42.369213676662334],[-79.537299936910472,42.369214179106734],[-79.537173138398344,42.369211343352703],[-79.537164943568911,42.369211160076638],[-79.537164250080437,42.369211224365479],[-79.536990897624577,42.369227154935587],[-79.536934640649591,42.36923620235742],[-79.536698998364088,42.369274098755795],[-79.536698875389305,42.369274118532687],[-79.536466552303111,42.369321562236586],[-79.536414935241723,42.369332103106899],[-79.536240753928979,42.369383596400795],[-79.536133896815159,42.369415186441422],[-79.536020877764685,42.369456451281053],[-79.53580467617472,42.369535389051862],[-79.535725866530044,42.369564163239694],[-79.535585713844583,42.369609969168792],[-79.535365167724279,42.369682049503915],[-79.535263183745769,42.369715380380462],[-79.535143928690971,42.36975295172099],[-79.534922093572959,42.369822840492645],[-79.534809067533502,42.369858448927339],[-79.534703136505286,42.369897340034562],[-79.534591062475045,42.36993848630113],[-79.534493383788131,42.369984731926593],[-79.534365045113418,42.370045493184307],[-79.534293980684325,42.37008475174045],[-79.53410084020507,42.370191449044505],[-79.534016385168684,42.370238104634566],[-79.533907698862592,42.370298145820009],[-79.533785184215546,42.370365825885472],[-79.533706962382183,42.370395913304876],[-79.533566985863175,42.370449753978747],[-79.533493052055576,42.370478192413024],[-79.533408147107437,42.370510850775702],[-79.533302781635967,42.370453445246305],[-79.53329199531693,42.370446258332578],[-79.533112905208597,42.370326930381943],[-79.533053063595688,42.370287057681423],[-79.532908770397313,42.37031006793255],[-79.53289762310844,42.370314958557522],[-79.532795308423985,42.370359846762589],[-79.532765522679185,42.370372915413725],[-79.532695082341888,42.370411298905935],[-79.53265695260589,42.370432076060595],[-79.532578923558674,42.370563126607635],[-79.532574194649769,42.370571068837172],[-79.53235448324061,42.370619857502462],[-79.532339969083267,42.370623080468974],[-79.532201983213866,42.370683018054891],[-79.53214043553065,42.3707005043116],[-79.531978499866128,42.370746511503611],[-79.531972937480205,42.370748092530391],[-79.5319194424779,42.370770820091202],[-79.531710379122742,42.370859641078653],[-79.53169996150335,42.370864067008675],[-79.531611946416575,42.370930037496329],[-79.531550950951186,42.370990075681419],[-79.531550058444054,42.37099152912829],[-79.531518998352496,42.371042110404794],[-79.531483290628955,42.371069944790342],[-79.53143715074637,42.371105910457409],[-79.531408562275317,42.371133476708117],[-79.531261885299514,42.371274908553197],[-79.531214166052109,42.371320921194979],[-79.531086318371493,42.371395274858564],[-79.531068140545045,42.371405846694415],[-79.530850338288644,42.371413274936259],[-79.53078916351113,42.371415361254485],[-79.530620067119571,42.371460787991523],[-79.53058115732054,42.37147124083252],[-79.53046285860448,42.371590165714728],[-79.530453159858766,42.371599915771398],[-79.53028511026443,42.371710217222571],[-79.53010481622394,42.371828554765358],[-79.529924521503986,42.371946892025704],[-79.529769102094193,42.372048901678433],[-79.529742728350826,42.37206389121009],[-79.52955157689243,42.372172531853415],[-79.529403174806163,42.372256875477326],[-79.529362270460126,42.372282848557809],[-79.529179370471098,42.372398984336847],[-79.529055061001003,42.37247791655583],[-79.528984486138171,42.372501138460322],[-79.528821157229459,42.372554879860715],[-79.528768124249495,42.37257914058597],[-79.528598158956811,42.372656893445765],[-79.528568864698144,42.372678360533428],[-79.5284930866965,42.372733891209663],[-79.52840934006349,42.372811587360772],[-79.528328156736848,42.37288690515615],[-79.528277995048356,42.372959933575643],[-79.528245069674995,42.373007868220959],[-79.528229126875914,42.373079899703342],[-79.528183721326286,42.373118887352895],[-79.528144160249298,42.37315285656949],[-79.528143055115081,42.373153083548104],[-79.528141270912968,42.373153449366498],[-79.528139527866102,42.373153806743119],[-79.527970249312887,42.373188606936687],[-79.527964080644551,42.373189875082723],[-79.527867160412001,42.373219913351129],[-79.527765390358113,42.373279277112502],[-79.527622094436225,42.3733628630957],[-79.527579591473113,42.373392663694936],[-79.527404657103375,42.373515317010707],[-79.527229722050436,42.373637970060642],[-79.527054786314238,42.373760622844571],[-79.526879849894655,42.373883275362672],[-79.526704912791899,42.374005927614668],[-79.52668209476532,42.374021925780305],[-79.526522780284964,42.374122683637921],[-79.526447765793364,42.374170126089133],[-79.526339567649586,42.374238554766613],[-79.526244127851029,42.37429891436642],[-79.526158164797906,42.3743159112584],[-79.526157718019036,42.37431583300615],[-79.526151357277058,42.374314723939627],[-79.526132320631461,42.374311401733294],[-79.526055115706612,42.374297928174222],[-79.526026359401897,42.374307304408859],[-79.525907047657142,42.37434620941039],[-79.525867213043128,42.374359198585545],[-79.525843369691046,42.374504138274418],[-79.525840390417855,42.374522248723025],[-79.525723437060108,42.37459357523803],[-79.525659144341759,42.374599718340328],[-79.525468170652715,42.37461796545854],[-79.525452383067076,42.374651934628687],[-79.525384707475894,42.374797547565862],[-79.525364717220043,42.374816740138193],[-79.525217638786529,42.374957949143393],[-79.525198384261088,42.374976435221484],[-79.525002401857265,42.375031354726161],[-79.524921245164791,42.375054096873434],[-79.524780679017098,42.375017439912234],[-79.524775459857324,42.375016693213709],[-79.524582440772519,42.374989078041253],[-79.524538677124966,42.374982816323616],[-79.524480403195724,42.37497447844212],[-79.524465735523592,42.375010495318534],[-79.524428019501187,42.375103106723301],[-79.524409409517418,42.37514880329099],[-79.524245738973633,42.375197778716569],[-79.524189251690871,42.375214681434109],[-79.524019058754504,42.375258511675234],[-79.523905561376523,42.375287740783968],[-79.523874870893565,42.375374196255905],[-79.523862643731263,42.375408640255202],[-79.523703201185072,42.375488957380242],[-79.523564996620919,42.375558575800959],[-79.523498635047176,42.375582610471568],[-79.523410944681089,42.37561436986455],[-79.523288157247094,42.37565883919028],[-79.523283110947546,42.37566217738631],[-79.523148339916403,42.375751330048097],[-79.523136167812453,42.375794942608863],[-79.523135384279485,42.37579774999989],[-79.523112998909568,42.375877958700904],[-79.523004621225056,42.375926079375816],[-79.522816984403335,42.376009391410868],[-79.522797900352188,42.376017865060824],[-79.522736493124711,42.376045130899037],[-79.522702981106576,42.376085170515637],[-79.522647331423755,42.376151658382135],[-79.522587670816719,42.376222938143606],[-79.522491001063543,42.376284627159194],[-79.522308482097472,42.376401099598795]]},"properties":{"FID":46,"retreatCat":0.40000000000000002,"sedimentCat":0,"CalSedi":2,"CalRetreat":3}},{"type":"Feature","id":47,"geometry":{"type":"LineString","coordinates":[[-79.512624983314112,42.381520605309092],[-79.512444903620278,42.381639144181229],[-79.512264823246554,42.38175768277155],[-79.512196156619424,42.381802882647662],[-79.51205959753716,42.381847339279368],[-79.512027174020488,42.38185789468001],[-79.511855575265017,42.381875234236645],[-79.511823296733695,42.3818784954412],[-79.511631107492903,42.381897912747981],[-79.511585171448601,42.381906023746254],[-79.51150111430141,42.381920865793667],[-79.511483206088812,42.381966431404422],[-79.511457961135307,42.382030666221439],[-79.511453265402693,42.382042614317996],[-79.511335077254628,42.382088543378551],[-79.511257097783755,42.382122933291782],[-79.511183468787252,42.382155404508872],[-79.51114997853152,42.38217017475985],[-79.511149990810054,42.382176286741171],[-79.511150152716723,42.382256192887318],[-79.511150236505074,42.382297545047059],[-79.511023479331072,42.382397311229127],[-79.511016411914738,42.382402873734343],[-79.510820068255356,42.38247881660358],[-79.510813359143967,42.382483521243188],[-79.510638422112706,42.382606192197208],[-79.510567276020481,42.382656081701114],[-79.510436768422423,42.3826994612877],[-79.510216801137148,42.382772576022944],[-79.510209500352545,42.38277500271424],[-79.510101464275749,42.382802926313047],[-79.509989380224283,42.382831895521946],[-79.50993908696158,42.382844894258788],[-79.509776021562971,42.38291389900364],[-79.509566722093396,42.383002468161514],[-79.50939313058538,42.383075926319741],[-79.509360611960346,42.383094556330697],[-79.509189841964954,42.383192390604975],[-79.509170008678836,42.38320375328022],[-79.508998732204319,42.383301878862284],[-79.508977822022729,42.383311250172412],[-79.508771597909742,42.383403673220826],[-79.508565373189597,42.383496095899666],[-79.508359147862294,42.383588518208853],[-79.508166164352318,42.383675005460525],[-79.508155943631877,42.383683602136784],[-79.507996774492057,42.383817479319632],[-79.507933899402744,42.383870363346837],[-79.507821836245938,42.383939409069484],[-79.507787932076596,42.383960298469475],[-79.507660318625327,42.384071217721925],[-79.507642969423429,42.384086297286274],[-79.507498909390904,42.384203611817966],[-79.507336849193464,42.384335583949763],[-79.507174788314799,42.384467555853305],[-79.507151128090797,42.384486823144798],[-79.507000633216535,42.38459072754366],[-79.50682440999573,42.384712394573711],[-79.506648186091894,42.384834061333933],[-79.506586178242372,42.384876872002188],[-79.506457316400557,42.384942263346261],[-79.506258495273443,42.385043155197849],[-79.506123175981131,42.385111822638827],[-79.506065642102499,42.385149671326566],[-79.505885506941397,42.385268172841386],[-79.505854030568074,42.385288879428586],[-79.505691207450496,42.385373477755863],[-79.505521026873055,42.385461898323179],[-79.505494750621565,42.385476833523896],[-79.505303578647585,42.385585493673666],[-79.505112406011904,42.385694153505995],[-79.504921232714352,42.385802813020625],[-79.504730058755115,42.385911472217643],[-79.504538884134007,42.386020131097141],[-79.504524730639176,42.386028175562409],[-79.504349396286898,42.386130388937154],[-79.504217654775772,42.386207188919883],[-79.504161951602413,42.386242487483244],[-79.503978871359976,42.386358503196277],[-79.503895731575497,42.386411187624297],[-79.503797454665516,42.386475923867685],[-79.503617421742007,42.386594513267141],[-79.503437388138252,42.386713102384867],[-79.503257353854323,42.386831691220863],[-79.503251729463244,42.386835396003391],[-79.503104257241077,42.386969294072998],[-79.502952028666712,42.387107509896587],[-79.50281684946971,42.387230245071322],[-79.502793230936717,42.387239936],[-79.502582355047167,42.387326460213927],[-79.502371478576308,42.387412984041319],[-79.502367322202034,42.38741468941938],[-79.502154697190392,42.387491131430771],[-79.502129230180742,42.387500287179549],[-79.501923674014876,42.387541251047139],[-79.501798280997036,42.387566239548363],[-79.50170362934918,42.387609564113276],[-79.501498580602316,42.387703419880879],[-79.501293531242155,42.387797275282992],[-79.501285571026472,42.387800918828013],[-79.501120536831721,42.387863953359478],[-79.501081640124355,42.387882190321285],[-79.500928522857393,42.38795398006814],[-79.500883911782822,42.387983470866565],[-79.500751559400442,42.3880709640653],[-79.5007024170379,42.388100795459899],[-79.500516051512321,42.38821392639607],[-79.500329685314995,42.388327057030352],[-79.500284329869459,42.388354589224392],[-79.500201317893598,42.388402001693628],[-79.500139940653241,42.388437058298805],[-79.500098192636727,42.388460903313657],[-79.499998022047563,42.388578806973911],[-79.499869799820246,42.38872972744452],[-79.49974309786856,42.388878857662831],[-79.499741126877282,42.388880389693512],[-79.499574956510926,42.389009551768325],[-79.499510677275296,42.389059514979138],[-79.499504606754058,42.38906457001233],[-79.499412527600953,42.389141251010145],[-79.499393074190877,42.389157451244103],[-79.499222751405398,42.389202263796172],[-79.499196021481168,42.389190788872583],[-79.499195853087784,42.389190716585958],[-79.49907024361589,42.389136795794037],[-79.49899928823352,42.389184502634826],[-79.498820896548366,42.38930444374423],[-79.498802126939211,42.389317063391424],[-79.498742773388244,42.389356971003302],[-79.498679476390819,42.389369968865381],[-79.498612137766898,42.389383797640924],[-79.498505824271732,42.38940563027041],[-79.498392118689011,42.389453515846625],[-79.498331130381985,42.389479200175153],[-79.49820025643848,42.389560524202757],[-79.498192607807155,42.389565276990254],[-79.497998373546835,42.389657956976336],[-79.497902189495534,42.38970385152281],[-79.497800289716778,42.389759497845205],[-79.497750111878716,42.389786899328513],[-79.497600608353153,42.389859380421996],[-79.497535357240295,42.389891014826958],[-79.497406333739249,42.389964808803128],[-79.497339443334042,42.390003066118844],[-79.497236890543149,42.390077179109348],[-79.497227485338541,42.390083975958561],[-79.497209406792152,42.39009704075616],[-79.497088618718649,42.390229250209678],[-79.496955403378024,42.390375061224944],[-79.496953639826756,42.390376923080765],[-79.496828469799084,42.390509070036366],[-79.496816880180404,42.39052364165299],[-79.496694690795479,42.390677269766691],[-79.496646172846269,42.390738270901409],[-79.496543801354264,42.390814584672356],[-79.496526366425741,42.390827581672724],[-79.496389751534792,42.390951599072274],[-79.496297316098236,42.39103551050998],[-79.496245151554973,42.391082865292653],[-79.496236932795796,42.391089443725122],[-79.496205168320301,42.391114868524362],[-79.496140100577549,42.391145877696751],[-79.496060175697508,42.391167926592438],[-79.496052279829186,42.391166314017205],[-79.496029672719402,42.391161698264185],[-79.496006186130913,42.39115690294031],[-79.496004647481968,42.391147273076385],[-79.49599915387266,42.391112880692688],[-79.495909869938728,42.391099469518913],[-79.495889977047128,42.391053188156796],[-79.495886578729142,42.391045281868813],[-79.495813098736122,42.391026542932899],[-79.49566503069066,42.391025923538763],[-79.495661366039855,42.391027446492615],[-79.495546627292896,42.391075129471069],[-79.495454529160227,42.391118994866474],[-79.495369599671989,42.391159445790422],[-79.495309687686301,42.391199807106844],[-79.495274991493005,42.391235136857524],[-79.495133348053088,42.391379366205811],[-79.494991703962143,42.391523595379745],[-79.494867857416779,42.391649701507063],[-79.494851566842556,42.3916685819568],[-79.494721919715204,42.391818839897113],[-79.494592271967107,42.391969097691231],[-79.494462623598366,42.392119355339332],[-79.494332974608767,42.392269612841417],[-79.494320818189706,42.392283701554462],[-79.494215390727561,42.39242515470827],[-79.49413996590242,42.392526352552601],[-79.494086821254541,42.392575192933229],[-79.493935697351546,42.392714076527987],[-79.493784572779845,42.392852959924326],[-79.493734928496224,42.392898582815477],[-79.493633447770634,42.392991843259466],[-79.493609219571709,42.393014108838095],[-79.493488877495494,42.393134456976924],[-79.493345558152612,42.39327778277358],[-79.493237302435517,42.393386042813177],[-79.493203591093973,42.393421824746063],[-79.493065800394064,42.393568078190441],[-79.493032100019391,42.393603848225105],[-79.492914180453283,42.393706473930727],[-79.492902201289837,42.393716899402328],[-79.492747073063313,42.393834944956282],[-79.49268412530013,42.393882845166566],[-79.492570124650229,42.393955829223586],[-79.492409195952845,42.3940588564816],[-79.492384507733988,42.394069039991194],[-79.492198113316221,42.394145924536943],[-79.492172669460317,42.394154121038113],[-79.492007197317747,42.394207426158253],[-79.491955464994348,42.394230914914438],[-79.491780236407237,42.394310476117042],[-79.491749942973172,42.394324230307269],[-79.491711564430602,42.394341655375861],[-79.491546903057525,42.394382275718236],[-79.491525466706975,42.394387564113025],[-79.491458913664076,42.394403982864183],[-79.491372048821376,42.394456012716347],[-79.491326035085535,42.394483574339908],[-79.491280162402361,42.394511051432332],[-79.491113911782165,42.394566095437149],[-79.491106799159056,42.394568450351727],[-79.490953650649004,42.394619156455484],[-79.490901593341377,42.394648670283843],[-79.490826290037432,42.39469136331136],[-79.490718908684201,42.39475224468277],[-79.490709789156483,42.39475671825948],[-79.49050882458954,42.394855300916092],[-79.490402198068239,42.394907606016346],[-79.490297577993502,42.394939635897494],[-79.490103061046867,42.394999187748766],[-79.49007471030103,42.39500786740647],[-79.489851842263846,42.395076098733099],[-79.489741734253315,42.395109808223324],[-79.489637429536188,42.395156635455017],[-79.48943127312566,42.395249188158381],[-79.489258200506768,42.395326887592823],[-79.489228969099074,42.395345637521544],[-79.489046820400901,42.395462472908775],[-79.48886467102443,42.395579308007619],[-79.488770397769628,42.395639776912432],[-79.488708970766325,42.395679177114999],[-79.488682648186028,42.395696250385619],[-79.488649763013839,42.395717580242611],[-79.488501372690962,42.395813824982788],[-79.488320096020047,42.395931398876876],[-79.488192939790409,42.396013870462703],[-79.488140706675424,42.396050499194132],[-79.487965752478701,42.396173186209431],[-79.487930218893908,42.396198104122853],[-79.487790798190218,42.396295873419426],[-79.48766038724284,42.396387324161516],[-79.487610053140713,42.396413325996868],[-79.487412355369585,42.396515453251695],[-79.487214656955047,42.396617580166797],[-79.487016957896955,42.39671970674226],[-79.486846403897317,42.396807810293829],[-79.486819258249724,42.396821833035375],[-79.486662311425292,42.396902907469027],[-79.486643626452164,42.396913807770225],[-79.486623285200992,42.396925674064036],[-79.4864339614127,42.397036117801662],[-79.48624463695802,42.3971465612278],[-79.48621866315429,42.397161713129485],[-79.486054801721679,42.397256525496424],[-79.485864884708718,42.397366413312334],[-79.485674967030604,42.397476300814724],[-79.485554721398046,42.397545875294675],[-79.485475279168625,42.397574696219792],[-79.485377877644268,42.397610032504353],[-79.48535610533942,42.397617930113853],[-79.485272173901706,42.3976686978937],[-79.485228200065762,42.397695296380313],[-79.485085522510929,42.397781597105016],[-79.48502895187714,42.397815814612684],[-79.484894531449825,42.397890412699326],[-79.484701652798464,42.397997452232744],[-79.484525919353416,42.3980949762989],[-79.484508656901426,42.398104375780093],[-79.484314465401297,42.398210113535796],[-79.484129912850278,42.398310602225699],[-79.484119443993478,42.398314898224726],[-79.483919677454878,42.398396874106005],[-79.483910272611212,42.398403215032545],[-79.483778743828324,42.398491894053649],[-79.483730327172225,42.398521858620477],[-79.483545407129213,42.398636303268368],[-79.483360486411627,42.398750747619076],[-79.483175565019565,42.398865191672691],[-79.483078399485805,42.398925325140496],[-79.48299116142104,42.398980089044485],[-79.482922368048705,42.399023274134564],[-79.48278551055563,42.399070364181448],[-79.482733377135034,42.39908830223338],[-79.482654404915593,42.399110303690392],[-79.48255547882988,42.399117113079001],[-79.482393300706761,42.399128276113856],[-79.48235631849019,42.399146291059566],[-79.482335770553419,42.399166378667587],[-79.482226409819077,42.399273289150635],[-79.482191951173803,42.3993094156518],[-79.482053010176784,42.399455081098353],[-79.481914068534593,42.399600746377125],[-79.481881920314251,42.399634450187534],[-79.481770009513355,42.399743652237781],[-79.481624409540302,42.399885727297054],[-79.481595939444148,42.399913508047462],[-79.481454261784677,42.400011481249102],[-79.481278146837425,42.40013326791901],[-79.481180805235809,42.400200581077698],[-79.481100558997881,42.400253869635179],[-79.480921151254734,42.400373007149518],[-79.480835365659487,42.400429973677191],[-79.4807844389465,42.400444935470951],[-79.480770504124763,42.400444948232654],[-79.480744354492614,42.40044497379008],[-79.480717762770908,42.400433184144731],[-79.480657766823313,42.400406584438912],[-79.480597109361867,42.400368280156414],[-79.48055800806064,42.400358287790191],[-79.480507895309088,42.400358255242445],[-79.480481108633285,42.400358237835839],[-79.480479473019685,42.400358875437455],[-79.480382121388132,42.400417379165539],[-79.480311574112989,42.400455138179673],[-79.480279474957655,42.400472318579531],[-79.480249140783641,42.4004885549707],[-79.480202199627172,42.400574838678345],[-79.480184381515116,42.400599833240406],[-79.480071987343194,42.400757494938773],[-79.480058193574038,42.400776844181159],[-79.479940020447472,42.400906523527354],[-79.479805314869935,42.401054344245772],[-79.479771122639903,42.401091865347645],[-79.479681107374716,42.401149862760917],[-79.479634635321659,42.401178555430043],[-79.479603624094565,42.401197702286233],[-79.479576514293043,42.401214439057313],[-79.479570659202054,42.401323753877001],[-79.479554108260643,42.401327655682366],[-79.479425251365171,42.401358032981534],[-79.479343947054247,42.401389802321489],[-79.479334309788413,42.401397335949078],[-79.479168620579046,42.401526857836075],[-79.479090119762091,42.401588222901722],[-79.479025681697067,42.401669008944204],[-79.478960094704703,42.401751235147024],[-79.478883871126314,42.401811885165721],[-79.478818115048398,42.401864206208153],[-79.478727327448922,42.401947333837825],[-79.478699056377394,42.401973219550953],[-79.478561086885563,42.402074235535331],[-79.47855938111519,42.40207494832773],[-79.478349386435681,42.402162698752349],[-79.47820210908047,42.402224241129232],[-79.478147586107667,42.402259036740247],[-79.477992139528325,42.402358239684418],[-79.477971002563436,42.402379605403652],[-79.477828670010766,42.402523477867021],[-79.477686336805277,42.40266735015426],[-79.477622149384658,42.40273223137492],[-79.477546278069738,42.402812422570562],[-79.477408087418539,42.40295848071969],[-79.477376493356687,42.402991873382192],[-79.477246545144936,42.403058904112669],[-79.477221315386032,42.403067186310707],[-79.47717057173773,42.403083843955308],[-79.47710854223709,42.403087893651708],[-79.477107963457655,42.403087511940242],[-79.477064561494032,42.403058911429397],[-79.477046461920281,42.403029910174666],[-79.477031232567668,42.403018919578145],[-79.477021488448372,42.403011887517607],[-79.477005767063204,42.40301273391416],[-79.476966546166267,42.403014847451949],[-79.476871482963986,42.403022753889232],[-79.476811329337636,42.403058144793221],[-79.47669335016117,42.403127556688915],[-79.476648255086914,42.403185447013804],[-79.476527945479219,42.403339892592001],[-79.476520314029869,42.403349689315966],[-79.476347594260901,42.403457299411997],[-79.476215318978703,42.403539710837862],[-79.476158898327085,42.403568033347888],[-79.475959350392557,42.403668203659933],[-79.475759801820757,42.403768373625851],[-79.475560252611771,42.403868543245743],[-79.475490344717642,42.403903635420683],[-79.475351421785817,42.403957263509142],[-79.47513758571705,42.404039809630369],[-79.475047320130045,42.404074654241391],[-79.474928631859726,42.404128694651668],[-79.474913409942218,42.404135625385614],[-79.474712474129248,42.404207738012417],[-79.474495453764106,42.404285622545636],[-79.474467414854956,42.404295685139594],[-79.474286739987704,42.404374894243141],[-79.474134371304615,42.40444169334512],[-79.474076607555816,42.404462203392647],[-79.473920376343216,42.404517675854208],[-79.473856508808851,42.404534785192688],[-79.473629678980686,42.404595549792973],[-79.47340284871305,42.404656313946056],[-79.473176018006029,42.404717077652037],[-79.472949186859722,42.404777840910818],[-79.472774381166602,42.404824667267384],[-79.472725099259506,42.404843262762753],[-79.472510230880332,42.404924338469698],[-79.47233166084753,42.404991717354569],[-79.472294113193115,42.405003435417449],[-79.472071851824253,42.405072799534743],[-79.471849589963867,42.405142163222777],[-79.471833041048569,42.405147327800343],[-79.471627519116467,42.405211860034214],[-79.471405463181497,42.405281583250215],[-79.471183406752871,42.405351306037666],[-79.470961349830787,42.405421028396574],[-79.470739292415033,42.405490750327026],[-79.470545717731198,42.405551528729163],[-79.470516658215601,42.405559396309705],[-79.47032068355999,42.4056124542942],[-79.470288452674922,42.405615900700823],[-79.470049643568473,42.405641435954735],[-79.46991488181348,42.405655845460501],[-79.469817971702255,42.405685941820394],[-79.469677707819869,42.40572950191202],[-79.469593198426608,42.405750429540447],[-79.469459710209691,42.40578348596889],[-79.469359409317121,42.40578821725687],[-79.469226747080015,42.405794474924853],[-79.469134104970294,42.4057959281742],[-79.469119595816238,42.405800366671144],[-79.468896669169325,42.405868561877604],[-79.468673742037723,42.405936756652231],[-79.468602660969751,42.405958500664248],[-79.468453351730744,42.406009237678482],[-79.468399697777727,42.406027469847764],[-79.468225204437857,42.406066282447831],[-79.467994157953513,42.406117673697842],[-79.467882677968632,42.406142469792442],[-79.467768616979086,42.406180001077637],[-79.467660686005502,42.406215515161577],[-79.4675532766624,42.406259981450006],[-79.467549748412353,42.406261442104004],[-79.46754149725605,42.406262641013505],[-79.467450135652172,42.406275918225546],[-79.467347130806814,42.406318924471044],[-79.467330806055926,42.406323375935223],[-79.467104445435723,42.406385100075951],[-79.467083149706809,42.40639090697811],[-79.466951696465443,42.406440702495246],[-79.466888650315283,42.406464584840855],[-79.466819214675382,42.406490887511211],[-79.466723126249988,42.406497880545096],[-79.466721253409077,42.406497476343354],[-79.466659095577839,42.406484062672739],[-79.466635150301059,42.406478895267476],[-79.466539889926452,42.406442038591102],[-79.466443510111645,42.406404747636067],[-79.46637918117365,42.406379857629297],[-79.466256098630652,42.406348916565634],[-79.466219927548963,42.406358987072728],[-79.466160014082064,42.406375667741571],[-79.466040406544323,42.40640896861936],[-79.466039017179526,42.406409255706691],[-79.465992798146388,42.406418824295905],[-79.465961366993156,42.406425331381975],[-79.465778973982154,42.406500166052254],[-79.465568046454081,42.406586707666754],[-79.465547833916929,42.406595000651009],[-79.465432784732172,42.406606964074058],[-79.465429942542045,42.406606217998238],[-79.465336677997328,42.406581743579302],[-79.465314804157615,42.406576003447285],[-79.465183401251551,42.406454934290366],[-79.46517561436734,42.406456175893183],[-79.465170201413173,42.406457038977365],[-79.465133307328045,42.406462922586435],[-79.465006373306181,42.406575146576266],[-79.464995337495424,42.406584903451844],[-79.46492631327726,42.406623972085413],[-79.464810290295901,42.406677927463889],[-79.464606107432402,42.406772880243309],[-79.464524341067971,42.406810904523297],[-79.464399116066659,42.406864399467864],[-79.464190248622174,42.406953625172463],[-79.464058350987131,42.407009969957748],[-79.463977603837634,42.407037472316446],[-79.463844365883546,42.407082852788271],[-79.463758486551981,42.407112102815475],[-79.46367625475763,42.407140110425836],[-79.463600160275448,42.407182845416585],[-79.463548504813673,42.407197095632348],[-79.46346217537274,42.407220911308357],[-79.463350123690319,42.407278736457116],[-79.463339925976456,42.407283998782979],[-79.46329854354741,42.407305353337371],[-79.463129153617245,42.407364370150404],[-79.463125639149851,42.407364500699046],[-79.463080184900335,42.407366189136347],[-79.462980111703757,42.407369908255312],[-79.46289116596499,42.407395773238179],[-79.462808106402022,42.407419926468705],[-79.462662130009804,42.407442907147576],[-79.462659354387057,42.407443029971816],[-79.462418479472021,42.407453688682978],[-79.462233153358625,42.407461889014854],[-79.462232140857608,42.407461849962807],[-79.462177581579454,42.407459731709764],[-79.462130206078953,42.407457892344397],[-79.461985215828037,42.407434916552191],[-79.461996565678874,42.407402326119083],[-79.46204074468173,42.407275468362343],[-79.461982688669991,42.407255739974083],[-79.461902398641683,42.407228456032492],[-79.461798325054602,42.407273347987974],[-79.461786490993845,42.407295610394385],[-79.461747216307586,42.407369494380781],[-79.461745491616625,42.407372742335305],[-79.461650943628513,42.40743763484241],[-79.461620790249171,42.407458330408822],[-79.461528843931234,42.407508285156361],[-79.461469480490038,42.40755421345699],[-79.461444775939199,42.407573326842353],[-79.461333820702023,42.407641307684287],[-79.461294923273627,42.407676333136784],[-79.461141915601146,42.407814109423605],[-79.460988907256393,42.407951885506947],[-79.460835898239651,42.408089661386811],[-79.460831832312053,42.408093322511277],[-79.460655003848444,42.4082074904113],[-79.460495956962205,42.408310177189229],[-79.460473347729859,42.408324774773348],[-79.460312119930208,42.408428870700334],[-79.460291066828461,42.408441512428354],[-79.460132201094737,42.408536906035593],[-79.460108127482826,42.408557204709446],[-79.460042636864571,42.4086124257745],[-79.459967175342115,42.408676055514285],[-79.459942362880696,42.408684556825406],[-79.45977888269735,42.408740568646365],[-79.459728912385813,42.408766513561297],[-79.459630066658931,42.40881783478661],[-79.459515783074281,42.408845982677207],[-79.459468383722466,42.408857657032108],[-79.459286869522174,42.408902360693951],[-79.459249494405043,42.408911565465296],[-79.459225141299726,42.408918899841687],[-79.459053798391594,42.408947316834627],[-79.458818351906274,42.408986364862102],[-79.458604202164508,42.409021880433833],[-79.458582807517828,42.409025074660583],[-79.458346281344603,42.409060387797886],[-79.45810975490501,42.409095700449001],[-79.45796113254562,42.409117889029218],[-79.457954743186349,42.40911707440236],[-79.457903190212022,42.409110503098326],[-79.457872756654211,42.409106623546627],[-79.457843191123573,42.409102854639485],[-79.457829428461451,42.409103768091818],[-79.457797117333001,42.409105912390068],[-79.457737198880494,42.409135030156222],[-79.457686129239178,42.40915984633849],[-79.4576621577217,42.409175700131165],[-79.457571124508107,42.409235905700321],[-79.457464340492876,42.409274851213709],[-79.457349185318776,42.409316849631786],[-79.45725632181788,42.409364227507723],[-79.457200155870964,42.409392882648113],[-79.45713406346573,42.409413726694872],[-79.457127191878428,42.409415894753401],[-79.457048259258173,42.409453177827629],[-79.456844981359211,42.409549193761237],[-79.45672914208717,42.409603908791873],[-79.456630335608082,42.409627394948537],[-79.45660320796955,42.409633843130884],[-79.456393041774348,42.409658565402488],[-79.456373190670732,42.409660900506864],[-79.456281107567634,42.40967988304525],[-79.456235114779133,42.409702924161735],[-79.456186007963538,42.409739786326966],[-79.456159210851183,42.409759901625371],[-79.455991257045298,42.409844221042327],[-79.455960119732666,42.409859853146209],[-79.455776401186952,42.409924751852884],[-79.455558715997171,42.410001648747155],[-79.455538161680337,42.410008909490898],[-79.455385128843886,42.410115887420254],[-79.455378311100276,42.41011866881928],[-79.455282162456299,42.410157894007355],[-79.455158940317943,42.410191729250229],[-79.4549761168374,42.410241929958438],[-79.454931766174269,42.410251642892987],[-79.454853125284103,42.410268865445524],[-79.454738129908932,42.4103108882735],[-79.454714102973639,42.410325328873412],[-79.454526951346296,42.410437809810247],[-79.454339799047574,42.410550290442785],[-79.454152646077731,42.41066277077077],[-79.454114213916284,42.410685868698344],[-79.453960744489422,42.410770762828648],[-79.453767615289323,42.41087759479565],[-79.453644103322446,42.410945916710091],[-79.453589284006881,42.410995784985019],[-79.453467188448769,42.411106853027874],[-79.453425734578303,42.411124089787002],[-79.453349169404191,42.411155925964962],[-79.453227717675603,42.41122517169687],[-79.45310019470972,42.41129787864373],[-79.453026077068898,42.411320502357299],[-79.45280306219496,42.4113885751662],[-79.452625201269498,42.411442864818973],[-79.452580947231283,42.411458156876286],[-79.452362378367923,42.411533683355664],[-79.452327169527635,42.411545849715942],[-79.45215712800713,42.411626968752053],[-79.452086120430423,42.41166084308437],[-79.451958963453023,42.411728559270628],[-79.451791189802591,42.411817905024265],[-79.451761947772454,42.411831367558285],[-79.451557172551944,42.411925642221739],[-79.45155021883194,42.41192884357239],[-79.45136397003094,42.41203236785514],[-79.451255168671381,42.412092843558696],[-79.451173688328197,42.412141899945112],[-79.451044134943373,42.412219899105402],[-79.450991568873391,42.412258519096518],[-79.450820507015379,42.412384196770297],[-79.450649444471864,42.412509874189787],[-79.450524196428375,42.412601891812912],[-79.450483050041626,42.412638692322396],[-79.450448209203145,42.412669853229673],[-79.450382077030881,42.412764338175052],[-79.450362545626035,42.412792244652444],[-79.450305803963815,42.412873316997818],[-79.450196146100311,42.412903574938326],[-79.450195528545947,42.412903745339882],[-79.45006813453071,42.412938897028198],[-79.449979822585306,42.412981276926637],[-79.449777480946921,42.413078377906601],[-79.449743105736246,42.413094874034002],[-79.44959414040072,42.413178910121154],[-79.449584816526425,42.413185445339742],[-79.449517162938449,42.41323286451091],[-79.449396947876622,42.413296655151235],[-79.449306046348639,42.413344890756704],[-79.449202629620743,42.413402295767938],[-79.449151417372434,42.413430722814162],[-79.44909672402747,42.413555206583588],[-79.449096045838047,42.41355675016068],[-79.449011326460763,42.413631510725175],[-79.449017461741931,42.413710456433897],[-79.449020551258045,42.413750210695738],[-79.44895476341442,42.413879758509545],[-79.448946477999854,42.413896073904716],[-79.448828457524769,42.414031158987214],[-79.448697643595565,42.414180886510749],[-79.448657617292767,42.414226699801951],[-79.448518062559387,42.414295076489907],[-79.448499580906471,42.414304131796371],[-79.448484862558161,42.414465563694172],[-79.448476725078493,42.414554815796151],[-79.448420472264786,42.414633214300991],[-79.448307500313263,42.414790660542906],[-79.448300161181479,42.414800888880016],[-79.448177128115248,42.414938925675251],[-79.448175808172607,42.414939869953777],[-79.448002492412911,42.41506385855272],[-79.447959129929345,42.415094879581751],[-79.447816101490204,42.415176718253683],[-79.447642520015862,42.415276038376476],[-79.447632567504868,42.415290296610976],[-79.447522014984926,42.415448676624614],[-79.447473581318334,42.415518063493664],[-79.447397405404402,42.41560088993635],[-79.447377190455754,42.415622869703419],[-79.447228439904862,42.415727388865903],[-79.44719202076223,42.415752978593218],[-79.447027577840373,42.415824796746421],[-79.44689264580478,42.415883726133124],[-79.446826057994045,42.415922211105844],[-79.44668121179626,42.416005925860439],[-79.446631494536618,42.416027086055898],[-79.446566205593385,42.416054873671577],[-79.446427593389359,42.416070096064075],[-79.446402315423413,42.416074058200032],[-79.446300635135316,42.416089995779018],[-79.446176846987228,42.41613400480211],[-79.446151646564061,42.416142964004379],[-79.44605154420627,42.416211949362072],[-79.445999921836702,42.416253562043465],[-79.445871644573572,42.416356965730586],[-79.44584714440839,42.416390334999001],[-79.445763499665972,42.416504258979742],[-79.445728190128719,42.416545264189992],[-79.445704503323938,42.416572771804397],[-79.445598712614313,42.416695625990243],[-79.44546923437143,42.4168459875943],[-79.445339755507632,42.416996349052695],[-79.445326437620125,42.417011814825003],[-79.44518701296937,42.41713411066992],[-79.445167789586918,42.417150972341979],[-79.445047945558528,42.417256091547145],[-79.445031650684456,42.417270457295643],[-79.444876702613996,42.417407060853002],[-79.444824195969005,42.41745335098242],[-79.444804660821916,42.417487350419819],[-79.444778217600074,42.417533376496898],[-79.444757630372337,42.41756024581354],[-79.444716143801969,42.417614391720761],[-79.444596484405011,42.417689520609386],[-79.444456714743822,42.417777275465745],[-79.444425220674958,42.417813112754615],[-79.444293863330316,42.417962584525931],[-79.444246164711132,42.418016860661517],[-79.444134882076995,42.418095138215023],[-79.444100135818246,42.418119579092433],[-79.443960149036513,42.418218044603556],[-79.443936180801032,42.418234903608322],[-79.443814820004775,42.418359831413937],[-79.443794838995657,42.418380399640434],[-79.443674163575778,42.418504618906418],[-79.443667166604513,42.41851182133707],[-79.443520536919053,42.418642007430179],[-79.443366230656977,42.418779008434853],[-79.443211923720497,42.418916009232667],[-79.443057616109812,42.41905300982345],[-79.442909136198779,42.419184835584247],[-79.442903582023888,42.419190172030646],[-79.442756532602004,42.419331456558098],[-79.44260948251744,42.419472740897525],[-79.442603174987752,42.419478801094314],[-79.442438111336372,42.41958983018646],[-79.4424333440205,42.419594288117196],[-79.442393206999952,42.419631820326977],[-79.442347200570353,42.419654853251345],[-79.442306028775135,42.419663992702674],[-79.442293124954105,42.419666856881527],[-79.442250977559723,42.419688468104823],[-79.442240130672516,42.419694029756322],[-79.442137682595742,42.419746559059895],[-79.442054057743448,42.419806564117437],[-79.44195455751246,42.419877960332599],[-79.441880947621385,42.419930719399581],[-79.441834625086599,42.419963920489195],[-79.441766977011284,42.420003468984696],[-79.441696031159154,42.420044946565],[-79.441661573743843,42.420065091614184],[-79.441623302365684,42.420139471842468],[-79.441591480997559,42.420201321096634],[-79.44158914433612,42.420205862718021],[-79.441470143888495,42.420251809437872],[-79.441385438255935,42.420291710167085],[-79.441194139157332,42.420381821509558],[-79.441182290547772,42.420387902122997],[-79.440984115194311,42.420489603804562],[-79.440785939197994,42.420591305144711],[-79.440777151492043,42.420595814865393],[-79.440594891079513,42.420700169586794],[-79.440536099204408,42.42073383123013],[-79.440533034684208,42.420735699736191],[-79.440409174826726,42.420813899771616],[-79.440225750398284,42.420929705831561],[-79.440042325292254,42.421045511599111],[-79.439999115391885,42.421072792141828],[-79.439858899545129,42.421161317105629],[-79.439675473131686,42.421277122329442],[-79.439532267437457,42.421367533930045],[-79.439498276189951,42.421397480209372],[-79.439343260658518,42.421534048357984],[-79.439313994740118,42.42155983144103],[-79.439188245201862,42.421670616761858],[-79.439033229244544,42.421807185064743],[-79.438878212611954,42.421943753158914],[-79.438723195303979,42.422080321044177],[-79.438581867552799,42.422204827938216],[-79.438565295742649,42.422214724564938],[-79.438377648178403,42.42232678664606],[-79.438189999943503,42.422438848421031],[-79.438002351037667,42.422550909890028],[-79.437814701461164,42.422662971053043],[-79.437814624323494,42.422663017118239],[-79.43774835047148,42.422690966291526],[-79.437605133515234,42.422751363042501],[-79.437395555737169,42.422839744622159],[-79.437185977368102,42.422928125819986],[-79.437069675841741,42.422977171011091],[-79.437044035582133,42.422991251605737],[-79.436983484930892,42.423024503033304],[-79.436789827282837,42.423130849799897],[-79.4365961689778,42.423237196240528],[-79.436564197016281,42.423254753409225],[-79.436400140702858,42.423341141605469],[-79.436203643270218,42.423444611910945],[-79.436022615169264,42.423539935879845],[-79.436009375281941,42.423549997955902],[-79.435841202983909,42.423677805462439],[-79.435673030000274,42.423805612723122],[-79.435631949510068,42.423836832751377],[-79.435529378555756,42.423948178440931],[-79.43539365283354,42.424095514472221],[-79.435298385860833,42.424198930304826],[-79.435257724806576,42.424242748744817],[-79.435121321287966,42.42438974362819],[-79.434984917129768,42.424536738349921],[-79.434848512331911,42.42468373290982],[-79.434712106894395,42.424830727308077],[-79.434575700817291,42.424977721544593],[-79.434536210587709,42.425020276939442],[-79.43441766693158,42.425111755932271],[-79.43425081999807,42.425240509437728],[-79.434179709976732,42.425295383838126],[-79.434146221608117,42.425321227565462],[-79.434073425789407,42.425360359733546],[-79.433878306373046,42.425465247787081],[-79.433687742245198,42.425567686449433],[-79.433683525180626,42.425570446482524],[-79.433502917750459,42.425688652144672],[-79.433401709299417,42.425754891691852],[-79.433381695947375,42.425767990734855],[-79.433314934167896,42.425799671657273],[-79.433111893403606,42.425896021540815],[-79.433069542698888,42.425916118336332],[-79.43290726567453,42.425990518093798],[-79.432702219242259,42.426084525922604],[-79.432497172194999,42.426178533386107],[-79.432292124532779,42.426272540484128],[-79.432155018573297,42.426335398354233],[-79.432087740415497,42.426367323020436],[-79.431910877754902,42.426451247113],[-79.431886088633476,42.426465140439397],[-79.431693844117618,42.426572885530206],[-79.43150159894077,42.426680630299664],[-79.431309353103202,42.42678837474805],[-79.43111710660466,42.426896118875092],[-79.430952003231113,42.42698865014556],[-79.430924309812795,42.427003313002359],[-79.430728169194026,42.427107163348545],[-79.430532027925466,42.427211013360427],[-79.430335886006944,42.427314863037815],[-79.430139743438616,42.427418712380984],[-79.429943600220426,42.427522561389665],[-79.429747456352246,42.427626410063951],[-79.429551311834288,42.427730258403919],[-79.429355166666454,42.427834106409492],[-79.429159020848644,42.427937954080669],[-79.428962874381043,42.428041801417443],[-79.428766727263465,42.428145648419815],[-79.428738941028115,42.428160359349711],[-79.428567345532343,42.42824606928184],[-79.428431549187152,42.42831389761173],[-79.428428170412019,42.428315585351541],[-79.428417860293138,42.428323361514721],[-79.428397647921273,42.428338609235318],[-79.428374959283815,42.428352755114986],[-79.42819055328161,42.428467727905833],[-79.428006146602883,42.428582700401179],[-79.427821739247804,42.428697672601025]]},"properties":{"FID":47,"retreatCat":0.40000000000000002,"sedimentCat":0,"CalSedi":2,"CalRetreat":3}},{"type":"Feature","id":48,"geometry":{"type":"LineString","coordinates":[[-79.42307026202981,42.437167958199986],[-79.423065980048818,42.437346103523012],[-79.423064097284211,42.437424432767706],[-79.423059550477376,42.437524208138605],[-79.423051435592512,42.437702280809347],[-79.423051113147068,42.437709356518162],[-79.423040697556274,42.437880277397305],[-79.423039181386244,42.437905157819735],[-79.423014263474954,42.43805731837314],[-79.422989714016495,42.438207228250981],[-79.422988355314274,42.438234382361941],[-79.422979446150194,42.438412434354824],[-79.422970536935594,42.438590486347088],[-79.422961627670261,42.438768538338635],[-79.422960334400145,42.438794384305162],[-79.422952417288741,42.438946581962306],[-79.42294315573109,42.43912462416435],[-79.42293389412076,42.439302666365691],[-79.422924632457764,42.439480708566315],[-79.422922090199989,42.439529579654028],[-79.422902517801177,42.439658036383371],[-79.42287554017544,42.439835093912627],[-79.422871059081018,42.439864503798091],[-79.4228344528007,42.440010605318037],[-79.422790554702289,42.440185808737013],[-79.422776091258427,42.440243534135519],[-79.422741465825951,42.440360238859888],[-79.422689826187522,42.440534288992772],[-79.42263818626212,42.440708339102478],[-79.422617060412065,42.44077954257093],[-79.422578980151883,42.44088100580057],[-79.42251453562848,42.441052714708462],[-79.422450090751838,42.441224423580294],[-79.42238564552197,42.441396132415889],[-79.422321199938878,42.441567841215516],[-79.422283013727537,42.441669584088928],[-79.422255006365688,42.441739179901951],[-79.422186271048957,42.441909980390726],[-79.422117535357415,42.442080780838467],[-79.422112014474024,42.442094499569507],[-79.422041906390589,42.442249980081087],[-79.422016007209223,42.442307417160002],[-79.421987022510848,42.442423096129872],[-79.421978680940029,42.442456387557087],[-79.42195093719549,42.442599245529117],[-79.42194469657467,42.442631379616863],[-79.421918027605145,42.442764218140951],[-79.421915759244172,42.442775517286307],[-79.421898717143208,42.442860407160723],[-79.421894040745357,42.442923455879324],[-79.421887346372927,42.442952249030213],[-79.421846517730771,42.443127856432341],[-79.421830241182747,42.443197862947237],[-79.421791936385191,42.443301210905517],[-79.421728237717872,42.44347307181156],[-79.421717539611919,42.443501935524843],[-79.421699278027219,42.443530692736125],[-79.42163235343665,42.443636094152339],[-79.421632313100375,42.44363618265195],[-79.421555342382845,42.443805059896313],[-79.421542907611055,42.443832342259348],[-79.421478371809016,42.443973937227902],[-79.42140540390281,42.444134031865183],[-79.421400195745349,42.444142463365125],[-79.421318688590276,42.444274415189348],[-79.421312791240922,42.444307288141083],[-79.421289860541975,42.4444351079051],[-79.421253462822563,42.44447637546407],[-79.421191451193394,42.444546683798869],[-79.421164934868884,42.444638915955629],[-79.421114825874596,42.444813210115264],[-79.421097428250278,42.444873724055526],[-79.421067886195075,42.444987975447248],[-79.421022632004806,42.445162991364917],[-79.420978485612935,42.445333722027151],[-79.420977282642951,42.44533799330506],[-79.42092815130421,42.445512439044954],[-79.420899888772084,42.445612787547084],[-79.42086656153387,42.445684360888471],[-79.420788099530043,42.44585286464973],[-79.420709637104153,42.446021368357606],[-79.420631174256101,42.446189872011921],[-79.420573929461341,42.446312808023514],[-79.420550675728705,42.446357831575156],[-79.420464685872133,42.446524323328873],[-79.420378695558512,42.446690815018378]]},"properties":{"FID":48,"retreatCat":0.40000000000000002,"sedimentCat":0,"CalSedi":2,"CalRetreat":3}},{"type":"Feature","id":49,"geometry":{"type":"LineString","coordinates":[[-79.306780828077933,42.504684619698232],[-79.306752804394918,42.504693832138379],[-79.306551410422401,42.504740229575646],[-79.306505594632043,42.504750784625372],[-79.306472484712344,42.504757704220133],[-79.306463473410062,42.504756835596652],[-79.306400579498472,42.504750777450845],[-79.306322134753017,42.50472346976504],[-79.306305581469289,42.504717707331309],[-79.306235589967542,42.504706745947686],[-79.30616659458471,42.504706733709924],[-79.306164816653848,42.504707340907416],[-79.306093479516761,42.504735419796496],[-79.306073654878475,42.504743222926194],[-79.30603118454988,42.5047178067556],[-79.305976280093262,42.504684950761856],[-79.305894546853793,42.504651035101617],[-79.305886799677467,42.504647820363012],[-79.305816968130884,42.504662359863637],[-79.305744907596718,42.50469127729324],[-79.305668530029777,42.504678957800614],[-79.30566266898667,42.504678012428037],[-79.305552681911934,42.504633985256618],[-79.305546330832357,42.504636749519477],[-79.305466155356228,42.504671644437721],[-79.30546065348652,42.504672924189407],[-79.305458861438666,42.504675788169749],[-79.305431350026325,42.504719755789246],[-79.305355312712365,42.504748224485539],[-79.305378448042731,42.50479321321437],[-79.305394302258804,42.504807898446423],[-79.305457533563711,42.504866467406501],[-79.305421938690699,42.504910686429433],[-79.305352308390326,42.504918331108726],[-79.305322880268974,42.504921561995751],[-79.305178879692619,42.50503619503872],[-79.305106151795314,42.505094090552255],[-79.305005580433047,42.505160092696627],[-79.304825060932018,42.505278561976169],[-79.304813494097942,42.505286152901213],[-79.304617942632433,42.505369966826791],[-79.304460092278759,42.505437621540004],[-79.304408186487535,42.505458448961214],[-79.304315965644307,42.505495452877675],[-79.304180102173532,42.505506512303405],[-79.304098250979166,42.505513174995052],[-79.303939367782618,42.505522030478417],[-79.303835253079896,42.505527833275153],[-79.303712319981969,42.505572866469123],[-79.303646819017942,42.505596860884111],[-79.303502198102251,42.505660670450808],[-79.303434329945816,42.505690615096597],[-79.30327335756435,42.505707487252891],[-79.303044345277712,42.505731490538736],[-79.30303404714904,42.505730587158787],[-79.302845763588394,42.505714070244288],[-79.302833374067077,42.505714328085411],[-79.302794754417732,42.505721044501989],[-79.302559524995388,42.505761953386447],[-79.30254436047322,42.505764590638911],[-79.302350756237288,42.505805223218523],[-79.302326071348844,42.50580704748095],[-79.302110764008788,42.505822958892338],[-79.302086751447433,42.505828832850995],[-79.301857363346912,42.505884945516172],[-79.301629297672122,42.505940734137539],[-79.301628026633566,42.505941155717203],[-79.301407619939155,42.506014260177729],[-79.301244625571201,42.506068321744507],[-79.301191989183778,42.506093783272149],[-79.300989918152311,42.506191529631337],[-79.300787846488817,42.506289275635602],[-79.300737238643435,42.506313755533888],[-79.300586265064283,42.506387569844556],[-79.300384847017241,42.506486046987526],[-79.300357202949229,42.50649956265034],[-79.300169426979707,42.506566400247749],[-79.300042918315896,42.506611429905085],[-79.299949246633389,42.506639678950322],[-79.299869244239972,42.506663805598116],[-79.299719788672235,42.50665249889898],[-79.299714777141574,42.506652498776944],[-79.299710894180237,42.506652498682179],[-79.299491637653702,42.506652440319705],[-79.299478063105823,42.5066530437078],[-79.299473112242012,42.506653066268157],[-79.299231427190932,42.506654167332727],[-79.29922162432841,42.506654211981726],[-79.299090886714879,42.506625774100783],[-79.298998352824896,42.506608137242146],[-79.298986490833244,42.506605876353426],[-79.298905724814304,42.506532354519472],[-79.298866624886571,42.506496762231507],[-79.29883911607179,42.506476406461374],[-79.298825336354412,42.506466209840227],[-79.298793678186158,42.506442782421374],[-79.298664335316317,42.506415493100619],[-79.298626489266738,42.506430184115864],[-79.298501258990711,42.506478795653948],[-79.298422486890587,42.506524399359741],[-79.298334042708206,42.506575602401902],[-79.298230245071593,42.506632357759734],[-79.298179658998748,42.506660017573196],[-79.298064219601144,42.506729047901587],[-79.298042252191479,42.506744180938185],[-79.297900270244213,42.506841990007921],[-79.297863345405389,42.506863859573542],[-79.297674930473988,42.506975452127939],[-79.297672574216762,42.506976847664426],[-79.297513059220165,42.507107723417775],[-79.297508227898788,42.507111687314094],[-79.29737092075473,42.507251792038893],[-79.297333707967482,42.507289762886074],[-79.297241285954229,42.507402036494263],[-79.297131370720791,42.507535560120992],[-79.297113541173616,42.507553186073245],[-79.296969058258739,42.507696018675261],[-79.296824574683498,42.507838851095819],[-79.296715523513456,42.507946655479458],[-79.296669860239049,42.507974513970709],[-79.296483659876898,42.508088111624566],[-79.296345183108443,42.508172593467691],[-79.296302124668074,42.508205424848683],[-79.296218047588368,42.508269532148773],[-79.296159034884667,42.508324600940078],[-79.296138243507869,42.508335530239499],[-79.296083037907778,42.50836454985545],[-79.2959700368352,42.508441544748223],[-79.295962351459565,42.508455169060746],[-79.29590688424706,42.508553498824632],[-79.295850538380336,42.508611918235012],[-79.295710481823406,42.508757128319765],[-79.295630335707429,42.50884022311579],[-79.295563098617052,42.508898120399465],[-79.295405914354376,42.50903346985227],[-79.29538071068643,42.509055172349044],[-79.295286423622841,42.509152469456041],[-79.295248393550779,42.509163236292885],[-79.295022761938455,42.509227115372511],[-79.295014797413586,42.509229370216822],[-79.294856143776428,42.509288561846908],[-79.294840919717345,42.509327792153464],[-79.294790474137812,42.509457783108267],[-79.294755825042486,42.509492335140699],[-79.294612146649214,42.509635610527013],[-79.294471968939064,42.509775394243349],[-79.294468006586925,42.509778606832029],[-79.29441398268699,42.509822408184263],[-79.294336215505496,42.509926660223179],[-79.2943147368415,42.509955453719208],[-79.294148671986036,42.510033750128656],[-79.29414092267595,42.510037403769779],[-79.294114197890451,42.510049563910762],[-79.294085928401842,42.510062427738809],[-79.294065726208942,42.510065068404181],[-79.294001982552189,42.510073411356288],[-79.293950950362785,42.510063219784527],[-79.29394833680692,42.510062698525758],[-79.29394201448514,42.51006143502925],[-79.293922544675027,42.510056731696238],[-79.293692860581672,42.510001246477948],[-79.293497950821617,42.509954161323684],[-79.293461642542567,42.509950799440468],[-79.293221824645997,42.50992859374594],[-79.293118874222344,42.509919060997838],[-79.292980976853983,42.509921672707087],[-79.292963913763131,42.509921995862193],[-79.292766950182752,42.509882026789874],[-79.29274911681712,42.509874810883154],[-79.292551915808446,42.509795017231561],[-79.292535811943267,42.509791631124251],[-79.292361891325982,42.509755061234912],[-79.292302068991958,42.509763246942228],[-79.292064426543845,42.509795764093418],[-79.291942716738134,42.50981241771688],[-79.291827143258814,42.509829647073218],[-79.291590237031301,42.509864963968049],[-79.291515625442656,42.509876086612543],[-79.291353919066452,42.509902334617294],[-79.291157809508888,42.509934166574809],[-79.291117125885563,42.509937226600194],[-79.290876671874287,42.509955312087705],[-79.290825833465604,42.509959135777777],[-79.290636121089037,42.50997268070607],[-79.290395544261699,42.50998985675421],[-79.290189747135244,42.510004549289221],[-79.29015753952595,42.510014539160906],[-79.289934754663307,42.510083640266629],[-79.289831961558164,42.510115523372384],[-79.289725937954842,42.510171207678709],[-79.289643435627212,42.510214538317342],[-79.289543742784787,42.510287417371067],[-79.289501338368453,42.510318416446907],[-79.289472387465707,42.510364562056374],[-79.289376424041393,42.510408563997217],[-79.289194463103428,42.51049199783759],[-79.2891702036314,42.510501409432024],[-79.288956312172104,42.510584389446173],[-79.288742420144899,42.510667369062595],[-79.288716263523057,42.51067751650664],[-79.288507518224222,42.510705411038479],[-79.288328476049458,42.510729336034771],[-79.288274220449708,42.510747776965509],[-79.288054723613001,42.510822381352355],[-79.287928485014675,42.510865288093093],[-79.287832776225599,42.510892731456501],[-79.287607511902763,42.51095732292778],[-79.287382247114337,42.511021913957904],[-79.287156981860235,42.511086504546782],[-79.286931716140657,42.51115109469459],[-79.286706449955389,42.511215684401243],[-79.286678006872748,42.511223839736047],[-79.286592659573742,42.511242599514226],[-79.286478029206847,42.511267798525459],[-79.286475520586961,42.511267799885083],[-79.286464670749581,42.511267805764824],[-79.286390043304465,42.511267852194614],[-79.286312637191031,42.51129086366592],[-79.286264051841783,42.511250932403094],[-79.286223929841654,42.511217956932384],[-79.286245748845502,42.511139422534022],[-79.286184495556839,42.511110330396697],[-79.286113127553776,42.511076434218921],[-79.285960794700344,42.511103851959355],[-79.285926748367118,42.511109979782674],[-79.285785243379209,42.511106220721075],[-79.285781487731072,42.511106830721928],[-79.28572386186103,42.511122060960773],[-79.285496336793358,42.511182194381504],[-79.285268811287906,42.511242327352285],[-79.285174657354986,42.51126721123515],[-79.285042781589297,42.511305396596335],[-79.28497214008847,42.511325851154297],[-79.284862012694873,42.511367826439411],[-79.284820665478634,42.511363137005148],[-79.284740095376762,42.511353999025083],[-79.284582136984611,42.511373639203455],[-79.284551279109962,42.51137747597285],[-79.28443452552014,42.511386673616116],[-79.284373826264826,42.511376401880476],[-79.284343691331884,42.511372012580978],[-79.284315861037726,42.511367958955809],[-79.284230412475637,42.511320017915871],[-79.284152499180436,42.511372949877526],[-79.284115291457852,42.511398227640875],[-79.283935650136826,42.511446291543777],[-79.283849351576791,42.511469381014294],[-79.283703724219777,42.511443184103342],[-79.283642793787877,42.511432223264258],[-79.283489655416034,42.511363919569384],[-79.283351387545991,42.511302248201545],[-79.283302368061243,42.511255551948103],[-79.283262271218064,42.511217355388858],[-79.283154449624902,42.511114638541564],[-79.283147690919222,42.511108199807929],[-79.282943616170215,42.511028948125734],[-79.28286533961662,42.510998549563134],[-79.282751094612493,42.510954181732565],[-79.28272716671114,42.510952053249042],[-79.282565493321528,42.510937671613696],[-79.282486636354619,42.51093817702656],[-79.282325859886839,42.510939207313172],[-79.282245407338394,42.510932779698109],[-79.282108497002341,42.510921841354815],[-79.282093765219969,42.510922650502316],[-79.282004790324606,42.510927536559741],[-79.281835584377404,42.510936828314485],[-79.281766941468973,42.510920734247783],[-79.281641510232475,42.510891325420943],[-79.281541540132011,42.510925300317616],[-79.281322038296807,42.510999897709439],[-79.281144171254468,42.51106034513721],[-79.281099765164825,42.511068751431985],[-79.280865654802966,42.511113069373124],[-79.280631544109113,42.511157386837752],[-79.280397433083266,42.511201703825968],[-79.280163321725411,42.511246020337673],[-79.280108749368196,42.511256350628251],[-79.27993397455117,42.51130187354542],[-79.279706075167809,42.511361233113348],[-79.279574737265307,42.511395441642598],[-79.279472737095219,42.511402208623799],[-79.279378721866721,42.511408445779836],[-79.279377110441771,42.511408088254356],[-79.279233779932269,42.511427089791056],[-79.279228210651937,42.511427828114947],[-79.279164169769217,42.511423831732259],[-79.279160759757204,42.511425221757776],[-79.279083182219296,42.511456842334155],[-79.279012935946412,42.511483863785898],[-79.278960081455224,42.511504195142315],[-79.278905492437033,42.511520229110424],[-79.278853781882262,42.51160276143078],[-79.278810537695634,42.511671780869925],[-79.278711716311406,42.511743389788187],[-79.278539345215336,42.511868294422378],[-79.278366973430408,42.511993198798109],[-79.278276703564771,42.512058610020233],[-79.278197093879797,42.512119916267693],[-79.278066940024289,42.512220145459573],[-79.278033105941461,42.512250681985769],[-79.277880207240557,42.512388678290371],[-79.277836000312305,42.512428576402918],[-79.27772730824087,42.512526674618428],[-79.277648394640337,42.512597896514542],[-79.277539496411237,42.512629353055644],[-79.277515774307929,42.512636205447812],[-79.277431854616282,42.512651228013667],[-79.277419178379873,42.512651221964376],[-79.277301979177352,42.512651176935769],[-79.277300778535547,42.512651176473916],[-79.277128104613894,42.512634820547262],[-79.2770711995543,42.512660068964841],[-79.276974775251702,42.512702851711694],[-79.276964999129305,42.51270430451153],[-79.27688833781707,42.512771583974065],[-79.27688513429429,42.512774395443877],[-79.276834731829609,42.512827603404226],[-79.276761552036007,42.512923016761263],[-79.276735439634422,42.512957062578899],[-79.276685483518563,42.513091161674815],[-79.276680322274245,42.513105016164637],[-79.276676698635342,42.513110762044761],[-79.276640040447205,42.513142614133194],[-79.276546655562584,42.513223756484969],[-79.276535692374097,42.513228344150505],[-79.276325487456006,42.513316306354248],[-79.276308756861496,42.513323307400121],[-79.276248196685771,42.513481107003642],[-79.276215135080236,42.51356725416229],[-79.276224271939938,42.513561565891017],[-79.276153382092261,42.513621917391347],[-79.276143302071887,42.513630498922389],[-79.275969231336546,42.513737110793272],[-79.27594728552782,42.513750551742781],[-79.275927063920861,42.513767040077212],[-79.275796275502358,42.513861421001977],[-79.275781683620707,42.513871950923445],[-79.275632575138616,42.513992484530988],[-79.275483498595236,42.514112991662458],[-79.275474407429016,42.514126509582397],[-79.275367048278639,42.514286144535475],[-79.275259688579823,42.51444577938846],[-79.275254602275112,42.514453342273441],[-79.275171409498896,42.514611609890586],[-79.275133028629739,42.514684626140436],[-79.275056038382758,42.514766803182937],[-79.274918680383124,42.514913414259553],[-79.274820101930871,42.515018632892115],[-79.274781886791018,42.515060309727076],[-79.274646528911632,42.515207928368028],[-79.274599115146799,42.515259636684767],[-79.274504770950884,42.515352183756733],[-79.274359562184898,42.515494625813545],[-79.274214352756943,42.51563706768713],[-79.274073983109034,42.515774761230809],[-79.274067802334926,42.515778571633206],[-79.273882382400402,42.515892881308353],[-79.273881949843485,42.515893147974772],[-79.273795938543003,42.515947140818035],[-79.27368264034213,42.515991335048625],[-79.273630869931509,42.516011529075428],[-79.273547191157022,42.516131615516223],[-79.273436751211307,42.516290105804224],[-79.27334528628154,42.516421364715164],[-79.273331709328644,42.516450296007015],[-79.273324796218645,42.516465027225486],[-79.273252689328586,42.516618680538755],[-79.273249703802094,42.516625042410496],[-79.273239914958054,42.516654607880568],[-79.273215598949022,42.516728057419819],[-79.273184136972972,42.516789212045538],[-79.273098427857704,42.516955809603601],[-79.273074621593281,42.517002082990501],[-79.272991981153979,42.517115438391741],[-79.272961664772311,42.517157022341358],[-79.272913646292722,42.51728311511323],[-79.272857932139956,42.517429415458309],[-79.272839236515537,42.517451721100976],[-79.272712188019284,42.51760330143415],[-79.272698314985178,42.517619853164007],[-79.272604523260298,42.517762724619558],[-79.272571355220165,42.517813248797381],[-79.272526632000989,42.517930758127022],[-79.272516303201314,42.517957896768579],[-79.272465946470618,42.518069359325899],[-79.272438431840399,42.518094764895721],[-79.272372862171409,42.518155308387279],[-79.272312180204494,42.518245537115234],[-79.272265902531956,42.518314347732435],[-79.272217012882919,42.518409099530935],[-79.272131083635728,42.518575636095562],[-79.272071875807228,42.518690384229664],[-79.27202282250137,42.518732369467706],[-79.272003521000528,42.518748889803121],[-79.271978714062513,42.518846547712343],[-79.271944618123541,42.518897727685761],[-79.271933214585161,42.518914845034367],[-79.271931346749682,42.518917860477103],[-79.271915235832097,42.518943876214045],[-79.271892477776845,42.518981650773618],[-79.271879214483889,42.519003665676408],[-79.271805701291015,42.519032663185953],[-79.271805370220832,42.519032866431907],[-79.271709297833354,42.519091845742857],[-79.271708600112902,42.519094139334392],[-79.271694283379858,42.519141262922716],[-79.271684664891367,42.519172923066286],[-79.271680785225442,42.519173572713825],[-79.271611435062937,42.519185185329583],[-79.271513803366261,42.519211109921741],[-79.271448949750805,42.519223050517901],[-79.271373442991461,42.519236952477748],[-79.27135522728608,42.519357015111183],[-79.271353451196404,42.519368721577735],[-79.271205237030756,42.519414752940989],[-79.271142392183734,42.519426760297613],[-79.271129930810119,42.519429141206679],[-79.271081261321314,42.519438440559348],[-79.271068375033011,42.519448258874576],[-79.270992486164047,42.519506075328955],[-79.270943935632715,42.519517364717665],[-79.270748392671436,42.519562833806425],[-79.270711701949153,42.519563295361223],[-79.270651815744358,42.519564048680849],[-79.270642605200919,42.519598227959811],[-79.270665301894056,42.519628827232083],[-79.270696930827583,42.51968876070449],[-79.270699329126117,42.519693305220812],[-79.270615783058801,42.519752644704361],[-79.270596868911142,42.519752370119647],[-79.270542287005213,42.519751577503989],[-79.270512997933864,42.519777326763425],[-79.27050640469129,42.519783123157453],[-79.270496816954108,42.519791553209842],[-79.270439372145731,42.519809156832935],[-79.270399293159372,42.519825899180269],[-79.270306280242536,42.51982876150629],[-79.270291638336985,42.519831710149127],[-79.270258379624138,42.519838407907834],[-79.270194401486151,42.519843540344617],[-79.27017806759396,42.519833840547655],[-79.270095888623132,42.519785039387827],[-79.270079593744612,42.519786384838426],[-79.26991952777685,42.519799601186797],[-79.269843367589715,42.519819209900646],[-79.26978534335052,42.519834149169228],[-79.269731294439481,42.51989250826616],[-79.269727754613101,42.519896331331225],[-79.269681414734322,42.519942694184692],[-79.269664653348087,42.519959463859408],[-79.269512920808126,42.52000440316413],[-79.269481983495155,42.520011452104313],[-79.26946519305109,42.520015277656725],[-79.269303818223634,42.520052045317641],[-79.269272131827279,42.520100378977205],[-79.269178704081924,42.520242890905507],[-79.269166960187263,42.520260806746052],[-79.269155615403747,42.520278113713552],[-79.269010030340809,42.520395383525013],[-79.268852634481803,42.520522166314791],[-79.268848389276812,42.520527664846021],[-79.26880528947477,42.520583489085119],[-79.268740266261034,42.520630822861662],[-79.268748150258304,42.520677043937788],[-79.268752035786207,42.52069982338287],[-79.268630645685121,42.520747272753084],[-79.268635043938616,42.52080111767529],[-79.268640507448623,42.520868003702589],[-79.268621025631219,42.520961368008564],[-79.268611226101044,42.520976430093029],[-79.268595028300794,42.521001326435794],[-79.268524720812607,42.521051396112554],[-79.268508756820523,42.521051941700307],[-79.268454780386705,42.521036936328876],[-79.268424046710123,42.521028392156126],[-79.268338898860819,42.521004720415114],[-79.268305284735746,42.521005871130285],[-79.268271904407911,42.521031769002754],[-79.268249608000957,42.521063831424449],[-79.268240602956965,42.521076779891104],[-79.268201867348381,42.52113247824343],[-79.268076590243325,42.52113715297417],[-79.268060372572307,42.521155930587234],[-79.268059735482012,42.52115666812491],[-79.268005297930742,42.521219688537172],[-79.268034112703717,42.521280112095333],[-79.268051846425053,42.521317299978683],[-79.268055570006311,42.521325108379095],[-79.268035617823742,42.521334136715751],[-79.268024564711453,42.521332470627151],[-79.267948898332151,42.521321059768319],[-79.267902553771691,42.521314072307753],[-79.267894623983494,42.521315897721351],[-79.267880624242125,42.521319120609704],[-79.267871589800578,42.521349079016126],[-79.267875005174687,42.521353301495914],[-79.267882669597128,42.521362777137341],[-79.267891514307863,42.521391693355561],[-79.267903203791917,42.521429911326841],[-79.267910699328908,42.521443267145337],[-79.267932514420863,42.521482133140822],[-79.26790462173021,42.52149613789711],[-79.267888861026975,42.521496586755042],[-79.267881661997336,42.521496791580176],[-79.267659889082026,42.521503101190518],[-79.267643096131081,42.52151084496645],[-79.267597265919903,42.521531978745443],[-79.267549440661838,42.52157266955075],[-79.267579122745204,42.521654282448253],[-79.267591896942008,42.521689405899068],[-79.267524342639419,42.521711196182871],[-79.26747814173774,42.521726098782644],[-79.267428802401213,42.521760839933492],[-79.267390104797414,42.521788087912832],[-79.267280498532202,42.521839872352409],[-79.267231639527893,42.521862955880479],[-79.267091611541701,42.521929112155249],[-79.267029812693892,42.521960976273881],[-79.267021982240891,42.521965013730913],[-79.266968485762263,42.522011485482075],[-79.266885474979404,42.521993928345616],[-79.266832548196803,42.52196855131163],[-79.266825546774783,42.521965194306027],[-79.266633024277638,42.52200458970097],[-79.266606050550109,42.522019344609376],[-79.266485909547896,42.522085062820693],[-79.266441861419196,42.522144703931232],[-79.266406302813095,42.522192850143583],[-79.266249743549594,42.522236471052068],[-79.266225344635771,42.522243269109921],[-79.266175484096777,42.522338597453718],[-79.266105869206299,42.522362925838799],[-79.266083512643121,42.522370738796191],[-79.265971168048608,42.522465426495472],[-79.265924826785067,42.522465338950568],[-79.26575177435322,42.522465011866167],[-79.265686815811208,42.522481488330712],[-79.265550762581555,42.522515997520443],[-79.265526317849449,42.522568352690243],[-79.265526772035116,42.522585109511596],[-79.265527785804267,42.522622511696319],[-79.265514303434912,42.522628356417115],[-79.265489467386857,42.522727310339064],[-79.265471705788173,42.522752741957738],[-79.265410690321531,42.522840105653572],[-79.265342594658208,42.522891082083937],[-79.265332886098122,42.522895443789601],[-79.26524468611693,42.522935068792258],[-79.265118409186869,42.522976920262373],[-79.265069591165499,42.522993099776542],[-79.264912260739933,42.523069251309622],[-79.264710188732977,42.523167058205807],[-79.264508116093296,42.523264864746984],[-79.264306042820863,42.523362670933153],[-79.264103968915791,42.523460476764321],[-79.263901894378066,42.523558282240487],[-79.263699819207602,42.523656087361644],[-79.263545263089924,42.523730892641211],[-79.263493348046183,42.523747968509397],[-79.263272580554528,42.523820582868012],[-79.263051812549662,42.523893196802881],[-79.262831044031529,42.523965810313904],[-79.262610275000299,42.524038423401358],[-79.262474027487201,42.524083236241374],[-79.262387511368487,42.524107476238584],[-79.262161532836245,42.524170790275797],[-79.261935553845973,42.524234103869013],[-79.261709574397756,42.524297417018225],[-79.261483594491409,42.524360729723526],[-79.26142763090813,42.524376408931147],[-79.261253529102888,42.524415208114654],[-79.261059315323877,42.524458488952504],[-79.261020616581007,42.524461095048906],[-79.2607798609843,42.524477307998822],[-79.26067327554756,42.524484485505681],[-79.260670004789674,42.524484223052156],[-79.260538610704018,42.524486757933794],[-79.260296934825064,42.524491420002121],[-79.260249808256546,42.52449232904172],[-79.260060071147947,42.524524243445107],[-79.259952584604193,42.524542322880571],[-79.25983534011354,42.524498422965486],[-79.259782004771708,42.524478452525877],[-79.259765896008943,42.524473677126956],[-79.259630562209125,42.524404665381304],[-79.259431754736426,42.524303285480293],[-79.259322335363123,42.524247487867896],[-79.259216888567124,42.524228038172268],[-79.259143225191806,42.524214450874311],[-79.259023341374174,42.524207481164083],[-79.259007419753985,42.524208088198236],[-79.25898735863197,42.524224151841189],[-79.258958240045587,42.524247468092163],[-79.25888227862319,42.524272446603511],[-79.258845878573908,42.524353293900809],[-79.258828011709909,42.524392977493221],[-79.258700402151888,42.524491718713222],[-79.25860160911617,42.524568162086808],[-79.258523438747147,42.524612348466697],[-79.258405623572557,42.524678944148022],[-79.258351711266471,42.524735046477737],[-79.258211984946271,42.524880448168695],[-79.258209648083294,42.524882879942673],[-79.258051712908667,42.525013818218454],[-79.258028630637114,42.525032954821242],[-79.25788476992372,42.525142665535803],[-79.257716765474086,42.52527078797344],[-79.257716538662621,42.525270960942365],[-79.257542127415846,42.525393998477107],[-79.257407575850408,42.525488916688793],[-79.257370622810924,42.525503976876912],[-79.257361743643401,42.525511252144327],[-79.25722661523271,42.525621971162721],[-79.257196578760912,42.525641101002215],[-79.25715754873211,42.525665958692251],[-79.257095502903269,42.52573093441714],[-79.257044437688023,42.525778564843144],[-79.256894554409513,42.525918366002593],[-79.256869868818612,42.525941391002277],[-79.2567212526953,42.526042158225557],[-79.256657049970997,42.526085689885164],[-79.256636919103101,42.526099340193163],[-79.256533036475176,42.526153396175339],[-79.25640058160117,42.526222319634634],[-79.256324965434771,42.526240694638823],[-79.256095359669715,42.52629648930602],[-79.256001584166611,42.526319276783255],[-79.255870415827673,42.526361295139075],[-79.255723648643666,42.526408310171561],[-79.255696122745746,42.526413733782192],[-79.255644750980764,42.526424038307511],[-79.255411471181915,42.526470830948739],[-79.255178191033565,42.526517623116838],[-79.255028452595027,42.52654765790323],[-79.254944808966997,42.526564137326652],[-79.254711244505444,42.526610153705626],[-79.254551984365079,42.526641530492661],[-79.254480133103968,42.526661755570629],[-79.254345948409139,42.526699526442307],[-79.254263802624919,42.52673908362668],[-79.254239984400911,42.526750553237896],[-79.254088548138711,42.526861270527455],[-79.253916912521618,42.526986755148371],[-79.253770491393155,42.527093804588084],[-79.253736692163329,42.527101849333661],[-79.253506624753498,42.527156608657847],[-79.25349480387429,42.527159422180596],[-79.253363113909316,42.527261366885007],[-79.253350593433723,42.52728808434783],[-79.253271670696492,42.527456497145224],[-79.253256290371837,42.527489317023864],[-79.253106279612993,42.527580732600391],[-79.253039804541856,42.527621241926418],[-79.252926195249131,42.527699501382315],[-79.2527495695158,42.527821168931681],[-79.252663393233775,42.527880530662593],[-79.252593499396127,42.527946516666098],[-79.252588380031909,42.527953036817983],[-79.252513398199966,42.52804853539547],[-79.252456188409454,42.528101684179866],[-79.252357968902359,42.528192931351022],[-79.252336877760271,42.528252644995717],[-79.252276635643554,42.528423202978651],[-79.252275182726578,42.528424811384504],[-79.252258237414935,42.528443570149093],[-79.252141208664057,42.528573128379549],[-79.252118590284098,42.528598168281256],[-79.25205989902247,42.528739804393425],[-79.252001563928644,42.528880580321228],[-79.251980244347692,42.528907280628708],[-79.251870643736439,42.529044542286037],[-79.251856046638252,42.529060096403406],[-79.251764621009045,42.529157515888151],[-79.251734028322176,42.529212822899126],[-79.251642763729663,42.529377815028326],[-79.251613600234492,42.529430537873615],[-79.251518430086733,42.529529431898411],[-79.251511607515781,42.529536521412183],[-79.2514591191741,42.529637463693028],[-79.25140814936573,42.5296860124472],[-79.251275609998956,42.529812255765492],[-79.251263914114162,42.529828690542139],[-79.251151621185969,42.529986481369924],[-79.251039327690492,42.530144272088101],[-79.250927033627548,42.530302062696592],[-79.250878410790861,42.53037038505672],[-79.25080831576588,42.530457206435074],[-79.250684692206221,42.530610328847423],[-79.250587835764236,42.530730296398694],[-79.250573019587861,42.53076729807615],[-79.250504592138739,42.53093818707945],[-79.250436164315147,42.531109076041986],[-79.250411349479194,42.531171047398921],[-79.250359592572607,42.531278011349421],[-79.250320967228532,42.531357836565633],[-79.250257694784082,42.531438795309697],[-79.250190578143304,42.531524672535831],[-79.250104336861909,42.531571721292899],[-79.250016577795577,42.53161959793546],[-79.24993894337571,42.531698808502632],[-79.24992151647001,42.53171658917752],[-79.24978360625947,42.531797521987926],[-79.249753541697785,42.531811740060782],[-79.249550054312095,42.531907972534945],[-79.249346566299337,42.532004204649049],[-79.249143077659539,42.532100436403077],[-79.249119816864024,42.532111436617328],[-79.249083578709588,42.532128574102629],[-79.248932852577838,42.532188229556624],[-79.248891525602573,42.532204586184591],[-79.248706034294926,42.53224861778331],[-79.248676591377304,42.532255606857873],[-79.248469673447858,42.532285496093849],[-79.248232400135834,42.532319769662813],[-79.248191118690372,42.532325732616144],[-79.248180185321402,42.532325734831261],[-79.248045154071136,42.53232575024311],[-79.248037029115494,42.532326345639284],[-79.247991660843326,42.532329671870222],[-79.247899126267598,42.532336456100467],[-79.247751059540448,42.532347310495268],[-79.247704158903744,42.532350748621056],[-79.247691003207123,42.532351131885761],[-79.247569053504691,42.532354684593848],[-79.247568322306748,42.532354834676639],[-79.247534498294087,42.532350229571364],[-79.247512498750751,42.532357818104629],[-79.247334419811594,42.532419244518543],[-79.247325940677044,42.532422488721494],[-79.247292288825165,42.532431074921952],[-79.24706380759487,42.532489371112582],[-79.246852890683471,42.532543185329047],[-79.246834487226579,42.532545109648773],[-79.246694788951316,42.532559716812607],[-79.246685990597101,42.532560637409006],[-79.246631571806475,42.532565244018677],[-79.246594542855448,42.532565250925771],[-79.246546873764999,42.532565259800187],[-79.246353578460088,42.532578438165963],[-79.246306894690349,42.532581620893112],[-79.246306665564205,42.532581594310194],[-79.246151061323246,42.532563583296096],[-79.24612058828076,42.532547908787379],[-79.246089579075601,42.532531958474756],[-79.245983754459687,42.532477525031048],[-79.245921757031866,42.532508517541203],[-79.245887637547924,42.532525573841667],[-79.24574007297376,42.532625664177509],[-79.245708083528172,42.532647361962674],[-79.245605534530085,42.532688651548291],[-79.24555104821907,42.532733268445668],[-79.245389308936126,42.532865710450146],[-79.245367713882288,42.532883393739645],[-79.245238307783211,42.532989358968237],[-79.24522576588528,42.532996743255282],[-79.245214593099746,42.533003321448206],[-79.24509842653147,42.533054153808926],[-79.245018240482651,42.533087965406629],[-79.244982883850184,42.533102874008449],[-79.244923644568431,42.533114793555129],[-79.244826605240121,42.533134317125182],[-79.244815546862796,42.533133906515502],[-79.244808350364735,42.533132869528828],[-79.244788082710869,42.533129948631434],[-79.244572219236218,42.533098838967078],[-79.244553872463413,42.533090109604956],[-79.244488310372091,42.533058915233958],[-79.244400225968775,42.532996907505677],[-79.244376160425162,42.532971603877058],[-79.244237391793291,42.532825695603599],[-79.244180683785231,42.532766069725938],[-79.244098623856502,42.532679787138555],[-79.243959856600512,42.532533878489389],[-79.243932240457625,42.532504841032861],[-79.243807442481497,42.532395706471206],[-79.243651638223469,42.53225945650594],[-79.243495834645159,42.532123206329466],[-79.243494302699219,42.532121866639329],[-79.243359345126009,42.531976147057954],[-79.243223048035148,42.531828980290115],[-79.24313031448213,42.531728850758427],[-79.243082036213821,42.531684383345208],[-79.242930987332855,42.531545256999031],[-79.242779939124873,42.531406130454521],[-79.242723245808349,42.531353911515751],[-79.242619305070193,42.531273160770013],[-79.24252624298407,42.531200861306885],[-79.242427640991536,42.531171090898617],[-79.242334230742856,42.531142887903478],[-79.242206447154345,42.531099250423537],[-79.24217322152667,42.531087903998404],[-79.242110040257742,42.531058172872221],[-79.242108006332444,42.530962238823427]]},"properties":{"FID":49,"retreatCat":0.40000000000000002,"sedimentCat":0,"CalSedi":2,"CalRetreat":3}},{"type":"Feature","id":50,"geometry":{"type":"LineString","coordinates":[[-79.21367273617048,42.540206389174664],[-79.213435600326719,42.540241286689763],[-79.21319846421784,42.54027618371601],[-79.213191828523264,42.540277160219425],[-79.21296407744083,42.540319992475567],[-79.212922679301869,42.540327778007075],[-79.212733946091475,42.5403744847642],[-79.212504710625936,42.540431214307752],[-79.212275474743748,42.540487943394425],[-79.212046238445083,42.540544672024133],[-79.211989331282552,42.540558754634496],[-79.2118207517603,42.540608881117464],[-79.211596502951352,42.540675560144564],[-79.21158689893555,42.540678415827628],[-79.211418809656521,42.540765600526647],[-79.211392972874918,42.540764240152697],[-79.211226253345359,42.540755461793239],[-79.211151766406516,42.54075153936499],[-79.211092911988999,42.540748440099613],[-79.211080280070917,42.540748443580028],[-79.210931669029392,42.540707303075244],[-79.210921176215933,42.540710643760576],[-79.210782378006201,42.54075483399054],[-79.210693283163593,42.540742637993795],[-79.210658330616866,42.540737853396543],[-79.210556275795298,42.540733868369742],[-79.210551754988188,42.540734910423296],[-79.210499486629487,42.540783479947166],[-79.210490037627807,42.540792260519169],[-79.210471719829869,42.540809282492688],[-79.210362648945193,42.540860294657762],[-79.210324916425051,42.540882101370194],[-79.210293255705849,42.540893424687411],[-79.21019476598326,42.540928649022597],[-79.210075709263748,42.540971230940855],[-79.210026270946841,42.540988913034241],[-79.209920275141556,42.541025855598718],[-79.209852972352877,42.541038953026572],[-79.209807303561021,42.541047840355041],[-79.20979530018424,42.541047641297297],[-79.209612765205023,42.541044606468908],[-79.20956632150174,42.541043834249194],[-79.209370974329161,42.541041772524096],[-79.209350277424434,42.541041554066219],[-79.209338929813228,42.54104155574008],[-79.209299655670634,42.541041557822147],[-79.209252262525041,42.541041561025722],[-79.209250150110179,42.541042152340005],[-79.20918856565504,42.541059365227035],[-79.209177330945877,42.541062504619866],[-79.209136942737459,42.54107330664359],[-79.209106286641401,42.541081505754399],[-79.20904727579736,42.541125546150177],[-79.208968850587127,42.541197466583959],[-79.208884649270985,42.541274683795521],[-79.208817389986535,42.541336363512677],[-79.208786285203786,42.541364887909744],[-79.208673189161118,42.541479352662975],[-79.208617345119904,42.541535872343822],[-79.208497287132886,42.541598292630361],[-79.208471232766925,42.54161183872634],[-79.208332233756494,42.541666831178439],[-79.208283853469965,42.541681206314991],[-79.208059578374574,42.541747844367578],[-79.207952739077697,42.541779588939882],[-79.207891278439874,42.54179785107204],[-79.207833191225816,42.541809927503365],[-79.207600453439269,42.541858313746729],[-79.207559262644224,42.541866877266315],[-79.207362636916784,42.541889586140648],[-79.207273284442834,42.541899905599983],[-79.20713666609376,42.54187269862615],[-79.207126891982639,42.54187366435383],[-79.20698305419856,42.541887876096546],[-79.206901709068902,42.54192640068122],[-79.20681832886163,42.541965888958046],[-79.206675671956944,42.54196865912197],[-79.206666265387099,42.541968841775947],[-79.206500701021682,42.541900850686481],[-79.206466170455457,42.541882130293331],[-79.206393711256112,42.541842847209701],[-79.206259798224337,42.541881247173265],[-79.206253825605756,42.541877143194156],[-79.206176243018461,42.541823833615361],[-79.206105344445859,42.541797898574664],[-79.206050378988863,42.541787999024329],[-79.205944256593824,42.541768885773706],[-79.205850352024726,42.541764866678513],[-79.205845525779182,42.541765938114075],[-79.205813475672528,42.541773057532552],[-79.205751261629004,42.54178687735704],[-79.205606533366563,42.541861754739465],[-79.205434273421943,42.541950875587766],[-79.205403842705962,42.541956395414672],[-79.205274286203277,42.541979895564943],[-79.205258986198189,42.541980347716681],[-79.205168517408666,42.541964189287867],[-79.205029034446056,42.541939276391055],[-79.204942600610238,42.541973777516745],[-79.204801709984579,42.542030015517135],[-79.20475294952341,42.542049478273164],[-79.204729109142718,42.542057362869073],[-79.204526044508711,42.542124521019758],[-79.204508338603802,42.54213007285901],[-79.204393570637734,42.542166059254832],[-79.204285823663454,42.542199843395736],[-79.20424428835679,42.542212866784148],[-79.204145281930451,42.542307748206689],[-79.204122053528849,42.542326291539425],[-79.204010613242957,42.542415254579829],[-79.203946207359849,42.542447034719949],[-79.203937664482865,42.542451250072368],[-79.203880951213222,42.542461020876978],[-79.20385063842086,42.542466243660698],[-79.203838001250432,42.542466243670646],[-79.203708465694731,42.542466236812217],[-79.203675972671888,42.542466235068993],[-79.203603126685834,42.542499478558199],[-79.203601945514677,42.542500069228907],[-79.203517659573166,42.542565279737993],[-79.203502988875087,42.54257663017156],[-79.203438756369991,42.542590948217509],[-79.203347361434552,42.542611322589302],[-79.203315101157528,42.542646800347811],[-79.203260625138,42.542706709425687],[-79.203224464353411,42.542746475639476],[-79.2031694784677,42.542767957399221],[-79.203154680466128,42.542773738806396],[-79.203027163110079,42.542823558231518],[-79.202983700039326,42.542887855805539],[-79.202977580565786,42.542896908704499],[-79.202958422810667,42.542925248453983],[-79.202813179305082,42.543002193215564],[-79.202807250510659,42.543003626118697]]},"properties":{"FID":50,"retreatCat":0.40000000000000002,"sedimentCat":0,"CalSedi":2,"CalRetreat":3}},{"type":"Feature","id":51,"geometry":{"type":"LineString","coordinates":[[-79.119163631571837,42.602825678207395],[-79.118942965820111,42.602888992963145],[-79.118938172295344,42.602890521496796],[-79.118716056627619,42.602961348256009],[-79.118538710991388,42.603017898623158],[-79.118495410350448,42.603034449766277],[-79.11831853418856,42.603102058266231],[-79.118280186886338,42.603115982895147],[-79.118085487078417,42.603186681775767],[-79.118061419322004,42.603191552013669],[-79.117970927457336,42.60320986346931],[-79.117830943125838,42.603238726396647],[-79.117828103769796,42.603238638326914],[-79.117617676114051,42.603232111191019],[-79.117586234474004,42.603232631154732],[-79.117372864384578,42.603236159518914],[-79.117344257246501,42.603235148962916],[-79.11717246472007,42.603229080188193],[-79.11710271033931,42.603233998708362],[-79.116896422869715,42.603248544196106],[-79.116862598224685,42.603254666130269],[-79.116627535915327,42.603297209830743],[-79.116513292986966,42.603317886353544],[-79.11638961623386,42.603327871130375],[-79.116148994830525,42.603347296791988],[-79.116030298067088,42.603356879137657],[-79.11594931669508,42.603370866728831],[-79.115911440948977,42.603379052603565],[-79.115741742523895,42.603415728402318],[-79.115679393009714,42.603429768881945],[-79.115549964462019,42.603458914752906],[-79.11546042066324,42.603501643497623],[-79.115333106415036,42.603562395423602],[-79.115315253158471,42.603627577322506],[-79.115300264093548,42.603682302004799],[-79.115173362480149,42.603747602163594],[-79.11516790227337,42.603754954346101],[-79.115154205378474,42.603773397241575],[-79.114959057579568,42.603837158358317],[-79.11494024083558,42.603843306374635],[-79.114833579030602,42.603899280030035],[-79.114820218182615,42.603965150880946],[-79.114809241258797,42.604019268546935],[-79.114766993609067,42.604138743955346],[-79.114706020892939,42.6043111725972],[-79.114671043859147,42.604410085941652],[-79.114593966466856,42.604460603731866],[-79.114488091013115,42.604529996027154],[-79.114467571143223,42.604602261298169],[-79.114418048312231,42.604776666220758],[-79.11440940132502,42.604807118277726],[-79.114268786698673,42.604911596938912],[-79.11423129781592,42.604939451622187],[-79.114169522718527,42.60507076779674],[-79.114090317837565,42.605239133843888],[-79.114011112528402,42.605407499836417],[-79.113931906791052,42.605575865774497],[-79.113852700625699,42.605744231657951],[-79.113838655487839,42.605774086834685],[-79.113739109438754,42.605901040072027],[-79.113618106266912,42.606055357231256],[-79.113588771871918,42.606092767690697],[-79.113520872630389,42.60621815476609],[-79.113433524390643,42.606379456802436],[-79.113431930918352,42.606383833613172],[-79.113369273451227,42.606555935175152],[-79.113306615637981,42.606728036703025],[-79.113280609674462,42.606799466708139],[-79.113236251432056,42.606898444327129],[-79.113160419114024,42.607067650043852],[-79.113084586383977,42.607236855710575],[-79.11300875324207,42.607406061327382],[-79.112932919688149,42.607575266894095],[-79.112909491955151,42.60762754042964],[-79.112872107564996,42.607747556059699],[-79.112818010520456,42.607921223717199],[-79.112763913174305,42.608094891349296],[-79.112709815526514,42.608268558955899],[-79.112655717577013,42.608442226537015],[-79.112601619325901,42.608615894092729],[-79.112568774212065,42.608721333811999],[-79.112540855237825,42.608788247866741],[-79.112469789825155,42.608958571314886],[-79.11242951768034,42.609055091683025],[-79.112393301356349,42.609127548953346],[-79.112315541504103,42.60928312091648],[-79.112310573469586,42.609294978587236],[-79.112239238027854,42.609465241010504],[-79.112226365769757,42.609495964230028],[-79.112164253332253,42.609634646816424],[-79.112088464833576,42.609803863975905],[-79.112074547788197,42.609834937225123],[-79.112009279903674,42.609972231985488],[-79.11193858981575,42.610120931938901],[-79.11193343618072,42.610141215063329],[-79.111888936264705,42.610316352502544],[-79.111872004601253,42.610382989852226],[-79.111837360666868,42.61048690503624],[-79.111836265166559,42.610490190946095],[-79.111818146336304,42.610544537611219],[-79.111777454834481,42.610663026170805],[-79.111736968755281,42.61078091610409],[-79.111729344922082,42.610837213370402],[-79.11170533536675,42.611014508335245],[-79.111681325674738,42.611191803295114],[-79.111666458046813,42.611301589929653],[-79.111655966899306,42.611368991919868],[-79.111628414224327,42.611546007617257],[-79.111622271240336,42.611585473868324],[-79.111592986517508,42.611679435241761],[-79.111589625196061,42.611721409927974],[-79.111584210938929,42.611789020642334],[-79.111563751004127,42.611898434700237],[-79.11155557832808,42.611942139796938],[-79.111483890434499,42.612065377680125],[-79.111480155866204,42.612071797721512],[-79.111406945696189,42.612162989752768],[-79.111412896264753,42.612213377966107],[-79.111412913779105,42.612228069896979],[-79.111413009398703,42.61230828049203],[-79.111346070610409,42.612386309634466],[-79.111345593588794,42.612391982270076],[-79.111337028483803,42.612493836429401],[-79.111343165447366,42.612569826652759],[-79.111345836786072,42.612602904130227],[-79.111276176362509,42.612696131410168],[-79.111270619887677,42.612734558463622],[-79.111252582031582,42.612859302993968],[-79.111218446520809,42.612905657741919],[-79.111204178123231,42.612925033669185],[-79.111222200954629,42.612972662772599],[-79.111239811167039,42.613019200854524],[-79.111200443689128,42.613046993313432],[-79.111183958036648,42.613060443577361],[-79.111183845754823,42.613060535191188],[-79.111154274415213,42.613084663272495],[-79.111150478520955,42.613137292134923],[-79.111147083049673,42.613184369030193],[-79.111127014963458,42.613191151336373],[-79.111090485884404,42.613203497211899],[-79.110973558142689,42.61324301562648],[-79.110928113051713,42.613287528658589],[-79.110935947002886,42.613314728009534],[-79.110947371960407,42.613354395232818],[-79.110915031017413,42.613429873675869],[-79.110888278038743,42.613484942559815],[-79.110856563842134,42.613550223583154],[-79.110843470593608,42.613658641721358],[-79.110842232375276,42.613668894721052],[-79.110841016869713,42.613678966158247],[-79.110819248408902,42.613695003740617],[-79.110731037023157,42.613759991108019],[-79.110676869314617,42.613776750898374],[-79.110453686507711,42.613845804536204],[-79.110420498609415,42.613856072952366],[-79.110319391923809,42.613937772391758],[-79.110273146418166,42.613960945483555],[-79.110073025258515,42.61406122348555],[-79.109872903454416,42.614161501139193],[-79.109726540735224,42.614234840599032],[-79.109668563110304,42.614256529245559],[-79.109452738791177,42.614337265818804],[-79.109307568798087,42.614391571344839],[-79.109269198948297,42.614442609551389],[-79.109173910508403,42.614569358420745],[-79.109151992192167,42.61459851253835],[-79.1091474297112,42.614604581207921],[-79.109120639973213,42.614602792899042],[-79.109002893005041,42.614594939163332],[-79.108941751712123,42.614641059602533],[-79.108912607023953,42.614663044149871],[-79.108712437067069,42.614656405424306],[-79.108705736676427,42.614656183196821],[-79.108573925377755,42.614757273105802],[-79.108534103819707,42.614772735704115],[-79.108319973360295,42.614855881587538],[-79.108250357161708,42.614882913107046],[-79.108138768480046,42.614970751890937],[-79.108112468995316,42.614991453891676],[-79.108111809069158,42.614991972765061],[-79.108108907138643,42.614993302241501],[-79.107939772369249,42.615070767837572],[-79.107734220073539,42.615164912469396],[-79.107682871599621,42.615188430388386],[-79.107529336557164,42.615259842191882],[-79.107400728213989,42.615319659872647],[-79.10734339402228,42.615370684190395],[-79.107189104912251,42.615507992564133],[-79.107059954161357,42.615622928629151],[-79.107034227096179,42.615644935726806],[-79.106876327632889,42.615780003480054],[-79.106719285919652,42.615914336714816],[-79.106719019587018,42.615915285328093],[-79.106695898298128,42.615997637731297],[-79.106681576880035,42.616048644516852],[-79.106630533638935,42.616067427130801],[-79.106601129460813,42.616078247104788],[-79.106523352857266,42.616106866956343],[-79.10642765936467,42.616162889563341],[-79.106350191368648,42.616208242139969],[-79.106276760330147,42.616298647868383]]},"properties":{"FID":51,"retreatCat":0.40000000000000002,"sedimentCat":0,"CalSedi":2,"CalRetreat":3}},{"type":"Feature","id":52,"geometry":{"type":"LineString","coordinates":[[-79.062975945647949,42.661182135407174],[-79.062809515917067,42.661311622598369],[-79.062801026431771,42.661318227644919],[-79.062702756964725,42.661351927681814],[-79.062592640972568,42.661389690527734],[-79.062374810930308,42.66146439205918],[-79.062375287387127,42.661465773723833],[-79.062434844210159,42.661638480496805],[-79.062458402024347,42.66170679471464],[-79.062554238429826,42.661788231107735],[-79.062673681115442,42.661889726380899],[-79.062710633615168,42.661924268082934],[-79.062845547587244,42.662050379779572],[-79.062855236845351,42.662066598421113],[-79.062918015528851,42.662171682088925],[-79.062935011914661,42.66223383404575],[-79.062956288783553,42.662311638586871],[-79.062961152519094,42.662386912928923],[-79.062962665995201,42.662410338450798],[-79.062969278250733,42.662512682470194],[-79.062962618067132,42.662588237790771],[-79.062950936403766,42.662720757989938],[-79.06295013352991,42.66276612917666],[-79.062946980887489,42.662944287444084],[-79.06294604230655,42.662997327178289],[-79.062964331150582,42.663121731477865],[-79.062975174679508,42.663195491049201],[-79.062988573556353,42.66328663626058],[-79.062989718923006,42.663298915220565],[-79.063006299809985,42.663476670896785],[-79.063006496147054,42.663478775725451],[-79.063004971446603,42.663654835731585],[-79.063004226084786,42.663740903692961],[-79.062996424243835,42.663832828486697],[-79.062981331614296,42.66401065585233],[-79.062976848285743,42.664063480017191],[-79.062957911855094,42.664187949956791],[-79.062931662930552,42.664360484391089],[-79.062930795141767,42.664365002152628],[-79.062896907199189,42.664541424335006],[-79.062892687477643,42.664563392328382],[-79.062855796726211,42.664717002760845],[-79.062822053988796,42.66485750441489],[-79.062816949138394,42.664892803037404],[-79.062791326278386,42.665069977388953],[-79.06276643835848,42.665242068879252],[-79.062764737421219,42.665247025010046],[-79.062756302673293,42.665271601868554],[-79.062699941703187,42.665418701156327],[-79.062634232483958,42.665590197988791],[-79.062606622305196,42.665662258484495],[-79.062574309589493,42.665762796466083],[-79.062571906567626,42.66577027322991],[-79.062531736024113,42.665938185562659],[-79.06248975506584,42.666113664420237],[-79.062447773870616,42.666289143262453],[-79.062431573427233,42.666356859861267],[-79.062391725925309,42.666462280722286],[-79.06232683840328,42.666633946860394],[-79.062291895218848,42.666726391984923],[-79.06226268801295,42.666805761687471],[-79.062228829221098,42.666897771671898],[-79.062219067110419,42.666980314673665],[-79.062216515889233,42.667001886350825],[-79.062175502310566,42.66715547384883],[-79.062141065591575,42.667284431749543],[-79.062132173922578,42.667330725323495],[-79.062109737729045,42.667447536782937],[-79.062084394368483,42.667504782750811],[-79.062009388936303,42.667674205509833],[-79.061934383095391,42.66784362821992],[-79.06188640603591,42.667951997982591],[-79.061907789353953,42.668014249364155],[-79.061959627761397,42.668165161446453],[-79.06195618180773,42.66818754055577],[-79.06192892061452,42.668364582769726],[-79.061910415272024,42.668484761333275],[-79.061898167424573,42.668541275241139],[-79.061860034201231,42.668717228551813],[-79.061857566587307,42.668728614516077],[-79.061815802002172,42.668892404321085],[-79.06177787642244,42.669041137788227],[-79.061768143577765,42.669067014751555],[-79.061703553290073,42.669238742036121],[-79.061684337785238,42.66928983043195],[-79.061620588089937,42.669405889464464],[-79.061577571449916,42.669484202822751],[-79.061518250437629,42.669567147664949]]},"properties":{"FID":52,"retreatCat":0.40000000000000002,"sedimentCat":0,"CalSedi":2,"CalRetreat":3}},{"type":"Feature","id":53,"geometry":{"type":"LineString","coordinates":[[-79.004142139300754,42.703933227234053],[-79.003995743760541,42.703927566398342],[-79.003905402805643,42.70390401278879],[-79.003726344424535,42.703857328592015],[-79.00367407630209,42.703854014679578],[-79.00343251780258,42.703838699032964],[-79.003326996534412,42.703832008457049],[-79.003193247854725,42.70385220286515],[-79.003051015151499,42.70387367807156],[-79.002954327658202,42.703865987478601],[-79.00271327964181,42.703846813983006],[-79.00258439370495,42.703836561896537],[-79.002476425260099,42.703812517965069],[-79.002244389959003,42.703760844675244],[-79.002057461844501,42.703719216163854],[-79.00201588074691,42.70370290785759],[-79.001937870590183,42.703672311835788],[-79.001795207083575,42.703714987466725],[-79.001720605244017,42.70373730338526],[-79.001690345012364,42.70374635609744],[-79.001564605799018,42.703724406082834],[-79.001406146053867,42.703696743899712],[-79.001328420707168,42.703684171360258],[-79.001091633976955,42.703645869335773],[-79.001030791794278,42.703636027571306],[-79.000850695087749,42.703632620475545],[-79.000790808174543,42.703631487463547],[-79.000765610552691,42.703631012138615],[-79.000610871638742,42.703640004103477],[-79.00060875778459,42.70364012696804],[-79.000559662913744,42.70364298052214],[-79.00051488463977,42.70364454711202],[-79.000436484211136,42.70364728941734],[-79.000366674563651,42.703649732396933],[-79.000330849988515,42.703650986056864],[-79.000125395095949,42.703666878950798],[-79.000085511426704,42.703669964095027],[-78.999966506051194,42.70369492614239],[-78.999888334213736,42.70370089758493],[-78.999857933944241,42.703703219806279],[-78.999723523848743,42.703713487921171],[-78.999709298688842,42.703713450508076],[-78.999646947615204,42.703716940211358],[-78.999405192288521,42.703730470599105],[-78.999342997057425,42.703733951413675],[-78.999268395998229,42.703738125822227],[-78.999163177758774,42.703735866965836],[-78.999036367500651,42.703733144437408],[-78.998920825721839,42.703730663086283],[-78.998762755656003,42.703727268218252],[-78.998678740807151,42.703722019583928],[-78.998444940565491,42.703707413123972],[-78.998437599996535,42.703705449454567],[-78.998357702411283,42.703684076081096],[-78.998205577021665,42.703713851051056],[-78.998193565829268,42.703716201949909],[-78.998020249139728,42.703741025581678],[-78.997968084153712,42.703749578889074],[-78.997731447259369,42.703788379072854],[-78.997684119603178,42.703796139090812],[-78.997493659777845,42.703823112213662],[-78.997255584459353,42.703856828216452],[-78.997017508882152,42.70389054372621],[-78.996926523696359,42.703903428620428],[-78.996780347634797,42.703927485655015],[-78.996543751831055,42.703966423152956],[-78.996307155730378,42.704005360163904],[-78.996117885382901,42.704036508311788],[-78.996069394211915,42.704037117012966],[-78.995826972906215,42.704040159778202],[-78.995666514595754,42.704042173498863],[-78.995585445370736,42.704051103777601],[-78.995345667463695,42.704077516453822],[-78.995105889352544,42.704103928630005],[-78.994866111037481,42.704130340306051],[-78.99483536163028,42.704133727327559],[-78.99462680249259,42.704158948270582],[-78.994387562861903,42.704187878897628],[-78.994148323008289,42.704216809026853],[-78.994059722281179,42.704227522955087],[-78.993912644833799,42.704257597495101],[-78.993679061310701,42.704305360435193],[-78.993445477428239,42.704353122900734],[-78.993211893186327,42.704400884891626],[-78.992978308584981,42.704448646407883],[-78.9928514083241,42.704474593731369],[-78.992741549169622,42.704484822205885],[-78.99250101354896,42.70450721697965],[-78.992360149765389,42.704520331688173],[-78.992260906360073,42.704531827364583]]},"properties":{"FID":53,"retreatCat":0.40000000000000002,"sedimentCat":0,"CalSedi":2,"CalRetreat":3}},{"type":"Feature","id":54,"geometry":{"type":"LineString","coordinates":[[-78.950949089995476,42.727767615756875],[-78.950805630362225,42.727911282399191],[-78.950781157899243,42.727935790091159],[-78.950654942252953,42.728050866002889],[-78.950531117874647,42.728163761149368],[-78.9505012137965,42.728188647379689],[-78.950340701364709,42.728322225654352],[-78.950180188241731,42.728455803704925],[-78.950144169891573,42.72848577784827],[-78.950005953845491,42.728579525877699],[-78.94982774918256,42.728700396390053],[-78.949649543825061,42.728821266626007],[-78.949583735579097,42.72886590178549],[-78.949463328914987,42.728903412021026],[-78.94944738170895,42.72891475249039],[-78.94927311117263,42.729038680348324],[-78.949098839939907,42.729162607942023],[-78.949083059712464,42.729173829524882],[-78.948996245483769,42.72920211609317],[-78.948984920660735,42.729205805448927],[-78.948896671738254,42.729257921425791],[-78.94870763232818,42.729369559359888],[-78.948585582137596,42.729441636180134],[-78.948522443645032,42.729484478752823],[-78.948344271237985,42.729605376988602],[-78.948265397821118,42.729658896018698],[-78.948214699144842,42.729735470465926],[-78.948206274595066,42.729748194935404],[-78.948101988994196,42.729905707787943],[-78.948098114433435,42.729906719473703],[-78.947965307131312,42.729941396663442],[-78.947896393138663,42.729996245218032],[-78.947783831285932,42.730085832748493],[-78.947745520002726,42.730134550423898],[-78.947670216336931,42.730230308363964],[-78.947594283611664,42.730268478484184],[-78.947507383340948,42.730312161688346],[-78.947452294613868,42.730315901812467],[-78.947393482933009,42.73031989591032],[-78.947376355976445,42.730331031879182],[-78.947259860008543,42.730406777531506],[-78.947202324253979,42.730444187322682],[-78.947193003044134,42.730447125919781],[-78.946970104588885,42.730517396398199],[-78.946964727357965,42.730519091604926],[-78.946882711255611,42.730539343738499],[-78.946740357459475,42.730574496389956],[-78.946516134823639,42.730629865182173],[-78.946510425704147,42.73063123731125],[-78.946279891139909,42.730686643671994],[-78.946261508368252,42.730691061737993],[-78.94608064402307,42.730692539457365],[-78.946039254359633,42.730699104300612],[-78.945946276274228,42.730713851559756],[-78.945815236408862,42.730763492807135],[-78.945638058010957,42.730830612145134],[-78.945606350131882,42.730852173182534],[-78.945544125050532,42.73089448554024],[-78.945409166426785,42.730954506229374],[-78.945276996120256,42.731013286592969],[-78.945198627266194,42.731042777619393],[-78.944982745482093,42.731124015790428],[-78.944942456388787,42.731139176854029],[-78.944754582796378,42.731183424037461],[-78.944523602018222,42.731237823133178],[-78.944515821819877,42.73123965546533],[-78.944307210281877,42.731318156258659],[-78.944181280541372,42.731365543504523],[-78.944088459478181,42.731394921165979],[-78.943865694456278,42.731465425384179],[-78.943775799680481,42.731493876545251],[-78.943633574665071,42.731513369685416],[-78.943589991798333,42.731519343047935],[-78.943396442165124,42.731550793915531],[-78.943385288833625,42.731552606266426],[-78.943154401894631,42.73156056809664],[-78.943130562607024,42.731561390136321],[-78.942911992482891,42.731555882954233],[-78.94289105294088,42.731555355331132],[-78.942670756314513,42.731537643690004],[-78.942621466498636,42.731533680776003],[-78.942433783711735,42.731500696664831],[-78.942270170505807,42.731471942357715],[-78.942196349578836,42.731465545241193],[-78.94195545640126,42.731444669768464],[-78.941714563385858,42.731423793790896],[-78.941522830095721,42.731407177662774],[-78.941473571681755,42.731403585799967],[-78.94123219458406,42.731385984568384],[-78.941123516237212,42.731378059568527],[-78.941039035815891,42.731385444393545],[-78.940991099634289,42.731389634647734],[-78.940878232959349,42.731399500601654],[-78.940763589416065,42.731409521677001],[-78.94075017774216,42.731410248431573]]},"properties":{"FID":54,"retreatCat":0.40000000000000002,"sedimentCat":0,"CalSedi":2,"CalRetreat":3}}]
}