{
  "type" : "FeatureCollection",
  "features" : [{"type":"Feature","id":1,"geometry":{"type":"LineString","coordinates":[[-79.759947122382769,42.269766323553391],[-79.759698936578303,42.269850578502954],[-79.759366446902803,42.269927860389188],[-79.759039188805929,42.270024611624628],[-79.758718536920711,42.270132041119609],[-79.758371111967691,42.270246142504682],[-79.758118654585303,42.270329054040481],[-79.757879740116891,42.270407516562791],[-79.757827896912744,42.270427405847279]]},"properties":{"OBJECTID":1,"shoreType":"Bluff","landcover":"vegetation","slope":0,"Shape_Length":622.77478575995565,"CalShoreType":2,"CalLandcover":2,"CalSlope":1}},{"type":"Feature","id":2,"geometry":{"type":"LineString","coordinates":[[-79.757355613207665,42.270630327359768],[-79.757213682853248,42.270695526223626],[-79.757056208076051,42.270751242680731]]},"properties":{"OBJECTID":2,"shoreType":"Beach","landcover":"sand","slope":0,"Shape_Length":92.386811500621491,"CalShoreType":1,"CalLandcover":1,"CalSlope":1}},{"type":"Feature","id":3,"geometry":{"type":"LineString","coordinates":[[-79.723326768303224,42.281970699970415],[-79.723241197176932,42.281976927238603],[-79.72298218491791,42.282076933217802],[-79.722703252175648,42.282122925800834],[-79.722653777808389,42.282127127509717],[-79.722631387314081,42.282131452643171],[-79.7224862054303,42.282159496192051],[-79.722376783234722,42.282206905456064],[-79.722139630831919,42.28225675357978],[-79.722033197199565,42.2823200726708],[-79.721826510726657,42.282349910916039],[-79.721616403266594,42.28244888447351],[-79.721398101557654,42.282502723139203],[-79.721076627517562,42.282530159216485],[-79.720862866471734,42.282555607626179],[-79.720790213790025,42.282564257269279],[-79.720680693639807,42.282587390162682],[-79.720609845570181,42.28261373342017],[-79.720606756254639,42.282618987607393],[-79.720542676991272,42.282728040093517],[-79.720438399734462,42.282871217349644],[-79.720174967574707,42.282931247827811],[-79.720066660093011,42.283005425997715]]},"properties":{"OBJECTID":3,"shoreType":"Bluff","landcover":"vegetation","slope":45,"Shape_Length":1001.9517133315998,"CalShoreType":2,"CalLandcover":2,"CalSlope":3}},{"type":"Feature","id":4,"geometry":{"type":"LineString","coordinates":[[-79.745430120241622,42.27430418769633],[-79.745408092421599,42.27431666763291],[-79.745407436518818,42.274320952513854],[-79.745400122086963,42.27436867510913],[-79.745408989760037,42.274407931135094],[-79.74540448927273,42.274412716831058],[-79.74539304724874,42.274424886021734],[-79.745377081352885,42.274425524973907],[-79.745283522586263,42.27446545248366],[-79.745280845093433,42.274466595988144],[-79.745273026041005,42.274465873047163],[-79.745161818069903,42.274455595700644],[-79.745161117413929,42.274455795464036],[-79.745156130700934,42.274457210845121],[-79.745034814427896,42.274491655645214],[-79.744910795080898,42.274541634495634],[-79.744686295134713,42.27465972136384],[-79.744661661540533,42.274729951294752],[-79.744582644142525,42.274753893758209],[-79.744485172617047,42.27475645990372],[-79.744324271389033,42.274778701449378],[-79.744266205744324,42.274806026474621],[-79.744256980931254,42.274864836645243],[-79.744244952804166,42.274880689387302],[-79.744195920060534,42.274897665792345],[-79.744065431862751,42.27493040901529],[-79.744055119731698,42.274934343279092],[-79.744040969941324,42.274935260762305],[-79.743978150709879,42.27493933304725],[-79.743871227730253,42.274942611939501],[-79.743868256447456,42.27496758487009],[-79.743870507556096,42.274988655257552],[-79.743895441291826,42.275031645307827],[-79.74389550807696,42.2750696382654],[-79.743864493737405,42.27510864621425],[-79.743823503054443,42.275124570545771],[-79.743751924137342,42.275131243196689],[-79.743644726338388,42.275147445789713],[-79.743539562539596,42.275156569337923],[-79.743500124629463,42.275241684037127],[-79.743351019551582,42.275344089278988],[-79.743057122390155,42.275411250748029],[-79.74257713820036,42.275562496645577],[-79.742557139445779,42.275568797458114],[-79.74255313814669,42.275570145145188],[-79.74243523303501,42.275609865392447],[-79.742421227393834,42.275609860210359],[-79.742226223826023,42.275609793718743],[-79.742082226474551,42.275598835519794],[-79.742070462276729,42.275599818684185],[-79.74197953325482,42.275601656670268],[-79.741900083165561,42.275590314332071],[-79.741804319297856,42.275634892433672],[-79.74179244332781,42.275705620370957],[-79.741676443914088,42.275772583522439],[-79.741579534368427,42.275802618731532],[-79.741502509628504,42.275816616721336],[-79.741428508900867,42.275846602287203],[-79.741364516247927,42.275893640186304],[-79.741364290306052,42.275905665096708],[-79.741362614644615,42.275995295346469],[-79.74124690715874,42.276040249940841],[-79.741168297617676,42.276130798353115],[-79.741091427111371,42.276139805037943],[-79.741011119789022,42.2761492127905],[-79.740969118776889,42.27621088522654],[-79.740932301541534,42.276264944584312],[-79.740683363770046,42.276394885093083],[-79.74063375538168,42.276423714654285],[-79.740520667169193,42.276475668935042],[-79.740382720308034,42.276522710702039],[-79.740184713063471,42.276549728715985],[-79.740180797485536,42.276548743674276],[-79.740051193744605,42.276550406699918],[-79.739891864911911,42.276519886500317],[-79.739747453618321,42.276500238937054],[-79.739648852962503,42.276486825706257],[-79.739494782579555,42.276483844374368],[-79.739491050576191,42.276484743590153],[-79.73947438078838,42.276483914123965]]},"properties":{"OBJECTID":4,"shoreType":"Bluff","landcover":"vegetation","slope":8,"Shape_Length":2012.4296447921768,"CalShoreType":2,"CalLandcover":2,"CalSlope":2}},{"type":"Feature","id":5,"geometry":{"type":"LineString","coordinates":[[-79.733001717466678,42.27869618659301],[-79.732514686315255,42.278910393907502],[-79.732056098444573,42.279068466723452],[-79.731925960208343,42.279156874477913],[-79.731723222112734,42.279207099036128],[-79.731534555324288,42.279257780141755],[-79.730881066009033,42.279450464371095],[-79.730553734092254,42.279559091977099],[-79.730349233449445,42.279606385953898],[-79.730294937569084,42.279618942665117],[-79.730251008827523,42.279643544329268],[-79.730118964397306,42.279717495850953],[-79.72968420896791,42.279880016812861],[-79.729474412723974,42.279958442375424],[-79.72927893704879,42.280007662715079],[-79.729007234153769,42.280076076199322],[-79.728586767677413,42.280228709878763],[-79.727991623708661,42.280524626680332],[-79.727832973887757,42.28057191672859],[-79.727809662506573,42.280590622674509],[-79.727690686733979,42.280686097714835],[-79.72754484152928,42.280670475263037],[-79.727517608304296,42.280667558130787],[-79.727483511853507,42.280688968092051],[-79.727302578349779,42.280802578070094],[-79.727094810737754,42.280916944279411],[-79.727009661274337,42.280922856847283],[-79.726807051452965,42.280936924337489],[-79.726686033513573,42.280973888306136],[-79.726684228885674,42.281013013590098],[-79.726682876324716,42.281042340888249],[-79.726659185145408,42.281089688972621],[-79.726581737975422,42.281096955906321],[-79.726547115214089,42.281102093387531],[-79.726507756224194,42.281107934394328],[-79.726496188869049,42.281107938973562],[-79.726397791711079,42.281107973642236],[-79.726392145347432,42.281108630427184],[-79.726277035515622,42.281122021900693],[-79.726157756466009,42.281135896857634],[-79.726151020159591,42.281135480530395],[-79.726071371606267,42.28113056187243],[-79.726060802275271,42.281129908245084],[-79.726019828509436,42.281116102594375],[-79.72598082354007,42.281102959739201],[-79.725798009655477,42.281014806035522],[-79.725711977108659,42.280992790085946],[-79.725664875471594,42.280954924479722],[-79.725627453075006,42.280989176510218],[-79.725514056488137,42.281022842944679],[-79.72541567986741,42.281074150530394],[-79.725351613101026,42.281105749959004],[-79.724998641478436,42.281282529489943],[-79.724501605417615,42.281520356960968],[-79.724276325173946,42.281655321080486],[-79.724082586880087,42.281771386960393],[-79.724052861027147,42.281782739270831],[-79.723925580521069,42.281831348603049],[-79.723595757578138,42.28193852443934],[-79.723544235266118,42.281954873955236],[-79.723326768303224,42.281970699970415]]},"properties":{"OBJECTID":5,"shoreType":"Bluff","landcover":"vegetation","slope":8,"Shape_Length":3005.52310254146,"CalShoreType":2,"CalLandcover":2,"CalSlope":2}},{"type":"Feature","id":6,"geometry":{"type":"LineString","coordinates":[[-79.720066660093011,42.283005425997715],[-79.719923876998863,42.283103216771998],[-79.719852878154782,42.283202500761234],[-79.719729749195295,42.283271898160031],[-79.719283137970152,42.283487642860081],[-79.719186869439056,42.283595442423099],[-79.718892486927786,42.283818246678599],[-79.718585672483968,42.28396975236263],[-79.718513363767229,42.28407958200556],[-79.718377438795159,42.284149504355824],[-79.718296949493919,42.284169321700261],[-79.718101526447072,42.284348335989272],[-79.717934668968667,42.284388096825865],[-79.717823548547813,42.284410054427809],[-79.717745990716082,42.284484824671921],[-79.71765232377804,42.284491462776309],[-79.717642319906204,42.284491063867954],[-79.717549477643672,42.284461758211933],[-79.717476207427694,42.284438630335956],[-79.717394692698051,42.284435383371921],[-79.717390297039742,42.284436504504363],[-79.717330108233554,42.284477063206609],[-79.717329586128116,42.28447945506808],[-79.717318591127992,42.284529793399123],[-79.717281872701548,42.284533357976827],[-79.717253643662346,42.284536097647518],[-79.717071633798156,42.284544053575964],[-79.716944624528892,42.284574046853287],[-79.71687419446269,42.284665438526574],[-79.716718577489146,42.284687082257214],[-79.7166070641982,42.284795741559527],[-79.716419829345966,42.284851683723765],[-79.716378996127474,42.284859203181092],[-79.716138751864406,42.284903438066429],[-79.715979331403503,42.284982522465896],[-79.715907537666055,42.285060499922338],[-79.715870988394414,42.285100197761906],[-79.715673333673536,42.285169501252788],[-79.715667028999931,42.285171338903631],[-79.715522272473578,42.285213541978891],[-79.715402771727582,42.285238690518788],[-79.715342218649226,42.285251433370014],[-79.715225156559228,42.285248572692545],[-79.715141340467781,42.285246524438833],[-79.71505306475963,42.285251647821148],[-79.715059838393756,42.285284880404845],[-79.715071082183627,42.28534004521844],[-79.715038515370452,42.285445252605442],[-79.714934152165711,42.285449220227576],[-79.714913681322216,42.285449999332137],[-79.714816842025201,42.285484956587212],[-79.714731509827587,42.285528020874089],[-79.714657525020925,42.285610312699006],[-79.714609608015024,42.285702071457145],[-79.71452815324885,42.285733092725359],[-79.71437349407303,42.285779459597663],[-79.714364449620589,42.285787833376816],[-79.714320984188376,42.285828074295786],[-79.714331368422009,42.285945561988761],[-79.714277128461774,42.286055128800498],[-79.7142662993908,42.286077003079967],[-79.714179061811237,42.286135556517394],[-79.714117239512959,42.286177050645911],[-79.714032248673178,42.286220975332924],[-79.713961248917215,42.286257592010472],[-79.713819081668987,42.28625738033594],[-79.713680103620376,42.286287230507483],[-79.713543915936071,42.28632240169609],[-79.713410880010457,42.286389693209678],[-79.713312846937654,42.286394958229494],[-79.713222505992775,42.286435234800543],[-79.71307800845031,42.286499036759572],[-79.712984861237743,42.286553549340447],[-79.712902257214779,42.286609660457628],[-79.712818863245886,42.286696828874049],[-79.712792658820717,42.28673273889909],[-79.712729564087113,42.286798721292016],[-79.712623639710273,42.286838081315565],[-79.712581798521711,42.286910978395547],[-79.712513061779987,42.286959388338516],[-79.712385645059271,42.286992555040506],[-79.71223979249234,42.287000962966331],[-79.712189184757989,42.287025060770041],[-79.712157827946143,42.287039990342763],[-79.712127779460545,42.287064090096848],[-79.712020992620637,42.287144631513414],[-79.711893574046314,42.287177797687015],[-79.711728658302661,42.287224745396273],[-79.711546166575815,42.2872412330602],[-79.711461341475982,42.287248896392427],[-79.711044110355161,42.287339911844747],[-79.710964055305681,42.287357376289478],[-79.710959309990685,42.287363996050402],[-79.710910954212963,42.287431459344369],[-79.710762941712247,42.287461327297393],[-79.710733033528925,42.287467362570098],[-79.71017600805331,42.287503438086716],[-79.710116398491436,42.287512086043179],[-79.710052094058682,42.287521414811835],[-79.709984511057115,42.287545853095921],[-79.709947013116789,42.287559412724363],[-79.709596181403327,42.287637091585985],[-79.709491176175845,42.287676166897661],[-79.709403165202303,42.287725163999397],[-79.70940103037789,42.287726957656133],[-79.709284573951507,42.287824791728433],[-79.70914723942829,42.287940164155572],[-79.709132246460555,42.287942541399921],[-79.709101796227785,42.28794736976419],[-79.709078213749109,42.287951109756293],[-79.70906728268703,42.287950964985548],[-79.709022030316035,42.287950366682068],[-79.708929164241027,42.28794913918243],[-79.70892784805892,42.287949991182508],[-79.708895286257672,42.2879710654409],[-79.708824133032081,42.28801711469518],[-79.708816046672098,42.288019497033126],[-79.708766233091751,42.288034175587022],[-79.708756918176292,42.28803286524068],[-79.708709252094138,42.288026163956104],[-79.708617055591617,42.287920462323498],[-79.708517391176457,42.287909710299225],[-79.708475332077626,42.28791630265949],[-79.708434941571298,42.287922631950117],[-79.708350178682096,42.287947559241843],[-79.708304955566362,42.287988260769787],[-79.708285547923566,42.287997529802595],[-79.708182831109497,42.288046586509431],[-79.708138831155239,42.28803821587875],[-79.708096989798378,42.288058825449305],[-79.707998833869922,42.288107178234164],[-79.707940699030885,42.288129114341793],[-79.707871802499739,42.288145094232888],[-79.707861280227249,42.288144483483961],[-79.707852348011471,42.288143965177035],[-79.707595716027029,42.288129081477265],[-79.707485769155383,42.288118121466937],[-79.707477316231873,42.288119531377994],[-79.707471316906393,42.288123228307313],[-79.707377650798705,42.288180946490193],[-79.707218852061132,42.288179930848166],[-79.707128014281452,42.288261784280827],[-79.707086830743791,42.288298894952334],[-79.707011817885046,42.288336913311163],[-79.706979556368452,42.288341161061716],[-79.70682185723399,42.288361923176566],[-79.706800448789181,42.288367587850345],[-79.70673885434401,42.288383883548391],[-79.706633578836929,42.288449884188914],[-79.706628809697776,42.288452873090598],[-79.70656545608044,42.288482631921227],[-79.706481552879467,42.28852204335405],[-79.706425551910783,42.288611588390616],[-79.706391726287691,42.288665674842335],[-79.706275910176558,42.288721756237983],[-79.706203776978072,42.288756683043765],[-79.706159815507405,42.288786673995546],[-79.706129732465399,42.288833648258034],[-79.706064117948117,42.288873641961054],[-79.705975061594273,42.288927925128903],[-79.705964507250798,42.288980957141362],[-79.705950980736972,42.289048930832173],[-79.7059447289205,42.289101510182412],[-79.705940619647222,42.289136062541395],[-79.70589860848429,42.289158047730396],[-79.705879399202189,42.28915360373351],[-79.705807060960254,42.289136869437641],[-79.705709646226751,42.289189462424872],[-79.705703380652125,42.289230966396076],[-79.705691258203458,42.289311247826952],[-79.705603774524747,42.289375759833163],[-79.705565894035459,42.28937088991583],[-79.705477818172668,42.289359566288219],[-79.70546916383978,42.289358453579077],[-79.705356835780805,42.289368991508908],[-79.70528477010329,42.289387979950988],[-79.705283661526323,42.289388509370873],[-79.705221776593916,42.289418030713172],[-79.705215751780898,42.289451051468497],[-79.705242101788144,42.289485691121442],[-79.705259845665196,42.289509020765706],[-79.705240820916117,42.289540052106609],[-79.70520136522812,42.289548846039501],[-79.705182852406253,42.289552972277328],[-79.70517384775286,42.289552071843083],[-79.705054515899263,42.289540146171447],[-79.704912856557144,42.289525990846514],[-79.704700521481499,42.289503927748491],[-79.704413815640308,42.289534983483229],[-79.704412496071583,42.289535376311157],[-79.704377176585496,42.28954589591217],[-79.704332861339623,42.289559093610457],[-79.704273653308363,42.289691880674241],[-79.703811845793339,42.289799152662191],[-79.703506974104656,42.289893645966956],[-79.703185937062202,42.289993149854581],[-79.703129046898567,42.290039884554218],[-79.703108039581579,42.290041342918144],[-79.703001253040455,42.290048759803476],[-79.702974293060151,42.290102990673269],[-79.70292396509619,42.290204223919005],[-79.702855205545475,42.290194041223202],[-79.702805631380045,42.290204269165883],[-79.702764921196859,42.290219571077714],[-79.702712564137002,42.290239247794332],[-79.70269898921768,42.290259436308595]]},"properties":{"OBJECTID":6,"shoreType":"Bluff","landcover":"vegetation","slope":8,"Shape_Length":5957.2906136424454,"CalShoreType":2,"CalLandcover":2,"CalSlope":2}},{"type":"Feature","id":7,"geometry":{"type":"LineString","coordinates":[[-79.73947438078838,42.276483914123965],[-79.739316088189682,42.276476036966088],[-79.739250628774897,42.276484135119212],[-79.739130977062572,42.276498939322828],[-79.739003052266767,42.27657138036237],[-79.73893306390616,42.276611012927617],[-79.73882340532009,42.276670892341834],[-79.738719030056501,42.27675089417842],[-79.738610675746315,42.276803023955452],[-79.738477053852378,42.276838736378565],[-79.73836320437303,42.276890035379971],[-79.73831412271818,42.276879014883818],[-79.738233189676336,42.276902030551959],[-79.738137339914886,42.276926685481314],[-79.737996413198772,42.277038087240534],[-79.73785999026137,42.277100907321362],[-79.737374934684965,42.277227015476711],[-79.737359892571163,42.277227232579094],[-79.737170875519226,42.277229971014862],[-79.73689554877356,42.277212841670107],[-79.73688242113775,42.277213935250941],[-79.736810473900562,42.277219926649074],[-79.736716403951803,42.277241587891709],[-79.736623471531942,42.277278430206643],[-79.736475266582019,42.277307407758471],[-79.73642859395882,42.277321661606486],[-79.736338281957543,42.277349242946762],[-79.736332696090884,42.277369618018575],[-79.736306080735716,42.277466698659445],[-79.736246003617183,42.277483097581488],[-79.736142567672744,42.277511331089158],[-79.735987520292966,42.277590565011138],[-79.735734295824713,42.277627215303973],[-79.735626797341496,42.277697655698468],[-79.735398190582814,42.277736747074222],[-79.735201487169562,42.277814243105659],[-79.734994051799674,42.27785080183299],[-79.734890483027272,42.27791361522906],[-79.734776554326132,42.277911623515067],[-79.734674880140332,42.277909846262524],[-79.734528168773224,42.277981043951804],[-79.734418001871461,42.278026477115787],[-79.734189873767519,42.278120556200712],[-79.734115386782506,42.278151273872737],[-79.734039424259691,42.27819098320991],[-79.733451042397519,42.278498560822605],[-79.733001717466678,42.27869618659301]]},"properties":{"OBJECTID":7,"shoreType":"Bluff","landcover":"vegetation","slope":45,"Shape_Length":2003.7533986256008,"CalShoreType":2,"CalLandcover":2,"CalSlope":3}},{"type":"Feature","id":8,"geometry":{"type":"LineString","coordinates":[[-79.612237479660777,42.332520195946117],[-79.61212098021953,42.332646829142234],[-79.611990205162613,42.332792917867152],[-79.611951759865804,42.332835863924657],[-79.611809399069671,42.33302919681735],[-79.611622326031693,42.333193103711388],[-79.61141831990426,42.333375092442715],[-79.611319374405028,42.333444085265945],[-79.611108347565931,42.333550097331667],[-79.610871134757318,42.333642919366739],[-79.610500797235716,42.333803154943801],[-79.610305544972377,42.333899346018931],[-79.610137885572371,42.334050759628937],[-79.610072882022919,42.334087772260638],[-79.609723526078639,42.334457168796426],[-79.609471965604797,42.334733918213971],[-79.60942503835976,42.334785544361289],[-79.609381715471102,42.334843921967824],[-79.609314533371403,42.334966752820364],[-79.609177016827786,42.33518671573416]]},"properties":{"OBJECTID":8,"shoreType":"Bluff","landcover":"vegetation","slope":8,"Shape_Length":1304.2022837555298,"CalShoreType":2,"CalLandcover":2,"CalSlope":2}},{"type":"Feature","id":9,"geometry":{"type":"LineString","coordinates":[[-79.612453383235533,42.332273935697579],[-79.612344022149728,42.332404387131305],[-79.612237479660777,42.332520195946117]]},"properties":{"OBJECTID":9,"shoreType":"Bluff","landcover":"sand","slope":8,"Shape_Length":107.09019004692439,"CalShoreType":2,"CalLandcover":1,"CalSlope":2}},{"type":"Feature","id":10,"geometry":{"type":"LineString","coordinates":[[-79.619328940719626,42.328500793107111],[-79.619253236796766,42.328552424035379],[-79.61915989534549,42.328598315508046],[-79.619099642117931,42.328646733134462],[-79.618957965684402,42.328728711942439],[-79.618815466962687,42.328886922562198],[-79.618679782836125,42.329006744015722],[-79.61856212492448,42.329063999353714],[-79.618308832241368,42.329282211513657],[-79.618207970155822,42.329436092312051],[-79.61798495094564,42.329505728159667],[-79.617919031403162,42.329709791037914],[-79.617842488748977,42.329760523798477],[-79.617657998281786,42.329762014497902],[-79.617627125863152,42.329888323782491],[-79.617556580241313,42.329909357271724],[-79.617398420069335,42.329957522724769],[-79.617357081710395,42.329970112572681],[-79.617340918508944,42.330005571590526],[-79.617325117121069,42.33004023148046],[-79.617301767028735,42.330091452884162],[-79.617062708269941,42.330239655552965],[-79.616974861183479,42.330361917415253],[-79.616865436787236,42.330402064960879],[-79.616806183838307,42.330425896049576],[-79.616667436863068,42.330498393391643],[-79.616562492546635,42.33053836972816],[-79.616463441371295,42.330564337363832],[-79.616296532390606,42.330578362541118],[-79.616296119501044,42.330578341052629],[-79.616282669121929,42.330577647460899],[-79.61616145407568,42.330571388514329],[-79.615986415994058,42.330542346036061],[-79.615476138370639,42.33041337177351],[-79.615083887405802,42.330330673531101],[-79.614928959252182,42.330286785332092],[-79.614795946855111,42.330287833460361],[-79.614724687294057,42.33046724648694],[-79.614615884521058,42.330533659664098],[-79.614575879441162,42.330570656173975],[-79.614463949620088,42.330622738494512],[-79.614410308120441,42.330689333305941],[-79.614401885987846,42.330699790369117],[-79.614343856279362,42.330750747738918],[-79.614331620609278,42.330757641502132],[-79.614325558160218,42.330759910746856],[-79.614120221017728,42.33083677601676],[-79.614015842899377,42.330950798862567],[-79.613964877202221,42.331008766171507],[-79.613843654580378,42.331050390739819],[-79.613815688553416,42.331161693722734],[-79.613796851778048,42.331252781307782],[-79.613279245984046,42.331618067648122],[-79.613150767637123,42.331771289040695],[-79.613150648661943,42.331771359432175],[-79.612953826988175,42.331887270324806],[-79.612738748066931,42.33208033008281],[-79.612530039973549,42.33218249409623],[-79.612453383235533,42.332273935697579]]},"properties":{"OBJECTID":10,"shoreType":"Bluff","landcover":"vegetation","slope":8,"Shape_Length":2609.8824520980925,"CalShoreType":2,"CalLandcover":2,"CalSlope":2}},{"type":"Feature","id":11,"geometry":{"type":"LineString","coordinates":[[-79.619586038918882,42.328341413819317],[-79.61952207690797,42.328378282864442],[-79.619461144228666,42.328410629314305],[-79.619328940719626,42.328500793107111]]},"properties":{"OBJECTID":11,"shoreType":"Bluff","landcover":"sand","slope":8,"Shape_Length":90.721220630992661,"CalShoreType":2,"CalLandcover":1,"CalSlope":2}},{"type":"Feature","id":12,"geometry":{"type":"LineString","coordinates":[[-79.622599523717412,42.327600424459092],[-79.622442137674128,42.32774648907921],[-79.622358252379087,42.327806453730247],[-79.622256695019587,42.327839270634691],[-79.622253320591241,42.327840360860783],[-79.622190679290028,42.327895428838943],[-79.622191414295997,42.327945329256018],[-79.622191485749411,42.327950187512741],[-79.622159936573581,42.328029533863756],[-79.622097872082335,42.328101460030844],[-79.622017876566332,42.328160510499949],[-79.621580418051224,42.328377803465727],[-79.621415899458725,42.32845952129275],[-79.621302908677706,42.328495504578676],[-79.621150419593334,42.328533396492503],[-79.621149931176433,42.328533355898578],[-79.621066422887594,42.328526344882661],[-79.620844488443396,42.328429785216812],[-79.620786594275373,42.328404751442108],[-79.620559074140502,42.3282819458801],[-79.620504997685558,42.328270895053343],[-79.620503955909101,42.328270996307467],[-79.620421018121547,42.32827896780779],[-79.620231076360909,42.328365957357114],[-79.620147085734018,42.328381344925965],[-79.620071136431719,42.328431431001931],[-79.619985328304622,42.328422814956753],[-79.619835707175611,42.32836207323971],[-79.61981988333882,42.328355648618853],[-79.619704193991041,42.328310293964535],[-79.619630748334799,42.328315642056694],[-79.619586038918882,42.328341413819317]]},"properties":{"OBJECTID":12,"shoreType":"Bluff","landcover":"vegetation","slope":8,"Shape_Length":1022.2535555557483,"CalShoreType":2,"CalLandcover":2,"CalSlope":2}},{"type":"Feature","id":13,"geometry":{"type":"LineString","coordinates":[[-79.623507958804609,42.327075781543641],[-79.623454126638435,42.327122165256682],[-79.623393230642748,42.32717745844203],[-79.623296243708424,42.327190883818908],[-79.623072041375323,42.327219022185162],[-79.622966936738479,42.327230415101347],[-79.622881087842103,42.327259920177788],[-79.622869500749999,42.327336167877505],[-79.622775131939733,42.327437076173027],[-79.622725503339154,42.327483261181506],[-79.622629991029427,42.327572148149251],[-79.622599523717412,42.327600424459092]]},"properties":{"OBJECTID":13,"shoreType":"Bluff","landcover":"development","slope":8,"Shape_Length":339.69620997266998,"CalShoreType":2,"CalLandcover":3,"CalSlope":2}},{"type":"Feature","id":14,"geometry":{"type":"LineString","coordinates":[[-79.628862554928034,42.323377993570368],[-79.62871989240881,42.323517500879717],[-79.62864293614912,42.32360947648047],[-79.628505043423985,42.323803758259778],[-79.628503849525615,42.323805438294748],[-79.628345901345071,42.323944445256842],[-79.628262441591374,42.323988136587843],[-79.628257925073484,42.323990500516778],[-79.628190800012177,42.324009192913479],[-79.628066953738099,42.324043681065888],[-79.627932905150558,42.324073684020384],[-79.627915619173734,42.32408094395258],[-79.627839926898289,42.324112736099927],[-79.627755856999144,42.324170696936193],[-79.627753970442711,42.324172384173039],[-79.62761795397104,42.324294027975988],[-79.627173034001345,42.324691925367851],[-79.627007027475855,42.32484188213229],[-79.626753090320292,42.325003857491808],[-79.626614033371524,42.325064852209998],[-79.626579268506404,42.325075458034419],[-79.626499042134981,42.325099933317766],[-79.626497933220776,42.325099932603209],[-79.626485719454237,42.325099928486409],[-79.626329388489935,42.325122402333932],[-79.626303941566206,42.325125389622912],[-79.626209679525658,42.325136453702569],[-79.626166724864063,42.325207272868035],[-79.62611427982354,42.325279690829582],[-79.625989809601677,42.325449480923083],[-79.625883522461137,42.325547459871103],[-79.625720537010267,42.325649094433963],[-79.625713397400176,42.325788958433783],[-79.625614682667873,42.325810815658386],[-79.625514770883385,42.325834246595072],[-79.625465112878402,42.32584589225106],[-79.625419094334305,42.325866929121432],[-79.625369922478214,42.325872306948384],[-79.625227114263708,42.325887923970456],[-79.625203309673324,42.325926859373595],[-79.625198431830299,42.325934839819631],[-79.625175656008551,42.326007225423105],[-79.625105227102509,42.326141090473314],[-79.625036575571158,42.326242615951884],[-79.624897464047976,42.326296522838184],[-79.624863033340489,42.326309865611528],[-79.624829077232803,42.32633491603233],[-79.624669309885306,42.326368619432628],[-79.624646525696562,42.326409942942483],[-79.624601293013342,42.326491983700045],[-79.624439573555023,42.326584873852738],[-79.624286366953825,42.326629775365156],[-79.624196882203876,42.326722721479619],[-79.624056907947775,42.326838554027333],[-79.623922440598633,42.326908328529314],[-79.623773829993297,42.326947342914288],[-79.623650832385025,42.326969329668138],[-79.623559927288966,42.326999207037005],[-79.623531927772561,42.327055128244147],[-79.623507958804609,42.327075781543641]]},"properties":{"OBJECTID":14,"shoreType":"Bluff","landcover":"vegetation","slope":8,"Shape_Length":2094.7055267161236,"CalShoreType":2,"CalLandcover":2,"CalSlope":2}},{"type":"Feature","id":15,"geometry":{"type":"LineString","coordinates":[[-79.629118465207981,42.323248919408364],[-79.629081749973324,42.323256537687229],[-79.629008769253417,42.323298566570223],[-79.628887609615902,42.323353493975382],[-79.628862554928034,42.323377993570368]]},"properties":{"OBJECTID":15,"shoreType":"Bluff","landcover":"sand","slope":8,"Shape_Length":84.900836413278,"CalShoreType":2,"CalLandcover":1,"CalSlope":2}},{"type":"Feature","id":16,"geometry":{"type":"LineString","coordinates":[[-79.632713481395257,42.321723380453697],[-79.632591468360673,42.321817179144247],[-79.632456614600613,42.321947701308396],[-79.632380748182072,42.322007349664197],[-79.632305229878554,42.322085040354729],[-79.632271927620252,42.322189377137072],[-79.632225288315908,42.322236141230341],[-79.632218028231705,42.322243421731613],[-79.63186391281576,42.322491395756721],[-79.63178265719597,42.322528600857076],[-79.631693117649334,42.322569596271464],[-79.631687028811584,42.322572383447117],[-79.63165297627539,42.322579212950075],[-79.631525288265081,42.322604821613268],[-79.631397927843125,42.322630365019371],[-79.631386763938352,42.322639787848416],[-79.631338408844272,42.322680597388079],[-79.631321331692945,42.322705728636841],[-79.63130200814274,42.32273337243921],[-79.631264555104423,42.322840507171982],[-79.631243964356329,42.322899404678317],[-79.631174920979603,42.322960360125094],[-79.63104801020458,42.323026360214236],[-79.630781486723009,42.32316047466923],[-79.63073073981559,42.323186010642658],[-79.630355383402232,42.32326739567403],[-79.630327922936431,42.323273348916899],[-79.630285949644247,42.32328534782733],[-79.630200259162507,42.323262266950834],[-79.630187092408903,42.323160345621567],[-79.630047359951718,42.323115380231236],[-79.629872170483253,42.323232607341787],[-79.62978167963152,42.323288734947418],[-79.629656333168015,42.323286659411792],[-79.629572504538984,42.323246846147185],[-79.62953953792838,42.323230800251956],[-79.629472430408597,42.323200833946544],[-79.629423619304987,42.323170210012321],[-79.629336018884814,42.323191605318137],[-79.629296940760369,42.323201150252039],[-79.62921477228312,42.323218767779458],[-79.629158831772742,42.323240543973718],[-79.629158184938035,42.323240678616251],[-79.629118465207981,42.323248919408364]]},"properties":{"OBJECTID":16,"shoreType":"Bluff","landcover":"vegetation","slope":8,"Shape_Length":1309.9090445296499,"CalShoreType":2,"CalLandcover":2,"CalSlope":2}},{"type":"Feature","id":17,"geometry":{"type":"LineString","coordinates":[[-79.644580434511397,42.315596949683197],[-79.644550922536453,42.31561062467253],[-79.644396942537568,42.315710599974032],[-79.644276869348587,42.315799658521037],[-79.643995771905168,42.316008148402631],[-79.643668947579769,42.31625054976606],[-79.64346402651941,42.316443893973315],[-79.643415261459168,42.316540188803003],[-79.643387033564821,42.316595933366777],[-79.643353063833771,42.316618920532136],[-79.64329688949546,42.316630536020845],[-79.643295906694618,42.316630740470984],[-79.643295106435801,42.316630907221686],[-79.643293826349549,42.316630962269592],[-79.643203079170249,42.316634909863915],[-79.643091047960326,42.31665386041513],[-79.643002055037456,42.31668088248918],[-79.64282107706768,42.316761872098951],[-79.642768070656942,42.31679985750511],[-79.642725066173071,42.316864897171456],[-79.642695255905565,42.31696072035998],[-79.642683085112907,42.316999849936401],[-79.642660072928763,42.317011857353194],[-79.642598113383869,42.317018872306036],[-79.642597905998585,42.317018803098357],[-79.642511692024684,42.317018802772836],[-79.642505001151775,42.317023317455494],[-79.642445886710064,42.317063199344311],[-79.64236455040394,42.317128879232285],[-79.642287611871311,42.317182868585967],[-79.642160912174788,42.317214060011636],[-79.642154376352195,42.317215669779884],[-79.642144111707509,42.317299922652957],[-79.642094007367319,42.317378935449362],[-79.642028031991586,42.317436890041456],[-79.642026314388616,42.317437766585833],[-79.641743307058192,42.317582246539189],[-79.641509030283231,42.317701848284784],[-79.641223808248967,42.317880747788614],[-79.640970053168445,42.318039908987551],[-79.640892754650238,42.318072973289638],[-79.640797045579646,42.318113912086851],[-79.640662083763061,42.318132889883834],[-79.640661590262781,42.318132831413749],[-79.640577507947839,42.31814902254979],[-79.640523563035643,42.318152327977742],[-79.640462471736328,42.318156070191037],[-79.640392206766094,42.318176835155796],[-79.640348688140094,42.318174901876667],[-79.640348312398359,42.318174993569784],[-79.640305743754567,42.318245185210273],[-79.64031999932152,42.318357185037186],[-79.640245414257322,42.318434056706202],[-79.640142746192225,42.318472771445386],[-79.640071976533704,42.318451658993943],[-79.640041233211164,42.318442487398322],[-79.639996080481211,42.31848087269455],[-79.639865095752313,42.318553889312561],[-79.639768602229978,42.31863293599752],[-79.639684866694182,42.318701531440603],[-79.639423039252932,42.318817580776262],[-79.639132126603585,42.318866533429272],[-79.639105979757375,42.318870932666847],[-79.638825536040954,42.318973824039517],[-79.638823808712885,42.318974196458385],[-79.638714089310554,42.318997877728826],[-79.638713139919773,42.319036378714259],[-79.638712477573364,42.319063165079001],[-79.638673897190401,42.319068864354172],[-79.638645794171296,42.319073015903768],[-79.638613114262483,42.319053878344391],[-79.6385918978212,42.319053871943332],[-79.638537082480056,42.319053853345473],[-79.638221311535673,42.318954536378477],[-79.63779299718874,42.318855319082701],[-79.637765852943502,42.318849030744573],[-79.63761897481919,42.318803206646798],[-79.637595271685115,42.31879426946044],[-79.637594253982542,42.318794421065029],[-79.637514267224788,42.318806283277418],[-79.637484627789419,42.318822314598542],[-79.637385429720638,42.318957352982579],[-79.636751806623835,42.319507105594944],[-79.636553862453923,42.319696169812744],[-79.636500526300622,42.319841541997413],[-79.636499496727893,42.319844765518354],[-79.636470226177906,42.319894453531617],[-79.636456464504619,42.319917815723528],[-79.636395494792183,42.319959811020674],[-79.63636883518916,42.31996209054055],[-79.63636032620704,42.319962817802065],[-79.636349440451625,42.319963749651478],[-79.636349277164953,42.319963706136178],[-79.636300547962449,42.319950700495099],[-79.636299890428702,42.319950918103558],[-79.636197293916382,42.319900573867876],[-79.636134206890119,42.319906100288371],[-79.636007526432252,42.31991719638733],[-79.63593335499381,42.319977967718437],[-79.635907525855231,42.320085020696673],[-79.635903503122861,42.320087134613011],[-79.635827710719639,42.320126949212394],[-79.635814208408206,42.320134591542832],[-79.63570216217073,42.320176586246845],[-79.635668549359693,42.320182254222658],[-79.635656892246359,42.32018422032592],[-79.635637776999317,42.3201874414694],[-79.635601085335622,42.320193626543983],[-79.635560160763021,42.320200525675851],[-79.635475343533756,42.320208602728719],[-79.635402212182541,42.3202155668613],[-79.635401711992486,42.320215544441915],[-79.635374223478053,42.320214317473152],[-79.635178127697586,42.320205560564453],[-79.635116705871837,42.320202926152938],[-79.635078032339806,42.320221012274125],[-79.635036212134651,42.320240570422705],[-79.634978102088525,42.320278578324853],[-79.634874105720272,42.320436566609999],[-79.634867634257816,42.320442728179778],[-79.634835075292827,42.320473739539167],[-79.634728189683401,42.320575548579981],[-79.634632158860526,42.320617521421006],[-79.634505209684647,42.32065156602129],[-79.634130873939696,42.320686943425116],[-79.634050141648999,42.320694575053004],[-79.634032061202348,42.320703204439575],[-79.633985208709575,42.320725565031069],[-79.633893829367011,42.32083242052127],[-79.633835792681552,42.320900289154601],[-79.633835260754608,42.320900911632513],[-79.633834518189303,42.320901780021046],[-79.63380954465508,42.320930984915634],[-79.63379619033897,42.32094660049173],[-79.633744386673214,42.320958313506047],[-79.633671055111776,42.320974893551899],[-79.633540104257932,42.321051863036246],[-79.633525183160273,42.321057820130051],[-79.633523906894993,42.321058329684483],[-79.633441039314633,42.321128286462503],[-79.633436624704899,42.321132012713647],[-79.633396962778619,42.321145877719275],[-79.633332697708596,42.321168343491443],[-79.633204550987671,42.321213140873724],[-79.633195707454277,42.321216232445416],[-79.633069320649582,42.321330928899727],[-79.632938013879496,42.321471382760294]]},"properties":{"OBJECTID":17,"shoreType":"Bluff","landcover":"vegetation","slope":8,"Shape_Length":4234.5481109186185,"CalShoreType":2,"CalLandcover":2,"CalSlope":2}},{"type":"Feature","id":18,"geometry":{"type":"LineString","coordinates":[[-79.647528923719918,42.314702981932477],[-79.647415666357304,42.314733329661685],[-79.647317639287465,42.314821682633436],[-79.647276062706027,42.314859155329962],[-79.647218094722803,42.314877286837039],[-79.647180476259891,42.314889052561107],[-79.647063980434922,42.314886536682891],[-79.647066494574688,42.314910202913929],[-79.64707279701166,42.314969518232047],[-79.647073589992686,42.314976987854507],[-79.647060530135903,42.314988643638436],[-79.647008601516362,42.315034997387478],[-79.646990835259587,42.315036799841728],[-79.646921087825078,42.315043879470174],[-79.646885456494815,42.315053646908432],[-79.646837019861039,42.315066922732299],[-79.646708009621179,42.315086651903833],[-79.646582108814115,42.315105904648135],[-79.646471036677667,42.315155882896534],[-79.646231263458191,42.31530519300015],[-79.64619000081241,42.315330886487153],[-79.646109085440145,42.315353888288428],[-79.64602276622449,42.31536602579768],[-79.645974008835509,42.315372879699822],[-79.645918735329502,42.315376802275829],[-79.645805059949609,42.315384870800671],[-79.645700625844199,42.315444806214465],[-79.645699937803002,42.315446811252031],[-79.645664867751037,42.315548965341591],[-79.64555594315685,42.315555927251417],[-79.645541281132324,42.315557165045774],[-79.645485111362177,42.315561903283623],[-79.645443037015838,42.31557924745028],[-79.645393653256889,42.315626197198704],[-79.645394747463484,42.315635937295831],[-79.645399520416007,42.315678399777077],[-79.645349192324673,42.315692354211777],[-79.645327430631298,42.315648311504717],[-79.645323898354931,42.315628625883846],[-79.64530312078378,42.315512890490965],[-79.645193018450769,42.31546185042999],[-79.645126784456949,42.315424692673709],[-79.645112852883088,42.3154216112192],[-79.645102149184183,42.3154234326081],[-79.644977946603248,42.315444555791913],[-79.644869632653368,42.315474346566845]]},"properties":{"OBJECTID":18,"shoreType":"Bluff","landcover":"vegetation","slope":8,"Shape_Length":960.68107764639581,"CalShoreType":2,"CalLandcover":2,"CalSlope":2}},{"type":"Feature","id":19,"geometry":{"type":"LineString","coordinates":[[-79.65714734050816,42.310257160373105],[-79.657044052321538,42.310370682097336],[-79.657031866557944,42.310384074714783],[-79.656856850393822,42.310532972631755],[-79.656793062774469,42.310715884856045],[-79.656694090614039,42.310817869035681],[-79.656617015167981,42.310877908512076],[-79.656603731005106,42.310881992371066],[-79.656545534546098,42.310904152368401],[-79.656505048526355,42.310916598908186],[-79.656490103031558,42.310916925150572],[-79.656436790275706,42.310954243631791],[-79.656423952045344,42.310963229925399],[-79.656357466065032,42.310964684907269],[-79.656355284996465,42.310965033026811],[-79.656324989814905,42.310961243577182],[-79.656251181545301,42.310952010247327],[-79.656138360415127,42.310970048222572],[-79.65608663189127,42.311013315298368],[-79.656070130975579,42.311026262022999],[-79.656028992986677,42.311058539975626],[-79.655964426747616,42.311100694586671],[-79.655942481124853,42.311114377353896],[-79.655661173292017,42.311289769561895],[-79.655619255590665,42.311368957527023],[-79.65559704971156,42.311410906642976],[-79.655576204525033,42.31144619612391],[-79.65555407302935,42.311421929358112],[-79.655550383081717,42.311419424120388],[-79.655523040507092,42.311400865356219],[-79.655519625313289,42.311382889514128],[-79.655514242399335,42.311380404607348],[-79.655505460795752,42.311376351649606],[-79.655449481809072,42.311344327477201],[-79.655435257639127,42.311345994584997],[-79.655389469133738,42.311351361743441],[-79.655267505193891,42.311376854190918],[-79.655091743336556,42.311448751113453],[-79.654749066335569,42.311588923310772],[-79.654674398781452,42.311640694942731],[-79.654612090438732,42.311683899049783],[-79.654623846377717,42.311713205577206],[-79.654633883594997,42.311738224733276],[-79.654561447366063,42.311834037866717],[-79.654534865518002,42.311869199791843],[-79.654478809538233,42.311992215419423],[-79.654401054626021,42.312005667486815],[-79.654397842352708,42.312006223267495],[-79.654315495503866,42.312006969039672],[-79.65425208088358,42.312043910901131],[-79.654221523189221,42.312070021370474],[-79.654164878189405,42.312156192215106],[-79.6540698620543,42.312300731204708],[-79.653980462592472,42.312325815549777],[-79.653881199782703,42.312353666703224],[-79.653715153963546,42.312365184092897],[-79.653658501488536,42.312385255722653],[-79.653622137289759,42.312409463883988],[-79.653618500079858,42.312490604846282],[-79.653615654846021,42.312495141901096],[-79.653567271728107,42.312572299862914],[-79.653564562345167,42.312576622277611],[-79.653513264859626,42.312621168889464],[-79.653464377264569,42.312663623200059],[-79.653406733745499,42.312708845695624],[-79.653360525407635,42.312736184150957],[-79.653399522929746,42.312790355809362],[-79.653319098605522,42.312869852757494],[-79.653319076958439,42.31294684019872],[-79.653319075799004,42.312951855773356],[-79.653277053779476,42.312993900219986],[-79.653138088269557,42.313066894854295],[-79.653015105308,42.313109892618158],[-79.652945025631738,42.313126340313467],[-79.652900037984139,42.313136898232699],[-79.652800097497519,42.313174905638078],[-79.652722727634227,42.313263078662878],[-79.652709728707777,42.313277892770365],[-79.652666197483924,42.313300185911601],[-79.652616201154061,42.313325792106312],[-79.652536428997578,42.313385368714663],[-79.652484558745073,42.31342410697571],[-79.652470950159255,42.313428349132309],[-79.652283125504681,42.313486903756768],[-79.652134045866177,42.31355185906547],[-79.652070044283334,42.313611127190228],[-79.652064437025103,42.313616320159355],[-79.652052593170154,42.313617256126555],[-79.651878179403028,42.313631037480583],[-79.651826045192593,42.313643882614855],[-79.651425053105143,42.313688906334534],[-79.651163644076334,42.313732853884595],[-79.651128093196249,42.313738830734451],[-79.651110044998234,42.313741865359773],[-79.651094452945898,42.313742447203936],[-79.651002009832879,42.313745896385619],[-79.65096613588041,42.313744028290685],[-79.650937841470267,42.313742553265726],[-79.650867086643515,42.313738865397667],[-79.650675071855687,42.313649957778459],[-79.650321507397763,42.313610859686072],[-79.650286252370648,42.313630042703458],[-79.650250534518491,42.313649474897787],[-79.650173820143593,42.313716015831346],[-79.650059103772719,42.31372163503876],[-79.650053768462996,42.313721896244779],[-79.650037539524646,42.313722690939002],[-79.649994586367654,42.313761043517609],[-79.649973354751893,42.313780001450347],[-79.649891524589407,42.313783326700644],[-79.649862648111068,42.313776977206061],[-79.649711997952437,42.313743854640357],[-79.649705745230577,42.313744309823889],[-79.649500643714873,42.313795468865223],[-79.649421939345586,42.313815100634059],[-79.649372539475365,42.313804781555305],[-79.649219295388278,42.313772769118856],[-79.649042968727201,42.313777198136137],[-79.6489527178,42.313802960799435],[-79.648853943887772,42.313831155975009],[-79.648740515570637,42.313954576774002],[-79.648738197542315,42.313957097541596],[-79.6486399656755,42.314062615044875],[-79.648538972638832,42.314079376967605],[-79.648467451309429,42.314091248298816],[-79.648275224455489,42.314223803987446],[-79.648059706749564,42.314372418184753],[-79.648013819024328,42.314441509155508],[-79.647990012134699,42.31447735502578],[-79.647782016363507,42.314587761307095]]},"properties":{"OBJECTID":19,"shoreType":"Bluff","landcover":"vegetation","slope":8,"Shape_Length":3381.4950960392234,"CalShoreType":2,"CalLandcover":2,"CalSlope":2}},{"type":"Feature","id":20,"geometry":{"type":"LineString","coordinates":[[-79.657259132566054,42.310123104114865],[-79.657186015352963,42.310168171845739],[-79.657183848634617,42.310180707193737],[-79.657176097308394,42.310225555255883],[-79.65714734050816,42.310257160373105]]},"properties":{"OBJECTID":20,"shoreType":"Bluff","landcover":"sand","slope":8,"Shape_Length":60.692668224451467,"CalShoreType":2,"CalLandcover":1,"CalSlope":2}},{"type":"Feature","id":21,"geometry":{"type":"LineString","coordinates":[[-79.666596441173937,42.306420942010597],[-79.666588321098857,42.306443092260864],[-79.666585095267351,42.306451888950065],[-79.666525028949565,42.306490891971471],[-79.666457996254735,42.306507851217582],[-79.666430080998722,42.306528889310826],[-79.666355279769164,42.306590071652543],[-79.666340265863639,42.306669833225897],[-79.666365078284826,42.306712945574446],[-79.666379966039784,42.306738815498818],[-79.666340746976886,42.306744100667636],[-79.666253448517381,42.306755863814232]]},"properties":{"OBJECTID":21,"shoreType":"Bluff","landcover":"vegetation","slope":45,"Shape_Length":184.78228848867155,"CalShoreType":2,"CalLandcover":2,"CalSlope":3}},{"type":"Feature","id":22,"geometry":{"type":"LineString","coordinates":[[-79.666253448517381,42.306755863814232],[-79.666244032797607,42.306757133031546],[-79.666158338027614,42.306793539255587],[-79.666139011614803,42.306889907931485],[-79.666133376432285,42.306901791078047],[-79.666129044183066,42.306910931312871],[-79.666139230991419,42.306929669374995],[-79.666154040292099,42.306956908523524],[-79.666221068550499,42.307016928679666],[-79.666224072294796,42.307055883266841],[-79.666223292910885,42.307056549646411],[-79.666198313477196,42.307077925477145],[-79.666185151324271,42.307089186479139],[-79.666175023067481,42.307097855676687],[-79.666160459690829,42.307097280170709],[-79.666101061625511,42.30709493131728],[-79.66602935156412,42.307037384306483],[-79.665985445476096,42.306998564738628],[-79.665929629598295,42.306917816328692],[-79.66591778895426,42.306823654189301],[-79.665829493436803,42.306793094356976],[-79.665797192756827,42.306793149909225],[-79.665743475511391,42.306793241069464],[-79.665707558105638,42.30679330282868],[-79.665555070570051,42.30680585724231],[-79.66529373652142,42.306846561894403],[-79.665147293676242,42.306900756987801],[-79.665048054357626,42.306899726985584],[-79.664954136375556,42.306878174796701],[-79.664894683697611,42.306860293870074],[-79.664803424687165,42.30682848007401],[-79.664664325029392,42.306786911583387],[-79.664520082125605,42.306715885011613],[-79.664478016964452,42.306712918128014],[-79.664474708005613,42.306714465431696],[-79.66441810792351,42.306740931311381],[-79.664211581804295,42.306937270043974],[-79.664209786817707,42.306938976826196],[-79.663728006880064,42.307309749158222],[-79.663663035518766,42.307359749936538],[-79.663661400826541,42.307360121856725],[-79.663592003269173,42.307375849392756],[-79.663450998192488,42.307425893827727],[-79.663371721600271,42.307397005431078],[-79.663276638937532,42.307405955974879],[-79.663148100305364,42.307446879630781],[-79.663067045530283,42.307469218588906],[-79.663010091555932,42.307484915925208],[-79.662859026234301,42.307544913536816],[-79.662703040314085,42.307644904444722],[-79.662489107269693,42.307756893232401],[-79.662352043142349,42.307861873293561],[-79.662225098397712,42.308006869002853],[-79.662128065364442,42.308152894887229],[-79.662095233513881,42.308176081279335],[-79.662043106431,42.308212896954913],[-79.66194435916357,42.308222689339175],[-79.661765486435812,42.308240426855882],[-79.661761098264734,42.308240862458689],[-79.661534945641492,42.308314510812664],[-79.661423779027956,42.308415203892977],[-79.661227057188924,42.308516876721932],[-79.661193037475186,42.308523079075655],[-79.661150100155126,42.308530904755635],[-79.66105801571203,42.308579852576578],[-79.661067122769495,42.308612156138473],[-79.661069031003251,42.308618928258412],[-79.661064735023331,42.308632874656809],[-79.661049727754161,42.30868159044838],[-79.661044086997322,42.308699895229161],[-79.661002091962047,42.308720873469476],[-79.660990257344778,42.308719445186341],[-79.660976419694791,42.308717774640542],[-79.66091857632513,42.308710795360831],[-79.660886067317321,42.308706873067393],[-79.660885415015358,42.308709376627135],[-79.660880831661217,42.30872695752565],[-79.660875106433309,42.308748917405829],[-79.660877745375529,42.308782387333174],[-79.660879045926904,42.308798901901262],[-79.660878260925585,42.308800310143695],[-79.66084006802194,42.308868917127249],[-79.660769495331394,42.308901222201818],[-79.660755005976213,42.308907853108707],[-79.660653026676201,42.308932895207462],[-79.660641051747874,42.308932558468868],[-79.660472121967715,42.308878123508094],[-79.660261995860324,42.308921901724645],[-79.660259684719009,42.308922938968585],[-79.660184040054176,42.308956859640617],[-79.660107087766846,42.309016895813357],[-79.660027391973571,42.309107265363203],[-79.659996212787959,42.309148996199269],[-79.659923916664056,42.309187260710196],[-79.659947135353121,42.309270072780819],[-79.65987924002215,42.30936928759936],[-79.659909390619021,42.309453662332935],[-79.659913524978606,42.309465231069957],[-79.659897680473108,42.309482390984527],[-79.65981373921143,42.309573299907051],[-79.659781728564354,42.3096112446283],[-79.659728663891627,42.309643297365341],[-79.659587719895939,42.309671274645446],[-79.659270776145263,42.30969930895732],[-79.659254778945908,42.309699968635648],[-79.659101715899013,42.309706282604004],[-79.658928780024382,42.309759332746722],[-79.658659756830914,42.309869893694803],[-79.658546765489888,42.309916330164029],[-79.658394752542151,42.309965281404693],[-79.658274413193396,42.309956500040251],[-79.658271799203064,42.309955996070499],[-79.658197396924081,42.309941668465171],[-79.65818643110795,42.309939556524661],[-79.658163171791998,42.309914830873559],[-79.658141641885493,42.309891942722281],[-79.658123376895844,42.309872527026435],[-79.658120598172701,42.309864764586301],[-79.658080895521266,42.309790236357614],[-79.657997112285045,42.309774609189439],[-79.657996961153444,42.309774566491242],[-79.657947191985386,42.309760615549806],[-79.657939211619464,42.309763515479716],[-79.657870172923339,42.309788599299921],[-79.657830097521781,42.309808228646688],[-79.657771801415933,42.309836784125089],[-79.657650723077609,42.309890442964836],[-79.657600546458085,42.309930348875831],[-79.657595813240533,42.309937464169366],[-79.657572597792822,42.309972365689404],[-79.657526592875968,42.310010159995812],[-79.65749664504763,42.310034763930481],[-79.657297536105474,42.310099432979705],[-79.657259132566054,42.310123104114865]]},"properties":{"OBJECTID":22,"shoreType":"Bluff","landcover":"vegetation","slope":8,"Shape_Length":3325.8231324637154,"CalShoreType":2,"CalLandcover":2,"CalSlope":2}},{"type":"Feature","id":23,"geometry":{"type":"LineString","coordinates":[[-79.666962906793799,42.306032429396765],[-79.666942666236196,42.306050524931358],[-79.666931065886374,42.306060895269439],[-79.666873993657077,42.306141913257569],[-79.66683209235309,42.30629685908513],[-79.666810991095375,42.30631491681374],[-79.666779200680608,42.306319887956192],[-79.666750859998487,42.306354299591938],[-79.666745879771184,42.30635323027731],[-79.666728215868261,42.306349438559877]]},"properties":{"OBJECTID":23,"shoreType":"Bluff","landcover":"vegetation","slope":45,"Shape_Length":142.97570085024492,"CalShoreType":2,"CalLandcover":2,"CalSlope":3}},{"type":"Feature","id":24,"geometry":{"type":"LineString","coordinates":[[-79.667131762463001,42.305893608074335],[-79.667074817986176,42.305941676701927],[-79.667024880140303,42.305966761961763],[-79.666993855344188,42.306004761511169],[-79.666962906793799,42.306032429396765]]},"properties":{"OBJECTID":24,"shoreType":"Bluff","landcover":"sand","slope":45,"Shape_Length":68.939805157229685,"CalShoreType":2,"CalLandcover":1,"CalSlope":3}},{"type":"Feature","id":25,"geometry":{"type":"LineString","coordinates":[[-79.685524507581931,42.297489068523781],[-79.685475228596388,42.297556277835334],[-79.68546928338472,42.297564384562037],[-79.685444447248017,42.297574755253891],[-79.685366241422898,42.297607408134056],[-79.685300204215693,42.297616295836413],[-79.685240284120212,42.297624361262798],[-79.685235785155271,42.297623468184341],[-79.685099223568201,42.297596374146231],[-79.685014838310579,42.29752534728388],[-79.68491354718924,42.297496498877038],[-79.684844036160328,42.297527264570654],[-79.684792239277087,42.297571398777862],[-79.684764247635925,42.297586923241447],[-79.684729738849313,42.29760606468195],[-79.684382013222375,42.297798930818594],[-79.68400600466849,42.297990878992323],[-79.68386899664057,42.298028902877896],[-79.683752079119728,42.298158971337969],[-79.683743753741552,42.298168231593571],[-79.683723236142058,42.298181768237868],[-79.683658780598606,42.298224291231485],[-79.683586731512747,42.298259187685517],[-79.683528834378123,42.29828723117155],[-79.683452192567131,42.298313559337153],[-79.683362797466629,42.298344264616873],[-79.68316899788006,42.29835889439606],[-79.683121716917441,42.298375663126158],[-79.683045039045965,42.298402861955694],[-79.683011279550229,42.29841507958735],[-79.682962013550181,42.298432909836059],[-79.682900059986409,42.298463635185954],[-79.682800869734194,42.29851193668852],[-79.682631193548701,42.298529032449828],[-79.682512727725936,42.298586250505736],[-79.682495273993581,42.298594679867989],[-79.682443967051768,42.298609881675809]]},"properties":{"OBJECTID":25,"shoreType":"Bluff","landcover":"vegetation","slope":45,"Shape_Length":1001.5995186294712,"CalShoreType":2,"CalLandcover":2,"CalSlope":3}},{"type":"Feature","id":26,"geometry":{"type":"LineString","coordinates":[[-79.668854677407623,42.305547403568717],[-79.66872405572461,42.30552587782288],[-79.668519659260184,42.305506538357463],[-79.66850384692971,42.305507230886164],[-79.668421882435624,42.305502616472431],[-79.66841404816121,42.305520672288765],[-79.668389000712168,42.305578405131733],[-79.668377777521314,42.305596381377377],[-79.668331934961131,42.305597304932434],[-79.668254864660256,42.305598857954486],[-79.668192670411486,42.305581426014129],[-79.668115934671917,42.305599284700136],[-79.668101372052718,42.305604314696531],[-79.668055470441118,42.305620166563244],[-79.668000535242086,42.30560775163854],[-79.667988306288109,42.305609256480345],[-79.667919521996325,42.305617718118818],[-79.66787055920733,42.305642763914179],[-79.667857283448484,42.305678531432214],[-79.667817409268707,42.305708915544997],[-79.667808037516011,42.305716056227126],[-79.667803896365911,42.305719211329595],[-79.667802902678488,42.30571904967087],[-79.667752987944851,42.305710900479085],[-79.667660121781267,42.30569418956604],[-79.667608798969297,42.305693744884373],[-79.667570008322002,42.305727908025197],[-79.667528509790515,42.305736656098169],[-79.66744878047939,42.305753464084788],[-79.667276094684453,42.305789866217154],[-79.667173079715852,42.305858729769866],[-79.667158333726988,42.305871178045734],[-79.667131762463001,42.305893608074335]]},"properties":{"OBJECTID":26,"shoreType":"Bluff","landcover":"vegetation","slope":45,"Shape_Length":541.00155677734006,"CalShoreType":2,"CalLandcover":2,"CalSlope":3}},{"type":"Feature","id":27,"geometry":{"type":"LineString","coordinates":[[-79.691225283417594,42.295066238887593],[-79.691198069717558,42.295085658408048],[-79.691159392471135,42.295146643901489],[-79.691016040703914,42.295173329009224],[-79.690986387159967,42.295178848904477],[-79.690892383072736,42.295194857658828],[-79.69083684569064,42.295217222757756],[-79.690820948282081,42.295223625285203],[-79.690746394250226,42.29523812442276],[-79.690693659182458,42.295267753020084],[-79.690644009585995,42.295332432897538],[-79.69063649359471,42.295378744898741],[-79.690570730830046,42.295421604013548],[-79.690489168659298,42.29540350776211],[-79.690512640172201,42.29535285441456],[-79.690462198533297,42.295232150228834],[-79.690308519968227,42.295217959692508],[-79.690101477786527,42.295260116152555],[-79.690094825794688,42.295261471388251],[-79.690090585177003,42.295265076607365],[-79.689972930479115,42.295365115531261],[-79.68974009244188,42.295415487947281],[-79.689478852606555,42.295494990299709],[-79.689286852182846,42.295588569385679],[-79.689173789913255,42.295664667424653],[-79.688930383885008,42.295758284302408],[-79.688924232155586,42.295760651085772],[-79.688888807735324,42.295786176733664],[-79.688759222175619,42.295879553779926],[-79.688718986069347,42.295900107487824],[-79.688485145981261,42.29601956165066],[-79.688411382447072,42.296106471801103],[-79.688387860803161,42.296134187350553],[-79.688378186440772,42.296145585652759],[-79.688231515265073,42.296231133888185],[-79.688228026584298,42.29632277754984],[-79.688143046424642,42.296388195602752],[-79.68800112730743,42.296411533829449],[-79.68790431709246,42.296500408655021],[-79.687702085506018,42.29660562458492],[-79.687437607987874,42.296824186817872],[-79.687383581858484,42.296851159632894],[-79.687316671925288,42.296871186408879],[-79.68730896030911,42.296870834812516],[-79.687304687018312,42.296870640976188],[-79.687163594111297,42.296864224296243],[-79.686956685398755,42.296797161086396],[-79.686909671197768,42.296791163821823],[-79.686900700085729,42.296792714949966],[-79.68683459793256,42.296804142106424],[-79.686834461421682,42.296804241552877],[-79.686689901554089,42.296908820547173],[-79.686641713214527,42.296942476486485],[-79.686573916915151,42.296989830065023],[-79.686478826118687,42.297028837523186],[-79.686256877783634,42.297067818243328],[-79.68617857441869,42.297071472148893],[-79.686157278528015,42.297072464730689],[-79.686055564298741,42.297129931372353],[-79.686035043329142,42.29714176779656],[-79.686006200900408,42.297158406313798],[-79.685992031386419,42.297164088420978],[-79.685847033886063,42.297222228577766],[-79.685812616856623,42.297291576498246],[-79.685805322949506,42.297306273802434],[-79.685722304813098,42.297367383964577],[-79.685685449389297,42.297385456188962],[-79.685599057748178,42.297427820233644],[-79.685543556029756,42.297463088226458],[-79.685524507581931,42.297489068523781]]},"properties":{"OBJECTID":27,"shoreType":"Bluff","landcover":"vegetation","slope":8,"Shape_Length":2002.7351744243194,"CalShoreType":2,"CalLandcover":2,"CalSlope":2}},{"type":"Feature","id":28,"geometry":{"type":"LineString","coordinates":[[-79.682443967051768,42.298609881675809],[-79.682372999950118,42.2986309086779],[-79.682274446866032,42.298675998549868],[-79.682269758213437,42.298674590400999],[-79.682146935025202,42.298637684761012],[-79.682024260285118,42.298727611831332],[-79.681816999144672,42.298752710056554],[-79.681628533285505,42.298839103067799],[-79.681484981818585,42.298914888642216],[-79.68138706448336,42.298931510479463],[-79.681320059516352,42.29894288368417],[-79.681307923662118,42.298942883752289],[-79.681175007564789,42.298942874378568],[-79.681054746549435,42.298867893659875],[-79.680948747233714,42.298800923111912],[-79.680873437511281,42.298707555419774],[-79.680770268554269,42.298653398592322],[-79.680680010533308,42.298634861827502],[-79.680595238951767,42.298642237144136],[-79.680533358846915,42.298685932937012],[-79.680521928937608,42.298689989221003],[-79.680450260252556,42.298715423314022],[-79.680317551313806,42.29876134337097],[-79.680229691431421,42.298828917715049],[-79.680161520472311,42.298881349676464],[-79.679817426863792,42.299220303921636],[-79.679542562398666,42.299444640742109],[-79.679469847148255,42.299503987722382],[-79.67937818912408,42.299562664040963],[-79.679357048582332,42.299569661577614],[-79.679264174621892,42.299600404117065],[-79.679243693378439,42.299668146671003],[-79.679231419865246,42.299708748661246],[-79.679011806711912,42.299928394042723],[-79.67852727557262,42.300333542038977],[-79.678320271194821,42.300470425329515],[-79.678138087100535,42.30059089648077],[-79.678004018411798,42.300756908828014],[-79.677831248440853,42.300943241975808],[-79.677756585455001,42.301062018134594],[-79.677734341090556,42.301097403355556],[-79.677711395642291,42.301110446222111],[-79.677591059853313,42.301178852453717],[-79.677514012336573,42.301220897052858],[-79.677446336659685,42.301243304867953],[-79.677293585458429,42.301239789035989],[-79.677105509971696,42.301285549353452],[-79.677041734840856,42.301322067033276],[-79.676911068080514,42.301396887593334],[-79.676813799152725,42.301409150895743],[-79.676767082214226,42.301484884859306],[-79.676650995411308,42.301572911230835],[-79.676569952783879,42.301616130366334],[-79.67653105613914,42.301636874090136],[-79.676411007075785,42.301664918612886],[-79.676328002526617,42.301676273966187],[-79.676272090605622,42.301683921978409],[-79.676263605529584,42.301683548203044],[-79.676164293381973,42.301679173984837],[-79.676113054026359,42.301676917304277],[-79.676077667494553,42.301667182886938],[-79.676011032775222,42.30164885217588],[-79.675941042779698,42.301602914195641],[-79.675920075655455,42.301578269311754],[-79.675884042773973,42.301535917731528],[-79.675827362151708,42.301510114111309],[-79.675807098288303,42.301500888241769],[-79.675697054737029,42.301493860944042],[-79.675691575237394,42.301495186168644],[-79.675581010466047,42.301521921364696],[-79.67541708677787,42.301597856476036],[-79.675058104348039,42.301872899844923],[-79.674906091082633,42.301963922384864],[-79.674727001672565,42.302016886585072],[-79.674607534154219,42.302042807980882],[-79.674501040914933,42.30206591299121],[-79.674223059975375,42.30208393058296],[-79.674217162132081,42.302083929974472],[-79.674059256674923,42.302083902519179],[-79.673879594794997,42.302083871998335],[-79.673828030135994,42.302083862738449],[-79.673814357416319,42.302084515843283],[-79.673692695242394,42.302062071449413],[-79.673427070721758,42.302082377013626],[-79.673371489441038,42.302094891090263],[-79.673303001939914,42.302110310649908],[-79.673199914548817,42.302160960959064],[-79.673138119779566,42.302191323903045],[-79.672981997528169,42.302298936757445],[-79.672805509105061,42.302387191998498],[-79.672701066843786,42.302453920579651],[-79.672637052629199,42.302527930161069],[-79.672599367845919,42.302636877803245],[-79.672591363208696,42.30266001772074],[-79.67244190969754,42.3028086021435],[-79.672377449578548,42.302981608258584],[-79.671973537497493,42.303398963081669],[-79.671869080927976,42.303506895044613],[-79.671633300198366,42.303711918398385],[-79.671541174870541,42.303794374283392],[-79.671431010164326,42.303887987633601],[-79.671424634904852,42.303894149460866],[-79.6710357838992,42.304270003662637],[-79.670734723592076,42.304560997265291],[-79.67039053683159,42.304896636043317],[-79.670059914772878,42.305155491029133],[-79.669946107772461,42.305222071760326],[-79.669910079898486,42.305231031739346],[-79.669822022140238,42.305252928662625],[-79.66979009735843,42.305291865705712],[-79.669778307673027,42.305333085982831],[-79.669762061800611,42.305389886746887],[-79.669743686673726,42.305409901645049],[-79.669728054604718,42.305426929466314],[-79.669690058024287,42.305437930101206],[-79.669680628387937,42.305436681595175],[-79.669531057294847,42.305416871308154],[-79.669512691078125,42.30541687963305],[-79.669463989084846,42.305416906119781],[-79.669462148148313,42.305417551966663],[-79.669446659750392,42.305422975330892],[-79.669404047732286,42.305437900779658],[-79.669413479724014,42.305471389005419],[-79.669415315153842,42.3054779014915],[-79.66938347400334,42.305509659541883],[-79.669376546253204,42.305510019556579],[-79.669317520566025,42.305513095843807],[-79.669309014467032,42.305518935619979],[-79.6692240219475,42.30554392169006],[-79.669080091579545,42.305560870635794],[-79.669071066188721,42.305560702212269],[-79.669044315181253,42.305560203761779],[-79.668918064080998,42.305557849241417],[-79.668854677407623,42.305547403568717]]},"properties":{"OBJECTID":28,"shoreType":"Bluff","landcover":"vegetation","slope":8,"Shape_Length":5005.5596896563011,"CalShoreType":2,"CalLandcover":2,"CalSlope":2}},{"type":"Feature","id":29,"geometry":{"type":"LineString","coordinates":[[-79.702430291184029,42.290524366062314],[-79.702411457617927,42.290539716330407],[-79.702409414653985,42.290614797933486],[-79.7023755086406,42.290644732511254],[-79.70228240748466,42.290672776104955],[-79.702218129749269,42.290684408593606],[-79.702177479777603,42.290691765456287],[-79.702081446516857,42.290735776418337],[-79.702063701961023,42.29073682193124],[-79.701995040954202,42.290740866111008],[-79.701816127103939,42.290774015677954],[-79.701714077535755,42.290792924314331],[-79.701634076964424,42.290825924506464],[-79.701612015499578,42.290861852783742],[-79.701612044184941,42.290882460385092],[-79.701614649287421,42.290896881202926],[-79.701622690161656,42.290941378469057],[-79.701597193902842,42.290968013126125],[-79.701580613885966,42.290985333645381],[-79.701500642998226,42.2910073479866],[-79.70130067347408,42.291027233571903],[-79.701068635227287,42.291050308766003],[-79.700981995262552,42.291067888050399],[-79.700933993863487,42.291115963797139],[-79.700912900820612,42.291195240976947],[-79.70085403364277,42.29128346165686],[-79.700763397520731,42.291315771726552],[-79.700726427678632,42.291223349711728],[-79.700754364007238,42.291133875697248],[-79.700742578703426,42.29107789191147],[-79.700735008384299,42.291041939252601],[-79.700734046258276,42.291042182706363],[-79.700617068504329,42.29107190169735],[-79.700516982609926,42.291116888949986],[-79.700399058837434,42.291151893597331],[-79.700333460540293,42.291155747593407],[-79.700297034638965,42.29115788591379],[-79.700293161878392,42.291157830906755],[-79.700105882033199,42.291155182318271],[-79.700085088249452,42.29115488786482],[-79.699991963163086,42.291142757518735],[-79.699970413210082,42.291139950466757],[-79.699852233593177,42.291151153995408],[-79.699727342586854,42.291162993534343],[-79.699685202669073,42.291134974102377],[-79.699629343737485,42.291097830418948],[-79.699520079659067,42.291131797342445],[-79.699372901036256,42.29117754989462],[-79.699328299805529,42.291175016589264],[-79.699249587043823,42.291170545577287],[-79.699191148776151,42.291214777947332],[-79.699126357668817,42.291263818489711],[-79.699047057136241,42.291274829226168],[-79.698934973313584,42.291290391173362],[-79.698877574099896,42.291354354166224],[-79.698838898829223,42.291397453276602],[-79.69859271571697,42.29153446986566],[-79.698493095390603,42.291534762603092],[-79.698413679459662,42.29153499562517],[-79.698302405997254,42.291624237778386],[-79.698224593428648,42.291686644243491],[-79.698116567515655,42.291711435431985],[-79.697962089397635,42.291746889275991],[-79.697902524926604,42.291827804779004],[-79.697887894923653,42.291847679769482],[-79.697816408815513,42.291895562936048],[-79.697700981457373,42.291972878980928],[-79.69767031297917,42.292013429458152],[-79.697651084226464,42.292038850845103],[-79.697582039297814,42.292096879936899],[-79.697498987130871,42.292132877888584],[-79.697287568349324,42.292147130109974],[-79.697246083440788,42.292149925211397],[-79.697163350162839,42.292199630499347],[-79.697135899965915,42.292216122351178],[-79.697039654156953,42.292229405697967],[-79.697038284813246,42.292229594556268],[-79.696911923131452,42.292247035281171],[-79.696810996957353,42.292268945553474],[-79.696787695686808,42.29229580360785],[-79.696776951863498,42.292308188032138],[-79.696726113153375,42.292337096059043],[-79.696672528939658,42.292374741127894],[-79.696605115003692,42.292422103239595],[-79.696556319408515,42.292421751394535],[-79.69644643801108,42.29242095627707],[-79.696455009232039,42.29246987282994],[-79.696417618639757,42.292532414143494],[-79.696365625244923,42.292542319772139],[-79.696273516102181,42.292559866660056],[-79.696080522501134,42.292669794621553],[-79.695857548198191,42.29274683256444],[-79.69572551780513,42.292779800446219],[-79.695573524346344,42.292837806505965],[-79.695457518935015,42.292906850333644],[-79.695275818304879,42.293032969152193],[-79.695085747582752,42.293147997905528],[-79.694983740325696,42.293194949005631],[-79.694696773330534,42.293265965338023],[-79.694527996129594,42.293366594449303],[-79.694341345204663,42.293384357279535],[-79.694218430085897,42.293396053739798],[-79.694165932046744,42.293453686386506],[-79.694114462997177,42.29351018996757],[-79.693998651578468,42.293551375142393],[-79.693745820859647,42.293641287964],[-79.693611472139281,42.293733874849806],[-79.693479471531745,42.293736894965313],[-79.693471545285547,42.293737076137489],[-79.693444804891385,42.293751336490615],[-79.693313237659396,42.293821502926399],[-79.692980213908228,42.293912501804989],[-79.692910990922897,42.293928005912171],[-79.692869896067037,42.293937210297948],[-79.692852544282673,42.293954818814491],[-79.692823314035891,42.293984480245243],[-79.69270451139181,42.294179711943976],[-79.692536167158082,42.294214535477316],[-79.692500586735989,42.294213833500827],[-79.692327320883962,42.29421041005746],[-79.692261010130949,42.294315623046785],[-79.692238646925617,42.294351104981345],[-79.691998921536552,42.294426975770683],[-79.691658057893235,42.294534855217272],[-79.691606329505717,42.294581863806947],[-79.691546992748655,42.294673681829174],[-79.691524305923096,42.294708787724552],[-79.691356303086664,42.294934816509361],[-79.691262367181466,42.295039776377642],[-79.691225283417594,42.295066238887593]]},"properties":{"OBJECTID":29,"shoreType":"Bluff","landcover":"vegetation","slope":45,"Shape_Length":3891.7700488015589,"CalShoreType":2,"CalLandcover":2,"CalSlope":3}},{"type":"Feature","id":30,"geometry":{"type":"LineString","coordinates":[[-79.70269898921768,42.290259436308595],[-79.702685429667909,42.290279603063915],[-79.702680788928504,42.290286505955336],[-79.702631024797086,42.290355861122713],[-79.702653136812671,42.290384598050132]]},"properties":{"OBJECTID":30,"shoreType":"Bluff","landcover":"sand","slope":8,"Shape_Length":51.727554773040431,"CalShoreType":2,"CalLandcover":1,"CalSlope":2}},{"type":"Feature","id":31,"geometry":{"type":"LineString","coordinates":[[-79.702653136812671,42.290384598050132],[-79.702681052369115,42.290420875958517],[-79.702665527204132,42.290477952617898],[-79.702659007230793,42.290501921945314],[-79.702581835590578,42.290531175141979],[-79.702510767781945,42.290537747758798],[-79.702510506707966,42.290537795321967],[-79.702444494048748,42.290512790030114],[-79.702430291184029,42.290524366062314]]},"properties":{"OBJECTID":31,"shoreType":"Bluff","landcover":"sand","slope":45,"Shape_Length":114.01776624950863,"CalShoreType":2,"CalLandcover":1,"CalSlope":3}},{"type":"Feature","id":32,"geometry":{"type":"LineString","coordinates":[[-79.745575651568686,42.274272025101929],[-79.745452162448444,42.274291699507003],[-79.745430120241622,42.27430418769633]]},"properties":{"OBJECTID":32,"shoreType":"Bluff","landcover":"vegetation","slope":8,"Shape_Length":41.688202003668344,"CalShoreType":2,"CalLandcover":2,"CalSlope":2}},{"type":"Feature","id":33,"geometry":{"type":"LineString","coordinates":[[-79.756981158114684,42.27077779636388],[-79.756561379776542,42.27092631575276],[-79.756215218567903,42.271014550008317],[-79.755552534752084,42.271170062192255],[-79.755086659753871,42.271287090266227],[-79.754974877911735,42.271316095859184]]},"properties":{"OBJECTID":33,"shoreType":"Bluff","landcover":"vegetation","slope":0,"Shape_Length":578.20452044424428,"CalShoreType":2,"CalLandcover":2,"CalSlope":1}},{"type":"Feature","id":34,"geometry":{"type":"LineString","coordinates":[[-79.754974877911735,42.271316095859184],[-79.754795348969594,42.271362679503802],[-79.754541302100321,42.271445414841608],[-79.75394351956129,42.271563512628767],[-79.753625169028993,42.271635696284555],[-79.753393391860072,42.271713929874323],[-79.753211058061794,42.271771528744239],[-79.753047167166997,42.271888747159224],[-79.752794534755935,42.271932829543751],[-79.752633370770553,42.271976112871883],[-79.752551612737619,42.272031915344193],[-79.752400014370807,42.272037115273768],[-79.752211745439453,42.272092577225692],[-79.752096428662824,42.272154790370962],[-79.751995852550024,42.272233289987852],[-79.751879715206002,42.272328736018601],[-79.751749310984493,42.272332185900495],[-79.751647744001971,42.272371123437672],[-79.751595586445916,42.272391119343197],[-79.751447595004066,42.272441626774338],[-79.751258926649001,42.272422061871218],[-79.751104457526424,42.272470905353551],[-79.751029777216061,42.272506762300651],[-79.750873576019302,42.272536329639671],[-79.75068526910789,42.272577144261888],[-79.750510780006508,42.272619921940048],[-79.750310939679807,42.272689132720302],[-79.750101258591897,42.272763828885424],[-79.750028622941883,42.272726700310294],[-79.749997606508813,42.272710845546889],[-79.749960646355717,42.272674475743678],[-79.749916038983656,42.272675870362207],[-79.749887211913261,42.27269925636255],[-79.7497805601447,42.272785776312432],[-79.749721407282792,42.272788231715857],[-79.749624786663958,42.272825592039155],[-79.749358926267519,42.272979554496068],[-79.749129982128565,42.273059329793071],[-79.749044445633174,42.273064667543558],[-79.748786627758292,42.273121223383654],[-79.748607725285964,42.273076068222544],[-79.7484144411318,42.27314786046621],[-79.74832794877598,42.273161664829814],[-79.748163008992606,42.273187990640189],[-79.747986799465238,42.273271887938556],[-79.747614215094217,42.273502341303299],[-79.74755574141993,42.273538509500661],[-79.74742572373809,42.273571541666406],[-79.747307760920037,42.273579498558206],[-79.747243712472169,42.273593499231126],[-79.747194695108661,42.273623532939887],[-79.747163693876416,42.273659481525861],[-79.74715066165642,42.273692524324289],[-79.747117743477801,42.27372549074628],[-79.747102875293038,42.273725033034118],[-79.74702065628172,42.273722498480993],[-79.746962720085591,42.273706534345308],[-79.746910716944072,42.273706531749923],[-79.746909993301074,42.273707194512397],[-79.746874766246407,42.273739534274767],[-79.746868657850371,42.27376148529261],[-79.746870609834403,42.273764991969031],[-79.746888700220936,42.273797476764919],[-79.746885143814993,42.273800065206359],[-79.746873003178123,42.273808898813044],[-79.746828601207397,42.273855774296372],[-79.746635577993189,42.273874764493556],[-79.746572619335666,42.273888722225905],[-79.746522588401419,42.273932753017704],[-79.746522588051278,42.273935832053482],[-79.746522562020914,42.274001717304778],[-79.746518960643186,42.27400614640792],[-79.746500591010445,42.274028738549795],[-79.746467549157273,42.274048745294024],[-79.746452655388012,42.274048746010827],[-79.746291642374118,42.274048751293265],[-79.746286621278387,42.274049414419899],[-79.746117587100741,42.274071725654579],[-79.746097342014465,42.274087463844971],[-79.746075160681372,42.274104704461699],[-79.746067508905071,42.274109451913077],[-79.746022356900966,42.27413746436266],[-79.746024672766922,42.274218007089239],[-79.746025065497236,42.274231655283657],[-79.746011344068648,42.274232718116664],[-79.745878718770044,42.27424298382774],[-79.745857167560175,42.274244651795897],[-79.745847796903561,42.274245317584018],[-79.745659166971421,42.274258718443342],[-79.745575651568686,42.274272025101929]]},"properties":{"OBJECTID":34,"shoreType":"Bluff","landcover":"vegetation","slope":8,"Shape_Length":2954.8643858345727,"CalShoreType":2,"CalLandcover":2,"CalSlope":2}},{"type":"Feature","id":35,"geometry":{"type":"LineString","coordinates":[[-79.666728215868261,42.306349438559877],[-79.666683426747326,42.306339824303819],[-79.666616492481097,42.306333934917511],[-79.66660281115,42.306358265116216],[-79.666602830075476,42.30636170318035],[-79.666603054919378,42.306402898751038],[-79.666596441173937,42.306420942010597]]},"properties":{"OBJECTID":35,"shoreType":"Bluff","landcover":"sand","slope":45,"Shape_Length":63.536747163281916,"CalShoreType":2,"CalLandcover":1,"CalSlope":3}},{"type":"Feature","id":36,"geometry":{"type":"LineString","coordinates":[[-79.647782016363507,42.314587761307095],[-79.647601673663686,42.314683488658623],[-79.647561442870909,42.31469426862013],[-79.647528923719918,42.314702981932477]]},"properties":{"OBJECTID":36,"shoreType":"Bluff","landcover":"development","slope":8,"Shape_Length":80.892674731483311,"CalShoreType":2,"CalLandcover":3,"CalSlope":2}},{"type":"Feature","id":37,"geometry":{"type":"LineString","coordinates":[[-79.644869632653368,42.315474346566845],[-79.644835862018056,42.315483634288782],[-79.644684885586145,42.315548556958618],[-79.644624278771971,42.315576634670862],[-79.644596176301192,42.315589654712745],[-79.644580434511397,42.315596949683197]]},"properties":{"OBJECTID":37,"shoreType":"Bluff","landcover":"development","slope":8,"Shape_Length":90.241955092756626,"CalShoreType":2,"CalLandcover":3,"CalSlope":2}},{"type":"Feature","id":38,"geometry":{"type":"LineString","coordinates":[[-79.632938013879496,42.321471382760294],[-79.632913083664775,42.321498050021887],[-79.63276237489535,42.321685792070298],[-79.632713481395257,42.321723380453697]]},"properties":{"OBJECTID":38,"shoreType":"Bluff","landcover":"sand","slope":8,"Shape_Length":110.51060304731675,"CalShoreType":2,"CalLandcover":1,"CalSlope":2}},{"type":"Feature","id":39,"geometry":{"type":"LineString","coordinates":[[-79.608445310969714,42.336250756438595],[-79.608288161634931,42.336429291990861],[-79.608027110690472,42.33677230108934],[-79.607879942708379,42.33699362887404],[-79.60777273578131,42.337165613398327],[-79.607765681123666,42.337176931034939],[-79.607695639085406,42.33733091869631],[-79.607478203725094,42.337644474357226],[-79.607431091000976,42.337710476355042],[-79.607421975282804,42.337719074578708],[-79.607408706241742,42.337731588374673],[-79.607362184535759,42.337775465689013],[-79.607310158403152,42.337807452417643],[-79.607012316755146,42.33802462742868],[-79.607005444302217,42.338031257349286],[-79.606929341862084,42.338104676220667],[-79.606638845166117,42.338374756300645],[-79.60649690636204,42.338519753511306],[-79.606199879257034,42.338752746331409],[-79.606011833981128,42.338927780301013],[-79.605671972546332,42.339302886499354],[-79.605609421892993,42.339364985763957],[-79.605528960022653,42.339444866176194],[-79.605395015308702,42.339539930545321],[-79.604660011906034,42.339910923687412],[-79.604462584116973,42.340032017322095],[-79.604398144636534,42.340060599424405],[-79.604285162709118,42.340085583133892],[-79.604106114163457,42.340096569260666],[-79.604105980373987,42.340096550645299],[-79.603899139346282,42.340067534359598],[-79.603737766876094,42.339986726852842],[-79.603598188504364,42.339961609246295],[-79.603453195956092,42.339992221142602],[-79.603266719931952,42.339966968511973],[-79.603123516771831,42.339984640325774],[-79.602820772036495,42.34004729872867],[-79.602323671785939,42.340158836853995],[-79.602140759825517,42.340199877315769],[-79.602025816863645,42.340228617855374],[-79.601852818441799,42.340271874532846],[-79.601581799237422,42.340362904244373],[-79.601278821829936,42.340494924839398],[-79.601104855746726,42.340593681416344],[-79.600807221118799,42.340739050638049],[-79.600223757197071,42.341066938996754],[-79.600071917106732,42.341161333889282],[-79.599947866700333,42.341277333253259],[-79.599712228115962,42.341430018479052],[-79.599351005162333,42.3417297919354],[-79.598899463865649,42.342104513556187],[-79.598762419782972,42.342230490360322],[-79.598124108714231,42.342901369406732],[-79.597938763399199,42.343087820636406],[-79.59745872645361,42.343517847169053],[-79.597345768241581,42.343579825976072],[-79.597022125600702,42.343855061507895],[-79.596996823024085,42.34387657990608],[-79.596772722962726,42.344061862970122],[-79.59660054409396,42.344254589527807],[-79.596465326224518,42.344305617630447]]},"properties":{"OBJECTID":39,"shoreType":"Beach","landcover":"sand","slope":8,"Shape_Length":4610.7013975031787,"CalShoreType":1,"CalLandcover":1,"CalSlope":2}},{"type":"Feature","id":40,"geometry":{"type":"LineString","coordinates":[[-79.609177016827786,42.33518671573416],[-79.608805784222596,42.335780505974554],[-79.608549025829632,42.336132926506323],[-79.608445310969714,42.336250756438595]]},"properties":{"OBJECTID":40,"shoreType":"Beach","landcover":"sand","slope":8,"Shape_Length":435.8386346135589,"CalShoreType":1,"CalLandcover":1,"CalSlope":2}},{"type":"Feature","id":41,"geometry":{"type":"LineString","coordinates":[[-79.596465326224518,42.344305617630447],[-79.59631480923872,42.344299417524375]]},"properties":{"OBJECTID":41,"shoreType":"Armored","landcover":"sand","slope":8,"Shape_Length":40.755789249162618,"CalShoreType":3,"CalLandcover":1,"CalSlope":2}},{"type":"Feature","id":42,"geometry":{"type":"LineString","coordinates":[[-79.572137230038706,42.350517882153632],[-79.572107763349436,42.350531838778693],[-79.571788378784305,42.350644652980741],[-79.571694052778156,42.350656154479516],[-79.571493722560845,42.350680581332661],[-79.571268120592165,42.350715909406944],[-79.571064121267185,42.350759893626446],[-79.570958072252751,42.350803926845373],[-79.570921738492473,42.350860098637398],[-79.570881096971064,42.350922929193196],[-79.57066516972634,42.350994703119206],[-79.570472126998169,42.351058869275114],[-79.570422741951305,42.35107110544336],[-79.57035515579102,42.351087853013013],[-79.570353888065256,42.351087893636659],[-79.570339747709653,42.351088343077876],[-79.570206106293597,42.351128774279424],[-79.570161576012538,42.35114224516493],[-79.570059523532379,42.351196348063922],[-79.56998356569467,42.351184834279287],[-79.569918068442817,42.351174904977775],[-79.569917122798259,42.351174818584319],[-79.569752170570041,42.351140157690558],[-79.569611233741753,42.35110053460928],[-79.569595900295852,42.351157810043532],[-79.569578361686638,42.351223329540304],[-79.569527816133075,42.351234875776903],[-79.569354548785682,42.351237032279279],[-79.569226257798945,42.351329802692078],[-79.569201477613376,42.351428953702523],[-79.569025729244586,42.351466323575892],[-79.56902040225016,42.35147332415346]]},"properties":{"OBJECTID":42,"shoreType":"Bluff","landcover":"vegetation","slope":45,"Shape_Length":1001.7776510689688,"CalShoreType":2,"CalLandcover":2,"CalSlope":3}},{"type":"Feature","id":43,"geometry":{"type":"LineString","coordinates":[[-79.589129803217375,42.342656438221425],[-79.589023058171918,42.342703052013569],[-79.58857654529065,42.342921062660345],[-79.588381325154174,42.343062292985138],[-79.588280686659473,42.343135410380434],[-79.588139094500079,42.343250085947169],[-79.588091085495449,42.343264075044488],[-79.587982487569732,42.343273623621002],[-79.58781066860395,42.343378606371175],[-79.587673125337048,42.343390844444855],[-79.587531823987419,42.343431554713028],[-79.587423730924982,42.343493747635897],[-79.587315559964324,42.343595752217553],[-79.587166721059177,42.34364993794545],[-79.587111166041282,42.343680751706707],[-79.587042321340476,42.343700611748524],[-79.586916672607188,42.343739000110197],[-79.586826447788042,42.343774809545401],[-79.586774323716426,42.343795497197227],[-79.586663812495942,42.343882538021667],[-79.586469929090654,42.344020669870559],[-79.586346869301835,42.344139605119693],[-79.586217891882086,42.344189237719249],[-79.585983760923554,42.344311724336187],[-79.585834357645766,42.344355162837346],[-79.585721997539125,42.344399686247307],[-79.585701296898293,42.344432914382914],[-79.585686064783488,42.344505942692273],[-79.58561285466638,42.344598157189516],[-79.585476456616874,42.344656024907678],[-79.585335051879511,42.344742686260787],[-79.585087203721869,42.344866961871787],[-79.584562728381698,42.345185350257211],[-79.58401321924805,42.345484626288467],[-79.583948365718797,42.3455199464236],[-79.583889896617535,42.345497460446602],[-79.583717814510265,42.345431277850189],[-79.583643960547633,42.345513750100636],[-79.583701819001448,42.345610397975904],[-79.5837174433032,42.34563649445942],[-79.583580693323057,42.345768409596353],[-79.583498318577341,42.345827579913433],[-79.583463742443897,42.345852417288853],[-79.583394769539808,42.345889141493252],[-79.583339770248259,42.345918426174741],[-79.582892730300372,42.346096414605732],[-79.581895732623323,42.346462225287667],[-79.581728883556778,42.346606737102434],[-79.581486734568628,42.346721248300454],[-79.581268998924187,42.346729967045746],[-79.581152747438722,42.346770869145296],[-79.580886995025111,42.346864369935702],[-79.580289654141168,42.347034036194884],[-79.580215922095064,42.347054268643838],[-79.58019861983864,42.347059015092931],[-79.580119378915384,42.347028319751168],[-79.580046067900824,42.346999920773492],[-79.580045579463388,42.346999886306975],[-79.57995688547868,42.346993699847559],[-79.579878439820646,42.346895551792073],[-79.579768881416754,42.346890408121247],[-79.579761123569199,42.346988912948873],[-79.579718705304188,42.347046194673844],[-79.579686988986666,42.3470890236676],[-79.579623576385913,42.3470917273334],[-79.579550127459669,42.347094859383624],[-79.579457121965689,42.347127844042802],[-79.579455887020671,42.347127879980647],[-79.579279732957886,42.347052916726931],[-79.579208991337595,42.347134907126502],[-79.579172621422728,42.34717758193603],[-79.579131724940154,42.347225591587033],[-79.579045524670065,42.347276684766783],[-79.578839587030558,42.347330613707314],[-79.578728573207584,42.347384574370992],[-79.578445587976688,42.347505559286986],[-79.578124315370644,42.347614789253477],[-79.577778083835028,42.3477325049219],[-79.577582943662279,42.347842773866255],[-79.577417138470395,42.347936466676074],[-79.577142172212234,42.348129428578311],[-79.577004833788365,42.34816624995679],[-79.576883100452775,42.348198888211762],[-79.57665013036835,42.34837684348458],[-79.576577039715204,42.348409927854341],[-79.576500106461921,42.348431912412586],[-79.57639239695358,42.348450388557794],[-79.576423045152296,42.348464269430337],[-79.576203043040195,42.348482869932006],[-79.576148241457332,42.348541730450563],[-79.576103061910899,42.34859025416155],[-79.576039645165594,42.348681035371754],[-79.575931137814777,42.348770253291221],[-79.575870859517877,42.348812296759547],[-79.575832137815965,42.348839306818711],[-79.575786004409011,42.348860478687648],[-79.575745098283122,42.348879252819223],[-79.575645533540879,42.34892299837211],[-79.575577225667999,42.348910911607597],[-79.575446330305297,42.348887749903746],[-79.575235122134927,42.34888713127404],[-79.575162832971117,42.348938315446077],[-79.575091772851408,42.34898863005899],[-79.575059487266316,42.3490114896398],[-79.574880283912194,42.349087000667986],[-79.574779942489172,42.349132664413311],[-79.574765553807978,42.349137979942121],[-79.574415496748117,42.349319978902898],[-79.573690522859835,42.349739300824858],[-79.573248563785043,42.349966934639092],[-79.572536212182669,42.35032890849638],[-79.572137230038706,42.350517882153632]]},"properties":{"OBJECTID":43,"shoreType":"Bluff","landcover":"vegetation","slope":8,"Shape_Length":5768.0372067888648,"CalShoreType":2,"CalLandcover":2,"CalSlope":2}},{"type":"Feature","id":44,"geometry":{"type":"LineString","coordinates":[[-79.56902040225016,42.35147332415346],[-79.568896723620838,42.351635844510255],[-79.568622380122875,42.351882634420917],[-79.568472806854444,42.351945778114796],[-79.568284482523566,42.351992971795319],[-79.5682111978617,42.352146797351189],[-79.56790699075782,42.35226675824093],[-79.567646068219304,42.35247727650102],[-79.567089529561741,42.352649053483987],[-79.56685461716981,42.352748850859179],[-79.566559704034646,42.352799789261134],[-79.566492103285938,42.352887193422013],[-79.566413702242087,42.352945088456572],[-79.566216935116699,42.353045088606983],[-79.566184831156704,42.353061403482577],[-79.566169731130387,42.353069077400612],[-79.565928732673257,42.353229053041495],[-79.565901069488646,42.353259841630226],[-79.565866730910244,42.353298061735096],[-79.565527564633101,42.353483304578674],[-79.565457682684851,42.353521471637144],[-79.565448119296136,42.353531921355334],[-79.565203552309868,42.353667099505188],[-79.565164053032461,42.353688930514203],[-79.565036051966104,42.353801899051192],[-79.56502294989879,42.353846718077428],[-79.56500669008588,42.353902336166762],[-79.564820402091812,42.353990761826019],[-79.564657338422222,42.354064909588757],[-79.5646200906573,42.354081847842522],[-79.564584041683133,42.354158912811585],[-79.564562384751056,42.354226930872557],[-79.564535359328985,42.35431181598068],[-79.564348039656096,42.35442393285124],[-79.564201050262128,42.354511912290832],[-79.563968077348193,42.354755926055688],[-79.563760077632125,42.354930877550593],[-79.563697213116086,42.354994930011777],[-79.563647049026812,42.355046041942984],[-79.563518920054278,42.355176591716457],[-79.563303734563505,42.355282188396444],[-79.563233589608558,42.35531661021551],[-79.56253007461595,42.355776918658009],[-79.562257069809476,42.355967872545925],[-79.562202112901247,42.35601688116202],[-79.561813125746639,42.356501922258325],[-79.5616951570466,42.356565868604832],[-79.561693880791395,42.35656591460743],[-79.561679247653899,42.356566450014434],[-79.561615367939908,42.356604969533109],[-79.561470465134178,42.356692344258668],[-79.561336508779334,42.35661669103721],[-79.561100353599272,42.356575069845704],[-79.561100149239536,42.356575120204454],[-79.561047830949093,42.356588184012793],[-79.561024403310725,42.35659403404896],[-79.560979375696974,42.356625990451796],[-79.560932647654951,42.356685838953759],[-79.560929387654028,42.356690015308438],[-79.560926077937339,42.356787852417405],[-79.560901132897342,42.3568958978829],[-79.560647145418613,42.357238879623665],[-79.560429099323187,42.357499848266563],[-79.560220091092674,42.357662858580312],[-79.559944126510885,42.357834931366234],[-79.559721057697232,42.357947898841708],[-79.559464144785238,42.358047900811137],[-79.559153076673226,42.358135926494192],[-79.5586951244712,42.358250872034873],[-79.558470988579941,42.35834052313156],[-79.558130127931136,42.358476860744851],[-79.557322129432123,42.358855861887861],[-79.556219445066546,42.35941162202819],[-79.555453073638631,42.359797866009743],[-79.555420357438976,42.359815815287156],[-79.555370769719246,42.359843021279552],[-79.555236130895253,42.359916887598338],[-79.555140768936965,42.359997118120916],[-79.554957105222186,42.360151641971882],[-79.554734117788058,42.360314658087695],[-79.554500125406122,42.360500402182453],[-79.554431923227909,42.360530892169223],[-79.554207656126621,42.360631152297643],[-79.554001846643089,42.360851789773946],[-79.553996473852365,42.360857551229664],[-79.553649959574059,42.361114657289733],[-79.553338867093387,42.36140896974711],[-79.553268997778602,42.361465972395976],[-79.553152356820235,42.361561133491051]]},"properties":{"OBJECTID":44,"shoreType":"Bluff","landcover":"vegetation","slope":8,"Shape_Length":5878.3965515072105,"CalShoreType":2,"CalLandcover":2,"CalSlope":2}},{"type":"Feature","id":45,"geometry":{"type":"LineString","coordinates":[[-79.596614126969939,42.342746912005353],[-79.59661168799218,42.342641435114842],[-79.596612252230386,42.342619061382003],[-79.596615984340559,42.342470889245106],[-79.59663845495902,42.342446936347969],[-79.596645037561515,42.342439918884381],[-79.596740885092075,42.342416603949957],[-79.596817944580096,42.3423978592634],[-79.596846674329228,42.342381513413294],[-79.596853017970957,42.342377904769101],[-79.596866958360337,42.342302885035586],[-79.596838010774633,42.342208880869414],[-79.596818003033448,42.342180874875162],[-79.596758021402152,42.342168880162028],[-79.596756741932126,42.342168932885009],[-79.596742015213678,42.342169534810232],[-79.596740734530215,42.342169587543786],[-79.596634961231331,42.34217391293663],[-79.596619348645561,42.342176028870213],[-79.596508830216649,42.342191007869609],[-79.59649991943283,42.342162014263366],[-79.596618002167119,42.342102836823095],[-79.596655092100676,42.342067522626571],[-79.596662033153834,42.342060913428732],[-79.596660510416314,42.342016724166001],[-79.596660308720317,42.342010890231499],[-79.596659101722722,42.341975857786935],[-79.59664203463295,42.341949893749671],[-79.596620091205892,42.341936912757667],[-79.596550261637631,42.341960204733873],[-79.596334496405376,42.3418021908738],[-79.596221239491499,42.341763791845288],[-79.596144022046914,42.341742340219191],[-79.596116359338424,42.341734655676341],[-79.596103945435559,42.341730776123335],[-79.595994776845515,42.341696660375582],[-79.595867311897166,42.341666047104205],[-79.595833497816926,42.341650351967452],[-79.595777574237616,42.341624391524711],[-79.595776801342879,42.341622207029694],[-79.595762513504383,42.341581780272165]]},"properties":{"OBJECTID":45,"shoreType":"Armored","landcover":"vegetation","slope":8,"Shape_Length":735.62684539271254,"CalShoreType":3,"CalLandcover":2,"CalSlope":2}},{"type":"Feature","id":46,"geometry":{"type":"LineString","coordinates":[[-79.596550922616046,42.343249345772904],[-79.596567596527635,42.34316351818822],[-79.596582092338082,42.343088896022032],[-79.596607075135381,42.342993895710613],[-79.596615122144243,42.342789913934368],[-79.596614126969939,42.342746912005353]]},"properties":{"OBJECTID":46,"shoreType":"Armored","landcover":"development","slope":8,"Shape_Length":184.39951275380787,"CalShoreType":3,"CalLandcover":3,"CalSlope":2}},{"type":"Feature","id":47,"geometry":{"type":"LineString","coordinates":[[-79.59631480923872,42.344299417524375],[-79.596207658600363,42.344151264456968],[-79.596327868006156,42.344006223567654],[-79.596470628752996,42.343667894196635],[-79.596478715402327,42.343625445827378],[-79.59652253261882,42.343395482355803],[-79.596550922616046,42.343249345772904]]},"properties":{"OBJECTID":47,"shoreType":"Armored","landcover":"sand","slope":8,"Shape_Length":406.60033025637392,"CalShoreType":3,"CalLandcover":1,"CalSlope":2}},{"type":"Feature","id":48,"geometry":{"type":"LineString","coordinates":[[-79.595762513504383,42.341581780272165],[-79.595745198755722,42.341532786917078],[-79.595597118160271,42.341497850302993],[-79.59537242182931,42.341445182361944],[-79.595215418826257,42.341434112529718],[-79.595214364119926,42.341434180357403],[-79.594953144363984,42.341450875821486],[-79.594593096258976,42.341532859492716],[-79.594526063458346,42.341578858941183],[-79.594509079244062,42.341598898971554],[-79.59451388349332,42.341631599461216],[-79.594515102519978,42.341639892138829],[-79.594549058556964,42.341686502573239],[-79.594566083142453,42.341709872647215],[-79.594571366033875,42.341734726434943],[-79.594574916365033,42.341751427119334]]},"properties":{"OBJECTID":48,"shoreType":"Beach","landcover":"sand","slope":8,"Shape_Length":432.48696426368792,"CalShoreType":1,"CalLandcover":1,"CalSlope":2}},{"type":"Feature","id":49,"geometry":{"type":"LineString","coordinates":[[-79.593463331465699,42.342058341629553],[-79.593457703161789,42.342038721553436],[-79.593279941879288,42.341984341367166],[-79.593110841725519,42.341986280956768],[-79.592780111161417,42.341942386042625],[-79.59246545167008,42.341932295278532],[-79.592184567338606,42.341923286613806],[-79.591988335077502,42.341916993301666],[-79.591863700689544,42.341921019269343],[-79.591379666118158,42.341936655761657],[-79.591065570498913,42.342001750712043],[-79.590768419231125,42.342066081913764],[-79.590554842243279,42.342123568766915],[-79.59033991196516,42.342178560684623],[-79.5899981703256,42.342292048753521],[-79.589899337455691,42.342324869781258],[-79.589845906497715,42.342342612832446],[-79.589582869276043,42.342458593949821],[-79.589129803217375,42.342656438221425]]},"properties":{"OBJECTID":49,"shoreType":"Beach","landcover":"sand","slope":8,"Shape_Length":1240.8037149307895,"CalShoreType":1,"CalLandcover":1,"CalSlope":2}},{"type":"Feature","id":50,"geometry":{"type":"LineString","coordinates":[[-79.593493180240316,42.342146796498596],[-79.593478122772879,42.342109910799785],[-79.593465101342375,42.342064512869243],[-79.593463331465699,42.342058341629553]]},"properties":{"OBJECTID":50,"shoreType":"Armored","landcover":"sand","slope":8,"Shape_Length":33.260422174735083,"CalShoreType":3,"CalLandcover":1,"CalSlope":2}},{"type":"Feature","id":51,"geometry":{"type":"LineString","coordinates":[[-79.594574916365033,42.341751427119334],[-79.594607108680108,42.341902879938083],[-79.594603320649412,42.341912162989196],[-79.594585077812539,42.341956883137208],[-79.594545037753875,42.342011882445973],[-79.594528084433747,42.342088910930201],[-79.594532021945199,42.342115837361035],[-79.594545045136741,42.342204914803894],[-79.594686524370104,42.342778297756524],[-79.594661507125409,42.342801362535759],[-79.594646111778133,42.342803265615352],[-79.594427442303967,42.342830298074801],[-79.594063457694944,42.342873365301521],[-79.593737982552881,42.342906156339737],[-79.59369647816105,42.342910337555466],[-79.593696352127225,42.342910272944536],[-79.593667469302162,42.342895297166642],[-79.593655427589567,42.342873360439725],[-79.593577657214141,42.342548929135575],[-79.593507088281157,42.342180865393615],[-79.593493180240316,42.342146796498596]]},"properties":{"OBJECTID":51,"shoreType":"Armored","landcover":"development","slope":8,"Shape_Length":944.10461385733254,"CalShoreType":3,"CalLandcover":3,"CalSlope":2}},{"type":"Feature","id":52,"geometry":{"type":"LineString","coordinates":[[-79.553152356820235,42.361561133491051],[-79.553084090096164,42.361616827847008],[-79.552830122809667,42.361817767873291],[-79.552792424504432,42.361847594691611],[-79.552596671988027,42.362072161682576],[-79.552473695389594,42.362213745277408],[-79.552397979740178,42.362321573381273],[-79.552313454446789,42.362396402700355],[-79.55227089017032,42.362431612815293]]},"properties":{"OBJECTID":52,"shoreType":"Beach","landcover":"vegetation","slope":8,"Shape_Length":398.64787047477904,"CalShoreType":1,"CalLandcover":2,"CalSlope":2}},{"type":"Feature","id":53,"geometry":{"type":"LineString","coordinates":[[-79.551718995195799,42.362566704126074],[-79.551629081003583,42.362545552224411],[-79.551558138014485,42.36252886214335],[-79.551417074910361,42.362560852434591],[-79.551415960690704,42.362560865444365],[-79.551303145696579,42.362598344730692],[-79.551248407933755,42.362616529158686],[-79.551199407663347,42.362616307233147],[-79.551086990302821,42.362615799555492],[-79.550907986075501,42.362579794292131],[-79.550710327653348,42.362526577685479],[-79.550521931476638,42.362475852936917],[-79.550408932132427,42.362462790404877],[-79.550192149507794,42.362501553385989],[-79.550191481390598,42.362501604035224],[-79.550021186231575,42.362514565642549],[-79.549888952175806,42.362542479602688],[-79.549817718624297,42.362554323005043],[-79.549717575893425,42.362578298430705],[-79.549672218617147,42.362589156570571]]},"properties":{"OBJECTID":53,"shoreType":"Beach","landcover":"vegetation","slope":8,"Shape_Length":576.00552211790148,"CalShoreType":1,"CalLandcover":2,"CalSlope":2}},{"type":"Feature","id":54,"geometry":{"type":"LineString","coordinates":[[-79.549672218617147,42.362589156570571],[-79.549265589430902,42.362686506439701]]},"properties":{"OBJECTID":54,"shoreType":"Beach","landcover":"sand","slope":8,"Shape_Length":115.48630125427523,"CalShoreType":1,"CalLandcover":1,"CalSlope":2}},{"type":"Feature","id":55,"geometry":{"type":"LineString","coordinates":[[-79.55227089017032,42.362431612815293],[-79.552160322101543,42.362523078076485],[-79.552012240515111,42.362564730943177],[-79.551771149826934,42.362578973924052],[-79.551718995195799,42.362566704126074]]},"properties":{"OBJECTID":55,"shoreType":"Armored","landcover":"vegetation","slope":8,"Shape_Length":167.72864597951553,"CalShoreType":3,"CalLandcover":2,"CalSlope":2}},{"type":"Feature","id":56,"geometry":{"type":"LineString","coordinates":[[-79.540425210082304,42.367099706150839],[-79.540405340596891,42.367140551781567]]},"properties":{"OBJECTID":56,"shoreType":"Bluff","landcover":"vegetation","slope":8,"Shape_Length":15.824766727446237,"CalShoreType":2,"CalLandcover":2,"CalSlope":2}},{"type":"Feature","id":57,"geometry":{"type":"LineString","coordinates":[[-79.540591424487701,42.366816480674395],[-79.54055197895218,42.366878373892121],[-79.540471290009904,42.367004983310295],[-79.540425210082304,42.367099706150839]]},"properties":{"OBJECTID":57,"shoreType":"Bluff","landcover":"sand","slope":8,"Shape_Length":112.6823664479199,"CalShoreType":2,"CalLandcover":1,"CalSlope":2}},{"type":"Feature","id":58,"geometry":{"type":"LineString","coordinates":[[-79.540670243380831,42.366724253684517],[-79.540654198519789,42.366735044438656],[-79.54063516843145,42.366747841663503],[-79.540591424487701,42.366816480674395]]},"properties":{"OBJECTID":58,"shoreType":"Bluff","landcover":"vegetation","slope":8,"Shape_Length":40.464466085329406,"CalShoreType":2,"CalLandcover":2,"CalSlope":2}},{"type":"Feature","id":59,"geometry":{"type":"LineString","coordinates":[[-79.540839320898797,42.366634158280021],[-79.540742159793368,42.3666758889593],[-79.540670243380831,42.366724253684517]]},"properties":{"OBJECTID":59,"shoreType":"Bluff","landcover":"development","slope":8,"Shape_Length":56.582781580283708,"CalShoreType":2,"CalLandcover":3,"CalSlope":2}},{"type":"Feature","id":60,"geometry":{"type":"LineString","coordinates":[[-79.549265589430902,42.362686506439701],[-79.549183500942647,42.362706158222863],[-79.549019326251113,42.362745462493891],[-79.5480980977825,42.363027661357414],[-79.547860500498189,42.363082843590398],[-79.547365127176533,42.363197893033941],[-79.54718010987304,42.363239907858983],[-79.546996094452041,42.363258926763073],[-79.546795293115565,42.363312894497355],[-79.546511042691918,42.363347885273726],[-79.546220843999862,42.363318123958003],[-79.546194914090862,42.363336612297637],[-79.546064158259469,42.363429841051207],[-79.545673109222321,42.363481930924294],[-79.545657854909038,42.36348499212567],[-79.545499108944739,42.363516843572988],[-79.545350078952723,42.36357984626369],[-79.545149156382195,42.363700913727783],[-79.544927945124925,42.363787292538959],[-79.544863522563091,42.363948505590798],[-79.54484088952502,42.364005147429197],[-79.544645494584842,42.364108870303482],[-79.544462273988756,42.364206130206107],[-79.544221620772859,42.364420632983347],[-79.543684797450595,42.364899117655831],[-79.543482178948722,42.365039166476187],[-79.543085120623303,42.365313608247895],[-79.542987829667766,42.365328072929479],[-79.542905273848277,42.365340346222965],[-79.54281788241336,42.365427278057886],[-79.5427511896863,42.365493618850721],[-79.541937115962611,42.365964258940139],[-79.541764588858527,42.366046273162823],[-79.541578125349872,42.366134912733884],[-79.541463419255905,42.366246476087355],[-79.54137107504819,42.366336289529571],[-79.541321626660618,42.366427010273163],[-79.540913705699793,42.366602210388187],[-79.540839320898797,42.366634158280021]]},"properties":{"OBJECTID":60,"shoreType":"Bluff","landcover":"vegetation","slope":8,"Shape_Length":2813.7336576861271,"CalShoreType":2,"CalLandcover":2,"CalSlope":2}},{"type":"Feature","id":61,"geometry":{"type":"LineString","coordinates":[[-79.540405340596891,42.367140551781567],[-79.540403293239251,42.367144759738785],[-79.540341983387975,42.367204891672799]]},"properties":{"OBJECTID":61,"shoreType":"Bluff","landcover":"vegetation","slope":8,"Shape_Length":29.103753329705004,"CalShoreType":2,"CalLandcover":2,"CalSlope":2}},{"type":"Feature","id":62,"geometry":{"type":"LineString","coordinates":[[-79.509092456129281,42.383248183094146],[-79.508998732204347,42.383301878862326],[-79.508166164352318,42.383675005460525],[-79.507933899402701,42.383870363346901],[-79.50778793207661,42.383960298469546],[-79.507642969423472,42.384086297286352],[-79.507151128090769,42.384486823144812],[-79.506824409713502,42.384712394715493],[-79.506586178242358,42.384876872002209],[-79.506123175981088,42.385111822638926],[-79.505854030568102,42.385288879428657],[-79.505521026873012,42.385461898323207],[-79.504524730639176,42.386028175562465],[-79.504217654775729,42.386207188919904],[-79.503908455089913,42.386403124176375],[-79.50389573157554,42.38641118762434],[-79.503251729463273,42.386835396003463],[-79.502816849469696,42.387230245071386],[-79.502367322202005,42.387414689419373],[-79.502129230180756,42.387500287179584],[-79.501798280996994,42.387566239548448],[-79.501285571026457,42.387800918828098],[-79.501120536831721,42.387863953359471],[-79.50092852285735,42.38795398006819],[-79.50092539298879,42.387956049681605],[-79.500751559400456,42.388070964065385],[-79.500284329869487,42.388354589224448],[-79.500201317893584,42.388402001693699],[-79.500098192636671,42.388460903313693],[-79.499743097868546,42.38887885766286],[-79.49951067727531,42.389059514979216],[-79.499504606754002,42.389064570012387],[-79.499393074190834,42.389157451244124],[-79.499222751405412,42.389202263796193],[-79.49919602148114,42.389190788872654],[-79.499070243615861,42.389136795794123],[-79.498802126939196,42.389317063391438],[-79.498742773388244,42.389356971003352],[-79.498679476390805,42.389369968865473],[-79.49850582427176,42.389405630270481],[-79.49833113038197,42.389479200175188],[-79.498192607807127,42.389565276990304],[-79.498169830060206,42.389576145218093],[-79.497902189495548,42.389703851522846],[-79.497817476392754,42.38975011265611],[-79.497750111878716,42.38978689932852],[-79.497535357240309,42.389891014826979],[-79.497339443333942,42.390003066118894],[-79.497236890543093,42.390077179109419],[-79.497209406792081,42.390097040756253],[-79.497082404763233,42.390236051514854]]},"properties":{"OBJECTID":62,"shoreType":"Bluff","landcover":"vegetation","slope":8,"Shape_Length":4206.5583955270231,"CalShoreType":2,"CalLandcover":2,"CalSlope":2}},{"type":"Feature","id":63,"geometry":{"type":"LineString","coordinates":[[-79.509831717383875,42.382890330091655],[-79.509647221457755,42.382968403420072],[-79.509443510731188,42.38305460646226]]},"properties":{"OBJECTID":63,"shoreType":"Bluff","landcover":"vegetation","slope":8,"Shape_Length":120.77163000766785,"CalShoreType":2,"CalLandcover":2,"CalSlope":2}},{"type":"Feature","id":64,"geometry":{"type":"LineString","coordinates":[[-79.540341983387975,42.367204891672799],[-79.539755276354882,42.36778031085381],[-79.539122801547649,42.368453356438927],[-79.538724302000531,42.368807434060962],[-79.538540839758269,42.368972772941149],[-79.538458860830218,42.369046652487341],[-79.538376655905765,42.369119972074088],[-79.538265172057066,42.369258714003671],[-79.538118036102361,42.369283409226995],[-79.537847800649928,42.369304344186247],[-79.537695673097417,42.36938989612468],[-79.537695518764139,42.36938980647983],[-79.537662619016345,42.369370949124288],[-79.537636705256688,42.36933846168936],[-79.537536736085812,42.369213138426829],[-79.537501512728412,42.369213292947393],[-79.5372999369105,42.369214179106812],[-79.537164943568939,42.369211160076674],[-79.537164250080451,42.369211224365529],[-79.536990897624563,42.369227154935658],[-79.536698875389305,42.369274118532758],[-79.53641493524168,42.36933210310697],[-79.53613389681513,42.369415186441493],[-79.535725866530001,42.36956416323973],[-79.535331237057051,42.369693138931325],[-79.535263183745741,42.36971538038047],[-79.534809067533459,42.36985844892736],[-79.534591062475045,42.369938486301201],[-79.534365045113361,42.370045493184321],[-79.534016385168655,42.370238104634588],[-79.533785184215589,42.370365825885536],[-79.533566985863175,42.370449753978782],[-79.533408147107437,42.370510850775752],[-79.533302781635939,42.370453445246348],[-79.53305306359573,42.37028705768148],[-79.532908770397285,42.37031006793265],[-79.532795308423985,42.370359846762611],[-79.532765522679142,42.370372915413753],[-79.532656952605905,42.370432076060609],[-79.532574194649726,42.370571068837251],[-79.532339969083239,42.370623080469038],[-79.532241090535351,42.370666030845484],[-79.532201983213824,42.370683018054869],[-79.531978499866156,42.370746511503611],[-79.531972937480219,42.370748092530405],[-79.531699961503293,42.370864067008753],[-79.531611946416604,42.370930037496393],[-79.531550950951214,42.370990075681462],[-79.531518998352468,42.371042110404829],[-79.531483290628955,42.371069944790406],[-79.531437150746399,42.371105910457494],[-79.531214166052081,42.371320921195014],[-79.531068140545031,42.371405846694422],[-79.530789163511102,42.371415361254556],[-79.530581157320569,42.371471240832548],[-79.530453159858766,42.371599915771441],[-79.529769102094136,42.372048901678433],[-79.529403174806163,42.372256875477397],[-79.529376339178427,42.372273915300866],[-79.529055061000989,42.372477916555852],[-79.528821157229387,42.372554879860715],[-79.528598158956839,42.372656893445821],[-79.528493086696457,42.37273389120972],[-79.528328156736819,42.372886905156221],[-79.528245069674995,42.373007868221016],[-79.528229126875928,42.373079899703384],[-79.528144160249255,42.37315285656954],[-79.528143055115038,42.373153083548196],[-79.528141270912968,42.373153449366555],[-79.528139527866117,42.373153806743119],[-79.527964080644566,42.373189875082723],[-79.527867160412001,42.373219913351164],[-79.527622094436197,42.373362863095778],[-79.526682094765292,42.374021925780362],[-79.526649619136833,42.37404246489465],[-79.52644776579335,42.374170126089169],[-79.526244127850987,42.374298914366506],[-79.526158164797891,42.374315911258471],[-79.526157718018979,42.374315833006193],[-79.52615135727703,42.374314723939655],[-79.526055115706612,42.3742979281743],[-79.526026359401897,42.37430730440893],[-79.525867213043114,42.374359198585594],[-79.525840390417812,42.374522248723025],[-79.52572343706008,42.37459357523803],[-79.525468170652672,42.374617965458569],[-79.525384707475865,42.374797547565912],[-79.525198384261046,42.374976435221555],[-79.524921245164791,42.375054096873463],[-79.524780679017042,42.375017439912291],[-79.524582440772519,42.37498907804131],[-79.52448040319571,42.374974478442205],[-79.524465735523535,42.375010495318548],[-79.524409409517418,42.375148803291061],[-79.524189251690885,42.375214681434144],[-79.523905561376537,42.375287740784053],[-79.523893695898465,42.375321166961278]]},"properties":{"OBJECTID":64,"shoreType":"Bluff","landcover":"vegetation","slope":8,"Shape_Length":5814.9584475848078,"CalShoreType":2,"CalLandcover":2,"CalSlope":2}},{"type":"Feature","id":65,"geometry":{"type":"LineString","coordinates":[[-79.518241005532289,42.37845973112131],[-79.518182314299182,42.37847442355131],[-79.517823089185796,42.378815584870985],[-79.517624482359935,42.378907603764745],[-79.517464094311791,42.378981916357603],[-79.516353155112682,42.379689874403994],[-79.516229630051484,42.379810886788384],[-79.516000217901635,42.380035628800755],[-79.515874144284155,42.38012154834454],[-79.515701259939377,42.380223627886096],[-79.515535933859084,42.380298110277288],[-79.515528220981224,42.380301585101023],[-79.515261203963647,42.380391623624057],[-79.515223666399166,42.380368903800203],[-79.515113405180472,42.380302168309683],[-79.514980885035996,42.380335984454014],[-79.51490874843401,42.380479934051131],[-79.51490781305499,42.380481798954328],[-79.514679490545433,42.380734244940712],[-79.514653229405994,42.380754597814764],[-79.51453525025434,42.380809582714924],[-79.514438028491725,42.380840984113348],[-79.514402201028844,42.380852556655029],[-79.514206210403245,42.380891623806988],[-79.514057621409222,42.380896797832833],[-79.513711096895463,42.38090886202253],[-79.513550116609409,42.380951855482117],[-79.513381068085437,42.381022899744558],[-79.51290272528442,42.381337778046849],[-79.512583426953682,42.38154796045341],[-79.512196156619424,42.381802882647669],[-79.512027174020432,42.381857894680081],[-79.511855575265045,42.381875234236723],[-79.511631107492903,42.381897912748023],[-79.511501114301424,42.381920865793788],[-79.511483206088826,42.381966431404472],[-79.511453265402693,42.382042614318003],[-79.511335077254586,42.382088543378558],[-79.511183468787266,42.382155404508921],[-79.511149978531535,42.382170174759906],[-79.511149990810026,42.382176286741192],[-79.511150236505088,42.38229754504713],[-79.511016411914738,42.382402873734407],[-79.510820068255327,42.382478816603651],[-79.51056727602051,42.38265608170115],[-79.510319604290231,42.382738405988164]]},"properties":{"OBJECTID":65,"shoreType":"Bluff","landcover":"vegetation","slope":8,"Shape_Length":2803.0780194177905,"CalShoreType":2,"CalLandcover":2,"CalSlope":2}},{"type":"Feature","id":66,"geometry":{"type":"LineString","coordinates":[[-79.523893695898465,42.375321166961278],[-79.523862643731277,42.375408640255216],[-79.523564996620905,42.375558575800973],[-79.523410944681061,42.375614369864557],[-79.523288157247066,42.375658839190315],[-79.523148339916332,42.375751330048175],[-79.523135384279428,42.375797749999911],[-79.523112998909582,42.375877958700954],[-79.522816984403264,42.376009391410875],[-79.522736493124683,42.376045130899058],[-79.52270298110659,42.37608517051563],[-79.522587670816733,42.37622293814362],[-79.522237473724786,42.376446412603848],[-79.521890497279912,42.376603227185903],[-79.521706841123844,42.37667259104699],[-79.521687887823887,42.376679749557752],[-79.521428152139237,42.376777845494793],[-79.521322102506616,42.376844881119872],[-79.521243953731414,42.376944731814639],[-79.52117590698748,42.377031674249842],[-79.521164844259474,42.37703821894528],[-79.521046471450276,42.377108254064687],[-79.520880750005716,42.377216976526981],[-79.520724432267997,42.377196871959498],[-79.520711969684214,42.377195269608691],[-79.520683091095265,42.377212159340978],[-79.520510061221742,42.377313357861304],[-79.520282998212281,42.377360106919411],[-79.520277219067211,42.377361296622439],[-79.520276306840557,42.377362581592628],[-79.520201110411136,42.377468500620331],[-79.519991756794155,42.377467802120513],[-79.519981745997939,42.377467768674336],[-79.519967644326329,42.377476718455668],[-79.51983979678289,42.377557853815389],[-79.519671000673682,42.377703969873053],[-79.519367233778524,42.37776235504893],[-79.519238165924847,42.377940227995296],[-79.518985354401082,42.378016794395705],[-79.518645259339337,42.378243386743613],[-79.518461852930514,42.378404446221367],[-79.518241005532289,42.37845973112131]]},"properties":{"OBJECTID":66,"shoreType":"Bluff","landcover":"vegetation","slope":45,"Shape_Length":2002.4715415819448,"CalShoreType":2,"CalLandcover":2,"CalSlope":3}},{"type":"Feature","id":67,"geometry":{"type":"LineString","coordinates":[[-79.510319604290231,42.382738405988164],[-79.510209500352516,42.382775002714254],[-79.510101464275778,42.382802926313097],[-79.509939086961609,42.38284489425881],[-79.509831717383875,42.382890330091655]]},"properties":{"OBJECTID":67,"shoreType":"Bluff","landcover":"development","slope":8,"Shape_Length":143.37939158823852,"CalShoreType":2,"CalLandcover":3,"CalSlope":2}},{"type":"Feature","id":68,"geometry":{"type":"LineString","coordinates":[[-79.509443510731188,42.38305460646226],[-79.509393130585323,42.383075926319805],[-79.509189841964925,42.383192390605053],[-79.509092456129281,42.383248183094146]]},"properties":{"OBJECTID":68,"shoreType":"Bluff","landcover":"development","slope":8,"Shape_Length":118.34072097465146,"CalShoreType":2,"CalLandcover":3,"CalSlope":2}},{"type":"Feature","id":69,"geometry":{"type":"LineString","coordinates":[[-79.497082404763233,42.390236051514854],[-79.496955403378024,42.390375061224944],[-79.496828469799084,42.390509070036451],[-79.496646172846269,42.390738270901494],[-79.496526366425726,42.390827581672767],[-79.496376922146922,42.390963244870356],[-79.49629731609825,42.391035510510058],[-79.496245151554987,42.391082865292738],[-79.496205168320287,42.391114868524369],[-79.496149820034361,42.391141245733543],[-79.49614010057752,42.391145877696793],[-79.496060175697437,42.39116792659248],[-79.4960522798292,42.391166314017255],[-79.496009609056443,42.391157602223501],[-79.496006186130899,42.391156902940281],[-79.496004647481968,42.391147273076463],[-79.495999153872646,42.391112880692766],[-79.495909869938743,42.391099469518956],[-79.495886578729113,42.391045281868813],[-79.495813098736107,42.391026542932934],[-79.495702662289801,42.391026081391459],[-79.495665030690631,42.391025923538812],[-79.495548156873099,42.391074493398115],[-79.495546627292896,42.391075129471112],[-79.495489574187104,42.391102303180922]]},"properties":{"OBJECTID":69,"shoreType":"Beach","landcover":"sand","slope":8,"Shape_Length":636.28032618705697,"CalShoreType":1,"CalLandcover":1,"CalSlope":2}},{"type":"Feature","id":70,"geometry":{"type":"LineString","coordinates":[[-79.445638176686089,42.416649797045849],[-79.445326437620096,42.417011814825074],[-79.445167789586932,42.417150972341986],[-79.445047945558514,42.417256091547188],[-79.444824195969005,42.417453350982505],[-79.444804660821887,42.417487350419847],[-79.444778217600046,42.417533376496962],[-79.444716143801941,42.417614391720747],[-79.444456714743851,42.41777727546576],[-79.444246164711146,42.41801686066156],[-79.444100135818218,42.418119579092433],[-79.44405423578192,42.418151864163498],[-79.443969017345566,42.418211806872073]]},"properties":{"OBJECTID":70,"shoreType":"Bluff","landcover":"sand","slope":8,"Shape_Length":731.80293346292592,"CalShoreType":2,"CalLandcover":1,"CalSlope":2}},{"type":"Feature","id":71,"geometry":{"type":"LineString","coordinates":[[-79.457347951250682,42.409317479340075],[-79.45720015587095,42.409392882648099],[-79.457134063465702,42.409413726694872],[-79.457127191878442,42.409415894753423],[-79.456729142087127,42.409603908791894],[-79.456603207969522,42.409633843130948],[-79.45637319067076,42.409660900506864],[-79.456281107567662,42.409679883045328],[-79.456235114779091,42.409702924161813],[-79.456159210851197,42.409759901625414],[-79.455960119732651,42.40985985314628],[-79.455538161680337,42.410008909490962],[-79.455385128843872,42.410115887420254],[-79.455282162456314,42.410157894007384],[-79.454976116837358,42.41024192995846],[-79.454853125284131,42.410268865445616],[-79.454738129908861,42.410310888273514],[-79.45416704298718,42.410654118424404]]},"properties":{"OBJECTID":71,"shoreType":"Bluff","landcover":"vegetation","slope":45,"Shape_Length":1001.6931779907328,"CalShoreType":2,"CalLandcover":2,"CalSlope":3}},{"type":"Feature","id":72,"geometry":{"type":"LineString","coordinates":[[-79.479466675070057,42.401348267828425],[-79.479425251365171,42.401358032981527],[-79.479343947054218,42.401389802321553],[-79.479194111737243,42.401506931572278],[-79.479090119762063,42.401588222901808],[-79.478960094704647,42.401751235147081],[-79.478818115048355,42.401864206208195],[-79.478699056377366,42.401973219550982],[-79.478561086885534,42.402074235535331],[-79.478202109080456,42.402224241129225],[-79.477992139528325,42.40235823968446],[-79.477622149384601,42.402732231374927],[-79.477376493356715,42.402991873382234],[-79.477246545144922,42.403058904112733],[-79.477170571737673,42.403083843955372],[-79.477108542237048,42.403087893651744],[-79.477107963457684,42.403087511940257],[-79.477064561494032,42.403058911429447],[-79.477046461920281,42.403029910174688],[-79.477021488448329,42.403011887517621],[-79.477005767063162,42.403012733914181],[-79.476966546166267,42.403014847451956],[-79.476871482963986,42.403022753889232],[-79.47669335016117,42.403127556688986],[-79.47662049116613,42.403221088346726]]},"properties":{"OBJECTID":72,"shoreType":"Bluff","landcover":"vegetation","slope":8,"Shape_Length":1096.2052361902572,"CalShoreType":2,"CalLandcover":2,"CalSlope":2}},{"type":"Feature","id":73,"geometry":{"type":"LineString","coordinates":[[-79.470049644123009,42.40564143561987],[-79.469914881813466,42.405655845460508],[-79.469677707819898,42.405729501912091],[-79.469459710209719,42.40578348596889],[-79.46922674708,42.405794474924846],[-79.469134104970266,42.405795928174221],[-79.468602660969722,42.405958500664262],[-79.468399697777755,42.406027469847771],[-79.467882677968561,42.406142469792506],[-79.467660686005502,42.406215515161563],[-79.467549748412367,42.406261442104004],[-79.467541497256022,42.406262641013576],[-79.467450135652143,42.406275918225589],[-79.467347130806829,42.406318924471137],[-79.467083149706795,42.40639090697816],[-79.466951696465401,42.406440702495253],[-79.466819214675354,42.40649088751119],[-79.466723126249974,42.406497880545061],[-79.466721253409034,42.40649747634334],[-79.466635150301073,42.406478895267547],[-79.466575040612383,42.406455638513563],[-79.466539889926409,42.406442038591123],[-79.466379181173608,42.406379857629368],[-79.46625609863068,42.406348916565669],[-79.466160014082064,42.406375667741656],[-79.466040406544295,42.406408968619395],[-79.466039017179469,42.406409255706713],[-79.465961366993128,42.406425331382039],[-79.465547833916943,42.406595000651045],[-79.46543278473213,42.406606964074122],[-79.465429942542031,42.406606217998267],[-79.465314804157586,42.406576003447356],[-79.465183401251494,42.406454934290394],[-79.465170201413201,42.406457038977393],[-79.465133307327989,42.406462922586471],[-79.464995337495395,42.406584903451886],[-79.464926313277246,42.406623972085448],[-79.464524341067943,42.406810904523326],[-79.464058350987159,42.407009969957798],[-79.463844365883517,42.407082852788335],[-79.463676254757644,42.4071401104259],[-79.463600160275462,42.407182845416628],[-79.463462175372726,42.407220911308393],[-79.463385569391619,42.407260444154552],[-79.463350123690347,42.407278736457187],[-79.46329854354741,42.407305353337421],[-79.463129153617174,42.407364370150454],[-79.463080184900321,42.407366189136361],[-79.462980111703786,42.407369908255347],[-79.462808106402022,42.407419926468719],[-79.462662130009832,42.40744290714759],[-79.462233153358639,42.407461889014868],[-79.462232140857623,42.407461849962822],[-79.462130206078953,42.407457892344432],[-79.461985215828037,42.407434916552234],[-79.462040744681701,42.407275468362343],[-79.461902398641641,42.407228456032513],[-79.461798325054644,42.407273347987996],[-79.461747216307586,42.407369494380795],[-79.461745491616568,42.407372742335319],[-79.461620790249157,42.407458330408879],[-79.461528843931191,42.407508285156403],[-79.461444775939171,42.407573326842375],[-79.461333820701981,42.407641307684337],[-79.460831832311982,42.408093322511341],[-79.460627056298563,42.408225534401254],[-79.46049595696222,42.408310177189293],[-79.460312119930165,42.408428870700398],[-79.46013220109468,42.408536906035643],[-79.460042636864543,42.408612425774535],[-79.459967175342143,42.408676055514356],[-79.459778882697364,42.408740568646458],[-79.459630066658931,42.408817834786596],[-79.459468383722438,42.408857657032122],[-79.459249494405015,42.40891156546531],[-79.459225141299754,42.40891889984178],[-79.458604202164551,42.40902188043389],[-79.457961132545606,42.409117889029311],[-79.45795474318632,42.40911707440241],[-79.457903190212022,42.409110503098347],[-79.457843191123587,42.409102854639542],[-79.457829428461466,42.409103768091853],[-79.457797117332987,42.409105912390132],[-79.457737198880523,42.409135030156236],[-79.457686129239192,42.409159846338525],[-79.457571124508092,42.40923590570037],[-79.457349185318762,42.40931684963185],[-79.457347951250682,42.409317479340075]]},"properties":{"OBJECTID":73,"shoreType":"Bluff","landcover":"vegetation","slope":8,"Shape_Length":4007.1245464233743,"CalShoreType":2,"CalLandcover":2,"CalSlope":2}},{"type":"Feature","id":74,"geometry":{"type":"LineString","coordinates":[[-79.45416704298718,42.410654118424404],[-79.454114213916228,42.410685868698408],[-79.453644103322404,42.410945916710112],[-79.453467188448741,42.41110685302791],[-79.45334916940412,42.411155925965026],[-79.453100194709734,42.411297878643737],[-79.452625201269527,42.411442864818994],[-79.452327169527621,42.411545849715964],[-79.452086120430351,42.41166084308437],[-79.451791189802577,42.411817905024272],[-79.451550218831926,42.411928843572426],[-79.451255168671324,42.412092843558717],[-79.451116142408267,42.412176546194559],[-79.451044134943317,42.412219899105381],[-79.45052419642839,42.412601891812976],[-79.450448209203103,42.412669853229723],[-79.45038207703081,42.412764338175066],[-79.450305803963772,42.412873316997882],[-79.450196146100311,42.412903574938419],[-79.450068134530696,42.412938897028241],[-79.449743105736218,42.413094874034073],[-79.44959414040072,42.413178910121232],[-79.449517162938434,42.413232864510945],[-79.449306046348596,42.413344890756711],[-79.449151417372377,42.413430722814212],[-79.449096045838075,42.41355675016068],[-79.449011326460706,42.413631510725189],[-79.449020551258045,42.413750210695795],[-79.448946477999826,42.41389607390478],[-79.448737893819597,42.414134816253032],[-79.448657617292767,42.414226699801958],[-79.448499580906471,42.414304131796456],[-79.448476725078478,42.414554815796194],[-79.44830016118145,42.414800888880031],[-79.448177128115233,42.414938925675337],[-79.447959129929302,42.415094879581787],[-79.44764252001589,42.415276038376561],[-79.447473581318306,42.415518063493742],[-79.447377190455768,42.415622869703483],[-79.447192020762159,42.415752978593247],[-79.446892645804809,42.415883726133181],[-79.446681211796246,42.416005925860453],[-79.446566205593285,42.416054873671648],[-79.446427593389302,42.416070096064075],[-79.446384155745122,42.416076904290513],[-79.446300635135287,42.416089995779075],[-79.446151646564005,42.416142964004393],[-79.446051544206242,42.416211949362108],[-79.4458716445736,42.416356965730628],[-79.445763499665915,42.416504258979799],[-79.44570450332391,42.416572771804439],[-79.445638176686089,42.416649797045849]]},"properties":{"OBJECTID":74,"shoreType":"Bluff","landcover":"vegetation","slope":8,"Shape_Length":3303.2075152009497,"CalShoreType":2,"CalLandcover":2,"CalSlope":2}},{"type":"Feature","id":75,"geometry":{"type":"LineString","coordinates":[[-79.47662049116613,42.403221088346726],[-79.476520314029855,42.403349689315974],[-79.476215318978646,42.403539710837919],[-79.475490344717642,42.403903635420704],[-79.475047320129946,42.404074654241413],[-79.474913409942175,42.404135625385642],[-79.474467414854914,42.404295685139623],[-79.474134371304601,42.404441693345142],[-79.473920376343216,42.404517675854208],[-79.473490091242553,42.404632942803431],[-79.472774381166602,42.404824667267434],[-79.472331660847473,42.404991717354598],[-79.471833041048612,42.405147327800364],[-79.470545717731198,42.405551528729212],[-79.47032068355999,42.405612454294264],[-79.470049644123009,42.40564143561987]]},"properties":{"OBJECTID":75,"shoreType":"Bluff","landcover":"vegetation","slope":45,"Shape_Length":2003.7543956461445,"CalShoreType":2,"CalLandcover":2,"CalSlope":3}},{"type":"Feature","id":76,"geometry":{"type":"LineString","coordinates":[[-79.47985470555443,42.401000145606417],[-79.479771122639931,42.401091865347723],[-79.479681107374674,42.401149862760946],[-79.479603624094594,42.401197702286282],[-79.479576514293086,42.401214439057391],[-79.479570659202082,42.401323753877016],[-79.479466675070057,42.401348267828425]]},"properties":{"OBJECTID":76,"shoreType":"Bluff","landcover":"sand","slope":8,"Shape_Length":178.66580269088661,"CalShoreType":2,"CalLandcover":1,"CalSlope":2}},{"type":"Feature","id":77,"geometry":{"type":"LineString","coordinates":[[-79.495489574187104,42.391102303180922],[-79.495369599671974,42.391159445790485],[-79.495309687686259,42.391199807106887],[-79.494867857416793,42.391649701507085],[-79.494436778094325,42.392149309209955],[-79.494320818189678,42.392283701554497],[-79.494139965902377,42.392526352552593],[-79.493734928496181,42.392898582815505],[-79.493609219571738,42.39301410883818],[-79.493356583241663,42.393266757302783],[-79.493237302435531,42.393386042813177],[-79.493032100019363,42.393603848225197],[-79.49290220128988,42.393716899402371],[-79.492684125300073,42.393882845166644],[-79.492409195952803,42.394058856481628],[-79.492198113316178,42.39414592453695],[-79.492007197317704,42.394207426158317],[-79.491780236407195,42.394310476117049],[-79.491711564430531,42.394341655375953],[-79.491546903057525,42.394382275718215],[-79.491458913664047,42.394403982864183],[-79.491372048821333,42.39445601271639],[-79.491280162402361,42.394511051432403],[-79.491106799158999,42.394568450351763],[-79.49095365064899,42.394619156455548],[-79.490826290037447,42.394691363311388],[-79.490718908684144,42.394752244682806],[-79.490446989053126,42.394885633823435],[-79.49040219806821,42.394907606016417],[-79.490103061046867,42.394999187748851],[-79.489741734253258,42.395109808223346],[-79.489258200506796,42.395326887592894],[-79.488770397769656,42.395639776912482],[-79.488708970766339,42.395679177115042],[-79.488649763013839,42.395717580242639],[-79.488192939790409,42.396013870462781],[-79.487930218893908,42.396198104122917],[-79.487660387242869,42.396387324161552],[-79.487473185379443,42.396484029881094],[-79.486846403897303,42.396807810293907],[-79.486662311425249,42.396902907469048],[-79.48664362645215,42.396913807770247],[-79.486218663154304,42.397161713129528],[-79.485554721398032,42.397545875294696],[-79.485377877644268,42.397610032504403],[-79.485356105339349,42.397617930113896],[-79.485228200065777,42.397695296380306],[-79.485028951877112,42.397815814612713],[-79.484525919353416,42.398094976298928],[-79.484493719616225,42.398112509595045],[-79.484129912850236,42.39831060222577],[-79.483919677454892,42.398396874106012],[-79.48377874382831,42.398491894053677],[-79.483078399485763,42.398925325140581],[-79.482922368048705,42.399023274134642],[-79.48273337713502,42.399088302233409],[-79.482654404915579,42.399110303690414],[-79.482393300706789,42.399128276113913],[-79.482356318490147,42.39914629105958],[-79.482226409819049,42.399273289150699],[-79.481881920314208,42.399634450187619],[-79.48170280908208,42.399809225488127],[-79.481595939444148,42.39991350804754],[-79.481180805235809,42.40020058107779],[-79.480835365659445,42.40042997367722],[-79.480784438946529,42.400444935470986],[-79.480770504124763,42.400444948232639],[-79.480744354492629,42.40044497379013],[-79.480657766823256,42.400406584438933],[-79.480597109361838,42.400368280156492],[-79.480558008060612,42.400358287790198],[-79.480481108633256,42.40035823783591],[-79.48047947301967,42.40035887543754],[-79.480382121388104,42.400417379165596],[-79.480279474957598,42.400472318579546],[-79.480249140783613,42.400488554970757],[-79.480202199627115,42.400574838678395],[-79.480058193574081,42.400776844181188],[-79.47985470555443,42.401000145606417]]},"properties":{"OBJECTID":77,"shoreType":"Bluff","landcover":"vegetation","slope":8,"Shape_Length":5713.3305419737007,"CalShoreType":2,"CalLandcover":2,"CalSlope":2}},{"type":"Feature","id":78,"geometry":{"type":"LineString","coordinates":[[-79.443969017345566,42.418211806872073],[-79.44393618080106,42.418234903608372],[-79.443794838995657,42.418380399640469],[-79.443786682987067,42.418388795727083]]},"properties":{"OBJECTID":78,"shoreType":"Armored","landcover":"sand","slope":8,"Shape_Length":81.328211209742832,"CalShoreType":3,"CalLandcover":1,"CalSlope":2}},{"type":"Feature","id":79,"geometry":{"type":"LineString","coordinates":[[-79.43391454722628,42.425445765865199],[-79.433811085107251,42.425501382631772]]},"properties":{"OBJECTID":79,"shoreType":"Bluff","landcover":"sand","slope":8,"Shape_Length":34.51354235966263,"CalShoreType":2,"CalLandcover":1,"CalSlope":2}},{"type":"Feature","id":80,"geometry":{"type":"LineString","coordinates":[[-79.437865400962394,42.422632694143488],[-79.437814624323451,42.422663017118239],[-79.437748350471495,42.422690966291604],[-79.437069675841769,42.422977171011148],[-79.43704403558209,42.422991251605758],[-79.436564197016267,42.42325475340926],[-79.436022615169193,42.423539935879909],[-79.435905885058844,42.423628648766986],[-79.435631949510039,42.423836832751441],[-79.435298385860818,42.424198930304861],[-79.434536210587751,42.42502027693947],[-79.434179709976732,42.425295383838169],[-79.434146221608032,42.425321227565462],[-79.43391454722628,42.425445765865199]]},"properties":{"OBJECTID":80,"shoreType":"Bluff","landcover":"vegetation","slope":8,"Shape_Length":1501.7978655822133,"CalShoreType":2,"CalLandcover":2,"CalSlope":2}},{"type":"Feature","id":81,"geometry":{"type":"LineString","coordinates":[[-79.439910970400447,42.421128442210154],[-79.439532267437457,42.421367533930059],[-79.439313994740075,42.421559831441044],[-79.438842439292202,42.421975269260507],[-79.438581867552742,42.422204827938209],[-79.437865400962394,42.422632694143488]]},"properties":{"OBJECTID":81,"shoreType":"Bluff","landcover":"sand","slope":8,"Shape_Length":781.52878675668285,"CalShoreType":2,"CalLandcover":1,"CalSlope":2}},{"type":"Feature","id":82,"geometry":{"type":"LineString","coordinates":[[-79.441339474966838,42.4203133607297],[-79.441194139157261,42.420381821509579],[-79.440777151492043,42.42059581486545],[-79.440536099204408,42.420733831230194],[-79.440533034684179,42.420735699736277],[-79.439999115391885,42.421072792141885],[-79.439910970400447,42.421128442210154]]},"properties":{"OBJECTID":82,"shoreType":"Bluff","landcover":"vegetation","slope":8,"Shape_Length":487.48274682615772,"CalShoreType":2,"CalLandcover":2,"CalSlope":2}},{"type":"Feature","id":83,"geometry":{"type":"LineString","coordinates":[[-79.443786682987067,42.418388795727083],[-79.443667166604456,42.418511821337141],[-79.442909136198807,42.419184835584304],[-79.442603174987724,42.419478801094385],[-79.442438111336358,42.419589830186524],[-79.442393206999967,42.41963182032702],[-79.442347200570353,42.419654853251345],[-79.442306028775064,42.419663992702766],[-79.442293124954062,42.41966685688157],[-79.442250977559681,42.419688468104837],[-79.442137682595728,42.419746559059917],[-79.441954557512432,42.419877960332641],[-79.441834625086599,42.41996392048928],[-79.441766977011255,42.420003468984731],[-79.441661573743829,42.420065091614248],[-79.441623302365713,42.420139471842546],[-79.441604665014339,42.420175695812993],[-79.441589144336064,42.420205862718063],[-79.441470143888466,42.420251809437922],[-79.441339474966838,42.4203133607297]]},"properties":{"OBJECTID":83,"shoreType":"Bluff","landcover":"sand","slope":8,"Shape_Length":977.36315875258015,"CalShoreType":2,"CalLandcover":1,"CalSlope":2}},{"type":"Feature","id":84,"geometry":{"type":"LineString","coordinates":[[-79.433811085107251,42.425501382631772],[-79.433687742245183,42.425567686449504],[-79.433502917876822,42.425688652420959],[-79.433401709299417,42.425754891691838],[-79.433381695947375,42.425767990734862],[-79.433069542698902,42.425916118336339],[-79.432819146145491,42.42603091795818]]},"properties":{"OBJECTID":84,"shoreType":"Armored","landcover":"sand","slope":8,"Shape_Length":330.99645252017291,"CalShoreType":3,"CalLandcover":1,"CalSlope":2}},{"type":"Feature","id":85,"geometry":{"type":"LineString","coordinates":[[-79.427463771820044,42.429257736202402],[-79.427311571650336,42.429535608575193],[-79.426997829026121,42.429905218832708]]},"properties":{"OBJECTID":85,"shoreType":"Beach","landcover":"sand","slope":8,"Shape_Length":268.40677685818514,"CalShoreType":1,"CalLandcover":1,"CalSlope":2}},{"type":"Feature","id":86,"geometry":{"type":"LineString","coordinates":[[-79.432819146145491,42.42603091795818],[-79.432377996190496,42.426233171422858]]},"properties":{"OBJECTID":86,"shoreType":"Armored","landcover":"sand","slope":8,"Shape_Length":140.07177177054484,"CalShoreType":3,"CalLandcover":1,"CalSlope":2}},{"type":"Feature","id":87,"geometry":{"type":"LineString","coordinates":[[-79.428642760373251,42.428208400341894],[-79.428431549187167,42.428313897611801],[-79.428428170412005,42.428315585351605],[-79.428417860293067,42.428323361514778],[-79.428397647921216,42.428338609235325],[-79.428355692023132,42.428364767569676]]},"properties":{"OBJECTID":87,"shoreType":"Bluff","landcover":"vegetation","slope":8,"Shape_Length":96.441177687549597,"CalShoreType":2,"CalLandcover":2,"CalSlope":2}},{"type":"Feature","id":88,"geometry":{"type":"LineString","coordinates":[[-79.430329511902585,42.427318234341527],[-79.428738941028058,42.428160359349711],[-79.428642760373251,42.428208400341894]]},"properties":{"OBJECTID":88,"shoreType":"Bluff","landcover":"sand","slope":8,"Shape_Length":559.15170156953764,"CalShoreType":2,"CalLandcover":1,"CalSlope":2}},{"type":"Feature","id":89,"geometry":{"type":"LineString","coordinates":[[-79.432377996190496,42.426233171422858],[-79.432155018573297,42.426335398354226],[-79.431910877754845,42.426451247113071],[-79.430952003231113,42.426988650145624],[-79.43088678506362,42.427023181234823]]},"properties":{"OBJECTID":89,"shoreType":"Bluff","landcover":"sand","slope":8,"Shape_Length":495.34692749825609,"CalShoreType":2,"CalLandcover":1,"CalSlope":2}},{"type":"Feature","id":90,"geometry":{"type":"LineString","coordinates":[[-79.43088678506362,42.427023181234823],[-79.430456586572944,42.427250954064938],[-79.430329511902585,42.427318234341527]]},"properties":{"OBJECTID":90,"shoreType":"Bluff","landcover":"vegetation","slope":8,"Shape_Length":184.93422482835507,"CalShoreType":2,"CalLandcover":2,"CalSlope":2}},{"type":"Feature","id":91,"geometry":{"type":"LineString","coordinates":[[-79.42816709854813,42.428482350509],[-79.427789262334272,42.428717920863313],[-79.427627991882744,42.428975605855499],[-79.427550367409083,42.429099637465299],[-79.427463771820044,42.429257736202402]]},"properties":{"OBJECTID":91,"shoreType":"Armored","landcover":"sand","slope":8,"Shape_Length":348.84621466153709,"CalShoreType":3,"CalLandcover":1,"CalSlope":2}},{"type":"Feature","id":92,"geometry":{"type":"LineString","coordinates":[[-79.428355692023132,42.428364767569676],[-79.42816709854813,42.428482350509]]},"properties":{"OBJECTID":92,"shoreType":"Armored","landcover":"vegetation","slope":8,"Shape_Length":66.550084710946408,"CalShoreType":3,"CalLandcover":2,"CalSlope":2}},{"type":"Feature","id":93,"geometry":{"type":"LineString","coordinates":[[-79.426997829026121,42.429905218832708],[-79.426911416586904,42.430007016384138],[-79.42661504533946,42.430359765905621]]},"properties":{"OBJECTID":93,"shoreType":"Beach","landcover":"sand","slope":8,"Shape_Length":195.24761258958878,"CalShoreType":1,"CalLandcover":1,"CalSlope":2}},{"type":"Feature","id":94,"geometry":{"type":"LineString","coordinates":[[-79.415333443607508,42.453529156118854],[-79.415263633612639,42.453432202720641],[-79.41504725509327,42.453213955487286],[-79.41489717812992,42.453081892567262],[-79.414592931903186,42.452740112183854],[-79.414455413023518,42.4526324263866],[-79.414387182600223,42.4525789977708],[-79.414151956979623,42.45233186843474],[-79.413991228382017,42.452163004114347],[-79.413834240211855,42.452014020421359],[-79.413725143263008,42.451927022457809],[-79.413601143388931,42.451846002190038],[-79.413316923614659,42.451715760455201],[-79.413034343616005,42.451631373771058],[-79.412785517215795,42.451569506690632],[-79.412720826890876,42.451548592188857],[-79.412522187634181,42.451484374438238],[-79.412042219407439,42.451394836545411],[-79.411842395887419,42.451391850841581],[-79.411764713237162,42.451386278710949]]},"properties":{"OBJECTID":94,"shoreType":"Armored","landcover":"development","slope":8,"Shape_Length":1303.2848140776498,"CalShoreType":3,"CalLandcover":3,"CalSlope":2}},{"type":"Feature","id":95,"geometry":{"type":"LineString","coordinates":[[-79.415415707587982,42.45371508674625],[-79.41537601274662,42.453680088324695],[-79.41534207094189,42.453541137477501],[-79.415333443607508,42.453529156118854]]},"properties":{"OBJECTID":95,"shoreType":"Armored","landcover":"vegetation","slope":8,"Shape_Length":73.066364664857645,"CalShoreType":3,"CalLandcover":2,"CalSlope":2}},{"type":"Feature","id":96,"geometry":{"type":"LineString","coordinates":[[-79.424782691646286,42.433385580665401],[-79.424594984168408,42.433609367769996]]},"properties":{"OBJECTID":96,"shoreType":"Beach","landcover":"sand","slope":8,"Shape_Length":96.017845866042535,"CalShoreType":1,"CalLandcover":1,"CalSlope":2}},{"type":"Feature","id":97,"geometry":{"type":"LineString","coordinates":[[-79.419153091537808,42.45063076288249],[-79.419135571532038,42.450690756776787],[-79.418832189837488,42.451328953025211],[-79.418616104484201,42.451838502814134],[-79.418539059645539,42.451987517336157],[-79.418424720116775,42.452211812416728],[-79.418393802072785,42.452267969562371]]},"properties":{"OBJECTID":97,"shoreType":"Armored","landcover":"development","slope":8,"Shape_Length":631.21424147990433,"CalShoreType":3,"CalLandcover":3,"CalSlope":2}},{"type":"Feature","id":98,"geometry":{"type":"LineString","coordinates":[[-79.42027410673191,42.447096276619881],[-79.420272011825801,42.447117794294513],[-79.420255496872826,42.447287470727538],[-79.420144165627377,42.447431203634068],[-79.420122449865389,42.447569096581418],[-79.420029157095996,42.447680830334917],[-79.419860728149686,42.448120897582498],[-79.419724041129513,42.448554974717197],[-79.419653536771492,42.44890172472418],[-79.419602587805088,42.449196761053472],[-79.419447607477565,42.449728735728705],[-79.419440049416934,42.44976865000968],[-79.419429663022072,42.449823499916327],[-79.419418632502641,42.449881745887609],[-79.419294300917898,42.450216551649355],[-79.419199532129127,42.450471749290884],[-79.419164229321368,42.450592624888543],[-79.419153091537808,42.45063076288249]]},"properties":{"OBJECTID":98,"shoreType":"Armored","landcover":"sand","slope":8,"Shape_Length":1330.9861339802121,"CalShoreType":3,"CalLandcover":1,"CalSlope":2}},{"type":"Feature","id":99,"geometry":{"type":"LineString","coordinates":[[-79.421705546185649,42.443520822086164],[-79.421699278027162,42.44353069273614],[-79.421632353436578,42.443636094152353],[-79.421542907611013,42.443832342259412],[-79.421405403902753,42.444134031865239],[-79.421318688590276,42.444274415189419],[-79.421289860541961,42.444435107905107],[-79.421243331025181,42.444487862605293],[-79.421191451193337,42.444546683798947],[-79.421097428250306,42.44487372405554],[-79.420978485612892,42.445333722027179],[-79.420899888772013,42.445612787547162],[-79.420573929461298,42.446312808023599],[-79.4202984492007,42.446846184588445],[-79.42027410673191,42.447096276619881]]},"properties":{"OBJECTID":99,"shoreType":"Beach","landcover":"sand","slope":8,"Shape_Length":1367.6579988039214,"CalShoreType":1,"CalLandcover":1,"CalSlope":2}},{"type":"Feature","id":100,"geometry":{"type":"LineString","coordinates":[[-79.400578770149892,42.456758620190591],[-79.400511411533827,42.456827224848425],[-79.400426439156334,42.456907202266748],[-79.400336402173579,42.456991247188554],[-79.400295849234212,42.457018261140824],[-79.40027696736334,42.457030840333161],[-79.400237432964033,42.457057180795694],[-79.400084459113899,42.457159220580571],[-79.400029993626021,42.457207941261693],[-79.399942473002909,42.457286232240051],[-79.399879633661456,42.457348862458041]]},"properties":{"OBJECTID":100,"shoreType":"Armored","landcover":"development","slope":8,"Shape_Length":287.10724757326966,"CalShoreType":3,"CalLandcover":3,"CalSlope":2}},{"type":"Feature","id":101,"geometry":{"type":"LineString","coordinates":[[-79.401238456974596,42.456204681753228],[-79.401086939963108,42.456274414846021],[-79.400901034112877,42.456430397052763],[-79.400578770149892,42.456758620190591]]},"properties":{"OBJECTID":101,"shoreType":"Armored","landcover":"vegetation","slope":8,"Shape_Length":271.85336062140027,"CalShoreType":3,"CalLandcover":2,"CalSlope":2}},{"type":"Feature","id":102,"geometry":{"type":"LineString","coordinates":[[-79.407417343501351,42.452176195915776],[-79.407355697116941,42.452197468081849],[-79.407347470499118,42.452200993315927],[-79.406685140577579,42.452484799455206],[-79.406549920427551,42.452542739749205],[-79.40596694537048,42.452852681354464],[-79.405206918013207,42.453307727931325],[-79.404683922609706,42.453638948611065],[-79.404372606851169,42.453831530444418],[-79.404301757574729,42.453875358660284],[-79.403797185620348,42.454218026352379],[-79.403485747747908,42.454418353574674],[-79.403208817922192,42.454635166668638],[-79.402985431289451,42.454795749848216],[-79.402542971394453,42.455146082938903],[-79.402103027592048,42.455494418411959],[-79.401905401917887,42.455643229703085],[-79.401743448757713,42.455765179881084],[-79.401738022491102,42.45576926539816],[-79.40153195405054,42.455924431102368],[-79.401452005432418,42.456001428602242],[-79.401382970999649,42.456088449321236],[-79.401278118769113,42.456186428174149],[-79.401238456974596,42.456204681753228]]},"properties":{"OBJECTID":102,"shoreType":"Armored","landcover":"development","slope":8,"Shape_Length":2234.8084153107752,"CalShoreType":3,"CalLandcover":3,"CalSlope":2}},{"type":"Feature","id":103,"geometry":{"type":"LineString","coordinates":[[-79.408229257448582,42.451893837985011],[-79.407555708240324,42.452128450199091],[-79.407417343501351,42.452176195915776]]},"properties":{"OBJECTID":103,"shoreType":"Armored","landcover":"sand","slope":8,"Shape_Length":242.08324236940979,"CalShoreType":3,"CalLandcover":1,"CalSlope":2}},{"type":"Feature","id":104,"geometry":{"type":"LineString","coordinates":[[-79.411764713237162,42.451386278710949],[-79.411758150849266,42.451385807579086],[-79.411578384439537,42.451372912873431],[-79.411499775815869,42.451375301257329],[-79.411141838395906,42.451386174071772],[-79.410879431399678,42.451421496484649],[-79.410638360453262,42.451453945440676],[-79.410306016967255,42.451462471126881],[-79.410013045729229,42.451504733590426],[-79.409229323487651,42.451639895563403],[-79.40872635562819,42.451748955356308],[-79.408309297476464,42.451865958121992],[-79.408229257448582,42.451893837985011]]},"properties":{"OBJECTID":104,"shoreType":"Armored","landcover":"development","slope":8,"Shape_Length":979.71248363974462,"CalShoreType":3,"CalLandcover":3,"CalSlope":2}},{"type":"Feature","id":105,"geometry":{"type":"LineString","coordinates":[[-79.42661504533946,42.430359765905621],[-79.42647016478324,42.430532206569126]]},"properties":{"OBJECTID":105,"shoreType":"Armored","landcover":"sand","slope":8,"Shape_Length":74.022592284920009,"CalShoreType":3,"CalLandcover":1,"CalSlope":2}},{"type":"Feature","id":106,"geometry":{"type":"LineString","coordinates":[[-79.42647016478324,42.430532206569126],[-79.426242453390742,42.430803230728316]]},"properties":{"OBJECTID":106,"shoreType":"Armored","landcover":"sand","slope":8,"Shape_Length":116.34131074721412,"CalShoreType":3,"CalLandcover":1,"CalSlope":2}},{"type":"Feature","id":107,"geometry":{"type":"LineString","coordinates":[[-79.426242453390742,42.430803230728316],[-79.426173202471574,42.430885652491547],[-79.425879137612114,42.431271751314362]]},"properties":{"OBJECTID":107,"shoreType":"Beach","landcover":"sand","slope":8,"Shape_Length":196.94215743332276,"CalShoreType":1,"CalLandcover":1,"CalSlope":2}},{"type":"Feature","id":108,"geometry":{"type":"LineString","coordinates":[[-79.425879137612114,42.431271751314362],[-79.425813811023986,42.431357523683417],[-79.425812441869112,42.431360100462264],[-79.425568832446942,42.431818481592359],[-79.425382951613585,42.432267772850935],[-79.425368697059085,42.432301715714786]]},"properties":{"OBJECTID":108,"shoreType":"Armored","landcover":"sand","slope":8,"Shape_Length":400.64406191967174,"CalShoreType":3,"CalLandcover":1,"CalSlope":2}},{"type":"Feature","id":109,"geometry":{"type":"LineString","coordinates":[[-79.425368697059085,42.432301715714786],[-79.425171855813019,42.432770419852716],[-79.425115769273333,42.432895695108236],[-79.425056899730848,42.433025898228799],[-79.424982899770441,42.433146888155569],[-79.424782691646286,42.433385580665401]]},"properties":{"OBJECTID":109,"shoreType":"Beach","landcover":"sand","slope":8,"Shape_Length":427.8530873808653,"CalShoreType":1,"CalLandcover":1,"CalSlope":2}},{"type":"Feature","id":110,"geometry":{"type":"LineString","coordinates":[[-79.424594984168408,42.433609367769996],[-79.424435920087404,42.43379900450779],[-79.424381597819547,42.433872617947159],[-79.424206084211846,42.434110457515409],[-79.424132480687703,42.43439705601758],[-79.42411494387963,42.434459845436365],[-79.42409142694224,42.434544051497099],[-79.42386359173274,42.435052738079165],[-79.423705601866047,42.435587715410207],[-79.423631969208628,42.435896895597601]]},"properties":{"OBJECTID":110,"shoreType":"Bluff","landcover":"sand","slope":8,"Shape_Length":881.06633581561721,"CalShoreType":2,"CalLandcover":1,"CalSlope":2}},{"type":"Feature","id":111,"geometry":{"type":"LineString","coordinates":[[-79.423631969208628,42.435896895597601],[-79.423617322689495,42.435958395234529],[-79.423453851311336,42.436436909516907],[-79.423412805561782,42.436505919230314],[-79.423352898606396,42.43660664196296],[-79.423335794283375,42.43665841668146],[-79.423329842468902,42.436676433594975]]},"properties":{"OBJECTID":111,"shoreType":"Bluff","landcover":"sand","slope":8,"Shape_Length":296.42505859028711,"CalShoreType":2,"CalLandcover":1,"CalSlope":2}},{"type":"Feature","id":112,"geometry":{"type":"LineString","coordinates":[[-79.422940115084117,42.439183074703273],[-79.422922090199933,42.439529579654078],[-79.422871059080961,42.439864503798141],[-79.422776091258427,42.440243534135597],[-79.422617060412009,42.44077954257093],[-79.422283013727494,42.441669584088956],[-79.422207420493081,42.441857426255964],[-79.422112014473981,42.442094499569514],[-79.422016007209223,42.442307417160038],[-79.421978680940029,42.442456387557122],[-79.421944696574656,42.44263137961687],[-79.42191802760513,42.442764218140987],[-79.421898717143151,42.442860407160744],[-79.421894040745372,42.442923455879324],[-79.421830241182761,42.443197862947265],[-79.42171753961189,42.443501935524878],[-79.421705546185649,42.443520822086164]]},"properties":{"OBJECTID":112,"shoreType":"Armored","landcover":"sand","slope":8,"Shape_Length":1620.8116929922505,"CalShoreType":3,"CalLandcover":1,"CalSlope":2}},{"type":"Feature","id":113,"geometry":{"type":"LineString","coordinates":[[-79.422956703617558,42.438864188390603],[-79.422940305551407,42.439179406447515],[-79.422940115084117,42.439183074703273]]},"properties":{"OBJECTID":113,"shoreType":"Armored","landcover":"vegetation","slope":8,"Shape_Length":116.30099739148346,"CalShoreType":3,"CalLandcover":2,"CalSlope":2}},{"type":"Feature","id":114,"geometry":{"type":"LineString","coordinates":[[-79.42297403323829,42.438520618016007],[-79.42296033440013,42.438794384305211],[-79.422956703617558,42.438864188390603]]},"properties":{"OBJECTID":114,"shoreType":"Armored","landcover":"development","slope":8,"Shape_Length":125.2979770762025,"CalShoreType":3,"CalLandcover":3,"CalSlope":2}},{"type":"Feature","id":115,"geometry":{"type":"LineString","coordinates":[[-79.423241560269574,42.436786513807412],[-79.423155975972151,42.436875934242423],[-79.423130265266167,42.436909786986362],[-79.423074182042399,42.437004842165379],[-79.423073125116616,42.437048843248917],[-79.423064097284211,42.437424432767749],[-79.423051113146997,42.437709356518212],[-79.423039181386258,42.437905157819792],[-79.422989714016424,42.438207228250988],[-79.42297403323829,42.438520618016007]]},"properties":{"OBJECTID":115,"shoreType":"Armored","landcover":"vegetation","slope":8,"Shape_Length":645.35822945085238,"CalShoreType":3,"CalLandcover":2,"CalSlope":2}},{"type":"Feature","id":116,"geometry":{"type":"LineString","coordinates":[[-79.423329842468902,42.436676433594975],[-79.423323703756921,42.436695017256952],[-79.423320841731652,42.436703680069563],[-79.423241560269574,42.436786513807412]]},"properties":{"OBJECTID":116,"shoreType":"Armored","landcover":"sand","slope":8,"Shape_Length":47.22752076590411,"CalShoreType":3,"CalLandcover":1,"CalSlope":2}},{"type":"Feature","id":117,"geometry":{"type":"LineString","coordinates":[[-79.417451981071366,42.45368729936358],[-79.417404603087419,42.453713877486194],[-79.417285673369776,42.45380661134093],[-79.417318795202533,42.453875916287622],[-79.417332695640397,42.453906684039495],[-79.417343101058179,42.453926013920366],[-79.417340167925943,42.453949226547898],[-79.417336152411139,42.453981023144941],[-79.417330527122417,42.453988162806674],[-79.417325101471917,42.45399504713577],[-79.417305570299291,42.454000421693365],[-79.417285146391194,42.454006042218431],[-79.417223058688435,42.45401005997234],[-79.41722144975148,42.454009745775721],[-79.417189172216254,42.454003437349598],[-79.417117203985569,42.453973893263758],[-79.417068770684622,42.45395695925378],[-79.41685281574847,42.453963874010881],[-79.416691205725655,42.453998699933223],[-79.416650920898064,42.454013075053489],[-79.416600942653517,42.45403090839568]]},"properties":{"OBJECTID":117,"shoreType":"Bluff","landcover":"development","slope":8,"Shape_Length":340.14646378081136,"CalShoreType":2,"CalLandcover":3,"CalSlope":2}},{"type":"Feature","id":118,"geometry":{"type":"LineString","coordinates":[[-79.417651292582619,42.4535136705178],[-79.417687865200392,42.453561843110869],[-79.417716752635897,42.453599893940968],[-79.41770178422442,42.453635947598748],[-79.417676824004175,42.453650956955478],[-79.417491252129125,42.45366526993265],[-79.417451981071366,42.45368729936358]]},"properties":{"OBJECTID":118,"shoreType":"Bluff","landcover":"vegetation","slope":8,"Shape_Length":122.12149489719589,"CalShoreType":2,"CalLandcover":2,"CalSlope":2}},{"type":"Feature","id":119,"geometry":{"type":"LineString","coordinates":[[-79.418393802072785,42.452267969562371],[-79.4183319895468,42.452380239541704],[-79.418163637415248,42.452686017211285],[-79.418055664261061,42.452876519324469],[-79.418036089257399,42.452911061692745],[-79.417996374783726,42.452981130037031],[-79.417884355095183,42.453104819044079],[-79.417869856207531,42.453203872905391],[-79.417809318364803,42.453232996683866],[-79.417661541996722,42.453304091985331],[-79.417584147437111,42.453425227519674],[-79.417651292582619,42.4535136705178]]},"properties":{"OBJECTID":119,"shoreType":"Bluff","landcover":"development","slope":8,"Shape_Length":524.61522231257834,"CalShoreType":2,"CalLandcover":3,"CalSlope":2}},{"type":"Feature","id":120,"geometry":{"type":"LineString","coordinates":[[-79.416600942653517,42.45403090839568],[-79.416552257884589,42.454048280370998],[-79.416429116899138,42.454097683628994],[-79.416410926543662,42.454104982095828],[-79.416365415538493,42.454123240209164],[-79.416321709437412,42.454141373552012],[-79.416216383253058,42.454185069857076],[-79.416205311511476,42.454184701070275],[-79.416155685040167,42.454183043240782],[-79.416096339315743,42.454181060782602],[-79.416083232233035,42.45418177810857],[-79.415987211195883,42.45418703204264],[-79.415894012906364,42.454166574022523],[-79.415858404991312,42.454158757131815],[-79.415794118731512,42.45415660513838],[-79.415748011383371,42.454145824215239],[-79.415717106492778,42.454138597920505],[-79.415575789650433,42.453982352819267],[-79.415448289564821,42.453904108566796],[-79.415481005940251,42.453824022256306],[-79.415456573501061,42.453751116478458],[-79.415415707587982,42.45371508674625]]},"properties":{"OBJECTID":120,"shoreType":"Bluff","landcover":"vegetation","slope":8,"Shape_Length":443.65673420292518,"CalShoreType":2,"CalLandcover":2,"CalSlope":2}},{"type":"Feature","id":121,"geometry":{"type":"LineString","coordinates":[[-79.399472083823369,42.457710092078869],[-79.399443217395159,42.457726885329365],[-79.399431590261784,42.45773949555057]]},"properties":{"OBJECTID":121,"shoreType":"Armored","landcover":"vegetation","slope":8,"Shape_Length":15.471151240859365,"CalShoreType":3,"CalLandcover":2,"CalSlope":2}},{"type":"Feature","id":122,"geometry":{"type":"LineString","coordinates":[[-79.399844450530779,42.457383927933378],[-79.399777204817255,42.457450947752982],[-79.399714240296532,42.45750939515743],[-79.399541611993186,42.457669642431313],[-79.399472083823369,42.457710092078869]]},"properties":{"OBJECTID":122,"shoreType":"Armored","landcover":"sand","slope":8,"Shape_Length":156.24214822795432,"CalShoreType":3,"CalLandcover":1,"CalSlope":2}},{"type":"Feature","id":123,"geometry":{"type":"LineString","coordinates":[[-79.399879633661456,42.457348862458041],[-79.399844450530779,42.457383927933378]]},"properties":{"OBJECTID":123,"shoreType":"Armored","landcover":"development","slope":8,"Shape_Length":15.920320100571292,"CalShoreType":3,"CalLandcover":3,"CalSlope":2}},{"type":"Feature","id":124,"geometry":{"type":"LineString","coordinates":[[-79.392835625694943,42.462177967134593],[-79.392751536929353,42.462268575705664],[-79.392279655364973,42.462768635088864],[-79.392021231600467,42.462989955587013],[-79.391931690720909,42.463059859520797],[-79.391839290552994,42.463131993745989],[-79.391835974333702,42.4631341337018],[-79.391664193577128,42.463244960958555],[-79.391483770413728,42.463340261414892],[-79.391431306240221,42.463367971990991],[-79.391322496177622,42.463404736886474],[-79.391222654544265,42.46343847203368],[-79.391064237478517,42.463491997580221],[-79.391002236248582,42.463513063569586],[-79.390938837903946,42.463534603915321],[-79.390889977167589,42.463533259264246],[-79.390842192909489,42.463531944819849],[-79.390728204692806,42.463541825405642],[-79.390566980023706,42.463531043104354],[-79.389867247185947,42.463632902582098],[-79.389474300663068,42.463677170052726],[-79.38936983010143,42.46368893865705]]},"properties":{"OBJECTID":124,"shoreType":"Armored","landcover":"development","slope":8,"Shape_Length":1155.2533272506885,"CalShoreType":3,"CalLandcover":3,"CalSlope":2}},{"type":"Feature","id":125,"geometry":{"type":"LineString","coordinates":[[-79.394408174986467,42.460812116902325],[-79.394171609005795,42.460920493069857],[-79.394136755294369,42.460940498129041],[-79.394110586655287,42.460955519897624],[-79.394014562647257,42.461051495793605],[-79.393821576645408,42.461207557023705],[-79.393694999839383,42.461325165508178],[-79.393498403637196,42.461507832543475],[-79.393201650892934,42.461783557924527],[-79.392835625694943,42.462177967134593]]},"properties":{"OBJECTID":125,"shoreType":"Armored","landcover":"sand","slope":8,"Shape_Length":659.36861276294701,"CalShoreType":3,"CalLandcover":1,"CalSlope":2}},{"type":"Feature","id":126,"geometry":{"type":"LineString","coordinates":[[-79.394639977823473,42.460705922935411],[-79.394408174986467,42.460812116902325]]},"properties":{"OBJECTID":126,"shoreType":"Armored","landcover":"development","slope":8,"Shape_Length":73.555917594657799,"CalShoreType":3,"CalLandcover":3,"CalSlope":2}},{"type":"Feature","id":127,"geometry":{"type":"LineString","coordinates":[[-79.396330990473359,42.459914358246259],[-79.395818320376591,42.460184789570718],[-79.395510378248076,42.460322762577043],[-79.39536745607262,42.46037897515972],[-79.395149345144603,42.460464755152145],[-79.394712310880976,42.460672784672212],[-79.394639977823473,42.460705922935411]]},"properties":{"OBJECTID":127,"shoreType":"Armored","landcover":"vegetation","slope":8,"Shape_Length":540.45473484900492,"CalShoreType":3,"CalLandcover":2,"CalSlope":2}},{"type":"Feature","id":128,"geometry":{"type":"LineString","coordinates":[[-79.396592505765696,42.45973235285426],[-79.396551353951651,42.459765775231553],[-79.396398402695993,42.459878798751824],[-79.396330990473359,42.459914358246259]]},"properties":{"OBJECTID":128,"shoreType":"Armored","landcover":"development","slope":8,"Shape_Length":97.129244826781076,"CalShoreType":3,"CalLandcover":3,"CalSlope":2}},{"type":"Feature","id":129,"geometry":{"type":"LineString","coordinates":[[-79.399431590261784,42.45773949555057],[-79.39934342385753,42.45783511480176],[-79.399305524609659,42.457876216935539],[-79.39917219408953,42.458020816947538],[-79.398693092919501,42.458349862894529],[-79.39853715061642,42.458440852743472],[-79.398368535692185,42.458593835017403],[-79.398321086010768,42.45863688542498],[-79.39829533024222,42.458656967504758],[-79.398194154576245,42.458735852082597],[-79.397807167114294,42.458968885967522],[-79.39731909842277,42.459230834197839],[-79.396865309634521,42.459510791156667],[-79.39663947500847,42.459694206813552],[-79.396592505765696,42.45973235285426]]},"properties":{"OBJECTID":129,"shoreType":"Armored","landcover":"vegetation","slope":8,"Shape_Length":1061.9445355935788,"CalShoreType":3,"CalLandcover":2,"CalSlope":2}},{"type":"Feature","id":130,"geometry":{"type":"LineString","coordinates":[[-79.388777255171604,42.46375568937647],[-79.38862447735508,42.463772898665667],[-79.388619124952328,42.46377385455969]]},"properties":{"OBJECTID":130,"shoreType":"Bluff","landcover":"development","slope":8,"Shape_Length":43.184766472769766,"CalShoreType":2,"CalLandcover":3,"CalSlope":2}},{"type":"Feature","id":131,"geometry":{"type":"LineString","coordinates":[[-79.38936983010143,42.46368893865705],[-79.388777255171604,42.46375568937647]]},"properties":{"OBJECTID":131,"shoreType":"Bluff","landcover":"development","slope":8,"Shape_Length":161.73723569075437,"CalShoreType":2,"CalLandcover":3,"CalSlope":2}},{"type":"Feature","id":132,"geometry":{"type":"LineString","coordinates":[[-79.385668400766235,42.464597776448301],[-79.384559176970953,42.465100365099559]]},"properties":{"OBJECTID":132,"shoreType":"Armored","landcover":"development","slope":8,"Shape_Length":350.89904810801767,"CalShoreType":3,"CalLandcover":3,"CalSlope":2}},{"type":"Feature","id":133,"geometry":{"type":"LineString","coordinates":[[-79.386289967776378,42.464343884372177],[-79.386032699476033,42.464432710384891],[-79.385762319969018,42.464555221629226],[-79.385668400766235,42.464597776448301]]},"properties":{"OBJECTID":133,"shoreType":"Armored","landcover":"vegetation","slope":8,"Shape_Length":191.84154890851806,"CalShoreType":3,"CalLandcover":2,"CalSlope":2}},{"type":"Feature","id":134,"geometry":{"type":"LineString","coordinates":[[-79.388619124952328,42.46377385455969],[-79.388148508003795,42.463857874953838],[-79.387715459236674,42.463972648071739],[-79.387552815299898,42.464015754260629],[-79.386966262307965,42.464177445700997],[-79.386705315307267,42.464339328977807],[-79.386456684962297,42.464300443537205],[-79.386428538193627,42.464296041224479],[-79.386289967776378,42.464343884372177]]},"properties":{"OBJECTID":134,"shoreType":"Armored","landcover":"development","slope":8,"Shape_Length":679.687632663317,"CalShoreType":3,"CalLandcover":3,"CalSlope":2}},{"type":"Feature","id":135,"geometry":{"type":"LineString","coordinates":[[-79.384559176970953,42.465100365099559],[-79.384451299847925,42.465149243742566],[-79.38439362248134,42.465175376028981]]},"properties":{"OBJECTID":135,"shoreType":"Armored","landcover":"development","slope":8,"Shape_Length":52.372076070808305,"CalShoreType":3,"CalLandcover":3,"CalSlope":2}},{"type":"Feature","id":136,"geometry":{"type":"LineString","coordinates":[[-79.381561704660697,42.466872039976117],[-79.381377079425036,42.467001844446727],[-79.381259008465392,42.467084857706858],[-79.381019056869562,42.467270879517869],[-79.380148669277915,42.467848576662355],[-79.379681633757684,42.46818639332357]]},"properties":{"OBJECTID":136,"shoreType":"Armored","landcover":"development","slope":8,"Shape_Length":697.94770018780832,"CalShoreType":3,"CalLandcover":3,"CalSlope":2}},{"type":"Feature","id":137,"geometry":{"type":"LineString","coordinates":[[-79.381928816979823,42.466648160104334],[-79.381843962387052,42.466708822604659],[-79.38165300221668,42.466807852320137],[-79.381569298744751,42.466866701533682],[-79.381561704660697,42.466872039976117]]},"properties":{"OBJECTID":137,"shoreType":"Armored","landcover":"vegetation","slope":8,"Shape_Length":128.70578707223569,"CalShoreType":3,"CalLandcover":2,"CalSlope":2}},{"type":"Feature","id":138,"geometry":{"type":"LineString","coordinates":[[-79.38439362248134,42.465175376028981],[-79.384373338436021,42.46518456652867],[-79.383514253425119,42.46570557364641],[-79.383177144526826,42.46589042909514],[-79.382883340894182,42.466051535422494],[-79.382668448100432,42.466226746365358],[-79.382502829361286,42.466296446943801],[-79.382425536377951,42.466328975568452],[-79.382009442970443,42.466590520443866],[-79.381974947876699,42.466615181853541],[-79.381928816979823,42.466648160104334]]},"properties":{"OBJECTID":138,"shoreType":"Armored","landcover":"development","slope":8,"Shape_Length":857.06276439092949,"CalShoreType":3,"CalLandcover":3,"CalSlope":2}},{"type":"Feature","id":139,"geometry":{"type":"LineString","coordinates":[[-79.379681633757684,42.46818639332357],[-79.379597200854136,42.468247464449192],[-79.379426967503861,42.468362677543347]]},"properties":{"OBJECTID":139,"shoreType":"Bluff","landcover":"development","slope":8,"Shape_Length":94.079888279109042,"CalShoreType":2,"CalLandcover":3,"CalSlope":2}},{"type":"Feature","id":140,"geometry":{"type":"LineString","coordinates":[[-79.379426967503861,42.468362677543347],[-79.379381567897425,42.468393403481059],[-79.378879330299284,42.468756674622689],[-79.378670605072216,42.468907645547986],[-79.378336952484261,42.469174855552843],[-79.377942599506071,42.469490672981919],[-79.377891599167697,42.469512700826883],[-79.377885076205104,42.469512881089869],[-79.377875979794311,42.469513132309416],[-79.377806965592654,42.469577797172697]]},"properties":{"OBJECTID":140,"shoreType":"Bluff","landcover":"development","slope":8,"Shape_Length":624.31885834032107,"CalShoreType":2,"CalLandcover":3,"CalSlope":2}},{"type":"Feature","id":141,"geometry":{"type":"LineString","coordinates":[[-79.37780139888109,42.46958301327718],[-79.37763208714982,42.469741653164263],[-79.377405572870117,42.469896230039339],[-79.376755298957562,42.470445196520949],[-79.376628804181166,42.470569146856526],[-79.376382804319618,42.470637023559732],[-79.376282616871563,42.470671110881646],[-79.376104133997373,42.470731837959775],[-79.375936153043625,42.47089947702748],[-79.375823158088238,42.47093140451566],[-79.375697666298052,42.470966862764683],[-79.375497892271,42.471040116755425],[-79.375329258092037,42.471128650853629],[-79.375141182194426,42.471256066212526],[-79.375124531680015,42.471267345627616],[-79.375016606669789,42.471275344737883],[-79.374996528478903,42.471276721313224],[-79.374906144402388,42.471282917431765],[-79.374566329142468,42.471534271693592],[-79.374315086178626,42.471720107048043],[-79.374299355069155,42.471731605067724],[-79.373450514938426,42.47235202414565],[-79.373139155759333,42.472579592412004]]},"properties":{"OBJECTID":141,"shoreType":"Bluff","landcover":"vegetation","slope":8,"Shape_Length":1699.2870332654347,"CalShoreType":2,"CalLandcover":2,"CalSlope":2}},{"type":"Feature","id":142,"geometry":{"type":"LineString","coordinates":[[-79.377806965592654,42.469577797172697],[-79.37780139888109,42.46958301327718]]},"properties":{"OBJECTID":142,"shoreType":"Bluff","landcover":"development","slope":8,"Shape_Length":2.4226999410473198,"CalShoreType":2,"CalLandcover":3,"CalSlope":2}},{"type":"Feature","id":143,"geometry":{"type":"LineString","coordinates":[[-79.369110189698873,42.476766269648856],[-79.368771206388828,42.477022223795764],[-79.368702925303168,42.477073779916118],[-79.368626588733378,42.47719094059071],[-79.368580885918234,42.477261083063247],[-79.368483809662393,42.477345784790941],[-79.368371887982136,42.477407884858287],[-79.368111040437455,42.477445779718586],[-79.368031604359558,42.477469666985471],[-79.367512145355747,42.477625872091643],[-79.367179339337213,42.477652871319087],[-79.366813657311496,42.477617122433493],[-79.366618404291245,42.477624575336783],[-79.366563309045276,42.477626678602647],[-79.366377213224581,42.47768509189234],[-79.366244783262488,42.477726660467027],[-79.366136442564851,42.477774007106369],[-79.365945071725932,42.477857636558078]]},"properties":{"OBJECTID":143,"shoreType":"Beach","landcover":"sand","slope":0,"Shape_Length":1001.72899916428,"CalShoreType":1,"CalLandcover":1,"CalSlope":1}},{"type":"Feature","id":144,"geometry":{"type":"LineString","coordinates":[[-79.37177607497118,42.473780081352992],[-79.371654459990125,42.473891835189946],[-79.37110912749182,42.474473403812198],[-79.370785542402686,42.474818484050353],[-79.370181859170131,42.475417643540204],[-79.369869903462416,42.475740634855597],[-79.369534774231099,42.476265409254239],[-79.369314366779207,42.476612101954487],[-79.369110189698873,42.476766269648856]]},"properties":{"OBJECTID":144,"shoreType":"Beach","landcover":"sand","slope":8,"Shape_Length":1310.3696153313456,"CalShoreType":1,"CalLandcover":1,"CalSlope":2}},{"type":"Feature","id":145,"geometry":{"type":"LineString","coordinates":[[-79.365945071725932,42.477857636558078],[-79.365905652962653,42.477874862498695],[-79.365902170110431,42.477875475063321],[-79.365774676678768,42.477897869431686],[-79.365646689408621,42.477942819046],[-79.365168716907263,42.478146564921353],[-79.364705359926887,42.478357138612537],[-79.364440580806956,42.478529230563794],[-79.364307715796627,42.478610290646877],[-79.364178181945135,42.478689320255256],[-79.363825777074965,42.478943366954049],[-79.363448964172591,42.479256118507685],[-79.363154327080409,42.479507959436205],[-79.363090450320229,42.479558368585984],[-79.362723735360277,42.479847761489026],[-79.362366152837239,42.48016632141853],[-79.361610807518247,42.480781146141688],[-79.361094103090508,42.481310639509417],[-79.360871178326107,42.481714584321089],[-79.360865695694955,42.481727281248837],[-79.36053856596763,42.48248480586188],[-79.360443307764186,42.482731982543228],[-79.360330980537455,42.483016803907041],[-79.360166209837359,42.483609108236017],[-79.360051751980066,42.48399938804031],[-79.360009136628307,42.484358344499334],[-79.360002054415929,42.484386108490348],[-79.35992568578493,42.4846855042885],[-79.359904827340401,42.484848289159693],[-79.359898651799412,42.485129625019837],[-79.359737126750915,42.485583637182124],[-79.359526081353692,42.48615864526834],[-79.359415251378238,42.486575833350557],[-79.359179427094858,42.487046113415104],[-79.359119745735484,42.487165128255725],[-79.358871822302788,42.487765362855221],[-79.358716954456696,42.488096794115172],[-79.358543074378233,42.488406792978999],[-79.358345133345509,42.488800252552593],[-79.3582617167433,42.488989243120926],[-79.3581495041051,42.489226974926794],[-79.357990411070602,42.489623717388774],[-79.357982231966332,42.489639500538267],[-79.35756472354592,42.490445119874146],[-79.357495079426599,42.490537505158791],[-79.357469921380613,42.490570879164061],[-79.357472366284085,42.490584479358688],[-79.357478993162232,42.49062134510546],[-79.357442876363834,42.490645466245795],[-79.357412405991923,42.490665815783004]]},"properties":{"OBJECTID":145,"shoreType":"Beach","landcover":"sand","slope":8,"Shape_Length":5408.9161303176379,"CalShoreType":1,"CalLandcover":1,"CalSlope":2}},{"type":"Feature","id":146,"geometry":{"type":"LineString","coordinates":[[-79.353811508094566,42.494084293063835],[-79.353721455335105,42.494077611599685]]},"properties":{"OBJECTID":146,"shoreType":"Bluff","landcover":"development","slope":8,"Shape_Length":24.409264618668225,"CalShoreType":2,"CalLandcover":3,"CalSlope":2}},{"type":"Feature","id":147,"geometry":{"type":"LineString","coordinates":[[-79.357357143831322,42.490702590879884],[-79.357292914258238,42.490745013636669],[-79.357318173165055,42.490816195509531],[-79.357274791028914,42.490899865953644],[-79.357180287818863,42.490919035432967],[-79.357112378322924,42.490996505560048],[-79.357044976917081,42.491066851915257],[-79.357044675233084,42.491070898001823],[-79.357039110587991,42.491145363371743],[-79.356985618427203,42.49120933724727],[-79.356971496622819,42.49127240973921],[-79.35695134232202,42.491329753067049],[-79.356892788421362,42.491356824451671],[-79.356847259075266,42.491377872365092],[-79.3568333756062,42.491398601345772],[-79.356743394558777,42.491455900934994],[-79.356709309137798,42.491477606190742],[-79.356681874360049,42.491505554101117],[-79.356660194193935,42.491527640174965],[-79.356653299449206,42.491534663854743],[-79.356646295359781,42.491549301924444],[-79.356630354184489,42.491582624351622],[-79.356585307145053,42.491620626545732],[-79.35654510135133,42.491641426854464],[-79.356469402670697,42.491680590992956],[-79.356436642939443,42.491718688491225],[-79.356346410844267,42.491823629478766],[-79.356345427425268,42.491824773163231],[-79.356348174203504,42.491951704655968],[-79.35634826492111,42.491955910143453],[-79.356345159533859,42.491971637341464],[-79.356340167000837,42.491996913914186],[-79.356314135835206,42.492015492975959],[-79.356235154711342,42.492071862705352],[-79.356205196880367,42.492109918732218],[-79.356145201478526,42.492142906178351],[-79.356006235555398,42.492187901889316],[-79.355967965133999,42.49221447593338],[-79.355957255586191,42.492221912408525],[-79.35593822588848,42.492278907663646],[-79.355904175342786,42.492315859552136],[-79.355828943425507,42.492357563403566],[-79.355823496038411,42.492397694905598],[-79.355818731360642,42.492432807256549],[-79.355765231975724,42.492475426004653],[-79.355700826197321,42.492521162070744],[-79.355681779855558,42.492572184048178],[-79.355681814402573,42.492604255320096],[-79.355681847485684,42.492636108734395],[-79.355666778426084,42.492666124725687],[-79.355632822076657,42.492685154962494],[-79.35561787577042,42.492715164718291],[-79.355629849061486,42.492884185951681],[-79.355630014091858,42.49288860160339],[-79.355623819387404,42.492895988716171],[-79.355614958322732,42.492906554672366],[-79.355582375946284,42.492916248754987],[-79.355552312199023,42.492925193031205],[-79.355518422015663,42.49293527762562],[-79.355515919155295,42.492936024614849],[-79.355514001728366,42.492936598407269],[-79.355494916494948,42.492959561648597],[-79.355489209081782,42.49297541258526],[-79.355471763380748,42.493023866950331],[-79.355446887621952,42.49307590586168],[-79.355401860587818,42.493101931950953],[-79.355394501892619,42.493103899116896],[-79.355315859996736,42.493124923707953],[-79.35528384946754,42.493144826606652],[-79.355263565052041,42.493157438387868],[-79.355187240650082,42.493204891145155],[-79.355179006486878,42.493223215941811],[-79.355165217710919,42.493253899350826],[-79.355171373093498,42.493280306261042],[-79.355189068808727,42.493356228157808],[-79.355161992659532,42.493404261183144],[-79.355131172285624,42.493417881986296],[-79.355110056702827,42.49342721422321],[-79.354984258349262,42.493520902473584],[-79.354946279906088,42.49352373027665],[-79.354922214434652,42.493561775997222],[-79.354900515234306,42.493596077730992],[-79.354935379368683,42.493642818604926],[-79.354938002453594,42.493772278908473],[-79.354899640792951,42.493816978498892],[-79.35489026567106,42.493827904368572],[-79.354845213510529,42.49386590320109],[-79.354726635814131,42.49392728289785],[-79.354650149006545,42.493966875159934],[-79.354567113464682,42.494000315728869],[-79.354509499990101,42.494023519167897],[-79.354481267033435,42.494034890595778],[-79.354378664526138,42.494027299285008],[-79.354278543952987,42.494034087529286],[-79.354165666782265,42.49409662386612],[-79.354102233292437,42.494105860623613],[-79.354094378418296,42.494105277855034],[-79.353811508094566,42.494084293063835]]},"properties":{"OBJECTID":147,"shoreType":"Bluff","landcover":"vegetation","slope":8,"Shape_Length":1768.4521101540495,"CalShoreType":2,"CalLandcover":2,"CalSlope":2}},{"type":"Feature","id":148,"geometry":{"type":"LineString","coordinates":[[-79.347461981688724,42.492200331093997],[-79.346954823177825,42.49228079957777],[-79.347076451668826,42.492265726885229],[-79.346991942488543,42.492292677190335],[-79.346662089385092,42.49241057121661],[-79.346301226358719,42.492551836700699],[-79.345857945645989,42.492711691019018],[-79.345602203580427,42.492803913489254],[-79.345546250558627,42.492824090854938],[-79.34523783762458,42.492964147975009],[-79.345206485421187,42.492981117782541],[-79.345150531557678,42.493018087849016],[-79.345073993898907,42.492980823624549],[-79.344984396513055,42.492895071633455],[-79.344942748751862,42.492866794289078],[-79.344761507688062,42.492743735888617],[-79.344457180692189,42.492473870686453],[-79.343469753489472,42.491661983875275],[-79.343124222797613,42.491377873161419],[-79.343011124225569,42.491289361197651],[-79.342930584989844,42.49122632997274],[-79.342880200314482,42.49118689860731],[-79.342734278568273,42.491050901740024],[-79.342730602876514,42.49103575370205],[-79.342728404576661,42.491026689859794],[-79.342726269124157,42.491017893884042],[-79.34273063979056,42.490986618056247],[-79.342755635034734,42.490974317576033],[-79.342925947059754,42.49089050371127],[-79.343002500061289,42.490856176437127]]},"properties":{"OBJECTID":148,"shoreType":"Armored","landcover":"development","slope":8,"Shape_Length":1843.1381088474577,"CalShoreType":3,"CalLandcover":3,"CalSlope":2}},{"type":"Feature","id":149,"geometry":{"type":"LineString","coordinates":[[-79.345560792598931,42.487544155452099],[-79.34553577041882,42.487518412737735],[-79.345468212806125,42.4874489058354],[-79.345374236105386,42.487384857398105],[-79.345132482973924,42.487264391267509]]},"properties":{"OBJECTID":149,"shoreType":"Bluff","landcover":"development","slope":8,"Shape_Length":155.83028665749754,"CalShoreType":2,"CalLandcover":3,"CalSlope":2}},{"type":"Feature","id":150,"geometry":{"type":"LineString","coordinates":[[-79.345991720677432,42.48805997263581],[-79.345975348084039,42.487972765335059],[-79.345907017731591,42.487822899539459],[-79.345857659605414,42.487773973688178],[-79.345821202191814,42.487737835975516],[-79.345757245821247,42.487711904898227],[-79.345640211172025,42.487625865011744],[-79.345626813164714,42.487612080828676],[-79.345610184212603,42.487594971796874],[-79.345560792598931,42.487544155452099]]},"properties":{"OBJECTID":150,"shoreType":"Bluff","landcover":"vegetation","slope":8,"Shape_Length":229.26548996284174,"CalShoreType":2,"CalLandcover":2,"CalSlope":2}},{"type":"Feature","id":151,"geometry":{"type":"LineString","coordinates":[[-79.345962586625106,42.488154282565027],[-79.346005219066129,42.488131868210388],[-79.345991720677432,42.48805997263581]]},"properties":{"OBJECTID":151,"shoreType":"Bluff","landcover":"development","slope":8,"Shape_Length":40.55854603081594,"CalShoreType":2,"CalLandcover":3,"CalSlope":2}},{"type":"Feature","id":152,"geometry":{"type":"LineString","coordinates":[[-79.343002500061289,42.490856176437127],[-79.34371103934248,42.490538456200987],[-79.344008031536774,42.490384472412174],[-79.344026787743132,42.490366898719877],[-79.344056010570938,42.490339519937358],[-79.344085995370605,42.490282471909211],[-79.344106329545866,42.489999436972951],[-79.344112188424219,42.489917878748173],[-79.34424188233352,42.489581325420708],[-79.344300250720337,42.489429856702941],[-79.344412231795616,42.489193850465327],[-79.344413711758321,42.489191408083904],[-79.344469218554693,42.489099849320809],[-79.344544158495395,42.489013898933521],[-79.344657190959907,42.488915877495494],[-79.345122221973256,42.488581918694642],[-79.345577167319988,42.488356921907993],[-79.34575696130932,42.488262392248565],[-79.345962586625106,42.488154282565027]]},"properties":{"OBJECTID":152,"shoreType":"Armored","landcover":"development","slope":8,"Shape_Length":1345.2711499335678,"CalShoreType":3,"CalLandcover":3,"CalSlope":2}},{"type":"Feature","id":153,"geometry":{"type":"LineString","coordinates":[[-79.330877171150647,42.48929095213596],[-79.330904634304432,42.489383093908948],[-79.330903322023318,42.4894593155866],[-79.330902039723924,42.489533867050156],[-79.331002764830274,42.489712323181124],[-79.331038286795049,42.489831494530982],[-79.331091336305619,42.490009473861953],[-79.331136907636065,42.4902030902864],[-79.331262008320735,42.490336521717602],[-79.331382838407251,42.490408177642593],[-79.33153726602049,42.490407093942856],[-79.331645095002983,42.490386279502481]]},"properties":{"OBJECTID":153,"shoreType":"Beach","landcover":"sand","slope":45,"Shape_Length":515.0021009689184,"CalShoreType":1,"CalLandcover":1,"CalSlope":3}},{"type":"Feature","id":154,"geometry":{"type":"LineString","coordinates":[[-79.331645095002983,42.490386279502481],[-79.331688516883659,42.490377897965715],[-79.331905729252156,42.490335968656225],[-79.332312868596304,42.490358665869174],[-79.332490848680379,42.490411698467895],[-79.332504848893109,42.490446064221061],[-79.332512603388764,42.490465097640083]]},"properties":{"OBJECTID":154,"shoreType":"Beach","landcover":"sand","slope":8,"Shape_Length":254.84879744950948,"CalShoreType":1,"CalLandcover":1,"CalSlope":2}},{"type":"Feature","id":155,"geometry":{"type":"LineString","coordinates":[[-79.353721455335105,42.494077611599685],[-79.353644244839089,42.494071883567266],[-79.353635881238617,42.494073066030388],[-79.353460155396746,42.494097886517785],[-79.353329937472537,42.494131793587378],[-79.353287235594976,42.49414291172522],[-79.35325352954527,42.494131495777104]]},"properties":{"OBJECTID":155,"shoreType":"Bluff","landcover":"development","slope":8,"Shape_Length":130.91095547445408,"CalShoreType":2,"CalLandcover":3,"CalSlope":2}},{"type":"Feature","id":156,"geometry":{"type":"LineString","coordinates":[[-79.35325352954527,42.494131495777104],[-79.353217817657097,42.494119400079867],[-79.353151801357185,42.494108403712467],[-79.353133440920715,42.494110021502784],[-79.353132076120303,42.494109337456266],[-79.353112223618581,42.494099398495628],[-79.353095499723295,42.494091024807219],[-79.353043420442731,42.494036430638722],[-79.352974876356654,42.493943389017836],[-79.352930387031748,42.493879661821282],[-79.352832250338665,42.493801882280067],[-79.352775672924338,42.493483821242691],[-79.352675833598155,42.493163647743472],[-79.352333679372322,42.492670788493861]]},"properties":{"OBJECTID":156,"shoreType":"Bluff","landcover":"development","slope":8,"Shape_Length":612.68324264745297,"CalShoreType":2,"CalLandcover":3,"CalSlope":2}},{"type":"Feature","id":157,"geometry":{"type":"LineString","coordinates":[[-79.352333679372322,42.492670788493861],[-79.352281837644327,42.492596110766279]]},"properties":{"OBJECTID":157,"shoreType":"Beach","landcover":"sand","slope":8,"Shape_Length":30.597149804459132,"CalShoreType":1,"CalLandcover":1,"CalSlope":2}},{"type":"Feature","id":158,"geometry":{"type":"LineString","coordinates":[[-79.351735331829232,42.492172009123571],[-79.351594936264476,42.492129583960818],[-79.351151897487938,42.492021557745154],[-79.350734907837122,42.491957557249613],[-79.35043783632689,42.491945534142289],[-79.349953913774783,42.49194953297458],[-79.349944089091139,42.491950092046324],[-79.34923845911861,42.492036376053008],[-79.348880845796813,42.492088657945196],[-79.348622547809242,42.492126419391433],[-79.347683924996716,42.492169151792616],[-79.347648247333368,42.492170776165501],[-79.347461981688724,42.492200331093997]]},"properties":{"OBJECTID":158,"shoreType":"Beach","landcover":"sand","slope":8,"Shape_Length":1171.8833403194785,"CalShoreType":1,"CalLandcover":1,"CalSlope":2}},{"type":"Feature","id":159,"geometry":{"type":"LineString","coordinates":[[-79.352281837644327,42.492596110766279],[-79.352274714742833,42.492585850373409],[-79.352250806228142,42.492551410396963],[-79.352123706871339,42.49239516724289],[-79.352089799157014,42.492353484049048],[-79.351866881502104,42.492211761990184],[-79.351735331829232,42.492172009123571]]},"properties":{"OBJECTID":159,"shoreType":"Beach","landcover":"sand","slope":8,"Shape_Length":220.09585542665081,"CalShoreType":1,"CalLandcover":1,"CalSlope":2}},{"type":"Feature","id":160,"geometry":{"type":"LineString","coordinates":[[-79.336297556440712,42.488957114067418],[-79.336478520788475,42.489586540652759],[-79.336606277340323,42.490030886193232],[-79.336611194024016,42.490080850859393],[-79.336610006829929,42.490086835613369],[-79.336603256362096,42.490120857403681],[-79.336576214029492,42.490137908166425],[-79.336435278379454,42.490145862850845],[-79.336427136281657,42.490146024387627],[-79.336285243765445,42.490148849084889],[-79.336255266910456,42.490135847939811],[-79.336207234670965,42.489970922714868],[-79.336115131328768,42.489612033784617],[-79.335946223606669,42.488953861666474],[-79.335929200662306,42.488872446890909]]},"properties":{"OBJECTID":160,"shoreType":"Armored","landcover":"development","slope":0,"Shape_Length":999.42927302860335,"CalShoreType":3,"CalLandcover":3,"CalSlope":1}},{"type":"Feature","id":161,"geometry":{"type":"LineString","coordinates":[[-79.335929200662306,42.488872446890909],[-79.335900221004877,42.488733848380839],[-79.335850214469048,42.488717916800724],[-79.335790198468047,42.488662839264691],[-79.335700173563936,42.48852390145003],[-79.3356832138833,42.48851086150929],[-79.335628244116677,42.488512851857948],[-79.335628012211743,42.488512887590822],[-79.335585766370585,42.488519373215759],[-79.335074903683591,42.488634180718485],[-79.334879205597389,42.488678159033576],[-79.334457319193788,42.488737131051714],[-79.334028203981873,42.488797111265697],[-79.333884387073425,42.488818306782861],[-79.333736297051516,42.488840132385214],[-79.332616122169142,42.489006076193142]]},"properties":{"OBJECTID":161,"shoreType":"Armored","landcover":"development","slope":8,"Shape_Length":1002.0570024807804,"CalShoreType":3,"CalLandcover":3,"CalSlope":2}},{"type":"Feature","id":162,"geometry":{"type":"LineString","coordinates":[[-79.332616122169142,42.489006076193142],[-79.331711206236065,42.489140122870133],[-79.33087261616501,42.489275671701911],[-79.330877171150647,42.48929095213596]]},"properties":{"OBJECTID":162,"shoreType":"Armored","landcover":"development","slope":45,"Shape_Length":486.13971042293412,"CalShoreType":3,"CalLandcover":3,"CalSlope":3}},{"type":"Feature","id":163,"geometry":{"type":"LineString","coordinates":[[-79.345132482973924,42.487264391267509],[-79.345118973679163,42.487257659649593],[-79.345073216597584,42.487234858123756],[-79.344995175984266,42.487219904602583],[-79.34485916834474,42.487219846913852],[-79.344850526110861,42.487220459810679],[-79.344624345218008,42.48723649657768],[-79.344435236760887,42.487249903667902],[-79.344432834941472,42.487249546002523],[-79.344334195592452,42.48723483505777],[-79.344265079304179,42.487200377552732],[-79.343981262650146,42.487058893056954],[-79.343955478999163,42.486937901015544],[-79.343862094656018,42.48675527523222],[-79.343771440924343,42.486770628747031],[-79.342788500244325,42.48693709102546],[-79.341957507262777,42.487065061457194],[-79.34185025589386,42.487079669852534],[-79.340683546941989,42.487238577676109],[-79.339782562041492,42.487369550735302],[-79.338896484233132,42.487515618748787],[-79.338282498516946,42.487604747585145],[-79.338205307581688,42.487615953156158],[-79.337305477953748,42.487746570533034],[-79.336290278892307,42.487911310419278],[-79.336298697565525,42.48798514461712],[-79.336305966396992,42.488048907743384],[-79.336333419493428,42.488118399070295],[-79.336365996037685,42.488200863957843],[-79.33646396507244,42.488292858917305],[-79.336478943539902,42.488345864346428],[-79.336349522093997,42.488422322011971],[-79.336284241747862,42.488460886735041],[-79.336280237036434,42.48847688489586],[-79.336291777835271,42.488490235835442],[-79.336293200072177,42.488491880303989],[-79.336428263437213,42.488553835940074],[-79.336443206986942,42.488572900181786],[-79.336433626977296,42.488594531118615],[-79.336428161321123,42.488606872948182],[-79.336409252610281,42.488621906719182],[-79.336323552941494,42.488645213566507],[-79.336284235570176,42.488655907017971],[-79.336238254513091,42.48869285315552],[-79.336238250475375,42.48875083565089],[-79.336240031349433,42.488757026873728],[-79.336297556440712,42.488957114067418]]},"properties":{"OBJECTID":163,"shoreType":"Armored","landcover":"development","slope":8,"Shape_Length":3010.231297434158,"CalShoreType":3,"CalLandcover":3,"CalSlope":2}},{"type":"Feature","id":164,"geometry":{"type":"LineString","coordinates":[[-79.332512603388764,42.490465097640083],[-79.332519877964629,42.490482955730798],[-79.331157133155571,42.490678195698628],[-79.331154156036433,42.490676930427028],[-79.331055762015453,42.490635113473054],[-79.330933963650025,42.490510963763327]]},"properties":{"OBJECTID":164,"shoreType":"Armored","landcover":"sand","slope":8,"Shape_Length":468.61942685972895,"CalShoreType":3,"CalLandcover":1,"CalSlope":2}},{"type":"Feature","id":165,"geometry":{"type":"LineString","coordinates":[[-79.330933963650025,42.490510963763327],[-79.330897540353476,42.490473837083329],[-79.330867711057053,42.490477743503064],[-79.330694679174613,42.490500401267816],[-79.330415638169512,42.490513685646363],[-79.330106273692664,42.490601627198728],[-79.329960254398316,42.490638570816394],[-79.329707671252152,42.490702474833213],[-79.329368498031755,42.490824893837704],[-79.329075252550084,42.49095986627389],[-79.328996210667214,42.490994640683077],[-79.328766219418654,42.491095823820793],[-79.328652420521323,42.49117597393839],[-79.328303682932301,42.491346395431073],[-79.328270634652185,42.491362426346811]]},"properties":{"OBJECTID":165,"shoreType":"Beach","landcover":"sand","slope":8,"Shape_Length":808.3364150917447,"CalShoreType":1,"CalLandcover":1,"CalSlope":2}},{"type":"Feature","id":166,"geometry":{"type":"LineString","coordinates":[[-79.328270634652185,42.491362426346811],[-79.32778261778715,42.491599147729048],[-79.327323724068506,42.49202315019977],[-79.327046170307682,42.492267317487965],[-79.326634773609968,42.492629224611555],[-79.326555784126754,42.492685153538162],[-79.326194793271341,42.49289616418443],[-79.324812796791221,42.493653229076756],[-79.32428374728002,42.493950177520667],[-79.324203151805264,42.49401609478678],[-79.323621635437974,42.494491696558633],[-79.323219294658898,42.494873022052154],[-79.322876546876557,42.495263107501891],[-79.322550857731656,42.495522708090412],[-79.322428775387593,42.49567497178375],[-79.322075625109065,42.496177380260477],[-79.322039600530061,42.496227197987757],[-79.321641868301754,42.496777203853064],[-79.321124233868218,42.497318672285253],[-79.321084078662679,42.497358850912143],[-79.320942730854995,42.497487518279236],[-79.320914223726689,42.497508405443924],[-79.320871734428437,42.497539540421108],[-79.320762688436346,42.497595523706302],[-79.320750517405088,42.497616096847921]]},"properties":{"OBJECTID":166,"shoreType":"Armored","landcover":"development","slope":8,"Shape_Length":3091.6334577660405,"CalShoreType":3,"CalLandcover":3,"CalSlope":2}},{"type":"Feature","id":167,"geometry":{"type":"LineString","coordinates":[[-79.320750517405088,42.497616096847921],[-79.320705725619064,42.497691811234567],[-79.320592411907697,42.497782837223575],[-79.32052392914315,42.497866206857772],[-79.320467998957128,42.497960245929882],[-79.320085133680948,42.498533908963239],[-79.319942811574919,42.498747153431864],[-79.319323575985564,42.499570961654989],[-79.319293895597028,42.499646088669408],[-79.319270640398969,42.499704952313081],[-79.31925806510506,42.499745075613426],[-79.319229076109025,42.499837571726047],[-79.319160776143804,42.499960944981737],[-79.319143346130929,42.500128358171565],[-79.319124197356786,42.500203149233656]]},"properties":{"OBJECTID":167,"shoreType":"Beach","landcover":"sand","slope":8,"Shape_Length":1049.6311644644038,"CalShoreType":1,"CalLandcover":1,"CalSlope":2}},{"type":"Feature","id":168,"geometry":{"type":"LineString","coordinates":[[-79.319140370202732,42.500465465487629],[-79.319134728514115,42.500532169958511],[-79.319062154478488,42.500593151645703],[-79.319083663734574,42.500624203670874],[-79.319114034172728,42.500668050261581],[-79.319127158489238,42.500744142075341],[-79.319174151734245,42.500808509079519],[-79.319192823473983,42.500861104035032],[-79.319152359519052,42.500916232153614],[-79.31903098559458,42.500953570750795],[-79.319030527362557,42.500953712335154],[-79.319030766148259,42.500954777631023],[-79.319038105373437,42.500987501514274],[-79.319061124445824,42.501090139309369],[-79.319052986598734,42.50119621812059],[-79.318994855194092,42.501305611283712],[-79.318924047936264,42.501399285910523],[-79.318820388909913,42.501509929993496],[-79.318780508048604,42.501557985255843],[-79.318697382186798,42.501619533171485],[-79.31863408245168,42.501672222031786],[-79.318463926058442,42.501822452685353],[-79.318371968244307,42.501886429246944],[-79.318267991720674,42.501938433498871],[-79.318175006212286,42.502010370441766],[-79.318174884455729,42.502010466651875],[-79.318144662089182,42.502051472706228],[-79.31811891650122,42.502086408288385],[-79.31807493123155,42.502191430352546],[-79.317942671105641,42.502281979150709],[-79.31787670021825,42.502327143988559],[-79.317863684366259,42.502334948190544],[-79.317706684489139,42.502429091637296],[-79.317342439866991,42.502553245259541],[-79.317253020418676,42.502563767806897],[-79.317147124413538,42.502571560814694],[-79.317031127405173,42.502567377185564],[-79.316908550832451,42.502517212484307],[-79.316577019091127,42.502508488522473],[-79.316516264052467,42.502513041009898],[-79.316512961231709,42.502513288109675],[-79.316476277701497,42.502563518785827],[-79.316430646551368,42.502626027950264],[-79.316414234653664,42.502648511124747],[-79.316387585900699,42.502736317270021],[-79.316376349243626,42.502773340121763],[-79.316303413083503,42.502892615307701],[-79.316272241917474,42.502905657121573],[-79.316171985547598,42.50294760118517],[-79.31611228589361,42.502990263544255],[-79.316059203362229,42.503071029207319],[-79.315945736199083,42.503103837798811],[-79.315847097949401,42.503138525802896],[-79.315744570173777,42.503192421684794],[-79.315605939480974,42.503294908353581],[-79.315524836915614,42.503316875649404],[-79.315328132021094,42.503362975932937],[-79.315122902071423,42.503487891057816],[-79.314905595781681,42.503538523618801],[-79.314729310384905,42.503549937186712],[-79.31453027189734,42.503550318717934],[-79.314522859612751,42.503550199459269],[-79.31440821071611,42.503548350698516],[-79.314063247433737,42.503511298710713],[-79.313628262254099,42.503446310304305],[-79.313484239687369,42.503406363512539],[-79.313469515320946,42.503404904345452],[-79.313282210884338,42.503386340040592],[-79.313202209750997,42.503387287109653],[-79.313198743830824,42.503387743116726],[-79.31297809509104,42.503362712413974],[-79.31285327145352,42.503404926121931],[-79.312675204245423,42.503460357920602],[-79.312570905968386,42.503483633002915],[-79.312544938705585,42.50349143618692],[-79.312370456972133,42.503543864780077],[-79.312178593613453,42.503603135924983],[-79.311942295568443,42.503743879853097],[-79.311824282252132,42.503814866110403],[-79.311718348974409,42.503942839531057],[-79.311577560400607,42.504026375203146],[-79.311295263104668,42.504193870129775],[-79.311183327590868,42.50424886870853],[-79.310985225856655,42.504300947347851],[-79.310732633085522,42.504387425402548],[-79.310653550272576,42.504396437649049],[-79.310648565085302,42.504395780575592],[-79.310585521003489,42.504387476787521],[-79.310238127966159,42.504268085771365],[-79.310231846635347,42.504265927136402],[-79.310133811832145,42.504232978481653],[-79.310002889173475,42.504218911830918],[-79.309755526312387,42.504137479906149],[-79.309628779510646,42.504095755053378],[-79.309479290205402,42.504014605185212],[-79.309453833765943,42.50400078607781],[-79.309283897043656,42.503886935100532],[-79.309138558761134,42.503904858295712],[-79.309088885435145,42.503879279109405],[-79.309006029120056,42.503864858295529],[-79.308969843215294,42.503863177935834],[-79.308899091618301,42.503859884348145],[-79.308738089632044,42.503834884660385],[-79.30866321037567,42.503869109096073],[-79.308502114478841,42.503960937735961],[-79.308432611773554,42.503980230213045],[-79.308378421544234,42.503972803677058],[-79.3082926828327,42.504052203158771],[-79.308231297469078,42.504142656083872],[-79.308065919572186,42.504281229272458],[-79.307975611352433,42.504357157133605],[-79.307848037682419,42.504421516989659],[-79.307454705188121,42.504523707762132],[-79.307333675678649,42.504552666412671],[-79.30707308975056,42.504597641815543],[-79.307014810680286,42.504607700431407],[-79.306752804394904,42.5046938321384],[-79.306505594632014,42.504750784625458],[-79.306472484712316,42.504757704220161],[-79.306463473410048,42.504756835596645],[-79.306400579498472,42.504750777450909],[-79.306305581469275,42.504717707331395],[-79.306235589967514,42.504706745947729],[-79.306166594584724,42.504706733709966],[-79.306164816653848,42.504707340907416],[-79.306073654878432,42.504743222926258],[-79.306031184549852,42.504717806755608],[-79.305976280093276,42.504684950761934],[-79.305886799677438,42.504647820363076],[-79.305816968130827,42.504662359863644],[-79.305744907596704,42.504691277293226],[-79.305662668986642,42.504678012428116],[-79.305552681911919,42.504633985256675],[-79.305546330832371,42.504636749519499],[-79.305466155356257,42.504671644437757],[-79.305460653486477,42.504672924189499],[-79.305431350026296,42.504719755789296],[-79.305355312712393,42.504748224485567],[-79.305378448042717,42.504793213214406],[-79.305457533563654,42.504866467406501],[-79.305421938690671,42.504910686429447],[-79.305322880268918,42.504921561995772],[-79.3051061517953,42.505094090552305],[-79.304813494097928,42.505286152901228],[-79.304460092278703,42.505437621540054],[-79.304315965644335,42.505495452877746],[-79.304161623720788,42.505508016641066],[-79.304098250979166,42.505513174995116],[-79.303835253079896,42.50552783327516],[-79.303646819017928,42.505596860884182],[-79.303434329945773,42.505690615096626],[-79.303044345277669,42.505731490538764],[-79.302845763588351,42.505714070244338],[-79.302833374067063,42.505714328085446],[-79.302544360473235,42.505764590638961],[-79.302350756237274,42.505805223218594],[-79.302110764008816,42.505822958892381],[-79.301629297672108,42.50594073413761],[-79.301244625571186,42.506068321744578],[-79.300737238643421,42.506313755533895],[-79.300694720961303,42.506334543499442],[-79.300357202949243,42.506499562650404],[-79.300042918315839,42.506611429905092],[-79.299869244239972,42.506663805598151],[-79.299719788672249,42.506652498899015],[-79.299710894180208,42.50665249868225],[-79.299491637653674,42.506652440319769],[-79.299478063105781,42.506653043707871],[-79.299221624328425,42.506654211981761],[-79.299090886714808,42.506625774100833],[-79.298986490833244,42.506605876353426],[-79.29890572481429,42.50653235451955],[-79.298866624886571,42.506496762231592],[-79.29882533635444,42.506466209840227],[-79.298793678186101,42.506442782421409],[-79.298762866451952,42.506436281217752],[-79.298715346245814,42.50642625529121]]},"properties":{"OBJECTID":168,"shoreType":"Bluff","landcover":"vegetation","slope":8,"Shape_Length":6835.2364512771164,"CalShoreType":2,"CalLandcover":2,"CalSlope":2}},{"type":"Feature","id":169,"geometry":{"type":"LineString","coordinates":[[-79.319123733173612,42.500204961771736],[-79.319104120169669,42.500281565367921],[-79.319160932680745,42.500345845033642],[-79.319158992452373,42.50039183466334],[-79.319143975236898,42.500422833108011],[-79.319140370202732,42.500465465487629]]},"properties":{"OBJECTID":169,"shoreType":"Bluff","landcover":"development","slope":8,"Shape_Length":100.7418901075167,"CalShoreType":2,"CalLandcover":3,"CalSlope":2}},{"type":"Feature","id":170,"geometry":{"type":"LineString","coordinates":[[-79.319124197356786,42.500203149233656],[-79.319123733173612,42.500204961771736]]},"properties":{"OBJECTID":170,"shoreType":"Bluff","landcover":"sand","slope":8,"Shape_Length":0.67231480518794395,"CalShoreType":2,"CalLandcover":1,"CalSlope":2}},{"type":"Feature","id":171,"geometry":{"type":"LineString","coordinates":[[-79.298715346245814,42.50642625529121],[-79.298664335316261,42.506415493100661],[-79.298501258990683,42.506478795654012],[-79.29833404270822,42.506575602401931],[-79.298179658998691,42.50666001757326],[-79.298064219601088,42.506729047901644],[-79.297900270244227,42.506841990007985],[-79.297819874851157,42.506889606356403],[-79.297672574216762,42.50697684766449],[-79.297537911068162,42.507087333497168],[-79.297508227898717,42.507111687314165],[-79.297463058129964,42.507157777582847]]},"properties":{"OBJECTID":171,"shoreType":"Beach","landcover":"sand","slope":8,"Shape_Length":438.96645893793726,"CalShoreType":1,"CalLandcover":1,"CalSlope":2}},{"type":"Feature","id":172,"geometry":{"type":"LineString","coordinates":[[-79.286142450086416,42.5110903608266],[-79.286113127553747,42.511076434218943],[-79.285926748367075,42.511109979782752],[-79.285785243379209,42.51110622072116],[-79.2857814877311,42.511106830721992],[-79.2854088269615,42.511205322411712],[-79.285174657354972,42.511267211235214],[-79.284972140088499,42.511325851154353],[-79.284862012694845,42.511367826439425],[-79.284740095376762,42.511353999025097],[-79.284551279109976,42.511377475972921],[-79.284434525520112,42.51138667361618],[-79.284373826264797,42.511376401880533],[-79.28431586103774,42.511367958955844],[-79.284230412475608,42.511320017915928],[-79.284115291457809,42.511398227640875],[-79.283849351576791,42.511469381014315],[-79.283642793787848,42.511432223264315],[-79.283351387545991,42.511302248201588],[-79.283262271218021,42.511217355388922],[-79.28314769091925,42.511108199807992],[-79.282865339616592,42.510998549563126],[-79.282751094612422,42.510954181732586],[-79.282565493321513,42.510937671613739],[-79.282325859886825,42.51093920731325],[-79.282108497002369,42.510921841354872],[-79.282093765219997,42.510922650502337],[-79.282060415014243,42.510924482447201],[-79.281835584377447,42.510936828314492],[-79.281641510232475,42.510891325420964],[-79.281144171254482,42.511060345137189],[-79.280108749368168,42.511256350628301],[-79.279574737265264,42.511395441642662],[-79.279378721866692,42.511408445779871],[-79.279377110441757,42.511408088254385],[-79.279228210651937,42.511427828114996],[-79.279190618052084,42.511425482495703],[-79.279164169769217,42.51142383173228],[-79.27916075975719,42.511425221757825],[-79.279126989111603,42.511438986766301]]},"properties":{"OBJECTID":172,"shoreType":"Bluff","landcover":"vegetation","slope":45,"Shape_Length":2036.1520748610501,"CalShoreType":2,"CalLandcover":2,"CalSlope":3}},{"type":"Feature","id":173,"geometry":{"type":"LineString","coordinates":[[-79.286234847559868,42.511178662225078],[-79.28624574884546,42.511139422534065],[-79.286142450086416,42.5110903608266]]},"properties":{"OBJECTID":173,"shoreType":"Bluff","landcover":"development","slope":45,"Shape_Length":47.696752488184828,"CalShoreType":2,"CalLandcover":3,"CalSlope":3}},{"type":"Feature","id":174,"geometry":{"type":"LineString","coordinates":[[-79.297463058129964,42.507157777582847],[-79.297333707967454,42.507289762886124],[-79.297131370720734,42.507535560121021],[-79.29671552351347,42.507946655479465],[-79.296345183108429,42.508172593467755],[-79.29621804758834,42.508269532148816],[-79.296159034884639,42.508324600940121],[-79.296083037907792,42.508364549855493],[-79.295970036835143,42.508441544748251],[-79.295906884247017,42.508553498824682],[-79.295630335707415,42.508840223115833],[-79.295380710686416,42.509055172349065],[-79.295286423622812,42.509152469456126],[-79.295196325149092,42.509177977621412],[-79.295014797413586,42.509229370216858],[-79.294856143776371,42.509288561846894],[-79.294790474137798,42.509457783108331],[-79.294471968939092,42.50977539424342],[-79.294413982686976,42.509822408184334],[-79.294314736841429,42.50995545371925],[-79.294140922675922,42.510037403769829],[-79.294114197890465,42.510049563910762],[-79.294085928401842,42.510062427738852],[-79.294065726208942,42.510065068404245],[-79.294001982552132,42.510073411356309],[-79.293950950362799,42.510063219784541],[-79.293948336806864,42.510062698525751],[-79.293942014485083,42.510061435029272],[-79.293497950821617,42.509954161323762],[-79.293118874222358,42.509919060997859],[-79.292963913763131,42.50992199586225],[-79.292766950182724,42.50988202678991],[-79.292551915808417,42.509795017231639],[-79.292361891325953,42.509755061234948],[-79.292155828064665,42.509783257829525]]},"properties":{"OBJECTID":174,"shoreType":"Bluff","landcover":"vegetation","slope":8,"Shape_Length":1969.3497661637616,"CalShoreType":2,"CalLandcover":2,"CalSlope":2}},{"type":"Feature","id":175,"geometry":{"type":"LineString","coordinates":[[-79.292155828064665,42.509783257829525],[-79.29194271673812,42.509812417716951],[-79.291515625442599,42.509876086612586],[-79.291157809508888,42.509934166574872],[-79.290825833465561,42.509959135777819],[-79.29018974713523,42.510004549289292],[-79.289831961558178,42.510115523372455],[-79.289643435627156,42.510214538317364],[-79.289501338368495,42.51031841644695],[-79.289472387465722,42.510364562056388],[-79.289194463103385,42.510491997837576],[-79.288742419654824,42.510667368741217],[-79.288716263523014,42.510677516506668],[-79.288328476049415,42.510729336034849],[-79.287928485014589,42.510865288093164],[-79.286678006872648,42.511223839736061],[-79.286592659573685,42.511242599514283],[-79.286478029206805,42.511267798525523],[-79.286464670749524,42.511267805764838],[-79.286390043304465,42.511267852194663],[-79.286312637191031,42.511290863665998],[-79.286223929841597,42.511217956932441],[-79.286234847559868,42.511178662225078]]},"properties":{"OBJECTID":175,"shoreType":"Bluff","landcover":"vegetation","slope":45,"Shape_Length":1749.427039287629,"CalShoreType":2,"CalLandcover":2,"CalSlope":3}},{"type":"Feature","id":176,"geometry":{"type":"LineString","coordinates":[[-79.27868519732165,42.511762606018273],[-79.278325847455378,42.51202299955424]]},"properties":{"OBJECTID":176,"shoreType":"Beach","landcover":"sand","slope":8,"Shape_Length":135.62085464758837,"CalShoreType":1,"CalLandcover":1,"CalSlope":2}},{"type":"Feature","id":177,"geometry":{"type":"LineString","coordinates":[[-79.279126989111603,42.511438986766301],[-79.279083182219296,42.511456842334191],[-79.278960081455168,42.5115041951424],[-79.278905492437033,42.511520229110452],[-79.278810537695648,42.511671780869968],[-79.27868519732165,42.511762606018273]]},"properties":{"OBJECTID":177,"shoreType":"Beach","landcover":"sand","slope":45,"Shape_Length":174.91178471321464,"CalShoreType":1,"CalLandcover":1,"CalSlope":3}},{"type":"Feature","id":178,"geometry":{"type":"LineString","coordinates":[[-79.271988410512833,42.518808373581209],[-79.271978714062513,42.518846547712414],[-79.271933214585133,42.518914845034445],[-79.271931346749724,42.518917860477174],[-79.271915235832125,42.518943876214131],[-79.271892477776802,42.518981650773668],[-79.271879214483832,42.519003665676493],[-79.271805701291058,42.519032663185953],[-79.27170929783334,42.519091845742885],[-79.271708600112831,42.519094139334427],[-79.271694283379844,42.51914126292283],[-79.271684664891353,42.519172923066343],[-79.271611435062908,42.519185185329619],[-79.271513803366261,42.519211109921827],[-79.271373442991461,42.519236952477812],[-79.27135345119639,42.519368721577806],[-79.271205237030728,42.519414752941053],[-79.271129930810133,42.519429141206693],[-79.271081261321299,42.519438440559405],[-79.271068375032939,42.519448258874576],[-79.270992486164047,42.519506075329019],[-79.270748392671408,42.519562833806475],[-79.270651815744387,42.519564048680927],[-79.270642605200905,42.519598227959875],[-79.270665301894027,42.519628827232154],[-79.270699329126117,42.519693305220855],[-79.270615783058844,42.519752644704468],[-79.270596868911127,42.519752370119711],[-79.270542287005213,42.519751577504032],[-79.270506404691261,42.519783123157453],[-79.270496816954136,42.51979155320987],[-79.270439372145702,42.51980915683302],[-79.270399293159343,42.519825899180312],[-79.270306280242536,42.519828761506311],[-79.270258379624138,42.519838407907883],[-79.270225964979943,42.519841008641365]]},"properties":{"OBJECTID":178,"shoreType":"Bluff","landcover":"vegetation","slope":8,"Shape_Length":703.84153331971174,"CalShoreType":2,"CalLandcover":2,"CalSlope":2}},{"type":"Feature","id":179,"geometry":{"type":"LineString","coordinates":[[-79.272110386755216,42.518615746801608],[-79.272071875807171,42.518690384229735],[-79.272003521000499,42.518748889803177],[-79.271997396547221,42.51877299907347],[-79.271988410512833,42.518808373581209]]},"properties":{"OBJECTID":179,"shoreType":"Bluff","landcover":"development","slope":8,"Shape_Length":79.353994957742387,"CalShoreType":2,"CalLandcover":3,"CalSlope":2}},{"type":"Feature","id":180,"geometry":{"type":"LineString","coordinates":[[-79.270225964979943,42.519841008641365],[-79.270194401486052,42.519843540344603],[-79.270178067593946,42.519833840547669],[-79.270150841190016,42.519817672733268]]},"properties":{"OBJECTID":180,"shoreType":"Bluff","landcover":"vegetation","slope":8,"Shape_Length":23.618227087654397,"CalShoreType":2,"CalLandcover":2,"CalSlope":2}},{"type":"Feature","id":181,"geometry":{"type":"LineString","coordinates":[[-79.241030016593598,42.531025013046907],[-79.240877905834779,42.531030513376216],[-79.240628131170809,42.531067302787697],[-79.240556167581502,42.531077902140197],[-79.240488835679855,42.531087818586677],[-79.240451646670891,42.531102436231897],[-79.240430939229128,42.531110575515044]]},"properties":{"OBJECTID":181,"shoreType":"Bluff","landcover":"vegetation","slope":8,"Shape_Length":165.65074798788123,"CalShoreType":2,"CalLandcover":2,"CalSlope":2}},{"type":"Feature","id":182,"geometry":{"type":"LineString","coordinates":[[-79.241700769764222,42.530946143339101],[-79.241569146356255,42.530964386394118],[-79.241335094618805,42.53101397985629],[-79.241092762944902,42.531022744323522],[-79.241030016593598,42.531025013046907]]},"properties":{"OBJECTID":182,"shoreType":"Bluff","landcover":"development","slope":8,"Shape_Length":184.04909814377598,"CalShoreType":2,"CalLandcover":3,"CalSlope":2}},{"type":"Feature","id":183,"geometry":{"type":"LineString","coordinates":[[-79.242073549223903,42.530939016210283],[-79.24198324019369,42.530901910160978],[-79.241932398219916,42.530910061766612],[-79.241749204626942,42.530939430800522],[-79.241741166790632,42.530940544707938],[-79.241700769764222,42.530946143339101]]},"properties":{"OBJECTID":183,"shoreType":"Bluff","landcover":"vegetation","slope":8,"Shape_Length":105.67560687294755,"CalShoreType":2,"CalLandcover":2,"CalSlope":2}},{"type":"Feature","id":184,"geometry":{"type":"LineString","coordinates":[[-79.242414428326086,42.531167101388398],[-79.242334230742827,42.531142887903535],[-79.242173221526627,42.531087903998461],[-79.242110040257728,42.531058172872278],[-79.242107812450485,42.530953093988948],[-79.242073549223903,42.530939016210283]]},"properties":{"OBJECTID":184,"shoreType":"Bluff","landcover":"development","slope":8,"Shape_Length":140.19810699628468,"CalShoreType":2,"CalLandcover":3,"CalSlope":2}},{"type":"Feature","id":185,"geometry":{"type":"LineString","coordinates":[[-79.249190036712491,42.532078228944393],[-79.24911981686401,42.532111436617406],[-79.249083578709545,42.532128574102693],[-79.248891525602573,42.532204586184648],[-79.248676591377318,42.532255606857888],[-79.248191118690329,42.532325732616194],[-79.248180185321388,42.532325734831353],[-79.248045154071107,42.532325750243125],[-79.248037029115508,42.532326345639362],[-79.247899126267583,42.532336456100509],[-79.247704158903716,42.532350748621091],[-79.247691003207052,42.532351131885825],[-79.247569053504691,42.532354684593912],[-79.247568322306705,42.532354834676624],[-79.247534498294087,42.532350229571399],[-79.247334419811608,42.532419244518593],[-79.24732594067703,42.532422488721508],[-79.246852890683499,42.532543185329061],[-79.246694788951302,42.532559716812614],[-79.246685990597086,42.532560637409006],[-79.246631571806475,42.532565244018699],[-79.246546873765041,42.532565259800194],[-79.246306894690363,42.53258162089319],[-79.246306665564148,42.53258159431028],[-79.246151061323232,42.532563583296152],[-79.246089579075573,42.53253195847482],[-79.245983754459644,42.532477525031055],[-79.245887637547867,42.532525573841724],[-79.245712704008085,42.532644228410554]]},"properties":{"OBJECTID":185,"shoreType":"Bluff","landcover":"vegetation","slope":45,"Shape_Length":1002.1861708114216,"CalShoreType":2,"CalLandcover":2,"CalSlope":3}},{"type":"Feature","id":186,"geometry":{"type":"LineString","coordinates":[[-79.2687503973509,42.520690219143546],[-79.268752035786164,42.520699823382905],[-79.268630645685121,42.520747272753155],[-79.268635397346202,42.520805438127219],[-79.26864050744858,42.520868003702667],[-79.268621025631177,42.520961368008642],[-79.268595028300794,42.521001326435872],[-79.26852472081255,42.521051396112647],[-79.268508756820466,42.521051941700385],[-79.268454780386733,42.521036936328954],[-79.268338898860833,42.521004720415192],[-79.268305284735732,42.521005871130299],[-79.268271904407925,42.521031769002782],[-79.268249608000957,42.521063831424499],[-79.268201867348367,42.521132478243452],[-79.268076590243311,42.521137152974191],[-79.268060372572265,42.521155930587277],[-79.268005297930756,42.521219688537201],[-79.268034112703688,42.521280112095376],[-79.268055570006254,42.521325108379145],[-79.26803561782377,42.521334136715829],[-79.268024564711482,42.521332470627186],[-79.267948898332108,42.521321059768333],[-79.267902553771663,42.521314072307845],[-79.267894623983523,42.521315897721422],[-79.267880624242125,42.521319120609753],[-79.267871589800563,42.521349079016183],[-79.267882669597114,42.521362777137334],[-79.26788346724706,42.521365385871214],[-79.267891514307834,42.521391693355604],[-79.267903203791889,42.521429911326898],[-79.26791069932888,42.521443267145365],[-79.267932514420878,42.521482133140893],[-79.267904621730196,42.521496137897159],[-79.267888861026947,42.521496586755077],[-79.26765988908204,42.521503101190525],[-79.267597265919875,42.521531978745536],[-79.267549440661824,42.521572669550835],[-79.267591896941966,42.521689405899039],[-79.267524342639362,42.521711196182913],[-79.267478141737755,42.521726098782658],[-79.267390104797371,42.521788087912903],[-79.267280498532202,42.521839872352423],[-79.267091611541701,42.521929112155277],[-79.267021982240863,42.521965013730963],[-79.266968485762206,42.522011485482132],[-79.266885474979361,42.521993928345687],[-79.266825546774768,42.521965194306084],[-79.266633024277624,42.522004589701005],[-79.266485909547924,42.522085062820736],[-79.266406302813053,42.522192850143597],[-79.266225344635728,42.52224326910995],[-79.266175484096777,42.522338597453725],[-79.266083512643135,42.522370738796205],[-79.26597116804858,42.522465426495543],[-79.265751774353205,42.522465011866238],[-79.265550762581555,42.522515997520479],[-79.265526317849464,42.522568352690293],[-79.265527785804281,42.522622511696341],[-79.265514303434955,42.522628356417215],[-79.265489467386885,42.522727310339135],[-79.265420640678798,42.522825858095452],[-79.265410690321517,42.522840105653636],[-79.265342594658222,42.522891082083994],[-79.265244686116887,42.522935068792336],[-79.265069591165499,42.522993099776613],[-79.263545263089881,42.523730892641261],[-79.262474027487187,42.524083236241438],[-79.262196298722245,42.524161049588102],[-79.261427630908088,42.524376408931182],[-79.261059315323877,42.524458488952547],[-79.260673275547489,42.524484485505738],[-79.260670004789702,42.524484223052163],[-79.26024980825656,42.524492329041784],[-79.259952584604164,42.52454232288062],[-79.259782004771694,42.52447845252594],[-79.259765896008886,42.524473677127013],[-79.259322335363137,42.524247487867925],[-79.259143225191806,42.524214450874382],[-79.259023341374117,42.524207481164147],[-79.259007419753914,42.524208088198279],[-79.258958240045573,42.524247468092234],[-79.258882278623176,42.524272446603511],[-79.258828308886052,42.524392318540912]]},"properties":{"OBJECTID":186,"shoreType":"Bluff","landcover":"vegetation","slope":8,"Shape_Length":3460.3499491557673,"CalShoreType":2,"CalLandcover":2,"CalSlope":2}},{"type":"Feature","id":187,"geometry":{"type":"LineString","coordinates":[[-79.253106279291785,42.527580732690978],[-79.253039804541828,42.527621241926454],[-79.25266339323376,42.52788053066265],[-79.252593499396085,42.527946516666155],[-79.252513398199952,42.528048535395506],[-79.252357968902331,42.528192931351107],[-79.252276635643526,42.528423202978644],[-79.252258237414878,42.528443570149172],[-79.252118590284056,42.528598168281341],[-79.252001563928616,42.52888058032125],[-79.251870643736396,42.529044542286066],[-79.251764621009073,42.529157515888173],[-79.251613600234478,42.529430537873623],[-79.251511607515809,42.52953652141219],[-79.251459119174072,42.529637463693057],[-79.251275609998899,42.529812255765556],[-79.251220724989508,42.52988937894709],[-79.25087841079079,42.530370385056763],[-79.250587835764236,42.53073029639873],[-79.250411349479165,42.53117104739902],[-79.250320967228461,42.531357836565675],[-79.250190578143304,42.531524672535902],[-79.250016577795549,42.531619597935467],[-79.249921516470039,42.531716589177556],[-79.24978360625947,42.531797521987926],[-79.249190036712491,42.532078228944393]]},"properties":{"OBJECTID":187,"shoreType":"Bluff","landcover":"vegetation","slope":8,"Shape_Length":2000.2054646252416,"CalShoreType":2,"CalLandcover":2,"CalSlope":2}},{"type":"Feature","id":188,"geometry":{"type":"LineString","coordinates":[[-79.245712704008085,42.532644228410554],[-79.245708083528157,42.532647361962759],[-79.245605534530014,42.532688651548305],[-79.245367713882274,42.532883393739645],[-79.245238307783168,42.532989358968251],[-79.245214593099732,42.533003321448213],[-79.245098426531456,42.533054153808955],[-79.244982883850184,42.533102874008485],[-79.244923644568459,42.53311479355515],[-79.244826605240149,42.533134317125231],[-79.244815546862824,42.533133906515516],[-79.244808350364735,42.533132869528878],[-79.244572219236161,42.533098838967156],[-79.244488310372063,42.533058915233973],[-79.244400225968675,42.532996907505705],[-79.244180683785189,42.532766069726001],[-79.243932240457639,42.532504841032932],[-79.243494302699204,42.532121866639365],[-79.243149657238121,42.53174973647517],[-79.243130314482144,42.531728850758419],[-79.242723245808307,42.531353911515829],[-79.242526242983999,42.531200861306907],[-79.242414428326086,42.531167101388398]]},"properties":{"OBJECTID":188,"shoreType":"Bluff","landcover":"vegetation","slope":8,"Shape_Length":1294.808446546921,"CalShoreType":2,"CalLandcover":2,"CalSlope":2}},{"type":"Feature","id":189,"geometry":{"type":"LineString","coordinates":[[-79.258828308886052,42.524392318540912],[-79.258828011709895,42.524392977493228],[-79.25860160911617,42.524568162086837],[-79.258405623572543,42.524678944148086],[-79.258209648083323,42.52488287994268],[-79.258028630637114,42.52503295482132],[-79.257716538662635,42.525270960942407],[-79.257407575850365,42.525488916688779],[-79.257370622810924,42.525503976876955],[-79.257226615232668,42.525621971162792],[-79.257157548732067,42.525665958692294],[-79.257095502903269,42.525730934417226],[-79.256869868818555,42.525941391002284],[-79.256657049970968,42.52608568988525],[-79.256636919103059,42.52609934019317],[-79.256400581601113,42.526222319634712],[-79.256183669213158,42.526275029738542],[-79.256001584166626,42.526319276783319],[-79.255723648643652,42.526408310171604],[-79.255696122745746,42.526413733782221],[-79.255028452594985,42.526547657903215],[-79.254551984365023,42.526641530492739],[-79.254345948409139,42.526699526442314],[-79.25423998440094,42.526750553237939],[-79.253770491393126,42.527093804588162],[-79.253494803874247,42.527159422180659],[-79.253363113909245,42.527261366885071],[-79.253256290371809,42.527489317023928],[-79.253106279291785,42.527580732690978]]},"properties":{"OBJECTID":189,"shoreType":"Bluff","landcover":"vegetation","slope":45,"Shape_Length":2002.4534717388954,"CalShoreType":2,"CalLandcover":2,"CalSlope":3}},{"type":"Feature","id":190,"geometry":{"type":"LineString","coordinates":[[-79.273721980328745,42.515975989201408],[-79.273630869931466,42.516011529075534],[-79.273345286281483,42.5164213647152],[-79.273324796218603,42.5164650272255],[-79.273249703802108,42.516625042410539],[-79.27323991495804,42.516654607880618],[-79.27321559894898,42.516728057419876],[-79.273074621593238,42.517002082990551],[-79.272961664772311,42.517157022341365],[-79.272906544642751,42.517301762752673]]},"properties":{"OBJECTID":190,"shoreType":"Bluff","landcover":"sand","slope":8,"Shape_Length":538.84219953034881,"CalShoreType":2,"CalLandcover":1,"CalSlope":2}},{"type":"Feature","id":191,"geometry":{"type":"LineString","coordinates":[[-79.278325847455378,42.51202299955424],[-79.278276703564785,42.512058610020311],[-79.27810709960437,42.512189218774246],[-79.278066940024246,42.512220145459615],[-79.277836000312263,42.512428576402996],[-79.277648394640309,42.512597896514556],[-79.277515774307872,42.512636205447841],[-79.277431854616239,42.512651228013759],[-79.277419178379873,42.51265122196439],[-79.277300778535576,42.512651176473916],[-79.277128104613851,42.512634820547262],[-79.276974775251645,42.51270285171173],[-79.276964999129305,42.512704304511566],[-79.276885134294218,42.512774395443934],[-79.276834731829624,42.512827603404276],[-79.276735439634407,42.51295706257892],[-79.276680322274231,42.513105016164644],[-79.276676698635285,42.513110762044803],[-79.276640040447234,42.513142614133258],[-79.276546655562569,42.513223756485033],[-79.276308756861482,42.513323307400121],[-79.276215135080193,42.513567254162361],[-79.276221779843524,42.513563116829999],[-79.276224271939967,42.513561565891038],[-79.276143302071858,42.513630498922424],[-79.27594728552782,42.513750551742838],[-79.275927063920804,42.513767040077227],[-79.275781683620707,42.513871950923459],[-79.275483498595193,42.514112991662515],[-79.275254602275112,42.514453342273519],[-79.275133028629682,42.514684626140479],[-79.274820101930828,42.515018632892165],[-79.274599115146742,42.515259636684824],[-79.274080312152492,42.515768552591339],[-79.274073983108991,42.515774761230809],[-79.273881949843471,42.51589314797485],[-79.273795938542932,42.515947140818064],[-79.273721980328745,42.515975989201408]]},"properties":{"OBJECTID":191,"shoreType":"Bluff","landcover":"vegetation","slope":8,"Shape_Length":1988.551714625738,"CalShoreType":2,"CalLandcover":2,"CalSlope":2}},{"type":"Feature","id":192,"geometry":{"type":"LineString","coordinates":[[-79.272906544642751,42.517301762752673],[-79.2728579321399,42.517429415458373],[-79.272698314985192,42.517619853164078],[-79.272571355220137,42.51781324879741],[-79.272516303201257,42.51795789676855],[-79.272465946470618,42.518069359325906],[-79.272392028658174,42.518137610761919],[-79.272372862171352,42.518155308387314],[-79.272265902531984,42.518314347732534],[-79.272110386755216,42.518615746801608]]},"properties":{"OBJECTID":192,"shoreType":"Beach","landcover":"sand","slope":8,"Shape_Length":528.38392189949434,"CalShoreType":1,"CalLandcover":1,"CalSlope":2}},{"type":"Feature","id":193,"geometry":{"type":"LineString","coordinates":[[-79.270150841190016,42.519817672733268],[-79.270141041347003,42.519811852668639],[-79.270095888623104,42.519785039387884],[-79.26991952777685,42.519799601186833],[-79.269785343350534,42.519834149169284],[-79.269731294439424,42.519892508266203],[-79.269727754613044,42.519896331331275],[-79.269664653348087,42.519959463859458],[-79.269512920808126,42.520004403164165],[-79.269481983495126,42.520011452104391],[-79.269303818223577,42.520052045317634],[-79.269178704081924,42.520242890905571],[-79.269155615403747,42.520278113713573],[-79.268852634481803,42.52052216631489],[-79.268805289474699,42.520583489085162],[-79.268740266261034,42.520630822861733],[-79.2687503973509,42.520690219143546]]},"properties":{"OBJECTID":193,"shoreType":"Beach","landcover":"sand","slope":8,"Shape_Length":548.74114104960347,"CalShoreType":1,"CalLandcover":1,"CalSlope":2}},{"type":"Feature","id":194,"geometry":{"type":"LineString","coordinates":[[-79.240347384480629,42.531143416751902],[-79.240267176639165,42.531174942346269],[-79.24004362377363,42.531216132844214],[-79.240018203418245,42.531220815900937]]},"properties":{"OBJECTID":194,"shoreType":"Armored","landcover":"development","slope":8,"Shape_Length":93.641723547162655,"CalShoreType":3,"CalLandcover":3,"CalSlope":2}},{"type":"Feature","id":195,"geometry":{"type":"LineString","coordinates":[[-79.240430939229128,42.531110575515044],[-79.240347384480629,42.531143416751902]]},"properties":{"OBJECTID":195,"shoreType":"Armored","landcover":"vegetation","slope":8,"Shape_Length":25.504085604835286,"CalShoreType":3,"CalLandcover":2,"CalSlope":2}},{"type":"Feature","id":196,"geometry":{"type":"LineString","coordinates":[[-79.22354233789693,42.535958140904761],[-79.223528554297758,42.53596304607786]]},"properties":{"OBJECTID":196,"shoreType":"Armored","landcover":"sand","slope":8,"Shape_Length":4.1226678723912533,"CalShoreType":3,"CalLandcover":1,"CalSlope":2}},{"type":"Feature","id":197,"geometry":{"type":"LineString","coordinates":[[-79.223895199441145,42.53582162939599],[-79.223759218260554,42.535880960338098],[-79.22354233789693,42.535958140904761]]},"properties":{"OBJECTID":197,"shoreType":"Armored","landcover":"vegetation","slope":8,"Shape_Length":107.4212664646729,"CalShoreType":3,"CalLandcover":2,"CalSlope":2}},{"type":"Feature","id":198,"geometry":{"type":"LineString","coordinates":[[-79.225784009494291,42.535375571589938],[-79.2249162765427,42.535512927329172],[-79.224776076090336,42.535542001499131],[-79.224771279077686,42.535542996144954],[-79.224617315501774,42.53557492810495],[-79.224468950902562,42.535618826478732],[-79.224333239585121,42.535658979865232],[-79.22405026201686,42.535753973907141],[-79.223895199441145,42.53582162939599]]},"properties":{"OBJECTID":198,"shoreType":"Armored","landcover":"sand","slope":8,"Shape_Length":537.59938384836516,"CalShoreType":3,"CalLandcover":1,"CalSlope":2}},{"type":"Feature","id":199,"geometry":{"type":"LineString","coordinates":[[-79.208947526066083,42.541217021954317],[-79.208884649270942,42.541274683795542],[-79.208794088132549,42.541357732263442],[-79.208786285203772,42.541364887909822],[-79.208617345119919,42.541535872343843],[-79.208471232766968,42.541611838726396],[-79.208332233756494,42.541666831178446],[-79.207952739077683,42.541779588939903],[-79.20789127843986,42.541797851072111],[-79.207559262644224,42.541866877266393],[-79.207273284442863,42.54189990559999],[-79.207136666093731,42.541872698626214],[-79.206983054198503,42.541887876096567],[-79.206818328861615,42.54196588895806],[-79.206666265387113,42.54196884177604],[-79.206500701021696,42.541900850686517],[-79.206393711256084,42.541842847209757],[-79.206259798224266,42.541881247173315],[-79.206176243018447,42.541823833615396],[-79.206105344445874,42.541797898574707],[-79.205944256593824,42.54176888577377],[-79.205850352024726,42.541764866678598],[-79.205845525779196,42.541765938114096],[-79.205751261628976,42.541786877357062],[-79.20549996767609,42.541916888326448],[-79.205434273421915,42.541950875587858],[-79.205274286203249,42.541979895565014],[-79.205258986198245,42.541980347716766],[-79.205029034446071,42.541939276391062],[-79.204801709984608,42.542030015517227],[-79.204752949523396,42.542049478273213],[-79.204526044508711,42.542124521019815],[-79.204393570637677,42.542166059254853],[-79.20424428835679,42.542212866784219],[-79.204145281930451,42.542307748206689],[-79.204010613242929,42.542415254579915],[-79.203937664482893,42.542451250072382],[-79.203880951213208,42.54246102087707],[-79.203850638420874,42.542466243660726],[-79.203838001250361,42.54246624367071],[-79.203675972671832,42.542466235069014],[-79.203603126685792,42.542499478558248],[-79.203601945514691,42.542500069228922],[-79.203502988875087,42.542576630171617],[-79.203438756370005,42.542590948217544],[-79.203347361434467,42.542611322589345],[-79.203260625138014,42.542706709425765],[-79.203224464353383,42.542746475639504],[-79.203169478467728,42.542767957399228],[-79.203027163110065,42.542823558231596],[-79.202977580565758,42.542896908704478],[-79.202958422810681,42.542925248454004],[-79.202813179305025,42.543002193215621],[-79.202673695269453,42.543035904373575],[-79.202546427158339,42.543059639148183],[-79.202415266372498,42.543164173586995],[-79.20237611410532,42.543195377893468],[-79.202307132974923,42.543243381255621],[-79.202155171689782,42.543368087626128],[-79.202145716226028,42.543376904643793],[-79.202096162421995,42.543423108650977],[-79.201893110471474,42.543585336621234],[-79.201855491918252,42.543580179457159],[-79.20177526250589,42.543569179919714],[-79.201710268744804,42.543597917171063],[-79.201709126396707,42.543597387673394],[-79.201663587162756,42.543611620950124],[-79.201575302658227,42.543639215315501],[-79.201502377621509,42.543679258551471],[-79.201049342132791,42.544023438814492],[-79.200651256948319,42.544325868203757],[-79.200607076955549,42.544406471736465],[-79.200560271587008,42.544491859936926],[-79.200488878846443,42.544562174938228],[-79.200364632340822,42.544578621312418],[-79.20036434173845,42.544578659788399],[-79.200250308452681,42.544599899911205],[-79.200089342592506,42.544668834198774],[-79.200010929261396,42.544744862906057],[-79.199947904173413,42.544805968662075],[-79.19988349008382,42.544808334571691],[-79.199841850816938,42.54480986309926],[-79.199788528980761,42.544846220285571],[-79.199751843447061,42.544871236349358],[-79.199719617468546,42.544880894070985],[-79.199419955539298,42.544970695380094],[-79.19909595528145,42.54510873185442],[-79.198597904189114,42.545258737612571],[-79.198180405125711,42.545399709616063],[-79.19792394882414,42.54543671726794],[-79.197632100537575,42.545486534102544],[-79.197381745009906,42.545500486067667],[-79.19713282370823,42.54553582477881],[-79.196645284676691,42.545568005598057],[-79.196188341436098,42.545650735762116],[-79.196176257081561,42.545652924134586],[-79.195859285700323,42.545688951701187],[-79.195637237268272,42.545736895873922],[-79.195361118924239,42.545847077067151],[-79.195146722049984,42.545916879448832],[-79.194549517661514,42.54602365092147],[-79.194409781650009,42.546044656815077],[-79.194257163553161,42.546067600184401],[-79.194256077888156,42.546067762619955],[-79.194030950413676,42.546073635059457],[-79.193794261931814,42.546118934859905],[-79.193665388964547,42.546118895723083],[-79.193523342060857,42.546114573776208],[-79.193481284728804,42.546087031521836],[-79.193412341080432,42.546041882627357],[-79.193303348425729,42.545990864641816],[-79.193270678015864,42.545942650700411],[-79.193266842524878,42.545936992197205],[-79.193275130027374,42.545850181623763],[-79.193283770657985,42.545808900450048],[-79.193237347232738,42.545760306865773],[-79.193186287802078,42.545706858458502],[-79.193145419060528,42.545684931954533],[-79.193068272451512,42.545669930715313],[-79.193040221371277,42.545664476676578],[-79.19295657972043,42.54564025241833],[-79.192932208207026,42.54563319339762],[-79.192908801254205,42.545626413726708],[-79.192742598986896,42.545602083810444],[-79.192713583248334,42.545597835785422],[-79.19269490780232,42.54557918512279],[-79.192619576614632,42.545503950195297],[-79.192538368849043,42.545435118588735],[-79.192442300736431,42.545395758914836],[-79.192355511137535,42.545343597485811],[-79.192171296420085,42.545218872243126],[-79.192109333135718,42.545200884503501],[-79.192031074632823,42.545172605848904],[-79.191985146740706,42.545218738502747],[-79.191904282116425,42.545240903274241],[-79.191893892245844,42.545239935743346],[-79.191886468469988,42.545239244147822],[-79.191861274912171,42.545236896789589],[-79.191806261838011,42.54520091874052],[-79.191804893444086,42.545199172275673],[-79.191766312971097,42.545149889146273],[-79.191737279446684,42.545061907511609],[-79.191693294609436,42.544977890822786],[-79.191656043987038,42.544968245000184],[-79.191604101350833,42.544954793379027],[-79.191386202023011,42.5449723068891],[-79.191273878603624,42.544978804148187],[-79.19116485393306,42.544996528204614],[-79.190992582207258,42.545021897782199],[-79.190864714202988,42.545074792497061],[-79.190838732251834,42.545070733174086],[-79.190838165250952,42.545070644352286]]},"properties":{"OBJECTID":199,"shoreType":"Bluff","landcover":"vegetation","slope":8,"Shape_Length":5788.2892873994588,"CalShoreType":2,"CalLandcover":2,"CalSlope":2}},{"type":"Feature","id":200,"geometry":{"type":"LineString","coordinates":[[-79.209227573881151,42.541048462329492],[-79.20918856565504,42.541059365227042],[-79.209177330945863,42.541062504619937],[-79.209106286641315,42.541081505754427],[-79.209047275797374,42.541125546150212],[-79.208947526066083,42.541217021954317]]},"properties":{"OBJECTID":200,"shoreType":"Bluff","landcover":"development","slope":8,"Shape_Length":100.25498787699732,"CalShoreType":2,"CalLandcover":3,"CalSlope":2}},{"type":"Feature","id":201,"geometry":{"type":"LineString","coordinates":[[-79.215715722146683,42.539909900671375],[-79.215563700189819,42.539943821853512],[-79.215070766357087,42.540016819361242],[-79.214154925493233,42.540132099543527],[-79.213753233123057,42.540194542917966],[-79.213191828523222,42.540277160219432],[-79.212922679301855,42.540327778007104],[-79.212099138646835,42.540531580610534]]},"properties":{"OBJECTID":201,"shoreType":"Bluff","landcover":"vegetation","slope":45,"Shape_Length":1002.4226073531222,"CalShoreType":2,"CalLandcover":2,"CalSlope":3}},{"type":"Feature","id":202,"geometry":{"type":"LineString","coordinates":[[-79.220833920489611,42.53748438455996],[-79.220732625403258,42.537556075941019],[-79.220100666695984,42.537949047619378],[-79.219921018328208,42.538062013646623],[-79.21988411578549,42.538085218826474],[-79.219773285804536,42.538154909696587],[-79.219651607516653,42.538245695584258],[-79.219485233115691,42.538369830726815],[-79.219432588826976,42.538427143575014],[-79.219397029028514,42.538465858252977],[-79.219372773006967,42.53849226556239],[-79.219190336282267,42.53869088530319],[-79.219126311096744,42.538748890450016],[-79.21905631324708,42.538759846207832],[-79.219051525564396,42.538758673604619],[-79.218995280385357,42.538744899047089],[-79.218977756082523,42.538732766945387],[-79.2189432996406,42.538708911774393],[-79.218927557478992,42.538706129920428],[-79.218841273209208,42.53869088430131],[-79.218836561531646,42.538693484312631],[-79.218696306540082,42.538770871704493],[-79.218568267786637,42.538879859214077],[-79.218524337441465,42.538966833250583],[-79.218433332418613,42.539050862308137],[-79.218371286031186,42.53907682974608],[-79.218266761796812,42.539146826309349],[-79.218181666574736,42.539203814225274],[-79.217842675041624,42.539338766548646],[-79.217670671227722,42.539371758651505],[-79.217481723199384,42.539447785494126],[-79.217151736764734,42.539553769163888],[-79.216961737842439,42.53959075431559],[-79.21665568798349,42.539688834839978],[-79.216101672901075,42.539823780937638],[-79.215715722146683,42.539909900671375]]},"properties":{"OBJECTID":202,"shoreType":"Bluff","landcover":"vegetation","slope":8,"Shape_Length":1717.0691193867283,"CalShoreType":2,"CalLandcover":2,"CalSlope":2}},{"type":"Feature","id":203,"geometry":{"type":"LineString","coordinates":[[-79.212099138646835,42.540531580610534],[-79.21198933128251,42.540558754634546],[-79.211586898935565,42.540678415827635],[-79.211418809656536,42.540765600526719],[-79.211226253345316,42.540755461793211],[-79.211092911988956,42.540748440099634],[-79.211080280070902,42.540748443580057],[-79.21093166902935,42.540707303075287],[-79.210782378006144,42.54075483399059],[-79.210658330616809,42.540737853396607],[-79.210556275795284,42.540733868369827],[-79.21055175498816,42.540734910423296],[-79.210499486629416,42.540783479947187],[-79.210471719829826,42.540809282492752],[-79.210362648945193,42.540860294657747],[-79.210324916425009,42.540882101370222],[-79.210194765983218,42.540928649022582],[-79.210026270946827,42.540988913034269],[-79.209920275141528,42.54102585559874],[-79.209807303561064,42.541047840355091],[-79.209795300184197,42.541047641297304],[-79.209566321501711,42.541043834249223],[-79.209350277424448,42.541041554066233],[-79.209338929813242,42.541041555740108],[-79.20929965567062,42.541041557822226],[-79.209252262525027,42.541041561025764],[-79.209250150110137,42.541042152340019],[-79.209227573881151,42.541048462329492]]},"properties":{"OBJECTID":203,"shoreType":"Bluff","landcover":"vegetation","slope":8,"Shape_Length":835.77894420700272,"CalShoreType":2,"CalLandcover":2,"CalSlope":2}},{"type":"Feature","id":204,"geometry":{"type":"LineString","coordinates":[[-79.240018203418245,42.531220815900937],[-79.239974164882142,42.531228930350956],[-79.239703431053044,42.531340051935103],[-79.239362547711295,42.531478595318887],[-79.239052587358927,42.531573545931927],[-79.238587637980302,42.531700621557611],[-79.238088576244792,42.53192259633115],[-79.237920323128961,42.532011282955672]]},"properties":{"OBJECTID":204,"shoreType":"Bluff","landcover":"development","slope":8,"Shape_Length":637.2199355633029,"CalShoreType":2,"CalLandcover":3,"CalSlope":2}},{"type":"Feature","id":205,"geometry":{"type":"LineString","coordinates":[[-79.237920323128961,42.532011282955672],[-79.23777352240657,42.532088662716923],[-79.237432417787005,42.53232963117955],[-79.237423234068245,42.53233480975959],[-79.23726424501929,42.532424462548008]]},"properties":{"OBJECTID":205,"shoreType":"Armored","landcover":"development","slope":8,"Shape_Length":232.73064935466832,"CalShoreType":3,"CalLandcover":3,"CalSlope":2}},{"type":"Feature","id":206,"geometry":{"type":"LineString","coordinates":[[-79.23654400363182,42.532956097550347],[-79.236409800357222,42.533086301135398],[-79.23637468769877,42.533123642936744],[-79.235986950364293,42.533535988740724],[-79.235751951047646,42.533779956991147],[-79.235510858056585,42.533987957487504],[-79.234993558236027,42.534468490183677],[-79.234756526533928,42.534639424220934],[-79.234652585864055,42.53480902700602],[-79.234571395076202,42.534941508165062],[-79.234379367501901,42.53516758487212],[-79.234277394205094,42.535317578972425],[-79.234021834770729,42.535531204152853],[-79.233920628901629,42.535654062029103],[-79.233777818807283,42.535857445959593],[-79.233628407566414,42.536070228209496],[-79.233470352154583,42.536353881105114],[-79.233299302294995,42.536660857934159],[-79.233199281876537,42.536803843041],[-79.233196431121485,42.536844723512587],[-79.23319452693076,42.536872052203812],[-79.233081247569373,42.536971450942488],[-79.232841983952852,42.537171701111376],[-79.232658264667549,42.537325462838723],[-79.232649611377099,42.537331892107858],[-79.232374258809671,42.53753648343308],[-79.232359372186181,42.537549573995847],[-79.232272516973936,42.537625953522351],[-79.232079420155372,42.53781617986548],[-79.23193797609953,42.53787982681412],[-79.231908582172949,42.537893054346931],[-79.231623540320754,42.538042075319041],[-79.231284489198032,42.53816302437675],[-79.230996499712276,42.538254080164286],[-79.230732515841098,42.538286082134981],[-79.23072600681634,42.538285518426243],[-79.230562859959988,42.538274012650511],[-79.230437936038143,42.538265203185048],[-79.230431864310503,42.538262659990401],[-79.230296304522412,42.538205881760653],[-79.230215459482849,42.538174208321621],[-79.23019425113803,42.538165899686256],[-79.230143072900376,42.538134405330069],[-79.230111298638334,42.538114852488512],[-79.230067309101187,42.538063899532062],[-79.229953453465171,42.537893871872896],[-79.229940660272291,42.537874766442862],[-79.229765715730309,42.537613508391175],[-79.229657166164372,42.537365376093007],[-79.229612166233437,42.537262512594552]]},"properties":{"OBJECTID":206,"shoreType":"Bluff","landcover":"vegetation","slope":8,"Shape_Length":3091.104609725247,"CalShoreType":2,"CalLandcover":2,"CalSlope":2}},{"type":"Feature","id":207,"geometry":{"type":"LineString","coordinates":[[-79.23726424501929,42.532424462548008],[-79.237173505087469,42.532475629732787],[-79.237068807796149,42.532559816592055],[-79.236969501312856,42.532639668396435],[-79.236939805269813,42.532666195096141],[-79.236790420126638,42.532799633981618],[-79.236602182297233,42.532907328468724],[-79.236582900105148,42.532918359612381],[-79.23654400363182,42.532956097550347]]},"properties":{"OBJECTID":207,"shoreType":"Bluff","landcover":"development","slope":8,"Shape_Length":275.6741933273953,"CalShoreType":2,"CalLandcover":3,"CalSlope":2}},{"type":"Feature","id":208,"geometry":{"type":"LineString","coordinates":[[-79.229612166233437,42.537262512594552],[-79.22959133446976,42.537214894890525],[-79.229456359200569,42.53712584116051],[-79.229442863752936,42.537112624718254],[-79.229412417234741,42.537082807378631],[-79.22941103355771,42.537070451726663],[-79.229400325880817,42.536974929179017],[-79.229390337996804,42.536885813417101],[-79.229369546760523,42.536849184177221],[-79.229336431284551,42.536790835995362],[-79.229074760480614,42.53646481389719],[-79.228936020235608,42.536293304006776],[-79.228819955088454,42.536224304593958],[-79.228793913936698,42.536199247222918],[-79.228780020352204,42.536174406811284],[-79.228760955298512,42.536140320908544],[-79.228759583648596,42.536088927520787],[-79.228757938168542,42.536027256352341],[-79.22873198136692,42.535969241279425],[-79.228481986216778,42.53573402292443],[-79.228404376101608,42.535568110895227],[-79.228404301358367,42.535568063601502],[-79.228296712982925,42.535500470771673],[-79.228292002379533,42.535494714827252],[-79.228216224933561,42.535402135836812],[-79.228165736354796,42.535340453225039],[-79.228083158531419,42.535310154626636],[-79.227883823153775,42.535269774292971],[-79.227830052360261,42.535258801699349],[-79.22774185924608,42.535240806965859],[-79.227608581782746,42.535235008681596]]},"properties":{"OBJECTID":208,"shoreType":"Bluff","landcover":"vegetation","slope":8,"Shape_Length":981.08028670354327,"CalShoreType":2,"CalLandcover":2,"CalSlope":2}},{"type":"Feature","id":209,"geometry":{"type":"LineString","coordinates":[[-79.223528554297758,42.53596304607786],[-79.22320663553711,42.536077604260377],[-79.223065044594406,42.536138454754102],[-79.22293664497046,42.536193637145345],[-79.222420668682219,42.536485586563266],[-79.222094985257655,42.536665279394263],[-79.22160962988842,42.536950919989181],[-79.221524917230283,42.537000774505671],[-79.221009646532806,42.537360016251746],[-79.220833920489611,42.53748438455996]]},"properties":{"OBJECTID":209,"shoreType":"Beach","landcover":"sand","slope":8,"Shape_Length":917.82270485653783,"CalShoreType":1,"CalLandcover":1,"CalSlope":2}},{"type":"Feature","id":210,"geometry":{"type":"LineString","coordinates":[[-79.190838165250952,42.545070644352286],[-79.190794696569625,42.545063851769164],[-79.190783028205189,42.545065128092531],[-79.190764866462956,42.545067114040272],[-79.190721688409084,42.545071837977055],[-79.190641409675791,42.545092550213894],[-79.190577064731599,42.545109152838869],[-79.190480426901786,42.545127793699749]]},"properties":{"OBJECTID":210,"shoreType":"Armored","landcover":"vegetation","slope":8,"Shape_Length":100.05161168092249,"CalShoreType":3,"CalLandcover":2,"CalSlope":2}},{"type":"Feature","id":211,"geometry":{"type":"LineString","coordinates":[[-79.176137026871046,42.548914305902059],[-79.176102271917188,42.548914396568314],[-79.176034889076035,42.548914573168986]]},"properties":{"OBJECTID":211,"shoreType":"Bluff","landcover":"sand","slope":8,"Shape_Length":27.522419124810298,"CalShoreType":2,"CalLandcover":1,"CalSlope":2}},{"type":"Feature","id":212,"geometry":{"type":"LineString","coordinates":[[-79.190480426901786,42.545127793699749],[-79.19045871552386,42.5451319815676],[-79.190311334066678,42.5451557408959],[-79.190305726466235,42.545156644763779],[-79.190302322502149,42.545160434036319],[-79.190251650657174,42.545216821822876],[-79.190096500050828,42.545293513940109],[-79.189947552523449,42.545362560303793],[-79.189897710858645,42.545383768086467],[-79.189759550592456,42.545442555214649],[-79.189624632817456,42.54548252282693],[-79.18951555515936,42.545526494842122],[-79.189278261374881,42.545648440429531],[-79.189186172738559,42.54572908492203],[-79.18913796515865,42.545730850450276],[-79.189054298057698,42.545717448354146],[-79.189031791485348,42.545713842894209],[-79.188999824228617,42.545718741894618],[-79.188986700092642,42.545727001041413],[-79.188930657721642,42.545762265621796],[-79.188875545888109,42.545757136329513],[-79.18880227062013,42.545727008786727],[-79.18878219066471,42.545718751351401],[-79.188749435249719,42.545727010662461],[-79.188687710174349,42.545742574774181],[-79.188604946428356,42.54575751626048],[-79.188530232473042,42.545748341884455],[-79.18844909107743,42.545739400361619],[-79.188369759104631,42.545724424603442],[-79.18833985715132,42.545718779325782],[-79.188326775629392,42.545728308456695],[-79.188226515755474,42.545801351104863],[-79.188185274032165,42.545811367370113],[-79.187939284846976,42.545838073033281],[-79.187709373387847,42.545969344653912],[-79.187575199533683,42.54598002636429],[-79.187490439816671,42.545986774287037],[-79.18717289847244,42.546209940290304],[-79.186999483129284,42.546304907257102],[-79.186857015887171,42.546351867784743],[-79.186756191838953,42.546409215861786],[-79.186700845365536,42.54642514953521]]},"properties":{"OBJECTID":212,"shoreType":"Bluff","landcover":"vegetation","slope":8,"Shape_Length":1189.439608913086,"CalShoreType":2,"CalLandcover":2,"CalSlope":2}},{"type":"Feature","id":213,"geometry":{"type":"LineString","coordinates":[[-79.178797721157082,42.551950893829371],[-79.178721364377097,42.55194591057456],[-79.178593339271345,42.551919883554149],[-79.178540654442685,42.551898220307528],[-79.178447335429482,42.551859848371052],[-79.178217276372365,42.551731766632152],[-79.178201328681311,42.551722884517368],[-79.178124209443695,42.551613589429238],[-79.178116357188159,42.551602459615154],[-79.177882119619582,42.551489129132662],[-79.177739615446555,42.551268411468776],[-79.177496065696189,42.550727034793297],[-79.177359430350108,42.550481200114199],[-79.177344458124949,42.550379194087043],[-79.177344422605003,42.550229193648441],[-79.177325422218146,42.550105185140588],[-79.177280412499954,42.549989241040677],[-79.177194939840859,42.549770814392339],[-79.177137736042951,42.54969285378705],[-79.176677430347809,42.549065508615818],[-79.176508157955709,42.54894304769384],[-79.176468648186457,42.548937335622462]]},"properties":{"OBJECTID":213,"shoreType":"Bluff","landcover":"vegetation","slope":8,"Shape_Length":1334.73020258563,"CalShoreType":2,"CalLandcover":2,"CalSlope":2}},{"type":"Feature","id":214,"geometry":{"type":"LineString","coordinates":[[-79.186700845365536,42.54642514953521],[-79.186618629387056,42.546448819345223],[-79.186517599408859,42.546485828439771],[-79.186408623160631,42.546556806934525],[-79.186280066049434,42.546630292985121],[-79.186202405339031,42.54669745499676],[-79.186176142352991,42.546797720567874],[-79.186054788307843,42.546853072092482],[-79.185983578046603,42.546899647706006],[-79.185916723636169,42.546911622706119],[-79.185841178900532,42.546938209768896],[-79.185776767552852,42.546969127977768],[-79.185616932407427,42.547094266097545],[-79.185537953310956,42.547173237155206],[-79.185459021209212,42.547229248264102],[-79.185226276653282,42.547446894695675],[-79.185153628389685,42.547509946925416],[-79.184995645672359,42.547590912481745],[-79.184305147719428,42.548246343879313],[-79.184163835342119,42.548352690452468],[-79.18416338549423,42.548353139346204],[-79.183916188002584,42.548599972766404],[-79.183700360539561,42.548841326984622],[-79.183572047620913,42.548946073347253],[-79.183335412808361,42.549069075351781],[-79.183178456837609,42.549227279058456],[-79.183037924301104,42.549342001679925],[-79.182414228071195,42.549942294842936],[-79.182312581963785,42.550040126712751],[-79.182117546674533,42.550194016724944],[-79.181792630750124,42.550450384853214],[-79.181594303346586,42.550606868638546],[-79.181233247682471,42.550801850650622],[-79.180775612858866,42.551127801605212],[-79.18076433634576,42.551135833205933],[-79.179731284797015,42.551765849293801],[-79.179634319761107,42.551821885392151],[-79.179517297979004,42.55186388519413],[-79.179142266999762,42.551942868467613],[-79.178905317599401,42.551957916733315],[-79.178901951170047,42.551957696558631],[-79.178797721157082,42.551950893829371]]},"properties":{"OBJECTID":214,"shoreType":"Bluff","landcover":"vegetation","slope":45,"Shape_Length":3002.5754556804245,"CalShoreType":2,"CalLandcover":2,"CalSlope":3}},{"type":"Feature","id":215,"geometry":{"type":"LineString","coordinates":[[-79.176468648186457,42.548937335622462],[-79.176306283300917,42.548913863190478],[-79.176137026871046,42.548914305902059]]},"properties":{"OBJECTID":215,"shoreType":"Bluff","landcover":"development","slope":8,"Shape_Length":90.188009449699294,"CalShoreType":2,"CalLandcover":3,"CalSlope":2}},{"type":"Feature","id":216,"geometry":{"type":"LineString","coordinates":[[-79.155572098520935,42.552366734135042],[-79.155380309198009,42.552324851405601],[-79.154156317144754,42.552248631724517],[-79.153517303778742,42.552208834220401],[-79.152993415366822,42.552230316772011],[-79.152669524494954,42.552243595826013],[-79.152658933565704,42.552247362969666],[-79.151983321630084,42.552487672034857],[-79.151846743748791,42.552538092461141]]},"properties":{"OBJECTID":216,"shoreType":"Armored","landcover":"vegetation","slope":8,"Shape_Length":1032.7365392195279,"CalShoreType":3,"CalLandcover":2,"CalSlope":2}},{"type":"Feature","id":217,"geometry":{"type":"LineString","coordinates":[[-79.176034889076035,42.548914573168986],[-79.175919938999769,42.548914873293256],[-79.175918876274821,42.548914768055589],[-79.175640111401506,42.548886951377177]]},"properties":{"OBJECTID":217,"shoreType":"Armored","landcover":"sand","slope":8,"Shape_Length":107.06127710294325,"CalShoreType":3,"CalLandcover":1,"CalSlope":2}},{"type":"Feature","id":218,"geometry":{"type":"LineString","coordinates":[[-79.167625423809767,42.550128259922872],[-79.167122047988286,42.550372030077632],[-79.166953190910519,42.550453801281996],[-79.16676120482451,42.55060080488316],[-79.166516903431798,42.550739746907553],[-79.166322546546027,42.55085161881302],[-79.166168157095811,42.550971840591068],[-79.165980191767432,42.551087811651499],[-79.165379245485894,42.551472703490887],[-79.164873728145992,42.551890421555001],[-79.164625722473559,42.552033873382129],[-79.16445420909298,42.552133078225459],[-79.164367657147366,42.552202050331807],[-79.164025257310314,42.552474898387587],[-79.163428344554646,42.552857852710488],[-79.162981362264503,42.553105878968324],[-79.162643281522051,42.55326287024932],[-79.162395261328655,42.553356891478906],[-79.162315088099533,42.553376953135924],[-79.162283262491755,42.5533849165937],[-79.162068321966274,42.553439827821165],[-79.16201014334608,42.553447772152666],[-79.161738370064768,42.553484878797086],[-79.161723017315722,42.553485365015845],[-79.16139226736334,42.553495848588597],[-79.161233127888835,42.553494674292466],[-79.160859337732532,42.553491915221706],[-79.160807086648731,42.553488646791784],[-79.160805351689859,42.553488538499934],[-79.160555326081749,42.553472899249826],[-79.160502273635657,42.553469876890752],[-79.159653346142235,42.553330848976564],[-79.159356276451689,42.553273183149301],[-79.159071269086965,42.553217858770417],[-79.158758788711026,42.552982071712599],[-79.157937802479452,42.552812402141662],[-79.157911317210633,42.55280204408168],[-79.157832902624108,42.552771376068833],[-79.157753190331107,42.552728650863756],[-79.157720892821345,42.552711339386789],[-79.157566848852056,42.552647340487646],[-79.157393808371779,42.552605369875813],[-79.157312850220947,42.552598312176329],[-79.157186804163786,42.552587320971689],[-79.156886822437286,42.552590390256491],[-79.15688327716019,42.552590846434306],[-79.156676843148887,42.552617377922338],[-79.156510835511156,42.5526244013978],[-79.156510084845678,42.552624336732038],[-79.15639448552426,42.552584642145256],[-79.15625315945266,42.552524404929329],[-79.156152341177318,42.552496922205101],[-79.156088201112468,42.552479437241381],[-79.155572098520935,42.552366734135042]]},"properties":{"OBJECTID":218,"shoreType":"Bluff","landcover":"vegetation","slope":8,"Shape_Length":3784.4456626821625,"CalShoreType":2,"CalLandcover":2,"CalSlope":2}},{"type":"Feature","id":219,"geometry":{"type":"LineString","coordinates":[[-79.168014641769204,42.54994406312867],[-79.167935365492056,42.549978162992261],[-79.167625423809767,42.550128259922872]]},"properties":{"OBJECTID":219,"shoreType":"Bluff","landcover":"development","slope":8,"Shape_Length":124.54858563936799,"CalShoreType":2,"CalLandcover":3,"CalSlope":2}},{"type":"Feature","id":220,"geometry":{"type":"LineString","coordinates":[[-79.168236958653736,42.54985658164486],[-79.168093401329102,42.549910184613154],[-79.168014641769204,42.54994406312867]]},"properties":{"OBJECTID":220,"shoreType":"Bluff","landcover":"vegetation","slope":8,"Shape_Length":67.887847310853033,"CalShoreType":2,"CalLandcover":2,"CalSlope":2}},{"type":"Feature","id":221,"geometry":{"type":"LineString","coordinates":[[-79.175101861327917,42.54890605695492],[-79.17503540451419,42.54890913966603]]},"properties":{"OBJECTID":221,"shoreType":"Armored","landcover":"development","slope":8,"Shape_Length":17.942786838186382,"CalShoreType":3,"CalLandcover":3,"CalSlope":2}},{"type":"Feature","id":222,"geometry":{"type":"LineString","coordinates":[[-79.175640111401506,42.548886951377177],[-79.175632491910577,42.548886191320157],[-79.175154768756599,42.548903602353953],[-79.175101861327917,42.54890605695492]]},"properties":{"OBJECTID":222,"shoreType":"Armored","landcover":"sand","slope":8,"Shape_Length":145.24085811679907,"CalShoreType":3,"CalLandcover":1,"CalSlope":2}},{"type":"Feature","id":223,"geometry":{"type":"LineString","coordinates":[[-79.17503540451419,42.54890913966603],[-79.17467297774364,42.548925951476264],[-79.174379302165761,42.548797912041692],[-79.174343032270642,42.548814745149912],[-79.174302519417068,42.548833548318207]]},"properties":{"OBJECTID":223,"shoreType":"Armored","landcover":"development","slope":8,"Shape_Length":214.14791435721762,"CalShoreType":3,"CalLandcover":3,"CalSlope":2}},{"type":"Feature","id":224,"geometry":{"type":"LineString","coordinates":[[-79.170890275681543,42.549288135389155],[-79.170756503999158,42.549298235376988],[-79.170738330191256,42.549299003745361],[-79.170547948233406,42.549307055664727],[-79.170486610241042,42.549294368245569],[-79.170426944828748,42.549282026931373],[-79.170294723418735,42.549317114496986],[-79.170035726423151,42.549391189175317],[-79.169591772956991,42.549497898375222],[-79.169401778429332,42.549547703736245],[-79.169235596977387,42.549568054355738],[-79.169108528396549,42.549599629251169],[-79.168972583925054,42.549602603606409],[-79.168884023495309,42.549621491061764],[-79.168738699031948,42.549691611261466],[-79.168485636816058,42.549763725532365],[-79.168268062112816,42.549844966912652],[-79.168236958653736,42.54985658164486]]},"properties":{"OBJECTID":224,"shoreType":"Beach","landcover":"sand","slope":8,"Shape_Length":757.0713728973592,"CalShoreType":1,"CalLandcover":1,"CalSlope":2}},{"type":"Feature","id":225,"geometry":{"type":"LineString","coordinates":[[-79.171557509048313,42.549289360290437],[-79.171260733153687,42.549255887078999],[-79.171197828152657,42.549248791569134],[-79.171001310383502,42.549279752538162],[-79.170890275681543,42.549288135389155]]},"properties":{"OBJECTID":225,"shoreType":"Beach","landcover":"sand","slope":8,"Shape_Length":182.25839716760876,"CalShoreType":1,"CalLandcover":1,"CalSlope":2}},{"type":"Feature","id":226,"geometry":{"type":"LineString","coordinates":[[-79.17174635475024,42.549310660757115],[-79.171557509048313,42.549289360290437]]},"properties":{"OBJECTID":226,"shoreType":"Beach","landcover":"sand","slope":8,"Shape_Length":51.475076325640678,"CalShoreType":1,"CalLandcover":1,"CalSlope":2}},{"type":"Feature","id":227,"geometry":{"type":"LineString","coordinates":[[-79.174302519417068,42.548833548318207],[-79.174218568421892,42.548872512002227]]},"properties":{"OBJECTID":227,"shoreType":"Beach","landcover":"sand","slope":8,"Shape_Length":26.708996781537031,"CalShoreType":1,"CalLandcover":1,"CalSlope":2}},{"type":"Feature","id":228,"geometry":{"type":"LineString","coordinates":[[-79.142948287059767,42.558795386833893],[-79.142777089344747,42.559069974552024],[-79.142494018478814,42.559535364067486],[-79.142321738134513,42.55973413373075]]},"properties":{"OBJECTID":228,"shoreType":"Beach","landcover":"sand","slope":0,"Shape_Length":382.18253533180439,"CalShoreType":1,"CalLandcover":1,"CalSlope":1}},{"type":"Feature","id":229,"geometry":{"type":"LineString","coordinates":[[-79.151846743748791,42.552538092461141],[-79.151402228493751,42.552702192924386],[-79.15125625582229,42.552754129364295],[-79.150673431956946,42.552976812494698],[-79.150583681995101,42.553011103449649],[-79.149586551739091,42.553465603167886],[-79.149023415376334,42.55371949025421],[-79.14766626455183,42.554535792095216],[-79.147642578240919,42.554554869369703],[-79.147219329143269,42.554895758537093],[-79.147038874937678,42.555051474243093],[-79.14697132159101,42.55510976694061],[-79.146765925598373,42.555311149638193],[-79.146615354405668,42.555458780032112],[-79.145693913578327,42.556320868611458],[-79.145282506871439,42.556672262508329],[-79.144555947154529,42.557292825284527],[-79.143528129409205,42.558120968310639],[-79.143340178750151,42.558308030705504],[-79.14314916653889,42.558525996049582],[-79.142969088040999,42.558762023825473],[-79.142948287059767,42.558795386833893]]},"properties":{"OBJECTID":229,"shoreType":"Beach","landcover":"sand","slope":8,"Shape_Length":3356.5399544719498,"CalShoreType":1,"CalLandcover":1,"CalSlope":2}},{"type":"Feature","id":230,"geometry":{"type":"LineString","coordinates":[[-79.125053387902994,42.591097312626772],[-79.1250074795568,42.591130495628292]]},"properties":{"OBJECTID":230,"shoreType":"Bluff","landcover":"vegetation","slope":8,"Shape_Length":17.293524737368415,"CalShoreType":2,"CalLandcover":2,"CalSlope":2}},{"type":"Feature","id":231,"geometry":{"type":"LineString","coordinates":[[-79.125775243970367,42.590705952786465],[-79.125556113088635,42.590817943352938],[-79.125107707759383,42.591058048145399],[-79.125053387902994,42.591097312626772]]},"properties":{"OBJECTID":231,"shoreType":"Bluff","landcover":"sand","slope":8,"Shape_Length":241.32866184010697,"CalShoreType":2,"CalLandcover":1,"CalSlope":2}},{"type":"Feature","id":232,"geometry":{"type":"LineString","coordinates":[[-79.126764919074702,42.590788354807408],[-79.126736219133463,42.590770608936381],[-79.126718243843271,42.590710821971093],[-79.126705737535772,42.590669221455251],[-79.126543592823197,42.590636558915278],[-79.126428459652359,42.590608355603401],[-79.126399623282268,42.590608135780315],[-79.126217005890027,42.590606737935815],[-79.126206443364723,42.590608670439899],[-79.125927245862201,42.590628270179437],[-79.125775243970367,42.590705952786465]]},"properties":{"OBJECTID":232,"shoreType":"Bluff","landcover":"vegetation","slope":8,"Shape_Length":311.00875345042363,"CalShoreType":2,"CalLandcover":2,"CalSlope":2}},{"type":"Feature","id":233,"geometry":{"type":"LineString","coordinates":[[-79.127129026565427,42.590925682411104],[-79.127005307113009,42.590882123177181],[-79.126982599813047,42.590874128525947],[-79.126799234312912,42.590809571571164],[-79.126764919074702,42.590788354807408]]},"properties":{"OBJECTID":233,"shoreType":"Bluff","landcover":"development","slope":8,"Shape_Length":110.42127933178818,"CalShoreType":2,"CalLandcover":3,"CalSlope":2}},{"type":"Feature","id":234,"geometry":{"type":"LineString","coordinates":[[-79.130087104002541,42.589917369367321],[-79.130060880447758,42.589955799940647],[-79.130023309223361,42.590010861259223],[-79.129929347345239,42.590148860363364],[-79.129857291772595,42.590269862297852],[-79.129820639639107,42.590406602134799],[-79.129784118345384,42.590542856089336],[-79.129715824621087,42.590596364121197],[-79.129712184873043,42.590761337283084],[-79.129710985675374,42.590815705584724],[-79.129601984140649,42.590875957100643],[-79.129524292761516,42.590918901982981],[-79.129210024507557,42.591118327744638],[-79.129159395452533,42.591186236563132],[-79.129117740797881,42.591242106560856],[-79.129028097142552,42.591297882817614],[-79.128917102886092,42.591347896338419],[-79.128827581414996,42.591330537825655],[-79.128820342034061,42.591329883588472],[-79.128738583502326,42.591322495406764],[-79.128734721603408,42.591320310838654],[-79.128695041025594,42.591297863423939],[-79.128642402193506,42.59127325671259],[-79.128618111786579,42.591261902024833],[-79.128546083982343,42.591248832628231],[-79.128409030350113,42.591230911328836],[-79.128223075115912,42.591217904723585],[-79.127935624195672,42.591161757888941],[-79.127781013024077,42.591164890994882],[-79.127514012951167,42.591090880964465],[-79.127316991760054,42.590995512364373],[-79.127208186966357,42.590953553431575],[-79.127129026565427,42.590925682411104]]},"properties":{"OBJECTID":234,"shoreType":"Bluff","landcover":"vegetation","slope":8,"Shape_Length":1157.8905109178254,"CalShoreType":2,"CalLandcover":2,"CalSlope":2}},{"type":"Feature","id":235,"geometry":{"type":"LineString","coordinates":[[-79.131956382898125,42.58398109190243],[-79.131884022909972,42.584286098730217],[-79.131616586687898,42.584629275108199],[-79.131463537119686,42.58491823965425],[-79.131396811926251,42.585096406633276],[-79.131375517309678,42.585153266737052],[-79.131183407670093,42.585590627788967],[-79.131178069505879,42.585602778110967],[-79.131171796496588,42.585641038848784],[-79.131166145710111,42.585675506486368],[-79.131118344788902,42.5859670362549],[-79.131053128654088,42.586345786987152],[-79.131034778431044,42.586587514471624],[-79.131011782235035,42.586890432788124],[-79.130985158697186,42.58726779078453],[-79.13085738751613,42.58779716145429],[-79.130782721563193,42.588106505994922],[-79.130707860780163,42.588304131004087],[-79.130678421988932,42.588381848523298],[-79.130563774443587,42.588695679953922],[-79.130452098602021,42.588956996215273],[-79.130397443297937,42.589305755788949],[-79.130393151648576,42.589333138081734],[-79.130365545781174,42.589408363820738],[-79.130327591504084,42.589511792091812],[-79.130274582132486,42.589685227620194],[-79.130186829641218,42.589788326378773],[-79.130179965686295,42.589796871158875]]},"properties":{"OBJECTID":235,"shoreType":"Beach","landcover":"sand","slope":8,"Shape_Length":2192.0168597028805,"CalShoreType":1,"CalLandcover":1,"CalSlope":2}},{"type":"Feature","id":236,"geometry":{"type":"LineString","coordinates":[[-79.136938971852004,42.57126507573728],[-79.138291483891706,42.571842797881452],[-79.138331280147014,42.571859796668022],[-79.138242087320478,42.571959366297932],[-79.137602047065457,42.571673346316778]]},"properties":{"OBJECTID":236,"shoreType":"Armored","landcover":"sand","slope":8,"Shape_Length":678.14408755368868,"CalShoreType":3,"CalLandcover":1,"CalSlope":2}},{"type":"Feature","id":237,"geometry":{"type":"LineString","coordinates":[[-79.137394919496856,42.56934560408456],[-79.13732440269635,42.569387220605861],[-79.136931855863807,42.56986504264497],[-79.136566965852396,42.570309194736723],[-79.1364172472165,42.570491431646097],[-79.136302892592127,42.57071573923492]]},"properties":{"OBJECTID":237,"shoreType":"Armored","landcover":"sand","slope":0,"Shape_Length":582.46047883599579,"CalShoreType":3,"CalLandcover":1,"CalSlope":1}},{"type":"Feature","id":238,"geometry":{"type":"LineString","coordinates":[[-79.137528388506055,42.569143285624023],[-79.137531607846782,42.569264934289102],[-79.137394919496856,42.56934560408456]]},"properties":{"OBJECTID":238,"shoreType":"Armored","landcover":"sand","slope":0,"Shape_Length":91.458723354263014,"CalShoreType":3,"CalLandcover":1,"CalSlope":1}},{"type":"Feature","id":239,"geometry":{"type":"LineString","coordinates":[[-79.136302892592127,42.57071573923492],[-79.136278517582809,42.570763552237381],[-79.136311337064555,42.570967239146121],[-79.136303819562443,42.570978551299341],[-79.136434054688749,42.571049206939662],[-79.13644703297453,42.571054763772374],[-79.136447169034099,42.571054998986149],[-79.136748622682006,42.571183767359393]]},"properties":{"OBJECTID":239,"shoreType":"Armored","landcover":"vegetation","slope":0,"Shape_Length":239.40535386154113,"CalShoreType":3,"CalLandcover":2,"CalSlope":1}},{"type":"Feature","id":240,"geometry":{"type":"LineString","coordinates":[[-79.136748622682006,42.571183767359393],[-79.136938971852004,42.57126507573728]]},"properties":{"OBJECTID":240,"shoreType":"Armored","landcover":"vegetation","slope":8,"Shape_Length":59.219905869153884,"CalShoreType":3,"CalLandcover":2,"CalSlope":2}},{"type":"Feature","id":241,"geometry":{"type":"LineString","coordinates":[[-79.12081980896599,42.596889726605617],[-79.120702148652583,42.597170170149283],[-79.120686115224984,42.597437481040458],[-79.12061408598926,42.597616362172559],[-79.120528034304485,42.597830520180182],[-79.120467094588477,42.598022513792912],[-79.120423261286689,42.59814494830286],[-79.120428382376318,42.598313740244308],[-79.120428747946121,42.598325801185098],[-79.12034823274,42.59896237983061],[-79.120287686415097,42.599415242195775],[-79.120256595353396,42.599647785034634],[-79.120228336380194,42.599735313393865],[-79.120178755121131,42.5998888878703],[-79.120136043476677,42.600144473373923],[-79.120060297330198,42.600337919774482]]},"properties":{"OBJECTID":241,"shoreType":"Beach","landcover":"sand","slope":8,"Shape_Length":1279.4701710210959,"CalShoreType":1,"CalLandcover":1,"CalSlope":2}},{"type":"Feature","id":242,"geometry":{"type":"LineString","coordinates":[[-79.121152728127825,42.595913042580648],[-79.121081015762968,42.596141602821433],[-79.121004593639171,42.596449284244599],[-79.12088838812835,42.596726265053064],[-79.12081980896599,42.596889726605617]]},"properties":{"OBJECTID":242,"shoreType":"Beach","landcover":"sand","slope":8,"Shape_Length":367.55516534135523,"CalShoreType":1,"CalLandcover":1,"CalSlope":2}},{"type":"Feature","id":243,"geometry":{"type":"LineString","coordinates":[[-79.122995944543263,42.5929300510942],[-79.122757133342105,42.59320344314532],[-79.122582105404121,42.593433682745832],[-79.122108170098201,42.594117793605193],[-79.122091637021072,42.594144553430276],[-79.121659565620732,42.594843869944619],[-79.121572165762359,42.594985189261322],[-79.12144914528416,42.595173055703206],[-79.121371629451986,42.595366429516339],[-79.121192902281109,42.595784998264058],[-79.121152728127825,42.595913042580648]]},"properties":{"OBJECTID":243,"shoreType":"Beach","landcover":"sand","slope":8,"Shape_Length":1199.8099493025218,"CalShoreType":1,"CalLandcover":1,"CalSlope":2}},{"type":"Feature","id":244,"geometry":{"type":"LineString","coordinates":[[-79.124330565124495,42.591661808976504],[-79.124118441171035,42.591859306093681],[-79.124098039724856,42.591878299873592],[-79.123970368187884,42.591997167652551],[-79.123884702373758,42.592066959863999],[-79.123461073896081,42.592487215075678],[-79.123224467398472,42.592712528916067],[-79.123174867692583,42.592746441580651],[-79.123128835169879,42.592777914801573],[-79.122995944543263,42.5929300510942]]},"properties":{"OBJECTID":244,"shoreType":"Armored","landcover":"sand","slope":8,"Shape_Length":586.33854144453107,"CalShoreType":3,"CalLandcover":1,"CalSlope":2}},{"type":"Feature","id":245,"geometry":{"type":"LineString","coordinates":[[-79.1250074795568,42.591130495628292],[-79.124901517866974,42.591207087941861],[-79.124726139015522,42.591333855034222],[-79.124465455924465,42.591536218616284],[-79.124330565124495,42.591661808976504]]},"properties":{"OBJECTID":245,"shoreType":"Armored","landcover":"vegetation","slope":8,"Shape_Length":266.22766333199053,"CalShoreType":3,"CalLandcover":2,"CalSlope":2}},{"type":"Feature","id":246,"geometry":{"type":"LineString","coordinates":[[-79.133978137627992,42.578551336727088],[-79.133968631125214,42.578569611043413],[-79.13375556885309,42.579337675817634],[-79.133564592403019,42.579870669498575],[-79.133561409323107,42.579877184719244]]},"properties":{"OBJECTID":246,"shoreType":"Armored","landcover":"sand","slope":0,"Shape_Length":496.32857570229288,"CalShoreType":3,"CalLandcover":1,"CalSlope":1}},{"type":"Feature","id":247,"geometry":{"type":"LineString","coordinates":[[-79.133561409323107,42.579877184719244],[-79.133320584177483,42.58037018794569],[-79.133208604085695,42.580622200838597],[-79.133101470791033,42.581076569664361],[-79.132962682576576,42.581424224823927],[-79.132904594147362,42.581668999071681],[-79.132722240819902,42.582042155876934],[-79.132702329719436,42.582082901132381],[-79.132701028270588,42.58209201538039],[-79.132699332049086,42.582103897143412],[-79.13269267020334,42.582148927162891],[-79.132682323767952,42.582218859145492],[-79.132606858270734,42.582433562960503],[-79.132579084204636,42.58251258025075],[-79.132362026315917,42.583130115658022],[-79.132338706129445,42.583206977004814],[-79.1323250154378,42.583252100091087],[-79.132182582438531,42.583532339814667],[-79.131958033555762,42.58397413483484],[-79.131956382898125,42.58398109190243]]},"properties":{"OBJECTID":247,"shoreType":"Armored","landcover":"sand","slope":8,"Shape_Length":1560.9799264596122,"CalShoreType":3,"CalLandcover":1,"CalSlope":2}},{"type":"Feature","id":248,"geometry":{"type":"LineString","coordinates":[[-79.134453974645567,42.577223877441853],[-79.134419135986363,42.577325819449342],[-79.134271754835538,42.577986915537394],[-79.133978137627992,42.578551336727088]]},"properties":{"OBJECTID":248,"shoreType":"Beach","landcover":"sand","slope":0,"Shape_Length":502.86698654698017,"CalShoreType":1,"CalLandcover":1,"CalSlope":1}},{"type":"Feature","id":249,"geometry":{"type":"LineString","coordinates":[[-79.137602047065457,42.571673346316778],[-79.137568360892999,42.571658292012003],[-79.137293937690345,42.571860035208886],[-79.137090063236855,42.571965508630129],[-79.136869827632154,42.572121546022629],[-79.136819307132768,42.5721573390014],[-79.136232333431082,42.572705728761257],[-79.136115317386668,42.572831945703946],[-79.135797736444985,42.573377067029597],[-79.135554757090887,42.573961590087848],[-79.135513171134576,42.574044857413405],[-79.135268924498476,42.574448962137502],[-79.135242754904283,42.574550030834281],[-79.13504984455281,42.575295041902969],[-79.134842960255909,42.575869036374066],[-79.134741879358529,42.576315045972912],[-79.134651943210415,42.576772986199167],[-79.13446424917781,42.577193814873702],[-79.134453974645567,42.577223877441853]]},"properties":{"OBJECTID":249,"shoreType":"Beach","landcover":"sand","slope":8,"Shape_Length":2262.9436515657976,"CalShoreType":1,"CalLandcover":1,"CalSlope":2}},{"type":"Feature","id":250,"geometry":{"type":"LineString","coordinates":[[-79.099987120999842,42.620997117700185],[-79.099907434782423,42.621056103890623],[-79.09983293031533,42.621111254054881],[-79.099551213226704,42.621254745360645],[-79.099495841971049,42.621282947975502],[-79.09864141699201,42.6215736366469],[-79.098486198741256,42.621626442759762],[-79.098406667598866,42.621668722844802],[-79.098370876171543,42.62168774874079],[-79.09831811638297,42.621707528798396],[-79.097965447009642,42.621839741537599],[-79.097912325614516,42.621927549520251]]},"properties":{"OBJECTID":250,"shoreType":"Bluff","landcover":"development","slope":8,"Shape_Length":663.82691358890997,"CalShoreType":2,"CalLandcover":3,"CalSlope":2}},{"type":"Feature","id":251,"geometry":{"type":"LineString","coordinates":[[-79.100336330614951,42.620841798310821],[-79.100317320110136,42.620847191142467],[-79.100110347133295,42.620905901042725],[-79.099987120999842,42.620997117700185]]},"properties":{"OBJECTID":251,"shoreType":"Bluff","landcover":"vegetation","slope":8,"Shape_Length":112.11400736341918,"CalShoreType":2,"CalLandcover":2,"CalSlope":2}},{"type":"Feature","id":252,"geometry":{"type":"LineString","coordinates":[[-79.100913138560188,42.620621539350147],[-79.100856793143095,42.620657230003928],[-79.100836151987281,42.620670305921863],[-79.100350413368687,42.620837803314544],[-79.100336330614951,42.620841798310821]]},"properties":{"OBJECTID":252,"shoreType":"Bluff","landcover":"development","slope":8,"Shape_Length":175.6446368544419,"CalShoreType":2,"CalLandcover":3,"CalSlope":2}},{"type":"Feature","id":253,"geometry":{"type":"LineString","coordinates":[[-79.103784445436219,42.618349964620705],[-79.103666297933415,42.6184998782063],[-79.10300039759413,42.619455838128133],[-79.102827289450161,42.619659859192289],[-79.102725298307732,42.619719883863112],[-79.102591371315398,42.619768894442913],[-79.102276581553411,42.619881862333486],[-79.102134362229847,42.619932899518375],[-79.101871861920856,42.620061426395615],[-79.101762649004598,42.620136113052169]]},"properties":{"OBJECTID":253,"shoreType":"Bluff","landcover":"vegetation","slope":45,"Shape_Length":879.6702459154186,"CalShoreType":2,"CalLandcover":2,"CalSlope":3}},{"type":"Feature","id":254,"geometry":{"type":"LineString","coordinates":[[-79.101762649004598,42.620136113052169],[-79.101342474495283,42.620423455228078],[-79.10120070491719,42.620472372701151],[-79.101086327628195,42.62051183769406],[-79.100913138560188,42.620621539350147]]},"properties":{"OBJECTID":254,"shoreType":"Bluff","landcover":"vegetation","slope":8,"Shape_Length":291.6342977889322,"CalShoreType":2,"CalLandcover":2,"CalSlope":2}},{"type":"Feature","id":255,"geometry":{"type":"LineString","coordinates":[[-79.10402970713757,42.618073048511093],[-79.103947300806396,42.618171873004464],[-79.103852289747309,42.618263879401887],[-79.103784445436219,42.618349964620705]]},"properties":{"OBJECTID":255,"shoreType":"Bluff","landcover":"development","slope":45,"Shape_Length":120.76780554490377,"CalShoreType":2,"CalLandcover":3,"CalSlope":3}},{"type":"Feature","id":256,"geometry":{"type":"LineString","coordinates":[[-79.108944912772813,42.61463867527096],[-79.108912607023981,42.614663044149921],[-79.108705736676441,42.614656183196864],[-79.108573925377755,42.614757273105859],[-79.108250357161708,42.614882913107081],[-79.108112468995316,42.614991453891705],[-79.108111809069172,42.614991972765097],[-79.108108907138629,42.614993302241601],[-79.10768287159955,42.615188430388436],[-79.107400728213918,42.615319659872711],[-79.107059954161357,42.615622928629186],[-79.10671928591961,42.615914336714873],[-79.106695898298099,42.615997637731361],[-79.106681576880007,42.616048644516901],[-79.106601129460813,42.616078247104817],[-79.106523352857252,42.616106866956365],[-79.10635019136862,42.616208242140004],[-79.106324537170536,42.616239827032992],[-79.106123119910265,42.616487803583318],[-79.106125062558419,42.616537751191487],[-79.106127289534896,42.616595022938505],[-79.105950823200843,42.616756204431994],[-79.105714557306172,42.616890943936198],[-79.105607942008703,42.617035324374356],[-79.105421037917921,42.617184968045365],[-79.105293498592388,42.617230372346285],[-79.10521293889289,42.617259050797351],[-79.105029323035112,42.617409861791046],[-79.105010278106107,42.617459875269716],[-79.104913902040209,42.617712972733266],[-79.104722351849034,42.617653012093641],[-79.104633972481338,42.617625345886275],[-79.104582556237773,42.617655328100163],[-79.104431991757593,42.61778325252132],[-79.104272469576358,42.617851025027548],[-79.104180957709204,42.617946531315631],[-79.104058026287959,42.618039086138324],[-79.10402970713757,42.618073048511093]]},"properties":{"OBJECTID":256,"shoreType":"Bluff","landcover":"development","slope":8,"Shape_Length":1952.7802367755594,"CalShoreType":2,"CalLandcover":3,"CalSlope":2}},{"type":"Feature","id":257,"geometry":{"type":"LineString","coordinates":[[-79.114136499575395,42.605140963990983],[-79.113838655487811,42.605774086834721],[-79.113588771871889,42.606092767690697],[-79.113433524390587,42.606379456802465],[-79.113280609674476,42.606799466708189],[-79.113118230655459,42.607161786215663]]},"properties":{"OBJECTID":257,"shoreType":"Bluff","landcover":"sand","slope":8,"Shape_Length":788.61181174697833,"CalShoreType":2,"CalLandcover":1,"CalSlope":2}},{"type":"Feature","id":258,"geometry":{"type":"LineString","coordinates":[[-79.114693067104398,42.604347804342211],[-79.114671043859133,42.604410085941709],[-79.114488091013143,42.604529996027196],[-79.114409401324991,42.604807118277748],[-79.114321205867299,42.604872649480896]]},"properties":{"OBJECTID":258,"shoreType":"Bluff","landcover":"vegetation","slope":45,"Shape_Length":226.17380530941068,"CalShoreType":2,"CalLandcover":2,"CalSlope":3}},{"type":"Feature","id":259,"geometry":{"type":"LineString","coordinates":[[-79.114321205867299,42.604872649480896],[-79.114231297815863,42.604939451622208],[-79.114136499575395,42.605140963990983]]},"properties":{"OBJECTID":259,"shoreType":"Bluff","landcover":"vegetation","slope":8,"Shape_Length":112.07715583208633,"CalShoreType":2,"CalLandcover":2,"CalSlope":2}},{"type":"Feature","id":260,"geometry":{"type":"LineString","coordinates":[[-79.114910816194126,42.603858747396224],[-79.114833579030545,42.603899280030056],[-79.114809241258783,42.604019268546992],[-79.114693067104398,42.604347804342211]]},"properties":{"OBJECTID":260,"shoreType":"Bluff","landcover":"development","slope":45,"Shape_Length":193.47156664895337,"CalShoreType":2,"CalLandcover":3,"CalSlope":3}},{"type":"Feature","id":261,"geometry":{"type":"LineString","coordinates":[[-79.116790271559267,42.603267756796818],[-79.11651329298698,42.603317886353551],[-79.11603029806713,42.603356879137721],[-79.115949316695051,42.603370866728895],[-79.115741742523923,42.603415728402382],[-79.115549964461962,42.603458914752927],[-79.115333106415051,42.603562395423609],[-79.115300264093577,42.603682302004813],[-79.115173362480135,42.603747602163672],[-79.115154205378488,42.603773397241618],[-79.114940240835551,42.603843306374657],[-79.114910816194126,42.603858747396224]]},"properties":{"OBJECTID":261,"shoreType":"Bluff","landcover":"vegetation","slope":45,"Shape_Length":581.32995334192435,"CalShoreType":2,"CalLandcover":2,"CalSlope":3}},{"type":"Feature","id":262,"geometry":{"type":"LineString","coordinates":[[-79.120060297330198,42.600337919774482],[-79.120048966724568,42.600366856054322],[-79.120023160833256,42.600812406421618],[-79.120016989278653,42.600918966375971],[-79.120005089823835,42.601124435549515],[-79.119921019911814,42.601381457905376],[-79.119736898184399,42.601620171832188],[-79.119673850343986,42.601701913945661],[-79.119544155270731,42.601994392237856],[-79.119564356245505,42.602064734404316],[-79.119579257678964,42.602116624337881],[-79.119616268244641,42.602245495047214],[-79.119531059926345,42.602511802326092],[-79.119522718968838,42.60253786981275],[-79.119440777983698,42.602704228748813],[-79.119308836941457,42.602744293849312],[-79.119227796791293,42.602807267429931],[-79.118942965820082,42.602888992963216],[-79.118538710991373,42.603017898623172],[-79.118318534188489,42.603102058266224],[-79.118085487078432,42.603186681775838],[-79.117970927457293,42.603209863469402],[-79.117830943125796,42.603238726396683],[-79.117617676114037,42.603232111191097],[-79.117372864384606,42.603236159518985],[-79.117172464720042,42.603229080188278],[-79.116896422869729,42.603248544196177],[-79.116790271559267,42.603267756796818]]},"properties":{"OBJECTID":262,"shoreType":"Bluff","landcover":"vegetation","slope":8,"Shape_Length":1657.9465529449105,"CalShoreType":2,"CalLandcover":2,"CalSlope":2}},{"type":"Feature","id":263,"geometry":{"type":"LineString","coordinates":[[-79.113118230655459,42.607161786215663],[-79.113002920298356,42.607419077349668],[-79.112909491955136,42.60762754042964],[-79.112568774211994,42.608721333812035],[-79.112429517680368,42.609055091683068],[-79.112315541504088,42.609283120916473],[-79.112226365769772,42.609495964230028],[-79.112074547788211,42.609834937225145],[-79.111972380043142,42.610049852368704],[-79.11193858981575,42.610120931938923],[-79.111872004601253,42.610382989852233],[-79.111837360666826,42.610486905036318],[-79.111833767429275,42.610497684261702]]},"properties":{"OBJECTID":263,"shoreType":"Beach","landcover":"sand","slope":8,"Shape_Length":1265.7023130252906,"CalShoreType":1,"CalLandcover":1,"CalSlope":2}},{"type":"Feature","id":264,"geometry":{"type":"LineString","coordinates":[[-79.110926257177212,42.613403672939256],[-79.110915031017385,42.613429873675948],[-79.110856563842091,42.613550223583211],[-79.110842232375234,42.613668894721059],[-79.110841016869742,42.61367896615824],[-79.11081924840893,42.613695003740652],[-79.110731037023115,42.613759991108061],[-79.110420498609358,42.613856072952395],[-79.110319391923795,42.6139377723918],[-79.109726540735195,42.614234840599117],[-79.109307568798087,42.614391571344882],[-79.10917391050836,42.614569358420795],[-79.109147429711214,42.614604581207949],[-79.10912063997317,42.614602792899085],[-79.109101172395512,42.61460149493486],[-79.109002893005027,42.614594939163396],[-79.108944912772813,42.61463867527096]]},"properties":{"OBJECTID":264,"shoreType":"Armored","landcover":"development","slope":8,"Shape_Length":745.9245678483951,"CalShoreType":3,"CalLandcover":3,"CalSlope":2}},{"type":"Feature","id":265,"geometry":{"type":"LineString","coordinates":[[-79.11114901753443,42.613157545782364],[-79.111147083049644,42.613184369030229],[-79.111127014963486,42.613191151336387],[-79.110973558142632,42.613243015626466],[-79.110928113051727,42.613287528658653],[-79.110947371960421,42.613354395232861],[-79.110926257177212,42.613403672939256]]},"properties":{"OBJECTID":265,"shoreType":"Bluff","landcover":"development","slope":8,"Shape_Length":125.22523182911725,"CalShoreType":2,"CalLandcover":3,"CalSlope":2}},{"type":"Feature","id":266,"geometry":{"type":"LineString","coordinates":[[-79.111833767429275,42.610497684261702],[-79.111818146336248,42.610544537611226],[-79.111736968755238,42.610780916104098],[-79.111666458046827,42.611301589929688],[-79.111622271240307,42.611585473868345],[-79.111592986517451,42.611679435241818],[-79.111584210938901,42.611789020642327],[-79.111555578328051,42.611942139796987],[-79.111480155866218,42.612071797721548],[-79.111406945696174,42.612162989752868],[-79.111412896264724,42.61221337796615],[-79.111413009398689,42.612308280492059],[-79.111346070610409,42.612386309634545],[-79.111337028483817,42.612493836429422],[-79.1113458367861,42.61260290413027],[-79.111276176362466,42.61269613141026],[-79.111274561915636,42.612707301212517],[-79.111252582031582,42.612859302993982],[-79.111204178123174,42.612925033669249],[-79.111222200954586,42.612972662772606],[-79.111239811166982,42.613019200854588],[-79.111200443689071,42.61304699331351],[-79.111183958036577,42.613060443577389],[-79.111154274415227,42.613084663272488],[-79.111150478520955,42.613137292134951],[-79.11114901753443,42.613157545782364]]},"properties":{"OBJECTID":266,"shoreType":"Bluff","landcover":"sand","slope":8,"Shape_Length":1009.897814191045,"CalShoreType":2,"CalLandcover":1,"CalSlope":2}},{"type":"Feature","id":267,"geometry":{"type":"LineString","coordinates":[[-79.097535533903709,42.622556034170636],[-79.097419207710786,42.622717627448679],[-79.097055661769829,42.623076076031531],[-79.096561065782154,42.623551184925901],[-79.096471561335051,42.62366527268918],[-79.096343772258734,42.62382816125151],[-79.096065667182131,42.624259780775859],[-79.0959150749175,42.624570101391164],[-79.095860278038543,42.624740956898449],[-79.095840101760558,42.624803863801539],[-79.095737553341607,42.624981203170954],[-79.095720744134766,42.625001473915034],[-79.095486541855294,42.625283940147099],[-79.095472714128704,42.625300617185857],[-79.095464344737394,42.625310373820987],[-79.095301910603609,42.625499695574469],[-79.095232220516891,42.625666567034138],[-79.095152522310201,42.625926703413889],[-79.095112263621175,42.626099665905649],[-79.095108143355617,42.626119191172158]]},"properties":{"OBJECTID":267,"shoreType":"Beach","landcover":"sand","slope":8,"Shape_Length":1471.5123738780117,"CalShoreType":1,"CalLandcover":1,"CalSlope":2}},{"type":"Feature","id":268,"geometry":{"type":"LineString","coordinates":[[-79.070554756788042,42.640579751636004],[-79.07049075096306,42.640619919722468],[-79.070024856976303,42.640912296571763],[-79.069675013020131,42.641089121281347],[-79.069231670762264,42.64125274400854],[-79.069006700550375,42.64134673346598],[-79.068957673316461,42.641376585038387],[-79.068371668056429,42.641697889910915],[-79.068256897057012,42.641761842252144]]},"properties":{"OBJECTID":268,"shoreType":"Armored","landcover":"sand","slope":0,"Shape_Length":756.29488558734545,"CalShoreType":3,"CalLandcover":1,"CalSlope":1}},{"type":"Feature","id":269,"geometry":{"type":"LineString","coordinates":[[-79.075191721643151,42.640231416115398],[-79.075121919325397,42.640204317295826],[-79.074798476584149,42.640161995936651],[-79.074540178217447,42.640071739133198],[-79.074485241594047,42.64002030699276],[-79.074404099592655,42.639944337159079],[-79.074194152690666,42.639832388510101],[-79.074065593647049,42.63976966995213],[-79.073889307520162,42.639706234664274],[-79.073705660470338,42.639640150540394],[-79.073225192593412,42.6395953242506],[-79.073037861243577,42.639592466522593],[-79.072788943975695,42.639634682939743],[-79.07259765794447,42.639670080805907],[-79.072388610731707,42.639729935000425],[-79.072088324906375,42.639850211000734],[-79.071891656419083,42.639946810475998],[-79.071795491979373,42.639994043030306],[-79.071433437568871,42.640132000680218],[-79.071179814394952,42.640238106147748],[-79.070948736310797,42.640355914792252],[-79.070749789125074,42.640457355492423],[-79.070554756788042,42.640579751636004]]},"properties":{"OBJECTID":269,"shoreType":"Armored","landcover":"sand","slope":8,"Shape_Length":1411.4423915143389,"CalShoreType":3,"CalLandcover":1,"CalSlope":2}},{"type":"Feature","id":270,"geometry":{"type":"LineString","coordinates":[[-79.079519784969605,42.639476477708925],[-79.079404257323674,42.639587516367598],[-79.079317175383949,42.639671215117858],[-79.079270855912398,42.639703606218347],[-79.078874400415799,42.639980852462756],[-79.078465347621474,42.640213779794102],[-79.078375455922284,42.640242637170289],[-79.078022908625115,42.640355815618442],[-79.077798189683023,42.640373355941492],[-79.077738398403298,42.640390167963368],[-79.077642938386802,42.640417008807859],[-79.077347509680678,42.640389424446148],[-79.077320003254968,42.640379556482316],[-79.077223005707353,42.640344760157213],[-79.076979903497332,42.640393000444774],[-79.076412089323227,42.640378429980593],[-79.076060267121164,42.640392427612539],[-79.075634283917012,42.640391996634584],[-79.075605278676377,42.640391966430798],[-79.075527807133227,42.640361891247736],[-79.075191721643151,42.640231416115398]]},"properties":{"OBJECTID":270,"shoreType":"Armored","landcover":"vegetation","slope":8,"Shape_Length":1308.8084899382475,"CalShoreType":3,"CalLandcover":2,"CalSlope":2}},{"type":"Feature","id":271,"geometry":{"type":"LineString","coordinates":[[-79.088347737112272,42.629563615897403],[-79.088312149158099,42.62957089383201],[-79.087753850016966,42.629784161132811],[-79.087720457903458,42.629796916304535],[-79.087352817175812,42.629995870576082],[-79.086755305861089,42.630231625670469],[-79.086221795671705,42.630557997839752],[-79.08620710629036,42.630566984802833],[-79.085775133499084,42.630831237682308],[-79.085378614389157,42.631131272864529],[-79.085169708450195,42.631291199377046],[-79.084877574064407,42.631501455259659]]},"properties":{"OBJECTID":271,"shoreType":"Armored","landcover":"sand","slope":0,"Shape_Length":1180.2553333026992,"CalShoreType":3,"CalLandcover":1,"CalSlope":1}},{"type":"Feature","id":272,"geometry":{"type":"LineString","coordinates":[[-79.084877574064407,42.631501455259659],[-79.084751270272591,42.631592359179891]]},"properties":{"OBJECTID":272,"shoreType":"Armored","landcover":"sand","slope":8,"Shape_Length":47.463270930515925,"CalShoreType":3,"CalLandcover":1,"CalSlope":2}},{"type":"Feature","id":273,"geometry":{"type":"LineString","coordinates":[[-79.094841447990007,42.626847037047121],[-79.094818769038667,42.626886788503086],[-79.094688354263837,42.62716065214174],[-79.094617005822727,42.627337284912436],[-79.094530180610448,42.627552238784773],[-79.094521390832625,42.627572057640286],[-79.094434642100012,42.627767678886165],[-79.094198657582396,42.628202550087117],[-79.0940565533989,42.628445861604654],[-79.093922175125996,42.628610281954153],[-79.093879670124593,42.628699946509471],[-79.093856809713785,42.628760166002259],[-79.093829349708273,42.628832500990171],[-79.093819160041932,42.6288593417583],[-79.093816197762806,42.628866978366609],[-79.093769496149392,42.62898737847587],[-79.093752893490418,42.62907849762319],[-79.093715947400426,42.629203697644854],[-79.093649935738455,42.629377582690367],[-79.093606338120679,42.629450609780001],[-79.093537339613704,42.629545906293629],[-79.093536069037455,42.629546476415548],[-79.093474935275523,42.629610744589002],[-79.093471493879349,42.629614360956069],[-79.093394087943636,42.629654441317101],[-79.093379499348558,42.629659194825429],[-79.093288203206399,42.629688938042761],[-79.093027502183787,42.629773872861008],[-79.09296040694376,42.629806425889058],[-79.092951247751799,42.629808409395267],[-79.092833995152205,42.62983379611569],[-79.092683413433377,42.629866397948923],[-79.092676598858773,42.629864966223018],[-79.092590903956918,42.629831580208162]]},"properties":{"OBJECTID":273,"shoreType":"Armored","landcover":"development","slope":8,"Shape_Length":1339.4900707948557,"CalShoreType":3,"CalLandcover":3,"CalSlope":2}},{"type":"Feature","id":274,"geometry":{"type":"LineString","coordinates":[[-79.095108143355617,42.626119191172158],[-79.095094194716893,42.626185286743357],[-79.095077818034795,42.626262892194504],[-79.095039529588789,42.626416727903333],[-79.094954740164525,42.626648459306324],[-79.094841447990007,42.626847037047121]]},"properties":{"OBJECTID":274,"shoreType":"Armored","landcover":"sand","slope":8,"Shape_Length":276.01501864846989,"CalShoreType":3,"CalLandcover":1,"CalSlope":2}},{"type":"Feature","id":275,"geometry":{"type":"LineString","coordinates":[[-79.092590903956918,42.629831580208162],[-79.092503873590346,42.629797674312037],[-79.092395363205185,42.629774863183179],[-79.092046354438011,42.629686866336705],[-79.091857219395976,42.62964788929294],[-79.091616248868633,42.629562040284036],[-79.091586443438644,42.629552948445955],[-79.091554163099133,42.629543102357552],[-79.09148284202486,42.62945428840969],[-79.091462773412459,42.629443024234227]]},"properties":{"OBJECTID":275,"shoreType":"Armored","landcover":"vegetation","slope":8,"Shape_Length":343.42459290769449,"CalShoreType":3,"CalLandcover":2,"CalSlope":2}},{"type":"Feature","id":276,"geometry":{"type":"LineString","coordinates":[[-79.091245109340676,42.629379503764042],[-79.091188430821873,42.629377516082705],[-79.091071534002666,42.629416515868165],[-79.091068463986105,42.629417541367324],[-79.090897866293361,42.629378563403385],[-79.090836675553504,42.62937580510993],[-79.09078614316239,42.629367711441908],[-79.090693065676305,42.629352801246682],[-79.090479050973116,42.629333804460686],[-79.090439810571468,42.629314167022656],[-79.090405371194464,42.629296932723662],[-79.090362551493854,42.62927009371046],[-79.090200030529033,42.629254889057826],[-79.090184316553163,42.629255740907091],[-79.090164739524312,42.629248981034358],[-79.090072990529634,42.629217301601045],[-79.089644332920869,42.629205713636921],[-79.089442781534473,42.629249366599481],[-79.089260916325728,42.629329108352998],[-79.089182500003488,42.629363492583515],[-79.088905063230513,42.629442715849706],[-79.088789384433127,42.629469713757508],[-79.088609348949717,42.629510119409701],[-79.088347737112272,42.629563615897403]]},"properties":{"OBJECTID":276,"shoreType":"Armored","landcover":"development","slope":0,"Shape_Length":823.08707815500907,"CalShoreType":3,"CalLandcover":3,"CalSlope":1}},{"type":"Feature","id":277,"geometry":{"type":"LineString","coordinates":[[-79.091462773412459,42.629443024234227],[-79.091356573730479,42.629383412713786],[-79.091245109340676,42.629379503764042]]},"properties":{"OBJECTID":277,"shoreType":"Armored","landcover":"development","slope":8,"Shape_Length":65.929746456025157,"CalShoreType":3,"CalLandcover":3,"CalSlope":2}},{"type":"Feature","id":278,"geometry":{"type":"LineString","coordinates":[[-79.07998231930975,42.638954725795401],[-79.079855409273975,42.639153891140026],[-79.079519784969605,42.639476477708925]]},"properties":{"OBJECTID":278,"shoreType":"Bluff","landcover":"vegetation","slope":8,"Shape_Length":228.45904352604347,"CalShoreType":2,"CalLandcover":2,"CalSlope":2}},{"type":"Feature","id":279,"geometry":{"type":"LineString","coordinates":[[-79.080186429879348,42.638634406189475],[-79.080140034454175,42.638707216924331],[-79.080039082674915,42.63880827666744],[-79.080023222277987,42.638824153088329],[-79.080000093635093,42.638926831622271],[-79.07998231930975,42.638954725795401]]},"properties":{"OBJECTID":279,"shoreType":"Bluff","landcover":"development","slope":8,"Shape_Length":131.44650736564708,"CalShoreType":2,"CalLandcover":3,"CalSlope":2}},{"type":"Feature","id":280,"geometry":{"type":"LineString","coordinates":[[-79.081677592677934,42.635493981251763],[-79.081409489066118,42.635996987167637],[-79.081264378318068,42.636252738104453],[-79.081140464621996,42.636471125985736],[-79.080950577895223,42.637035664793153],[-79.080872203884098,42.637104847156522],[-79.080896812800361,42.63717950684444],[-79.080763440620174,42.637536322376107],[-79.080626583160537,42.637902454342623],[-79.080283759361194,42.638481661025395],[-79.080186429879348,42.638634406189475]]},"properties":{"OBJECTID":280,"shoreType":"Bluff","landcover":"vegetation","slope":8,"Shape_Length":1222.4056936008606,"CalShoreType":2,"CalLandcover":2,"CalSlope":2}},{"type":"Feature","id":281,"geometry":{"type":"LineString","coordinates":[[-79.083389879290564,42.633050566494035],[-79.083015431097863,42.633471654085078],[-79.083009772212279,42.63347860897035],[-79.082886442621316,42.633630169973443],[-79.082783562852356,42.633756597349958],[-79.082334609345281,42.634308304811391],[-79.081917152483271,42.63502835165577],[-79.081696838445495,42.635457872729283],[-79.081677592677934,42.635493981251763]]},"properties":{"OBJECTID":281,"shoreType":"Bluff","landcover":"sand","slope":8,"Shape_Length":1006.2697285319902,"CalShoreType":2,"CalLandcover":1,"CalSlope":2}},{"type":"Feature","id":282,"geometry":{"type":"LineString","coordinates":[[-79.083554326924656,42.632854076167042],[-79.083514260846854,42.632910691123172],[-79.083500955858824,42.63292565392188],[-79.083389879290564,42.633050566494035]]},"properties":{"OBJECTID":282,"shoreType":"Beach","landcover":"sand","slope":8,"Shape_Length":84.262111162220847,"CalShoreType":1,"CalLandcover":1,"CalSlope":2}},{"type":"Feature","id":283,"geometry":{"type":"LineString","coordinates":[[-79.084751270272591,42.631592359179891],[-79.084689083746085,42.631637115912717],[-79.084644375434507,42.631677460476162],[-79.084098126026134,42.632170404111257],[-79.083756407955519,42.632568531309637],[-79.083554326924656,42.632854076167042]]},"properties":{"OBJECTID":283,"shoreType":"Beach","landcover":"sand","slope":8,"Shape_Length":563.68420659921014,"CalShoreType":1,"CalLandcover":1,"CalSlope":2}},{"type":"Feature","id":284,"geometry":{"type":"LineString","coordinates":[[-79.097830783905309,42.621990449729758],[-79.0977181679512,42.622046635710433],[-79.097647213490859,42.622309240147089],[-79.097575875571593,42.622499993656355],[-79.097535533903709,42.622556034170636]]},"properties":{"OBJECTID":284,"shoreType":"Armored","landcover":"sand","slope":8,"Shape_Length":229.4186745419193,"CalShoreType":3,"CalLandcover":1,"CalSlope":2}},{"type":"Feature","id":285,"geometry":{"type":"LineString","coordinates":[[-79.097912325614516,42.621927549520251],[-79.097893073875412,42.621959372920379],[-79.097830783905309,42.621990449729758]]},"properties":{"OBJECTID":285,"shoreType":"Armored","landcover":"development","slope":8,"Shape_Length":32.934552681947245,"CalShoreType":3,"CalLandcover":3,"CalSlope":2}},{"type":"Feature","id":286,"geometry":{"type":"LineString","coordinates":[[-79.068256897057012,42.641761842252144],[-79.067942741956386,42.641936891012925],[-79.067452154971363,42.642059199336991],[-79.067396624903324,42.642073044104826],[-79.066701983826533,42.642455085234353],[-79.066091536446493,42.642891301455258],[-79.065839105917618,42.642978890616448],[-79.065728845800294,42.643114859234423],[-79.06548042328329,42.643267981277361],[-79.064897609974651,42.643781824733729],[-79.064776559834939,42.643918020528012],[-79.064657107413723,42.644052419764222],[-79.06413255969629,42.64471083096435],[-79.063854173772597,42.645298284341166],[-79.063527545869746,42.645633875824345],[-79.063600646420653,42.645814712207361],[-79.063528216284567,42.646386643959083],[-79.063528850370673,42.646406139998597],[-79.063534640110078,42.646584143632126],[-79.063552837324323,42.646962273997438],[-79.063473382376614,42.647574954629945],[-79.063359549116583,42.648104386488107],[-79.063316918568503,42.648539469914219],[-79.063251073253383,42.648916914299519],[-79.06325481286035,42.648966635188891],[-79.063267325477028,42.649133066583964]]},"properties":{"OBJECTID":286,"shoreType":"Beach","landcover":"sand","slope":0,"Shape_Length":3244.7166571700882,"CalShoreType":1,"CalLandcover":1,"CalSlope":1}},{"type":"Feature","id":287,"geometry":{"type":"LineString","coordinates":[[-79.063267325477028,42.649133066583964],[-79.063275367532597,42.649240038457847],[-79.063232273561283,42.649667992766041],[-79.063101142740649,42.650280125004997],[-79.063079430307042,42.650590589716153],[-79.063045888447192,42.650868123001274],[-79.06302336686251,42.651116677636338],[-79.06297787715566,42.651408927003203],[-79.06295960862623,42.651821706792234],[-79.062953952124261,42.65186090428336],[-79.062892920686224,42.652283849615976],[-79.06287527203088,42.652547070562768],[-79.062835564628898,42.652938623698724],[-79.06281087220961,42.653599385419916],[-79.062792482666381,42.654059812547736],[-79.062814854416729,42.654597550567019],[-79.062815244739511,42.6546069224108],[-79.062815002327383,42.655147701571053],[-79.062862579097157,42.655877362391131],[-79.06291260046244,42.65692372591235],[-79.062961673676625,42.657335611189914],[-79.062974220138202,42.657440918403076],[-79.062986058658893,42.657511556991032]]},"properties":{"OBJECTID":287,"shoreType":"Beach","landcover":"sand","slope":8,"Shape_Length":3061.4408703837298,"CalShoreType":1,"CalLandcover":1,"CalSlope":2}},{"type":"Feature","id":288,"geometry":{"type":"LineString","coordinates":[[-79.061959627761354,42.668165161446524],[-79.061910415272038,42.668484761333346],[-79.061857566587278,42.668728614516105],[-79.061777876422383,42.66904113778827],[-79.061684337785209,42.669289830432021],[-79.061577571449916,42.669484202822801],[-79.061462193382695,42.669645528489262],[-79.06125212063796,42.669938859196968],[-79.061143169999767,42.670035520323673],[-79.060949037383665,42.670254205966799]]},"properties":{"OBJECTID":288,"shoreType":"Beach","landcover":"sand","slope":0,"Shape_Length":822.10189751149437,"CalShoreType":1,"CalLandcover":1,"CalSlope":1}},{"type":"Feature","id":289,"geometry":{"type":"LineString","coordinates":[[-79.055943547505834,42.673883324522706],[-79.055895698016926,42.673925465673861],[-79.055612866955641,42.674174551311062],[-79.05541843330117,42.674345784395335],[-79.054548271186391,42.675112753882054],[-79.054238420929778,42.675361964330811],[-79.053763297431516,42.675750436986384],[-79.053535360229944,42.676007852490912],[-79.053366285047019,42.676244791910861],[-79.053307670741333,42.676317493842866],[-79.053225743941539,42.676419112103169],[-79.053148027031256,42.676515506868931],[-79.052950341779948,42.67685126411881],[-79.052807313611822,42.677177226415417],[-79.052585767257355,42.677747998382827],[-79.05251048081854,42.678079417349984],[-79.052335682814501,42.678766933890053],[-79.052287785581811,42.678936915092144],[-79.052203331348565,42.679236625687203],[-79.052142973530152,42.679526553563058],[-79.052091860499075,42.679795592794136],[-79.0520293549895,42.680084489579009],[-79.052022421346564,42.680402727766491],[-79.052143695899403,42.681125015954422],[-79.052140624168644,42.681479063855967],[-79.052119718240434,42.681655864587228],[-79.05208670892516,42.681935034894558],[-79.051961054856662,42.682525145388666],[-79.051890146030715,42.682814817249636],[-79.051884004213278,42.682839908112811],[-79.051824298002032,42.683063572569836],[-79.051717204036507,42.683284373507604],[-79.051663215755255,42.683377403112473],[-79.051623238118125,42.683447090375651],[-79.051541981969322,42.683477123676241],[-79.051270792285322,42.683601008307214],[-79.051255916470595,42.68360780386638],[-79.051253543581836,42.683610786194102],[-79.051178263931362,42.683705420364404]]},"properties":{"OBJECTID":289,"shoreType":"Beach","landcover":"sand","slope":0,"Shape_Length":3962.7235121030567,"CalShoreType":1,"CalLandcover":1,"CalSlope":1}},{"type":"Feature","id":290,"geometry":{"type":"LineString","coordinates":[[-79.062785413672984,42.66511086364644],[-79.062766438358423,42.665242068879294],[-79.062756302673264,42.665271601868618],[-79.062606622305154,42.665662258484545],[-79.06257190656757,42.665770273229953],[-79.062431573427247,42.666356859861345],[-79.062291895218834,42.66672639198498],[-79.062228829221084,42.66689777167192],[-79.062216515889233,42.667001886350818],[-79.062141065591604,42.66728443174955],[-79.062109737728989,42.667447536782973],[-79.061963231375444,42.667778465230704],[-79.061886406035882,42.667951997982676],[-79.061959627761354,42.668165161446524]]},"properties":{"OBJECTID":290,"shoreType":"Beach","landcover":"sand","slope":0,"Shape_Length":1145.8419539270162,"CalShoreType":1,"CalLandcover":1,"CalSlope":1}},{"type":"Feature","id":291,"geometry":{"type":"LineString","coordinates":[[-79.062956515872543,42.662657453842634],[-79.062950936403794,42.662720757989995],[-79.062946042306578,42.662997327178324],[-79.062975174679437,42.663195491049272],[-79.062988573556368,42.663286636260644],[-79.063006496147025,42.66347877572548],[-79.0630042260848,42.663740903692954],[-79.062976848285672,42.664063480017255],[-79.062931662930566,42.66436048439116],[-79.0628926874776,42.664563392328461],[-79.062822053988754,42.664857504414968],[-79.062785413672984,42.66511086364644]]},"properties":{"OBJECTID":291,"shoreType":"Beach","landcover":"sand","slope":8,"Shape_Length":898.80773540793859,"CalShoreType":1,"CalLandcover":1,"CalSlope":2}},{"type":"Feature","id":292,"geometry":{"type":"LineString","coordinates":[[-79.062464153551375,42.661433753601898],[-79.062374810930265,42.661464392059194],[-79.062458402024291,42.661706794714675],[-79.062673681115399,42.661889726380998],[-79.062845547587202,42.6620503797796],[-79.062918015528851,42.662171682088932],[-79.062956288783539,42.662311638586935],[-79.062960896459302,42.662382958276517],[-79.062961152519108,42.662386912928966],[-79.062969278250719,42.662512682470208],[-79.062956515872543,42.662657453842634]]},"properties":{"OBJECTID":292,"shoreType":"Beach","landcover":"sand","slope":8,"Shape_Length":507.12835161561338,"CalShoreType":1,"CalLandcover":1,"CalSlope":2}},{"type":"Feature","id":293,"geometry":{"type":"LineString","coordinates":[[-79.063054356722915,42.65796899119529],[-79.063063382558312,42.658193825794747],[-79.063147857831794,42.658618727989783],[-79.063178777961753,42.658920787574928],[-79.063191223743388,42.659234189433107],[-79.063207166417641,42.659456197000175],[-79.063257909488399,42.659860734281096],[-79.063238035842929,42.660064655374384],[-79.06321923614027,42.660257562724318],[-79.063221778806252,42.660342986391584],[-79.063230073156404,42.660621661970907],[-79.063153342741899,42.660979342780685],[-79.063089781915224,42.66109356701741],[-79.062801026431757,42.661318227644948],[-79.062702756964725,42.661351927681828],[-79.062464153551375,42.661433753601898]]},"properties":{"OBJECTID":293,"shoreType":"Beach","landcover":"sand","slope":8,"Shape_Length":1359.6895453471443,"CalShoreType":1,"CalLandcover":1,"CalSlope":2}},{"type":"Feature","id":294,"geometry":{"type":"LineString","coordinates":[[-79.060880509259988,42.670321293272345],[-79.060629060832895,42.670532723571085],[-79.060231618460605,42.670861600755551],[-79.060126730979405,42.670948393400451],[-79.060055432490969,42.671004703085217],[-79.059466639083226,42.671469717143069],[-79.05891477442772,42.671918110977494],[-79.058482165144383,42.67226459566065],[-79.058362493169511,42.672341514589462]]},"properties":{"OBJECTID":294,"shoreType":"Armored","landcover":"sand","slope":8,"Shape_Length":1000.6391229582761,"CalShoreType":3,"CalLandcover":1,"CalSlope":2}},{"type":"Feature","id":295,"geometry":{"type":"LineString","coordinates":[[-79.060949037383665,42.670254205966799],[-79.060915894212641,42.670291539975366],[-79.060880509259988,42.670321293272345]]},"properties":{"OBJECTID":295,"shoreType":"Armored","landcover":"sand","slope":0,"Shape_Length":30.692616142359771,"CalShoreType":3,"CalLandcover":1,"CalSlope":1}},{"type":"Feature","id":296,"geometry":{"type":"LineString","coordinates":[[-79.058362493169511,42.672341514589462],[-79.057626962918377,42.672814272830301],[-79.057377808040329,42.672954136905894],[-79.057030882754304,42.673229814738683],[-79.056816098243615,42.673400486190218],[-79.056405913731979,42.673608097875608],[-79.056244159271955,42.673689968713084],[-79.055985814787903,42.673846100166443],[-79.055943547505834,42.673883324522706]]},"properties":{"OBJECTID":296,"shoreType":"Armored","landcover":"sand","slope":0,"Shape_Length":862.50728118196207,"CalShoreType":3,"CalLandcover":1,"CalSlope":1}},{"type":"Feature","id":297,"geometry":{"type":"LineString","coordinates":[[-79.062986058658893,42.657511556991032],[-79.063024200001365,42.657739129813976],[-79.063051722717816,42.657903373517286],[-79.063054356722915,42.65796899119529]]},"properties":{"OBJECTID":297,"shoreType":"Armored","landcover":"sand","slope":8,"Shape_Length":167.80562594074769,"CalShoreType":3,"CalLandcover":1,"CalSlope":2}},{"type":"Feature","id":298,"geometry":{"type":"LineString","coordinates":[[-79.049862437459623,42.687217377507551],[-79.049814053574337,42.687291770641956],[-79.049742418496521,42.687401909317686],[-79.049511361086871,42.687712887740012],[-79.049385796385593,42.687841598194638],[-79.049240311744867,42.688162581645152],[-79.049064123835095,42.688453163089655],[-79.049030760544852,42.688508188901366],[-79.049001179893068,42.688556973182457],[-79.048765421445268,42.688953626325421],[-79.04863084937648,42.689218055791763],[-79.048627058551915,42.689232374392432],[-79.048594557507485,42.689355128817553],[-79.048535243254179,42.68951465938796],[-79.048534325470683,42.689520205965891],[-79.048499471305021,42.689730125993542],[-79.048408815883363,42.68989047245293]]},"properties":{"OBJECTID":298,"shoreType":"Bluff","landcover":"sand","slope":0,"Shape_Length":1056.8212924326344,"CalShoreType":2,"CalLandcover":1,"CalSlope":1}},{"type":"Feature","id":299,"geometry":{"type":"LineString","coordinates":[[-79.051178263931362,42.683705420364404],[-79.051109665144551,42.683791653950891],[-79.050905867507296,42.684137884166574],[-79.050851280840803,42.684230620536042],[-79.050640420939146,42.684588845236618],[-79.050431433764828,42.68493057016569],[-79.050379659634899,42.685077721396212],[-79.050374611220306,42.685397120955152],[-79.050462212246799,42.685883395194033],[-79.050468421649654,42.685917859440565],[-79.050468420176074,42.68593932326381],[-79.050468417722186,42.686035897846999],[-79.050443402453766,42.686157885026212],[-79.050403704213238,42.686306492213618],[-79.050380853741231,42.686392029233353]]},"properties":{"OBJECTID":299,"shoreType":"Bluff","landcover":"sand","slope":0,"Shape_Length":1028.0259241541271,"CalShoreType":2,"CalLandcover":1,"CalSlope":1}},{"type":"Feature","id":300,"geometry":{"type":"LineString","coordinates":[[-79.047166556511186,42.692078047159278],[-79.047142205851046,42.692098477940675],[-79.046204558763677,42.692329384421257],[-79.046116769637976,42.69227055301176],[-79.046085430354623,42.692185900246002],[-79.046987041336834,42.691996768236898],[-79.047200876509052,42.691358378560928],[-79.047214049304188,42.691319051740109]]},"properties":{"OBJECTID":300,"shoreType":"Armored","landcover":"sand","slope":8,"Shape_Length":845.9517879332949,"CalShoreType":3,"CalLandcover":1,"CalSlope":2}},{"type":"Feature","id":301,"geometry":{"type":"LineString","coordinates":[[-79.047214049304188,42.691319051740109],[-79.047219610192911,42.691302450186654],[-79.047143603430953,42.691294697123269],[-79.04669946831217,42.691249389875253],[-79.046530167901764,42.691285838013577],[-79.045441493718712,42.691520211698688],[-79.045392261357932,42.691557687923023],[-79.045134066101639,42.691609701403159],[-79.044983620097383,42.691621489870727]]},"properties":{"OBJECTID":301,"shoreType":"Armored","landcover":"development","slope":8,"Shape_Length":631.35804500593485,"CalShoreType":3,"CalLandcover":3,"CalSlope":2}},{"type":"Feature","id":302,"geometry":{"type":"LineString","coordinates":[[-79.038021875478336,42.69389197516989],[-79.037838598696908,42.6939924990035],[-79.037297005557051,42.694322621767604],[-79.037255341128187,42.694348017325986],[-79.037170679292444,42.694399622104022],[-79.035939091784144,42.695029128154466],[-79.035630273174689,42.695197256352749],[-79.035442645298531,42.695282487447535],[-79.035357345574738,42.695321235110619],[-79.035270832482837,42.69536164575986],[-79.035219424724062,42.695385658420413],[-79.035192057917769,42.69538452583609],[-79.035081754457295,42.695379961821224],[-79.034971613207418,42.69537150707572],[-79.034834888339532,42.69545149324798],[-79.034755615016849,42.695504459579311],[-79.034224395186939,42.695628214541145],[-79.034072556226221,42.695671947670448],[-79.033588622921172,42.695811331005388],[-79.03330603912309,42.695910550811568],[-79.033130513486455,42.695942946152712],[-79.032980270814278,42.69593139795397],[-79.032973463540543,42.695930776495416],[-79.032805300437246,42.695915419230872],[-79.032530393380213,42.695877393442686],[-79.031994383876111,42.695869881340904],[-79.031988763974525,42.695870596546939],[-79.031719326742845,42.695904878954586],[-79.03151537206449,42.695942327283163]]},"properties":{"OBJECTID":302,"shoreType":"Bluff","landcover":"vegetation","slope":8,"Shape_Length":1977.7275266354918,"CalShoreType":2,"CalLandcover":2,"CalSlope":2}},{"type":"Feature","id":303,"geometry":{"type":"LineString","coordinates":[[-79.038517545720183,42.693635371332881],[-79.038247117061687,42.693768435107543],[-79.038021875478336,42.69389197516989]]},"properties":{"OBJECTID":303,"shoreType":"Bluff","landcover":"sand","slope":8,"Shape_Length":162.84681262488755,"CalShoreType":2,"CalLandcover":1,"CalSlope":2}},{"type":"Feature","id":304,"geometry":{"type":"LineString","coordinates":[[-79.038831717446328,42.693482616427893],[-79.038608535928049,42.693565092595364],[-79.038544421322442,42.693622147867885],[-79.038517545720183,42.693635371332881]]},"properties":{"OBJECTID":304,"shoreType":"Bluff","landcover":"sand","slope":8,"Shape_Length":102.80028652315458,"CalShoreType":2,"CalLandcover":1,"CalSlope":2}},{"type":"Feature","id":305,"geometry":{"type":"LineString","coordinates":[[-79.039395526937,42.693225354286596],[-79.039303930221152,42.693233222541188],[-79.039215871857067,42.693269683927142],[-79.039134600484658,42.693321895142986],[-79.038964914788551,42.693433392981234],[-79.038831717446328,42.693482616427893]]},"properties":{"OBJECTID":305,"shoreType":"Bluff","landcover":"sand","slope":8,"Shape_Length":182.05317251496783,"CalShoreType":2,"CalLandcover":1,"CalSlope":2}},{"type":"Feature","id":306,"geometry":{"type":"LineString","coordinates":[[-79.041630918744318,42.692058337935336],[-79.04081251610863,42.692543864294336],[-79.040297391765918,42.692823317667326],[-79.039701115217014,42.693146791170946],[-79.039586541783123,42.693208945424708],[-79.039572945345796,42.693210113192301],[-79.039395526937,42.693225354286596]]},"properties":{"OBJECTID":306,"shoreType":"Bluff","landcover":"vegetation","slope":8,"Shape_Length":743.16288497479297,"CalShoreType":2,"CalLandcover":2,"CalSlope":2}},{"type":"Feature","id":307,"geometry":{"type":"LineString","coordinates":[[-79.044983620097383,42.691621489870727],[-79.044912371327072,42.691627072282898],[-79.044427224017596,42.691546646029146],[-79.044403108113286,42.691542647859677],[-79.044140089935894,42.691591458313376],[-79.044008750646128,42.691558112843509],[-79.043784960163876,42.691571655798448],[-79.043628994722198,42.69159143640168],[-79.043536726435775,42.691602493129302],[-79.043536488670952,42.691602521092115],[-79.043515864433672,42.691604992319185],[-79.043420464597517,42.691606121856594],[-79.043343291010572,42.691611232852594],[-79.04331351345094,42.69160949251539],[-79.043280202625624,42.691607544896229],[-79.043199421079706,42.691602822430887],[-79.043190934659037,42.691602326253133],[-79.04298746557123,42.691623674969222],[-79.042753212049263,42.691696277487154],[-79.042312544758616,42.691802847770305],[-79.04190179249737,42.691962216984876],[-79.0416707573671,42.692034702673524],[-79.041630918744318,42.692058337935336]]},"properties":{"OBJECTID":307,"shoreType":"Beach","landcover":"sand","slope":8,"Shape_Length":945.39018980797084,"CalShoreType":1,"CalLandcover":1,"CalSlope":2}},{"type":"Feature","id":308,"geometry":{"type":"LineString","coordinates":[[-79.048408815883363,42.68989047245293],[-79.048348944361365,42.689996369075651],[-79.048260819891055,42.690359540852441],[-79.048172065737674,42.690654116818394],[-79.048075559089909,42.690957696963416],[-79.047945070293338,42.691175765819047],[-79.04776005940856,42.691469136572856],[-79.047512738455282,42.69178758307077],[-79.04748165703144,42.691813662370997]]},"properties":{"OBJECTID":308,"shoreType":"Armored","landcover":"sand","slope":0,"Shape_Length":751.08686775499928,"CalShoreType":3,"CalLandcover":1,"CalSlope":1}},{"type":"Feature","id":309,"geometry":{"type":"LineString","coordinates":[[-79.04748165703144,42.691813662370997],[-79.047166556511186,42.692078047159278]]},"properties":{"OBJECTID":309,"shoreType":"Armored","landcover":"sand","slope":8,"Shape_Length":128.29664544228172,"CalShoreType":3,"CalLandcover":1,"CalSlope":2}},{"type":"Feature","id":310,"geometry":{"type":"LineString","coordinates":[[-79.050380853741231,42.686392029233353],[-79.050334419030079,42.686565845714753],[-79.05027780981095,42.686649123867177],[-79.050245372474834,42.686696842527219],[-79.050223698746166,42.68676520870352],[-79.050222278954351,42.68676968874427],[-79.050213800662604,42.686796431985179],[-79.050130709271954,42.686908957362306],[-79.049963107579146,42.687062592201585],[-79.049862437459623,42.687217377507551]]},"properties":{"OBJECTID":310,"shoreType":"Armored","landcover":"sand","slope":0,"Shape_Length":336.38413587478448,"CalShoreType":3,"CalLandcover":1,"CalSlope":1}},{"type":"Feature","id":311,"geometry":{"type":"LineString","coordinates":[[-79.007607201812192,42.703793599060781],[-79.007594771492762,42.703796872499773],[-79.007495480850082,42.70380988064057],[-79.007397591805542,42.703794609354091],[-79.007301363757392,42.703791851612785],[-79.007210362657119,42.703775862378386],[-79.00715963102364,42.703762813731259],[-79.00696544483732,42.7037128642243],[-79.00665611440175,42.703698984496903],[-79.006326120340233,42.703692989014037],[-79.006321978036965,42.703693770423975],[-79.005966097222156,42.70376097430222],[-79.005963277664748,42.703762059604301],[-79.005883304778976,42.703792818218247],[-79.0058637248694,42.703800349919874],[-79.005837546531041,42.703812226257639],[-79.005785427110013,42.703835870910346],[-79.005681448889433,42.703881830414375],[-79.005400708965254,42.703933299050334],[-79.00520841673827,42.703956709062304],[-79.004522487674009,42.703956903558804],[-79.004159246536261,42.703933888725985],[-79.003995743760527,42.703927566398342],[-79.003726344424507,42.703857328592044],[-79.003326996534355,42.703832008457049],[-79.00305101515147,42.703873678071623],[-79.002584393704893,42.70383656189663],[-79.002190843994384,42.703748920172615],[-79.002057461844473,42.703719216163869],[-79.002028775299095,42.70370796527417]]},"properties":{"OBJECTID":311,"shoreType":"Bluff","landcover":"vegetation","slope":8,"Shape_Length":1538.1513657509636,"CalShoreType":2,"CalLandcover":2,"CalSlope":2}},{"type":"Feature","id":312,"geometry":{"type":"LineString","coordinates":[[-79.009233744161676,42.703135029864498],[-79.008965289525946,42.703261876408952],[-79.008865029993828,42.703309250082739],[-79.008281386952035,42.703575080321677],[-79.007960022803999,42.703700692088184],[-79.007607201812192,42.703793599060781]]},"properties":{"OBJECTID":312,"shoreType":"Bluff","landcover":"development","slope":8,"Shape_Length":500.54229772938737,"CalShoreType":2,"CalLandcover":3,"CalSlope":2}},{"type":"Feature","id":313,"geometry":{"type":"LineString","coordinates":[[-79.010289487240058,42.70251596479978],[-79.010010978431637,42.702697330821266],[-79.009813614543944,42.70284242186198],[-79.00940416303547,42.703054505172268],[-79.009271399844309,42.70311723683853],[-79.009233744161676,42.703135029864498]]},"properties":{"OBJECTID":313,"shoreType":"Bluff","landcover":"vegetation","slope":8,"Shape_Length":363.65697966349313,"CalShoreType":2,"CalLandcover":2,"CalSlope":2}},{"type":"Feature","id":314,"geometry":{"type":"LineString","coordinates":[[-79.010562354834065,42.702351610460184],[-79.010370553959874,42.702463172605484],[-79.010289487240058,42.70251596479978]]},"properties":{"OBJECTID":314,"shoreType":"Bluff","landcover":"development","slope":8,"Shape_Length":94.727023970236786,"CalShoreType":2,"CalLandcover":3,"CalSlope":2}},{"type":"Feature","id":315,"geometry":{"type":"LineString","coordinates":[[-79.011619608856307,42.701764608751972],[-79.011338917261156,42.70188036063923],[-79.010741020335274,42.702247687016509],[-79.010730227138652,42.702253965124207],[-79.010723588074768,42.702257827663509],[-79.010562354834065,42.702351610460184]]},"properties":{"OBJECTID":315,"shoreType":"Bluff","landcover":"vegetation","slope":8,"Shape_Length":356.76848392525216,"CalShoreType":2,"CalLandcover":2,"CalSlope":2}},{"type":"Feature","id":316,"geometry":{"type":"LineString","coordinates":[[-79.012366346315375,42.701381633061473],[-79.012226582152749,42.701457623568665],[-79.011794947464125,42.70169230208321],[-79.011619608856307,42.701764608751972]]},"properties":{"OBJECTID":316,"shoreType":"Bluff","landcover":"development","slope":8,"Shape_Length":244.81020102589139,"CalShoreType":2,"CalLandcover":3,"CalSlope":2}},{"type":"Feature","id":317,"geometry":{"type":"LineString","coordinates":[[-79.013078540379141,42.700966625146016],[-79.013035655186158,42.70099123143649],[-79.013031997030481,42.700993331040117],[-79.012624004390688,42.701195378147972],[-79.01241294118519,42.701356299227804],[-79.012366346315375,42.701381633061473]]},"properties":{"OBJECTID":317,"shoreType":"Bluff","landcover":"vegetation","slope":8,"Shape_Length":245.10437494644555,"CalShoreType":2,"CalLandcover":2,"CalSlope":2}},{"type":"Feature","id":318,"geometry":{"type":"LineString","coordinates":[[-79.013561589742125,42.700860721241888],[-79.013427044537636,42.700926590105901],[-79.013325303765882,42.70095160023746],[-79.01326620960694,42.700946461071283],[-79.013133762839814,42.700934939790244],[-79.013078540379141,42.700966625146016]]},"properties":{"OBJECTID":318,"shoreType":"Bluff","landcover":"development","slope":8,"Shape_Length":142.88527796593644,"CalShoreType":2,"CalLandcover":3,"CalSlope":2}},{"type":"Feature","id":319,"geometry":{"type":"LineString","coordinates":[[-79.014487828754937,42.700600169264504],[-79.014336377855301,42.70058782515688],[-79.014077447614028,42.700581876250276],[-79.014075240890449,42.700582761392745],[-79.013889869592262,42.700691178709199],[-79.013857285609191,42.700708794852218],[-79.013717082852153,42.700784597080087],[-79.013561589742125,42.700860721241888]]},"properties":{"OBJECTID":319,"shoreType":"Bluff","landcover":"vegetation","slope":8,"Shape_Length":282.61589792536029,"CalShoreType":2,"CalLandcover":2,"CalSlope":2}},{"type":"Feature","id":320,"geometry":{"type":"LineString","coordinates":[[-79.015414012169728,42.700638295995773],[-79.015219541973579,42.700675468856566],[-79.01508330665439,42.700684704983665],[-79.01500087079269,42.700690293852574],[-79.014921812008382,42.700671541569946],[-79.014690555552534,42.700616692598317],[-79.014487828754937,42.700600169264504]]},"properties":{"OBJECTID":320,"shoreType":"Bluff","landcover":"development","slope":8,"Shape_Length":255.47545646325412,"CalShoreType":2,"CalLandcover":3,"CalSlope":2}},{"type":"Feature","id":321,"geometry":{"type":"LineString","coordinates":[[-79.01737869682708,42.700778679086739],[-79.017283688093102,42.700725011446245],[-79.017071148751654,42.700652088661577],[-79.016772023623091,42.700559008865092],[-79.016486348157656,42.700497835415334],[-79.016363610505266,42.700481128117993],[-79.016262255013288,42.700467330506001],[-79.016099981743949,42.700482076758867],[-79.016095473161556,42.700483144385529],[-79.016003072740631,42.700505019343339],[-79.015995492460846,42.700506145382043],[-79.015853983566885,42.700527147913178],[-79.015710565249876,42.700573071007923],[-79.015578341756296,42.700606884720941],[-79.015518783802932,42.700618268962437],[-79.015414012169728,42.700638295995773]]},"properties":{"OBJECTID":321,"shoreType":"Bluff","landcover":"vegetation","slope":8,"Shape_Length":561.12883171394071,"CalShoreType":2,"CalLandcover":2,"CalSlope":2}},{"type":"Feature","id":322,"geometry":{"type":"LineString","coordinates":[[-79.017719786167319,42.700940720280812],[-79.017689133957049,42.700927155416785],[-79.017469392429589,42.700829910713487],[-79.01737869682708,42.700778679086739]]},"properties":{"OBJECTID":322,"shoreType":"Bluff","landcover":"development","slope":8,"Shape_Length":109.199757377567,"CalShoreType":2,"CalLandcover":3,"CalSlope":2}},{"type":"Feature","id":323,"geometry":{"type":"LineString","coordinates":[[-79.019101745039691,42.70072708827945],[-79.018941709095927,42.700859872675018],[-79.018879628382706,42.700911382513176],[-79.018694873344685,42.701001254693175],[-79.018469607160895,42.701063962383834],[-79.018458379401054,42.70106414997705],[-79.018340551356815,42.701066115347075],[-79.018211344693199,42.701065891176526],[-79.018172303952966,42.701067262834989],[-79.018117890481477,42.701069175368019],[-79.017758653613683,42.700957919798284],[-79.017719786167319,42.700940720280812]]},"properties":{"OBJECTID":323,"shoreType":"Bluff","landcover":"vegetation","slope":8,"Shape_Length":425.57242092741257,"CalShoreType":2,"CalLandcover":2,"CalSlope":2}},{"type":"Feature","id":324,"geometry":{"type":"LineString","coordinates":[[-79.024425132810592,42.696758035389607],[-79.024304140093633,42.696792284971302],[-79.023933580511027,42.696917779043758]]},"properties":{"OBJECTID":324,"shoreType":"Bluff","landcover":"vegetation","slope":0,"Shape_Length":144.449840655325,"CalShoreType":2,"CalLandcover":2,"CalSlope":1}},{"type":"Feature","id":325,"geometry":{"type":"LineString","coordinates":[[-79.023933580511027,42.696917779043758],[-79.023817439113088,42.696957111171649],[-79.02295006325997,42.697328288666604],[-79.0225327229181,42.69761692834502],[-79.02247618693427,42.697665319333161],[-79.022251173984372,42.697857909999527],[-79.021767421442149,42.698296844325526],[-79.021350321956007,42.698721816297763],[-79.02130131874668,42.698795286783266],[-79.021212580546404,42.698928333799792],[-79.021013270003749,42.699192625926194],[-79.020933330768088,42.699305019756373],[-79.020799684488139,42.699435978372236],[-79.020613412422477,42.699652166410942],[-79.020381411931695,42.699910458697495],[-79.020156312048883,42.70012562829772],[-79.019903434659994,42.700310804351091],[-79.019733866958404,42.700387515382161]]},"properties":{"OBJECTID":325,"shoreType":"Bluff","landcover":"vegetation","slope":8,"Shape_Length":1725.6644103207052,"CalShoreType":2,"CalLandcover":2,"CalSlope":2}},{"type":"Feature","id":326,"geometry":{"type":"LineString","coordinates":[[-79.02592653246532,42.69620567266432],[-79.025261423347544,42.696463193588194],[-79.024621293353164,42.696702508563277],[-79.024425132810592,42.696758035389607]]},"properties":{"OBJECTID":326,"shoreType":"Bluff","landcover":"sand","slope":0,"Shape_Length":451.33456983734004,"CalShoreType":2,"CalLandcover":1,"CalSlope":1}},{"type":"Feature","id":327,"geometry":{"type":"LineString","coordinates":[[-79.030308429758747,42.69633734633009],[-79.030241553027992,42.69636655124804],[-79.030240604170515,42.696366473027304]]},"properties":{"OBJECTID":327,"shoreType":"Beach","landcover":"sand","slope":0,"Shape_Length":21.149075260472539,"CalShoreType":1,"CalLandcover":1,"CalSlope":1}},{"type":"Feature","id":328,"geometry":{"type":"LineString","coordinates":[[-79.030515575209137,42.696246956539191],[-79.030514894614299,42.696247185159272],[-79.030308429758747,42.69633734633009]]},"properties":{"OBJECTID":328,"shoreType":"Beach","landcover":"sand","slope":0,"Shape_Length":64.700789375566899,"CalShoreType":1,"CalLandcover":1,"CalSlope":1}},{"type":"Feature","id":329,"geometry":{"type":"LineString","coordinates":[[-79.031341209520136,42.695988935814391],[-79.030925776964324,42.696108824995612],[-79.030515575209137,42.696246956539191]]},"properties":{"OBJECTID":329,"shoreType":"Beach","landcover":"sand","slope":8,"Shape_Length":241.140766896515,"CalShoreType":1,"CalLandcover":1,"CalSlope":2}},{"type":"Feature","id":330,"geometry":{"type":"LineString","coordinates":[[-79.03151537206449,42.695942327283163],[-79.031480579018449,42.695948715658375],[-79.031341209520136,42.695988935814391]]},"properties":{"OBJECTID":330,"shoreType":"Beach","landcover":"sand","slope":8,"Shape_Length":49.86993595584687,"CalShoreType":1,"CalLandcover":1,"CalSlope":2}},{"type":"Feature","id":331,"geometry":{"type":"LineString","coordinates":[[-79.019733866958404,42.700387515382161],[-79.019492346417991,42.700496776847828],[-79.019338696064352,42.70058186922833],[-79.019152459736233,42.700685009377509],[-79.019128678734177,42.70070474062166],[-79.019101745039691,42.70072708827945]]},"properties":{"OBJECTID":331,"shoreType":"Armored","landcover":"vegetation","slope":8,"Shape_Length":210.92958618577245,"CalShoreType":3,"CalLandcover":2,"CalSlope":2}},{"type":"Feature","id":332,"geometry":{"type":"LineString","coordinates":[[-79.027888140966624,42.695659234586905],[-79.027862235735938,42.695667781280484],[-79.027853497758215,42.695655860756951],[-79.027831593680659,42.69562598000234],[-79.027506152327703,42.695637442294988],[-79.027306664464334,42.695678891733664],[-79.027243114308448,42.695715341635555],[-79.027171961242431,42.695756152970596],[-79.027054433706738,42.695823562685064],[-79.026985613758754,42.695808119879544],[-79.02692584888139,42.695807841804566],[-79.026756690348691,42.695863825310767],[-79.026664057562371,42.695886203116473],[-79.026663882264316,42.695886265912286],[-79.026572954511749,42.695919130371479],[-79.026295705638873,42.696026564845504],[-79.025992375611324,42.69618017879106],[-79.02592653246532,42.69620567266432]]},"properties":{"OBJECTID":332,"shoreType":"Armored","landcover":"sand","slope":0,"Shape_Length":595.95396469986906,"CalShoreType":3,"CalLandcover":1,"CalSlope":1}},{"type":"Feature","id":333,"geometry":{"type":"LineString","coordinates":[[-79.030240604170515,42.696366473027304],[-79.030167731427738,42.696360464573686],[-79.030132611485925,42.696357567725862],[-79.030081512405985,42.696353354006646],[-79.030075606905555,42.696296017549457],[-79.029916627992819,42.696234917183169],[-79.029574724168157,42.696042091660836],[-79.029221462197839,42.695823461316806],[-79.028769245544822,42.695672637234559],[-79.028278155557089,42.695619660321555],[-79.027987925199454,42.695626309495609],[-79.027904273895885,42.695653911805103],[-79.027888140966624,42.695659234586905]]},"properties":{"OBJECTID":333,"shoreType":"Beach","landcover":"sand","slope":0,"Shape_Length":726.12718147780481,"CalShoreType":1,"CalLandcover":1,"CalSlope":1}},{"type":"Feature","id":334,"geometry":{"type":"LineString","coordinates":[[-78.997987571393864,42.703746383339713],[-78.997684119603193,42.703796139090862],[-78.996926523696331,42.703903428620492],[-78.99611788538293,42.704036508311788],[-78.995666514595726,42.704042173498884],[-78.995072695457594,42.704107584607932]]},"properties":{"OBJECTID":334,"shoreType":"Bluff","landcover":"vegetation","slope":8,"Shape_Length":796.3340912500737,"CalShoreType":2,"CalLandcover":2,"CalSlope":2}},{"type":"Feature","id":335,"geometry":{"type":"LineString","coordinates":[[-78.999593091893885,42.703719954969309],[-78.99934299705744,42.703733951413753],[-78.999268395998229,42.703738125822269],[-78.999036367500622,42.703733144437429],[-78.998762755656031,42.703727268218266],[-78.99853007401633,42.703712732021707],[-78.99844494056552,42.703707413124022],[-78.998357702411298,42.703684076081124],[-78.998193565829183,42.703716201949931],[-78.998020249139699,42.703741025581714],[-78.997987571393864,42.703746383339713]]},"properties":{"OBJECTID":335,"shoreType":"Bluff","landcover":"development","slope":8,"Shape_Length":436.2704693067713,"CalShoreType":2,"CalLandcover":3,"CalSlope":2}},{"type":"Feature","id":336,"geometry":{"type":"LineString","coordinates":[[-79.000437144402042,42.703647266307549],[-79.000436484211122,42.703647289417383],[-79.000330849988543,42.703650986056907],[-79.000085511426676,42.703669964095113],[-78.999966506051152,42.70369492614244],[-78.999857933944241,42.703703219806357],[-78.999723523848715,42.703713487921192],[-78.999709298688856,42.703713450508083],[-78.999593091893885,42.703719954969309]]},"properties":{"OBJECTID":336,"shoreType":"Bluff","landcover":"vegetation","slope":8,"Shape_Length":228.97548077482526,"CalShoreType":2,"CalLandcover":2,"CalSlope":2}},{"type":"Feature","id":337,"geometry":{"type":"LineString","coordinates":[[-79.0018534573381,42.703697562631781],[-79.001720605243975,42.703737303385275],[-79.001690345012364,42.703746356097525],[-79.001406146053853,42.703696743899769],[-79.001030791794278,42.703636027571363],[-79.000790808174543,42.703631487463639],[-79.000765610552676,42.703631012138629],[-79.000610871638713,42.703640004103505],[-79.000582737956449,42.703641639717887]]},"properties":{"OBJECTID":337,"shoreType":"Beach","landcover":"sand","slope":8,"Shape_Length":349.71162984080155,"CalShoreType":1,"CalLandcover":1,"CalSlope":2}},{"type":"Feature","id":338,"geometry":{"type":"LineString","coordinates":[[-78.972512202536393,42.714609067132471],[-78.972334517744912,42.714770562267525],[-78.972132483435587,42.715046775633198],[-78.971955170850634,42.715305453435548],[-78.971821441335265,42.715506896578844],[-78.971725301524245,42.715651717908145],[-78.971626382948926,42.715745284825466],[-78.971541678759252,42.715825405981917]]},"properties":{"OBJECTID":338,"shoreType":"Bluff","landcover":"sand","slope":0,"Shape_Length":516.5568303171691,"CalShoreType":2,"CalLandcover":1,"CalSlope":1}},{"type":"Feature","id":339,"geometry":{"type":"LineString","coordinates":[[-78.97313036745274,42.714120115979334],[-78.973108647886932,42.714136083784254],[-78.973071079435087,42.714163702518654],[-78.972664271541461,42.714470852798591],[-78.972512202536393,42.714609067132471]]},"properties":{"OBJECTID":339,"shoreType":"Bluff","landcover":"development","slope":0,"Shape_Length":243.8323762523836,"CalShoreType":2,"CalLandcover":3,"CalSlope":1}},{"type":"Feature","id":340,"geometry":{"type":"LineString","coordinates":[[-78.97342919573552,42.713916464332712],[-78.973370381722745,42.713943663986761],[-78.973208387915591,42.714062757560349],[-78.97313036745274,42.714120115979334]]},"properties":{"OBJECTID":340,"shoreType":"Bluff","landcover":"development","slope":8,"Shape_Length":109.73913210437735,"CalShoreType":2,"CalLandcover":3,"CalSlope":2}},{"type":"Feature","id":341,"geometry":{"type":"LineString","coordinates":[[-78.97794063199963,42.711372457003741],[-78.977748093775062,42.711499741104248],[-78.97713418348448,42.712078542186227],[-78.97650825287073,42.712595818567301],[-78.976299439849512,42.71271497731334],[-78.975934773869639,42.712923070834869],[-78.975151281849577,42.713300501200479],[-78.974341638320112,42.713521605343203],[-78.973815948072044,42.713737601217396],[-78.973527947314608,42.713870795035554],[-78.97342919573552,42.713916464332712]]},"properties":{"OBJECTID":341,"shoreType":"Bluff","landcover":"vegetation","slope":8,"Shape_Length":1552.7913260680627,"CalShoreType":2,"CalLandcover":2,"CalSlope":2}},{"type":"Feature","id":342,"geometry":{"type":"LineString","coordinates":[[-78.981363315048952,42.709345658299],[-78.981219664297726,42.709413569875046],[-78.981122586822181,42.709471477107293],[-78.980863398504724,42.709626081933294],[-78.980494480316466,42.709817593421697],[-78.979865920971505,42.710192044088537],[-78.979422500870001,42.710481435735858],[-78.979031862252512,42.710661786991274],[-78.978879148632601,42.710750747747262],[-78.978401217936494,42.711029156318951],[-78.978082820527575,42.711278458176849],[-78.97794063199963,42.711372457003741]]},"properties":{"OBJECTID":342,"shoreType":"Bluff","landcover":"development","slope":8,"Shape_Length":1182.561306038592,"CalShoreType":2,"CalLandcover":3,"CalSlope":2}},{"type":"Feature","id":343,"geometry":{"type":"LineString","coordinates":[[-78.982412406353021,42.708866059499904],[-78.982217213840173,42.708950030500958],[-78.981861706765898,42.709112851968975],[-78.981671159109993,42.709200122394208],[-78.981493546463355,42.709284091335711],[-78.981363315048952,42.709345658299]]},"properties":{"OBJECTID":343,"shoreType":"Bluff","landcover":"vegetation","slope":8,"Shape_Length":331.77439046902981,"CalShoreType":2,"CalLandcover":2,"CalSlope":2}},{"type":"Feature","id":344,"geometry":{"type":"LineString","coordinates":[[-78.982804375194675,42.708685316627935],[-78.982651039322391,42.708763399691385],[-78.982412406353021,42.708866059499904]]},"properties":{"OBJECTID":344,"shoreType":"Bluff","landcover":"development","slope":8,"Shape_Length":124.33374715376435,"CalShoreType":2,"CalLandcover":3,"CalSlope":2}},{"type":"Feature","id":345,"geometry":{"type":"LineString","coordinates":[[-78.983501009465186,42.708327646465804],[-78.983223506062501,42.708471884050276],[-78.982904634699722,42.708634262166136],[-78.982804375194675,42.708685316627935]]},"properties":{"OBJECTID":345,"shoreType":"Bluff","landcover":"vegetation","slope":8,"Shape_Length":228.14220058399366,"CalShoreType":2,"CalLandcover":2,"CalSlope":2}},{"type":"Feature","id":346,"geometry":{"type":"LineString","coordinates":[[-78.985029153112606,42.707664638991957],[-78.985023916789999,42.707667161850203],[-78.984888161626799,42.70773256296259],[-78.984593600689564,42.707823822771772],[-78.984452568462629,42.707889150928025],[-78.984226557249343,42.707993841800203],[-78.98368402044261,42.70823357183702],[-78.983670546862498,42.708239525467519],[-78.983501009465186,42.708327646465804]]},"properties":{"OBJECTID":346,"shoreType":"Bluff","landcover":"development","slope":8,"Shape_Length":477.58868095408786,"CalShoreType":2,"CalLandcover":3,"CalSlope":2}},{"type":"Feature","id":347,"geometry":{"type":"LineString","coordinates":[[-78.985741417088164,42.707304881079743],[-78.985351914539038,42.707509146201694],[-78.985029153112606,42.707664638991957]]},"properties":{"OBJECTID":347,"shoreType":"Bluff","landcover":"vegetation","slope":8,"Shape_Length":232.0760959517898,"CalShoreType":2,"CalLandcover":2,"CalSlope":2}},{"type":"Feature","id":348,"geometry":{"type":"LineString","coordinates":[[-78.988596985208886,42.705837018939263],[-78.988494373141648,42.705889235443507],[-78.988468540305121,42.705899700397374],[-78.988050459794025,42.706069093004835],[-78.98803745019417,42.706069857371503],[-78.98795070365783,42.706074954067908],[-78.987634790324151,42.706236053000019],[-78.986906223785766,42.706661674934359],[-78.986309510580028,42.706983384305893],[-78.985856482186307,42.707244537246908],[-78.985741417088164,42.707304881079743]]},"properties":{"OBJECTID":348,"shoreType":"Bluff","landcover":"development","slope":8,"Shape_Length":940.7490668331759,"CalShoreType":2,"CalLandcover":3,"CalSlope":2}},{"type":"Feature","id":349,"geometry":{"type":"LineString","coordinates":[[-78.989795938728633,42.705207895407348],[-78.989592065549786,42.705326848521075],[-78.989189755379513,42.705533924238971],[-78.98894168005863,42.705661613085923],[-78.988596985208886,42.705837018939263]]},"properties":{"OBJECTID":349,"shoreType":"Bluff","landcover":"vegetation","slope":8,"Shape_Length":395.60920501609604,"CalShoreType":2,"CalLandcover":2,"CalSlope":2}},{"type":"Feature","id":350,"geometry":{"type":"LineString","coordinates":[[-78.991053718441151,42.704707941925498],[-78.990749426885543,42.704788573470509],[-78.990360034553575,42.704911746377682],[-78.989922101415175,42.705134282519005],[-78.989795938728633,42.705207895407348]]},"properties":{"OBJECTID":350,"shoreType":"Bluff","landcover":"development","slope":8,"Shape_Length":386.9749838769888,"CalShoreType":2,"CalLandcover":3,"CalSlope":2}},{"type":"Feature","id":351,"geometry":{"type":"LineString","coordinates":[[-78.993662360614138,42.704308774116001],[-78.9928514083241,42.704474593731405],[-78.992360149765346,42.704520331688208],[-78.991712498820633,42.704595349516701],[-78.991267120759147,42.704651394505618],[-78.991214394702212,42.704665366003674],[-78.991053718441151,42.704707941925498]]},"properties":{"OBJECTID":351,"shoreType":"Bluff","landcover":"vegetation","slope":8,"Shape_Length":717.89380447082522,"CalShoreType":2,"CalLandcover":2,"CalSlope":2}},{"type":"Feature","id":352,"geometry":{"type":"LineString","coordinates":[[-78.993835891143107,42.704273291950201],[-78.993662360614138,42.704308774116001]]},"properties":{"OBJECTID":352,"shoreType":"Bluff","landcover":"development","slope":8,"Shape_Length":48.402323186090115,"CalShoreType":2,"CalLandcover":3,"CalSlope":2}},{"type":"Feature","id":353,"geometry":{"type":"LineString","coordinates":[[-78.970089015913999,42.717194671039877],[-78.970030124904468,42.717209022683427],[-78.970021045517043,42.717211808996439],[-78.969372782518718,42.717410679286367]]},"properties":{"OBJECTID":353,"shoreType":"Beach","landcover":"sand","slope":0,"Shape_Length":207.99443507235947,"CalShoreType":1,"CalLandcover":1,"CalSlope":1}},{"type":"Feature","id":354,"geometry":{"type":"LineString","coordinates":[[-78.971541678759252,42.715825405981917],[-78.971467503100797,42.715895568858876],[-78.971068970989862,42.716382622492098],[-78.97102913246195,42.716431309542401],[-78.970731077055916,42.71677732020563],[-78.970335220824865,42.717079317939799],[-78.970166916326548,42.717175686406215],[-78.970089015913999,42.717194671039877]]},"properties":{"OBJECTID":354,"shoreType":"Beach","landcover":"sand","slope":0,"Shape_Length":642.22377434984173,"CalShoreType":1,"CalLandcover":1,"CalSlope":1}},{"type":"Feature","id":355,"geometry":{"type":"LineString","coordinates":[[-78.968257326204764,42.719319070275887],[-78.968196368200225,42.719377869558279],[-78.967996969874534,42.719521296210182],[-78.967695535946717,42.719860506979806],[-78.967464147882893,42.720132966331192],[-78.967015136991961,42.7205392335431],[-78.966910565272059,42.720616337119182],[-78.966761245234665,42.720726434147274],[-78.966740508964349,42.720741723151221],[-78.966708122432038,42.720757001634027],[-78.966179077602604,42.721006569807948],[-78.966100718065192,42.721095048774053],[-78.965874066943883,42.721188671941164],[-78.965758690376504,42.721304639126139],[-78.965547811178524,42.721442975596446],[-78.965378579506094,42.721525077435729],[-78.96514084165338,42.721615671683814],[-78.964959061925995,42.721684941189309],[-78.964412722167523,42.721859729319398],[-78.963969761737388,42.721973768317376],[-78.963802378831033,42.722039498778862],[-78.963791847823131,42.72204046461659],[-78.963635346999126,42.722054817568456],[-78.963370084830288,42.722049717686417],[-78.963083853701292,42.721969111833964],[-78.962885314660937,42.721844968608977],[-78.962673840184664,42.721771298849411],[-78.96246510042937,42.721710946011122],[-78.962237749241751,42.72169961793012],[-78.961970344151098,42.721716314187972],[-78.961943482314865,42.721717991022366],[-78.961744169462477,42.721784452395688],[-78.961592554173663,42.721836241216721],[-78.961485187215004,42.721872914438158],[-78.961402661550551,42.721901102652467],[-78.960747053419468,42.722209683923019],[-78.960428901474856,42.722369173606701],[-78.959807760078249,42.722680548298683],[-78.959156829582739,42.723062808315269],[-78.958648393753123,42.723399633112031],[-78.957962649807612,42.723895057933397],[-78.957799417684214,42.72401761574568],[-78.957666619048965,42.724117324613665],[-78.957609168682737,42.724154138922955],[-78.956986748674382,42.72455298393821],[-78.956714631523326,42.724643396437934],[-78.95618231920912,42.724907394131755],[-78.955887200835008,42.72509606498955],[-78.954914222930412,42.725546616110826],[-78.954554938971057,42.725710810497709],[-78.95433335068077,42.725812076169582],[-78.954105755442058,42.725891413735219],[-78.953736152896326,42.726125743882761],[-78.953535152425616,42.726166045115846],[-78.953245188485297,42.726280889326219],[-78.95308479325962,42.726400781787966],[-78.952785004121736,42.726513581478692],[-78.952408189142048,42.726736246280566],[-78.952170813606088,42.726915971929621],[-78.952105626267382,42.727008751519442],[-78.952051119652154,42.727015399779042],[-78.951934495876159,42.726959874334554],[-78.951736818215693,42.727052466056691],[-78.951570639266549,42.727170990408325],[-78.951455304130178,42.727253251214691],[-78.951302311317093,42.72738432274307],[-78.951091428855065,42.727625070670769],[-78.950781157899186,42.727935790091195],[-78.950531117874604,42.728163761149354],[-78.950144169891587,42.72848577784832],[-78.949583735579083,42.728865901785511],[-78.949463328914973,42.728903412021054],[-78.94910490554723,42.72915829442551]]},"properties":{"OBJECTID":355,"shoreType":"Bluff","landcover":"sand","slope":8,"Shape_Length":6593.2144936191526,"CalShoreType":2,"CalLandcover":1,"CalSlope":2}},{"type":"Feature","id":356,"geometry":{"type":"LineString","coordinates":[[-78.968391569105393,42.71918958200812],[-78.968257326204764,42.719319070275887]]},"properties":{"OBJECTID":356,"shoreType":"Bluff","landcover":"vegetation","slope":8,"Shape_Length":59.39964207888162,"CalShoreType":2,"CalLandcover":2,"CalSlope":2}},{"type":"Feature","id":357,"geometry":{"type":"LineString","coordinates":[[-78.969069070516909,42.717917557378314],[-78.96893928742314,42.718137853883476],[-78.968901157633084,42.718329282266225]]},"properties":{"OBJECTID":357,"shoreType":"Bluff","landcover":"sand","slope":0,"Shape_Length":158.04576266075946,"CalShoreType":2,"CalLandcover":1,"CalSlope":1}},{"type":"Feature","id":358,"geometry":{"type":"LineString","coordinates":[[-78.968901157633084,42.718329282266225],[-78.968901116190324,42.718329490363061],[-78.968625921656411,42.71884673118263],[-78.968459470127399,42.719124085736546],[-78.968391569105393,42.71918958200812]]},"properties":{"OBJECTID":358,"shoreType":"Bluff","landcover":"sand","slope":8,"Shape_Length":343.14602753731299,"CalShoreType":2,"CalLandcover":1,"CalSlope":2}},{"type":"Feature","id":359,"geometry":{"type":"LineString","coordinates":[[-78.969372782518718,42.717410679286367],[-78.9693023999845,42.71743227037166],[-78.969215783789735,42.717458841364888],[-78.969146231936193,42.717482696380458],[-78.969141374587565,42.717559242842022],[-78.969178889059904,42.717741228577374],[-78.969108352012569,42.717850879637268],[-78.969069070516909,42.717917557378314]]},"properties":{"OBJECTID":359,"shoreType":"Bluff","landcover":"sand","slope":0,"Shape_Length":232.04445489024329,"CalShoreType":2,"CalLandcover":1,"CalSlope":1}},{"type":"Feature","id":360,"geometry":{"type":"LineString","coordinates":[[-78.99397518910942,42.704244808363867],[-78.993835891143107,42.704273291950201]]},"properties":{"OBJECTID":360,"shoreType":"Armored","landcover":"development","slope":8,"Shape_Length":38.854061382795685,"CalShoreType":3,"CalLandcover":3,"CalSlope":2}},{"type":"Feature","id":361,"geometry":{"type":"LineString","coordinates":[[-78.993987937105445,42.704242201448821],[-78.99397518910942,42.704244808363867]]},"properties":{"OBJECTID":361,"shoreType":"Armored","landcover":"vegetation","slope":8,"Shape_Length":3.5557905512425605,"CalShoreType":3,"CalLandcover":2,"CalSlope":2}},{"type":"Feature","id":362,"geometry":{"type":"LineString","coordinates":[[-78.994954410343894,42.704120614145936],[-78.994866110872636,42.704130339943077],[-78.994835361630223,42.704133727327608],[-78.99405972228115,42.704227522955151],[-78.993987937105445,42.704242201448821]]},"properties":{"OBJECTID":362,"shoreType":"Armored","landcover":"vegetation","slope":8,"Shape_Length":263.6438473498543,"CalShoreType":3,"CalLandcover":2,"CalSlope":2}},{"type":"Feature","id":363,"geometry":{"type":"LineString","coordinates":[[-78.995072695457594,42.704107584607932],[-78.994954410343894,42.704120614145936]]},"properties":{"OBJECTID":363,"shoreType":"Bluff","landcover":"vegetation","slope":8,"Shape_Length":32.146418887035836,"CalShoreType":2,"CalLandcover":2,"CalSlope":2}},{"type":"Feature","id":364,"geometry":{"type":"LineString","coordinates":[[-78.923273249617466,42.735404835207618],[-78.923235064522473,42.735409340836583],[-78.922702472714079,42.735572931120338],[-78.922343260477703,42.735718659924615],[-78.922156633168342,42.735805489030369]]},"properties":{"OBJECTID":364,"shoreType":"Bluff","landcover":"sand","slope":8,"Shape_Length":334.83597932263757,"CalShoreType":2,"CalLandcover":1,"CalSlope":2}},{"type":"Feature","id":365,"geometry":{"type":"LineString","coordinates":[[-78.924731951566926,42.735164291695469],[-78.924432081961768,42.735225332378853],[-78.924036727451551,42.735310367032668],[-78.923837699306191,42.735331489922025],[-78.92369056617639,42.735355596516591],[-78.923273249617466,42.735404835207618]]},"properties":{"OBJECTID":365,"shoreType":"Bluff","landcover":"development","slope":8,"Shape_Length":402.27198441149778,"CalShoreType":2,"CalLandcover":3,"CalSlope":2}},{"type":"Feature","id":366,"geometry":{"type":"LineString","coordinates":[[-78.929635963028943,42.733907658016136],[-78.929454554142197,42.733985577121423],[-78.929170471751263,42.734074572053984],[-78.928922990338492,42.734174115659094],[-78.928542280351806,42.73424690534862],[-78.928525900632877,42.734250037159079],[-78.928519931618666,42.734251178655995],[-78.928307469106215,42.734305582380408],[-78.928165347966569,42.734341973387373],[-78.927873770064963,42.734420610532666],[-78.927102492652281,42.734628616297726],[-78.926713594862136,42.734713440062116],[-78.926407034746134,42.734771611687421],[-78.925806211832352,42.734878000397288],[-78.925328822905144,42.734994444091569],[-78.925000727900837,42.735099167646858],[-78.924910677828876,42.735127910119253],[-78.924731951566926,42.735164291695469]]},"properties":{"OBJECTID":366,"shoreType":"Bluff","landcover":"sand","slope":8,"Shape_Length":1399.1659396031787,"CalShoreType":2,"CalLandcover":1,"CalSlope":2}},{"type":"Feature","id":367,"geometry":{"type":"LineString","coordinates":[[-78.930289153290772,42.73366437562553],[-78.930105533438081,42.733722623085093],[-78.929745525712676,42.733860598521417],[-78.929635963028943,42.733907658016136]]},"properties":{"OBJECTID":367,"shoreType":"Bluff","landcover":"development","slope":8,"Shape_Length":196.78174854760744,"CalShoreType":2,"CalLandcover":3,"CalSlope":2}},{"type":"Feature","id":368,"geometry":{"type":"LineString","coordinates":[[-78.930763298744679,42.733566956779256],[-78.930450846040387,42.733613083010759],[-78.930289153290772,42.73366437562553]]},"properties":{"OBJECTID":368,"shoreType":"Bluff","landcover":"vegetation","slope":8,"Shape_Length":132.90225550172792,"CalShoreType":2,"CalLandcover":2,"CalSlope":2}},{"type":"Feature","id":369,"geometry":{"type":"LineString","coordinates":[[-78.94228397858987,42.731474369359312],[-78.942270170505765,42.731471942357793],[-78.941522830095678,42.73140717766281],[-78.94112351623717,42.73137805956857],[-78.94103903581582,42.731385444393617],[-78.940878232959278,42.731399500601697],[-78.940763589416022,42.731409521676987],[-78.940522060608998,42.731422609448877],[-78.940233675578199,42.7314611333492],[-78.939675942882005,42.731532760576684],[-78.939016340616931,42.731667237094285],[-78.93891666904392,42.731687557254489],[-78.938488664202637,42.731766621514268],[-78.938167289105024,42.731867883436649],[-78.938038779483847,42.731908374864062],[-78.93776889431706,42.731965461355706],[-78.937608301467932,42.731999430269632],[-78.937231731297288,42.732074335427512],[-78.936858148010444,42.732094343918348],[-78.936426674526075,42.732118726622446],[-78.936171490500953,42.732120363776467],[-78.936162703076477,42.732122095913546],[-78.935784543369437,42.73219665101383],[-78.935604568855169,42.732245701867598],[-78.935426499354122,42.732319197267671],[-78.935420004485138,42.732321877461182],[-78.934876769228111,42.732546084282454],[-78.934438026011506,42.732707530775386],[-78.934412552717674,42.732716904803148],[-78.934362627772657,42.732716949798395],[-78.934199285765487,42.732717094708136],[-78.933866646315266,42.73277141862242],[-78.933697770129683,42.732758170588774],[-78.933323973626059,42.732894956229636],[-78.933178333752323,42.732951451406187],[-78.932771536972751,42.733109252353465],[-78.932521669876806,42.73322197802365],[-78.932513137087966,42.73322582738308],[-78.932153243001267,42.7333577738993],[-78.932047118235445,42.733379987445161],[-78.931890224698563,42.733412827970213],[-78.931852507905916,42.733417544805],[-78.931493675164617,42.733462417823624],[-78.930931848767699,42.733542073906065],[-78.930763298744679,42.733566956779256]]},"properties":{"OBJECTID":369,"shoreType":"Bluff","landcover":"sand","slope":8,"Shape_Length":3247.0260001991528,"CalShoreType":2,"CalLandcover":1,"CalSlope":2}},{"type":"Feature","id":370,"geometry":{"type":"LineString","coordinates":[[-78.944271661833085,42.731331532788985],[-78.944181280541358,42.731365543504559],[-78.943775799680523,42.731493876545322],[-78.943589991798319,42.731519343048006],[-78.943385288833596,42.731552606266483],[-78.94313056260701,42.731561390136356],[-78.94289105294088,42.731555355331203],[-78.942689304742601,42.731539134998805],[-78.942621466498636,42.73153368077606],[-78.94228397858987,42.731474369359312]]},"properties":{"OBJECTID":370,"shoreType":"Beach","landcover":"sand","slope":8,"Shape_Length":551.88525725840395,"CalShoreType":1,"CalLandcover":1,"CalSlope":2}},{"type":"Feature","id":371,"geometry":{"type":"LineString","coordinates":[[-78.945680997358394,42.730814345693119],[-78.945638058010928,42.730830612145148],[-78.945544125050489,42.730894485540247],[-78.945276996120214,42.731013286593047],[-78.944942456388702,42.7311391768541],[-78.944515821819806,42.731239655465401],[-78.944271661833085,42.731331532788985]]},"properties":{"OBJECTID":371,"shoreType":"Beach","landcover":"sand","slope":8,"Shape_Length":426.01825111410494,"CalShoreType":1,"CalLandcover":1,"CalSlope":2}},{"type":"Feature","id":372,"geometry":{"type":"LineString","coordinates":[[-78.94910490554723,42.72915829442551],[-78.949083059712464,42.72917382952496],[-78.949069025579533,42.729178402580487],[-78.948996245483798,42.729202116093262],[-78.948984920660692,42.729205805448998],[-78.948585582137554,42.729441636180134],[-78.948265397821118,42.729658896018769],[-78.948214699144827,42.729735470465961],[-78.948101988994168,42.729905707787943],[-78.94796530713127,42.729941396663506],[-78.947783831285946,42.730085832748522],[-78.947670216336917,42.730230308363971],[-78.94750738334092,42.730312161688367],[-78.947452294613868,42.730315901812496],[-78.947393482932995,42.73031989591037],[-78.947259860008572,42.73040677753157],[-78.947202324254008,42.730444187322739],[-78.946964727357937,42.730519091604926],[-78.94688271125554,42.730539343738528],[-78.946516134823597,42.730629865182223],[-78.946261508368224,42.730691061737993],[-78.946150247716048,42.73069197059386],[-78.946080644023041,42.730692539457408],[-78.945946276274199,42.730713851559798],[-78.945680997358394,42.730814345693119]]},"properties":{"OBJECTID":372,"shoreType":"Armored","landcover":"sand","slope":8,"Shape_Length":1149.3466716274004,"CalShoreType":3,"CalLandcover":1,"CalSlope":2}},{"type":"Feature","id":373,"geometry":{"type":"LineString","coordinates":[[-78.890741644774323,42.755629540883561],[-78.89055274261456,42.755823888054714]]},"properties":{"OBJECTID":373,"shoreType":"Armored","landcover":"sand","slope":8,"Shape_Length":87.122933557678607,"CalShoreType":3,"CalLandcover":1,"CalSlope":2}},{"type":"Feature","id":374,"geometry":{"type":"LineString","coordinates":[[-78.890851434803992,42.755559937340614],[-78.890752350389548,42.755618527384449],[-78.890741644774323,42.755629540883561]]},"properties":{"OBJECTID":374,"shoreType":"Armored","landcover":"development","slope":8,"Shape_Length":39.05563961296955,"CalShoreType":3,"CalLandcover":3,"CalSlope":2}},{"type":"Feature","id":375,"geometry":{"type":"LineString","coordinates":[[-78.89314519625151,42.753883916283243],[-78.893121119904748,42.753914562668037],[-78.893016415749685,42.754049152200693],[-78.892890454087677,42.754135861152577],[-78.892630813976751,42.754341187885878],[-78.892258138872876,42.754587153467597],[-78.892054193950472,42.754799127267646],[-78.892011506439218,42.754843494671192],[-78.891831500354257,42.755004853102491],[-78.891791178710349,42.75507334055925],[-78.891767441173158,42.755113659751231],[-78.89166804319197,42.755281419387799],[-78.891604043196693,42.755240353349272],[-78.891581442298275,42.755225851853211],[-78.891528516493523,42.755250884206021],[-78.891519898031888,42.755252616959574],[-78.891409425022033,42.755274835999764],[-78.891261431098158,42.755330835708385],[-78.891071414783369,42.755429858224922],[-78.890851434803992,42.755559937340614]]},"properties":{"OBJECTID":375,"shoreType":"Armored","landcover":"sand","slope":8,"Shape_Length":916.78099770655137,"CalShoreType":3,"CalLandcover":1,"CalSlope":2}},{"type":"Feature","id":376,"geometry":{"type":"LineString","coordinates":[[-78.893295950861159,42.753766908885957],[-78.893174730224487,42.753846322356267],[-78.89314519625151,42.753883916283243]]},"properties":{"OBJECTID":376,"shoreType":"Armored","landcover":"development","slope":8,"Shape_Length":59.392064000737605,"CalShoreType":3,"CalLandcover":3,"CalSlope":2}},{"type":"Feature","id":377,"geometry":{"type":"LineString","coordinates":[[-78.894308509528045,42.753065049534776],[-78.894099821163621,42.753231832396963],[-78.894052027618613,42.753253961316233],[-78.893975422600803,42.753289431649733],[-78.893778459336431,42.753420885383768],[-78.893646991695221,42.75353693642117],[-78.893295950861159,42.753766908885957]]},"properties":{"OBJECTID":377,"shoreType":"Armored","landcover":"sand","slope":8,"Shape_Length":374.74838345580213,"CalShoreType":3,"CalLandcover":1,"CalSlope":2}},{"type":"Feature","id":378,"geometry":{"type":"LineString","coordinates":[[-78.894640730745039,42.752819500477244],[-78.894622456575419,42.752832777422448],[-78.89453768738106,42.752894361173645],[-78.894440708713503,42.752964795010683],[-78.894366656093339,42.753018578623113],[-78.894308509528045,42.753065049534776]]},"properties":{"OBJECTID":378,"shoreType":"Armored","landcover":"development","slope":8,"Shape_Length":126.39227116643656,"CalShoreType":3,"CalLandcover":3,"CalSlope":2}},{"type":"Feature","id":379,"geometry":{"type":"LineString","coordinates":[[-78.896644613301945,42.751336495410513],[-78.896555763347934,42.751415309889353],[-78.896364500697814,42.751561188821228],[-78.896144559418147,42.751765220465927],[-78.895977048184974,42.751934027883529],[-78.895945947049626,42.751973796408684],[-78.895850500661112,42.751972966703867],[-78.895242836545833,42.75248917983658],[-78.895034065263403,42.752646088973158],[-78.894938416855666,42.752642200932229],[-78.894838775151072,42.752701484739802],[-78.89466656092894,42.752800735811675],[-78.894640730745039,42.752819500477244]]},"properties":{"OBJECTID":379,"shoreType":"Armored","landcover":"sand","slope":8,"Shape_Length":782.54280731743177,"CalShoreType":3,"CalLandcover":1,"CalSlope":2}},{"type":"Feature","id":380,"geometry":{"type":"LineString","coordinates":[[-78.897421192852221,42.750853606768977],[-78.897233285345308,42.750957026980387],[-78.897128632951009,42.751014624168199],[-78.896809916836077,42.75118986153889],[-78.896644613301945,42.751336495410513]]},"properties":{"OBJECTID":380,"shoreType":"Armored","landcover":"development","slope":8,"Shape_Length":274.34756629281424,"CalShoreType":3,"CalLandcover":3,"CalSlope":2}},{"type":"Feature","id":381,"geometry":{"type":"LineString","coordinates":[[-78.898170650016311,42.750320046059166],[-78.897719364121443,42.750636510547999],[-78.897525453681226,42.750796224644624],[-78.897421192852221,42.750853606768977]]},"properties":{"OBJECTID":381,"shoreType":"Armored","landcover":"sand","slope":8,"Shape_Length":280.36792671547505,"CalShoreType":3,"CalLandcover":1,"CalSlope":2}},{"type":"Feature","id":382,"geometry":{"type":"LineString","coordinates":[[-78.898624284425836,42.749984875250838],[-78.898353500833935,42.750191821193134],[-78.898170650016311,42.750320046059166]]},"properties":{"OBJECTID":382,"shoreType":"Armored","landcover":"development","slope":8,"Shape_Length":172.56600963951306,"CalShoreType":3,"CalLandcover":3,"CalSlope":2}},{"type":"Feature","id":383,"geometry":{"type":"LineString","coordinates":[[-78.899196123331876,42.749523051788657],[-78.898963120611356,42.749728198923883],[-78.898690010960863,42.749934643442742],[-78.898624284425836,42.749984875250838]]},"properties":{"OBJECTID":383,"shoreType":"Armored","landcover":"sand","slope":8,"Shape_Length":228.01011462421695,"CalShoreType":3,"CalLandcover":1,"CalSlope":2}},{"type":"Feature","id":384,"geometry":{"type":"LineString","coordinates":[[-78.899763680923954,42.749064819337022],[-78.899702609538124,42.749111584673528],[-78.899529473979939,42.749262807726744],[-78.899405738494693,42.749338495177469],[-78.899196123331876,42.749523051788657]]},"properties":{"OBJECTID":384,"shoreType":"Armored","landcover":"development","slope":8,"Shape_Length":226.66849453280582,"CalShoreType":3,"CalLandcover":3,"CalSlope":2}},{"type":"Feature","id":385,"geometry":{"type":"LineString","coordinates":[[-78.900789059013874,42.748068101699914],[-78.900498899596514,42.748267308569119],[-78.900372536804227,42.748416936881462],[-78.900197014145178,42.748658768110168],[-78.899936229729846,42.748932690818052],[-78.89984154583513,42.749005194388559],[-78.899763680923954,42.749064819337022]]},"properties":{"OBJECTID":385,"shoreType":"Armored","landcover":"sand","slope":8,"Shape_Length":459.4764017407681,"CalShoreType":3,"CalLandcover":1,"CalSlope":2}},{"type":"Feature","id":386,"geometry":{"type":"LineString","coordinates":[[-78.901220342885892,42.747830423049543],[-78.901182423949408,42.747879504264276],[-78.901144913884949,42.747899842242589],[-78.901109015013077,42.747886960336842],[-78.901072162887644,42.747873737171268],[-78.900789059013874,42.748068101699914]]},"properties":{"OBJECTID":386,"shoreType":"Armored","landcover":"development","slope":8,"Shape_Length":158.74724779715143,"CalShoreType":3,"CalLandcover":3,"CalSlope":2}},{"type":"Feature","id":387,"geometry":{"type":"LineString","coordinates":[[-78.901760207868861,42.74744213078452],[-78.901621557802315,42.747511945713001],[-78.90158548050978,42.747535315477691],[-78.901509488479803,42.747584536803558],[-78.901310963915179,42.747713125363127],[-78.901271403332984,42.747764331240703],[-78.901220342885892,42.747830423049543]]},"properties":{"OBJECTID":387,"shoreType":"Armored","landcover":"sand","slope":8,"Shape_Length":205.36001462044661,"CalShoreType":3,"CalLandcover":1,"CalSlope":2}},{"type":"Feature","id":388,"geometry":{"type":"LineString","coordinates":[[-78.902090430746654,42.747313762832142],[-78.902033485565624,42.747324824163961],[-78.901809944627232,42.747417087238162],[-78.901760207868861,42.74744213078452]]},"properties":{"OBJECTID":388,"shoreType":"Armored","landcover":"development","slope":8,"Shape_Length":100.81441514731198,"CalShoreType":3,"CalLandcover":3,"CalSlope":2}},{"type":"Feature","id":389,"geometry":{"type":"LineString","coordinates":[[-78.903370114157397,42.747203966159077],[-78.902922426442998,42.747226946385517],[-78.902534846538671,42.747283053778482],[-78.902484492979198,42.74728778805266],[-78.902301764093096,42.747304968727789],[-78.902135742094501,42.747304961060308],[-78.902132906245427,42.747305511801351],[-78.902090430746654,42.747313762832142]]},"properties":{"OBJECTID":389,"shoreType":"Armored","landcover":"sand","slope":8,"Shape_Length":346.92847227889712,"CalShoreType":3,"CalLandcover":1,"CalSlope":2}},{"type":"Feature","id":390,"geometry":{"type":"LineString","coordinates":[[-78.904928016421124,42.747022640314327],[-78.904773657042938,42.747058927669499],[-78.904659935478776,42.747100926287835],[-78.904473039412338,42.74712388188032],[-78.904230128515991,42.747153717151555],[-78.904130760023108,42.747155972464043],[-78.903813759565963,42.747163168861306],[-78.903476590993392,42.74719850027153],[-78.903370114157397,42.747203966159077]]},"properties":{"OBJECTID":390,"shoreType":"Armored","landcover":"development","slope":8,"Shape_Length":426.75936335872268,"CalShoreType":3,"CalLandcover":3,"CalSlope":2}},{"type":"Feature","id":391,"geometry":{"type":"LineString","coordinates":[[-78.906700485510186,42.746037640164744],[-78.906555355400357,42.746145221212998],[-78.906362204794135,42.74626661223661],[-78.906222657429026,42.746354315026174],[-78.906048784777127,42.746450745010996],[-78.905992803245255,42.746502719893229],[-78.90589473244853,42.746577894655971],[-78.905891535200794,42.746580346023073],[-78.90585949698594,42.746604904886354],[-78.905845096099554,42.746619269224347],[-78.90581948692018,42.746649835305973],[-78.905807097962438,42.746651046808765],[-78.905778448803773,42.746653848909354],[-78.905775999388595,42.74665306179012],[-78.905744066135497,42.746651694194831],[-78.90574121384239,42.746651416846909],[-78.905672041519736,42.746644701277802],[-78.905667497870709,42.746646376816628],[-78.905591171719905,42.74669510846293],[-78.905529157916874,42.746754128295663],[-78.905472955947246,42.746862506535066],[-78.905434550280773,42.746902690720027],[-78.905426270935607,42.746911352746856],[-78.905398222198372,42.746939324788563],[-78.905357195526236,42.746949367143351],[-78.905345314378465,42.746948879307993],[-78.905274256524976,42.746951736594639],[-78.905265451815822,42.746952587768433],[-78.905202254955526,42.746958698901636],[-78.90498706423169,42.747008759275367],[-78.904928016421124,42.747022640314327]]},"properties":{"OBJECTID":391,"shoreType":"Armored","landcover":"sand","slope":8,"Shape_Length":629.68692107097195,"CalShoreType":3,"CalLandcover":1,"CalSlope":2}},{"type":"Feature","id":392,"geometry":{"type":"LineString","coordinates":[[-78.907150460278601,42.74572309730754],[-78.906981606878844,42.74583049390499],[-78.906777709897099,42.74598039522899],[-78.906700485510186,42.746037640164744]]},"properties":{"OBJECTID":392,"shoreType":"Armored","landcover":"development","slope":8,"Shape_Length":166.68450915188063,"CalShoreType":3,"CalLandcover":3,"CalSlope":2}},{"type":"Feature","id":393,"geometry":{"type":"LineString","coordinates":[[-78.908191582966822,42.744721066768093],[-78.907999674572409,42.744924102020249],[-78.907826675951242,42.745152163276444],[-78.907771216329976,42.745331823714139],[-78.907550058358893,42.74541287242166],[-78.907366973049633,42.745533836050598],[-78.907191387963906,42.745697065350292],[-78.907150460278601,42.74572309730754]]},"properties":{"OBJECTID":393,"shoreType":"Armored","landcover":"sand","slope":8,"Shape_Length":475.37716777993967,"CalShoreType":3,"CalLandcover":1,"CalSlope":2}},{"type":"Feature","id":394,"geometry":{"type":"LineString","coordinates":[[-78.908403500172568,42.744476145440387],[-78.908324263966918,42.744575507928573],[-78.908297815441983,42.744608675061436],[-78.908191582966822,42.744721066768093]]},"properties":{"OBJECTID":394,"shoreType":"Armored","landcover":"development","slope":8,"Shape_Length":105.9441388860768,"CalShoreType":3,"CalLandcover":3,"CalSlope":2}},{"type":"Feature","id":395,"geometry":{"type":"LineString","coordinates":[[-78.908511060455695,42.744341265256942],[-78.908403500172568,42.744476145440387]]},"properties":{"OBJECTID":395,"shoreType":"Armored","landcover":"sand","slope":8,"Shape_Length":57.018026004557349,"CalShoreType":3,"CalLandcover":1,"CalSlope":2}},{"type":"Feature","id":396,"geometry":{"type":"LineString","coordinates":[[-78.908585913102669,42.744247398473846],[-78.908511060455695,42.744341265256942]]},"properties":{"OBJECTID":396,"shoreType":"Armored","landcover":"development","slope":8,"Shape_Length":39.680210454000793,"CalShoreType":3,"CalLandcover":3,"CalSlope":2}},{"type":"Feature","id":397,"geometry":{"type":"LineString","coordinates":[[-78.908738127358873,42.744097201425085],[-78.908606381477526,42.74422173108897],[-78.908585913102669,42.744247398473846]]},"properties":{"OBJECTID":397,"shoreType":"Armored","landcover":"sand","slope":8,"Shape_Length":68.400849209685802,"CalShoreType":3,"CalLandcover":1,"CalSlope":2}},{"type":"Feature","id":398,"geometry":{"type":"LineString","coordinates":[[-78.908794188295289,42.744044211280304],[-78.908738127358873,42.744097201425085]]},"properties":{"OBJECTID":398,"shoreType":"Armored","landcover":"development","slope":8,"Shape_Length":24.489035576914031,"CalShoreType":3,"CalLandcover":3,"CalSlope":2}},{"type":"Feature","id":399,"geometry":{"type":"LineString","coordinates":[[-78.909234568710929,42.743606347593769],[-78.909186191668681,42.743625402082678],[-78.909045462669027,42.743751708794534],[-78.908807726470471,42.744031413642318],[-78.908794188295289,42.744044211280304]]},"properties":{"OBJECTID":399,"shoreType":"Bluff","landcover":"development","slope":8,"Shape_Length":200.49941906051617,"CalShoreType":2,"CalLandcover":3,"CalSlope":2}},{"type":"Feature","id":400,"geometry":{"type":"LineString","coordinates":[[-78.909501263180289,42.74348189658209],[-78.909318656209123,42.743573228653965],[-78.909234568710929,42.743606347593769]]},"properties":{"OBJECTID":400,"shoreType":"Bluff","landcover":"sand","slope":8,"Shape_Length":84.888558646818225,"CalShoreType":2,"CalLandcover":1,"CalSlope":2}},{"type":"Feature","id":401,"geometry":{"type":"LineString","coordinates":[[-78.910216518104548,42.742887697164427],[-78.910140636028501,42.742973381145944],[-78.910004054729384,42.743064125651209],[-78.909994222259613,42.743131284939551],[-78.9098642730265,42.743232372175548],[-78.909688340684028,42.743364172511427],[-78.909512931002055,42.74347606037616],[-78.909501263180289,42.74348189658209]]},"properties":{"OBJECTID":401,"shoreType":"Armored","landcover":"sand","slope":8,"Shape_Length":295.5375848582338,"CalShoreType":3,"CalLandcover":1,"CalSlope":2}},{"type":"Feature","id":402,"geometry":{"type":"LineString","coordinates":[[-78.91166498027556,42.741464877951785],[-78.911604961033873,42.741498228522822],[-78.911504160417152,42.741498817178979],[-78.911365899307015,42.74164362514648],[-78.911287313266527,42.74171344813292],[-78.911190695312015,42.741821572287868],[-78.911084696396131,42.741920533506132],[-78.910842033756396,42.742197507408456],[-78.910793776465269,42.742289608999677],[-78.910740162383149,42.74226964450861],[-78.910585649264149,42.742433587664877],[-78.910536894639364,42.742486730673662],[-78.910500358059949,42.742526554748395],[-78.910451592901524,42.74270689242671],[-78.910389849516207,42.742711862563411],[-78.910319959276919,42.742741409200839],[-78.910220146309598,42.74281553309725],[-78.910224561982787,42.742878615043622],[-78.910216518104548,42.742887697164427]]},"properties":{"OBJECTID":402,"shoreType":"Armored","landcover":"development","slope":8,"Shape_Length":694.30222685158719,"CalShoreType":3,"CalLandcover":3,"CalSlope":2}},{"type":"Feature","id":403,"geometry":{"type":"LineString","coordinates":[[-78.9119044333613,42.741324469634847],[-78.91175297899099,42.741415980012761],[-78.91166498027556,42.741464877951785]]},"properties":{"OBJECTID":403,"shoreType":"Armored","landcover":"sand","slope":8,"Shape_Length":82.210214702554268,"CalShoreType":3,"CalLandcover":1,"CalSlope":2}},{"type":"Feature","id":404,"geometry":{"type":"LineString","coordinates":[[-78.912910299642448,42.740623416154392],[-78.912874206316175,42.74062606230401],[-78.912713816219366,42.74066728497894],[-78.912438456664148,42.740844640711806],[-78.91230167317768,42.741014140197429],[-78.912031327580308,42.741247798062858],[-78.9119044333613,42.741324469634847]]},"properties":{"OBJECTID":404,"shoreType":"Armored","landcover":"development","slope":8,"Shape_Length":381.47143827123512,"CalShoreType":3,"CalLandcover":3,"CalSlope":2}},{"type":"Feature","id":405,"geometry":{"type":"LineString","coordinates":[[-78.914092951417189,42.7396757532414],[-78.913554059721847,42.740123178074349],[-78.913320550624348,42.740313110525406],[-78.913207111713632,42.740446719491921],[-78.913155574727952,42.74055211196498],[-78.9130512747561,42.740666457117854],[-78.913013398782894,42.740633699106034],[-78.912994381061324,42.740617251456101],[-78.912910299642448,42.740623416154392]]},"properties":{"OBJECTID":405,"shoreType":"Armored","landcover":"sand","slope":8,"Shape_Length":506.20773895573308,"CalShoreType":3,"CalLandcover":1,"CalSlope":2}},{"type":"Feature","id":406,"geometry":{"type":"LineString","coordinates":[[-78.914341516288431,42.739413836190906],[-78.914130057127736,42.739644945915273],[-78.914092951417189,42.7396757532414]]},"properties":{"OBJECTID":406,"shoreType":"Armored","landcover":"development","slope":8,"Shape_Length":116.60526558504507,"CalShoreType":3,"CalLandcover":3,"CalSlope":2}},{"type":"Feature","id":407,"geometry":{"type":"LineString","coordinates":[[-78.914468383992016,42.739275178289532],[-78.914341516288431,42.739413836190906]]},"properties":{"OBJECTID":407,"shoreType":"Armored","landcover":"sand","slope":8,"Shape_Length":60.951372099516057,"CalShoreType":3,"CalLandcover":1,"CalSlope":2}},{"type":"Feature","id":408,"geometry":{"type":"LineString","coordinates":[[-78.914624401608677,42.739106564892062],[-78.914613844696134,42.739116198344412],[-78.914468383992016,42.739275178289532]]},"properties":{"OBJECTID":408,"shoreType":"Armored","landcover":"development","slope":8,"Shape_Length":74.397611712405933,"CalShoreType":3,"CalLandcover":3,"CalSlope":2}},{"type":"Feature","id":409,"geometry":{"type":"LineString","coordinates":[[-78.917452481381105,42.736955165897925],[-78.917111369372208,42.737105802921135],[-78.916835978882006,42.737248643196757],[-78.916599583360693,42.737394910911355],[-78.916313391644479,42.737571471240159],[-78.916086740629154,42.73776981486489],[-78.915890837641555,42.737943282300805],[-78.915625178559011,42.738240633815764],[-78.915264796267408,42.738522167378584],[-78.915262338786349,42.738524409809941],[-78.914624401608677,42.739106564892062]]},"properties":{"OBJECTID":409,"shoreType":"Armored","landcover":"sand","slope":8,"Shape_Length":1101.8283618516434,"CalShoreType":3,"CalLandcover":1,"CalSlope":2}},{"type":"Feature","id":410,"geometry":{"type":"LineString","coordinates":[[-78.9182597740879,42.73664128428382],[-78.918252057192731,42.736642679724717],[-78.918014415006056,42.736730262506406],[-78.917696189765039,42.736847542412967],[-78.917452481381105,42.736955165897925]]},"properties":{"OBJECTID":410,"shoreType":"Armored","landcover":"sand","slope":8,"Shape_Length":245.41151744621709,"CalShoreType":3,"CalLandcover":1,"CalSlope":2}},{"type":"Feature","id":411,"geometry":{"type":"LineString","coordinates":[[-78.922156633168342,42.735805489030369],[-78.921562361927826,42.736081971716253],[-78.92118792445396,42.736256175206762],[-78.920867845192859,42.736395742377546],[-78.920574327162342,42.736467794845737],[-78.91978366517823,42.73648537039616],[-78.919469139244626,42.736519973909559],[-78.919103968621272,42.736531640046053],[-78.919101698010891,42.736531808746939],[-78.918819965837187,42.736552628798833],[-78.918523058553347,42.736593687780228],[-78.9182597740879,42.73664128428382]]},"properties":{"OBJECTID":411,"shoreType":"Armored","landcover":"sand","slope":8,"Shape_Length":1117.5524189533739,"CalShoreType":3,"CalLandcover":1,"CalSlope":2}},{"type":"Feature","id":412,"geometry":{"type":"LineString","coordinates":[[-78.879326914523986,42.763912490967684],[-78.879282074137421,42.764054515532671],[-78.879150111585005,42.76427390054392],[-78.879148409645055,42.764276728997743],[-78.879076175915046,42.764433133566058],[-78.878939013074941,42.764566429052806],[-78.878757461614356,42.76476555201134],[-78.878340547715027,42.765182296096448],[-78.877889346750564,42.765548299202088],[-78.877818364907895,42.765628193615818]]},"properties":{"OBJECTID":412,"shoreType":"Beach","landcover":"sand","slope":0,"Shape_Length":753.99873692683229,"CalShoreType":1,"CalLandcover":1,"CalSlope":1}},{"type":"Feature","id":413,"geometry":{"type":"LineString","coordinates":[[-78.880796192275156,42.761684233538539],[-78.880754226708689,42.761729964091344],[-78.880714056243846,42.761773739142946],[-78.880500491201389,42.762081153552515],[-78.880220849047348,42.762469423035583],[-78.879949101316399,42.762828838421974],[-78.879444010807021,42.763541597501479],[-78.879326914523986,42.763912490967684]]},"properties":{"OBJECTID":413,"shoreType":"Beach","landcover":"sand","slope":8,"Shape_Length":907.18728579881486,"CalShoreType":1,"CalLandcover":1,"CalSlope":2}},{"type":"Feature","id":414,"geometry":{"type":"LineString","coordinates":[[-78.880796452372394,42.761683950186999],[-78.880796192275156,42.761684233538539]]},"properties":{"OBJECTID":414,"shoreType":"Beach","landcover":"development","slope":8,"Shape_Length":0.12466821221453299,"CalShoreType":1,"CalLandcover":3,"CalSlope":2}},{"type":"Feature","id":415,"geometry":{"type":"LineString","coordinates":[[-78.88442286090347,42.759602870773321],[-78.884338908375639,42.759622118075725],[-78.884335494729768,42.759729595263714],[-78.884260588678444,42.759863955208125]]},"properties":{"OBJECTID":415,"shoreType":"Beach","landcover":"sand","slope":8,"Shape_Length":115.72832821207425,"CalShoreType":1,"CalLandcover":1,"CalSlope":2}},{"type":"Feature","id":416,"geometry":{"type":"LineString","coordinates":[[-78.884543883802948,42.759575123056024],[-78.88442286090347,42.759602870773321]]},"properties":{"OBJECTID":416,"shoreType":"Beach","landcover":"sand","slope":8,"Shape_Length":34.037356721865606,"CalShoreType":1,"CalLandcover":1,"CalSlope":2}},{"type":"Feature","id":417,"geometry":{"type":"LineString","coordinates":[[-78.885083773317774,42.759226032767614],[-78.88500399400229,42.759288681946565],[-78.884810867113856,42.759457236923105],[-78.884674126297597,42.75954526239034],[-78.884543883802948,42.759575123056024]]},"properties":{"OBJECTID":417,"shoreType":"Beach","landcover":"sand","slope":8,"Shape_Length":197.09576131704389,"CalShoreType":1,"CalLandcover":1,"CalSlope":2}},{"type":"Feature","id":418,"geometry":{"type":"LineString","coordinates":[[-78.855407108872228,42.782245467835324],[-78.85535112002934,42.782281229593409],[-78.855261366328321,42.782346195131488],[-78.855032358615915,42.782668375112799],[-78.85484209680375,42.783041659340505],[-78.854820480965486,42.783145835798614]]},"properties":{"OBJECTID":418,"shoreType":"Armored","landcover":"sand","slope":8,"Shape_Length":369.93019702675883,"CalShoreType":3,"CalLandcover":1,"CalSlope":2}},{"type":"Feature","id":419,"geometry":{"type":"LineString","coordinates":[[-78.855842386695826,42.781897280954716],[-78.855778398631657,42.781955977539539],[-78.855775748688956,42.781958408187201],[-78.85558441782095,42.78213221410806],[-78.855407108872228,42.782245467835324]]},"properties":{"OBJECTID":419,"shoreType":"Armored","landcover":"development","slope":8,"Shape_Length":173.12247518904175,"CalShoreType":3,"CalLandcover":3,"CalSlope":2}},{"type":"Feature","id":420,"geometry":{"type":"LineString","coordinates":[[-78.856323885572621,42.781718222647733],[-78.856280241933888,42.78177582763854],[-78.856214401044724,42.781835222068011],[-78.856200501767276,42.781836079805977],[-78.856178840346431,42.781837416058281],[-78.856143482004683,42.781820842274819],[-78.856091522217881,42.781796484946426],[-78.855911904561623,42.781833511828957],[-78.855842386695826,42.781897280954716]]},"properties":{"OBJECTID":420,"shoreType":"Armored","landcover":"sand","slope":8,"Shape_Length":169.22862196590157,"CalShoreType":3,"CalLandcover":1,"CalSlope":2}},{"type":"Feature","id":421,"geometry":{"type":"LineString","coordinates":[[-78.859211823016068,42.779846605260744],[-78.859192731294669,42.7798639286423],[-78.859009220959933,42.780054033837374],[-78.858917401830467,42.780200068370199],[-78.858792836050696,42.780411208570918],[-78.858686804897559,42.780489337849701],[-78.858683057916494,42.780492098889951],[-78.858597743222802,42.780560728462795],[-78.858325920917864,42.780755717920371],[-78.85821588421787,42.780835067198787],[-78.858105917539561,42.780939988392788],[-78.858043941624814,42.78100584102517],[-78.857756276100289,42.781098537852856],[-78.857673443462815,42.781132690631026],[-78.857561326050273,42.781201984989814],[-78.857379512588267,42.781242660901867],[-78.857245432747476,42.781244801963233],[-78.857113883290225,42.781347488112168],[-78.856781167259797,42.781496881901987],[-78.856617361541197,42.781541119059149],[-78.856435397917323,42.78157941719806],[-78.85634599655576,42.781689039105594],[-78.856323885572621,42.781718222647733]]},"properties":{"OBJECTID":421,"shoreType":"Armored","landcover":"development","slope":8,"Shape_Length":1080.5633765886087,"CalShoreType":3,"CalLandcover":3,"CalSlope":2}},{"type":"Feature","id":422,"geometry":{"type":"LineString","coordinates":[[-78.85941238711645,42.779664624693339],[-78.859211823016068,42.779846605260744]]},"properties":{"OBJECTID":422,"shoreType":"Armored","landcover":"sand","slope":8,"Shape_Length":85.426324394292095,"CalShoreType":3,"CalLandcover":1,"CalSlope":2}},{"type":"Feature","id":423,"geometry":{"type":"LineString","coordinates":[[-78.85956006316286,42.77954733560987],[-78.859495247146597,42.779589441280002],[-78.85941238711645,42.779664624693339]]},"properties":{"OBJECTID":423,"shoreType":"Armored","landcover":"development","slope":8,"Shape_Length":58.49314681520255,"CalShoreType":3,"CalLandcover":3,"CalSlope":2}},{"type":"Feature","id":424,"geometry":{"type":"LineString","coordinates":[[-78.864247483947125,42.773494672282247],[-78.864228332957538,42.77364117842933]]},"properties":{"OBJECTID":424,"shoreType":"Armored","landcover":"sand","slope":0,"Shape_Length":53.63997403693849,"CalShoreType":3,"CalLandcover":1,"CalSlope":1}},{"type":"Feature","id":425,"geometry":{"type":"LineString","coordinates":[[-78.864228332957538,42.77364117842933],[-78.864227221523819,42.773649685724187],[-78.863994862597622,42.773994728695961],[-78.863843214835498,42.774056290465445],[-78.863714158864198,42.774161195498124],[-78.863582551598682,42.774306626431972],[-78.863559669806435,42.774342396748104],[-78.86349541573118,42.77444284519823],[-78.863423979053763,42.774554520066225],[-78.863312578166614,42.774796187326459],[-78.863033595135249,42.775231899193415],[-78.862974063184808,42.775352899082563],[-78.862840128216831,42.775440632143322],[-78.862715393980395,42.775418936448659],[-78.86255934427362,42.775457560129063],[-78.862417413350116,42.775567174514876],[-78.86233913117583,42.775577540671591],[-78.862230452296302,42.775770844724725],[-78.862010859362215,42.776161426198961],[-78.861894264548312,42.776253026586403],[-78.861771396969544,42.776357231958038],[-78.86155052385854,42.776705355819388],[-78.861529199772676,42.776882363234137],[-78.861359834344483,42.777280010675426],[-78.861180641079812,42.77748815695206],[-78.861017599837623,42.77760196278502],[-78.861021059453805,42.777708347405934],[-78.860831567914715,42.777911283199863],[-78.86070687304337,42.778038180564806],[-78.86066463791731,42.778061046308629],[-78.860606589739874,42.778171396885583],[-78.860599571061186,42.778184739223427],[-78.860448946817144,42.778453660533756],[-78.860408794990221,42.778536014362253],[-78.860262236256744,42.778669759133656],[-78.860174295512067,42.778815663796514],[-78.860014121047371,42.7790406804152],[-78.859789802091086,42.77928171478478],[-78.859669315547023,42.779476363642551],[-78.85956006316286,42.77954733560987]]},"properties":{"OBJECTID":425,"shoreType":"Armored","landcover":"sand","slope":8,"Shape_Length":2580.0844055341518,"CalShoreType":3,"CalLandcover":1,"CalSlope":2}},{"type":"Feature","id":426,"geometry":{"type":"LineString","coordinates":[[-78.864568510722179,42.773052734258236],[-78.86453764742086,42.773107267379267],[-78.864384891083887,42.773250601415796],[-78.864257820051847,42.773415598637854],[-78.864247483947125,42.773494672282247]]},"properties":{"OBJECTID":426,"shoreType":"Armored","landcover":"development","slope":0,"Shape_Length":186.03359725574467,"CalShoreType":3,"CalLandcover":3,"CalSlope":1}},{"type":"Feature","id":427,"geometry":{"type":"LineString","coordinates":[[-78.865986849576984,42.771327282410972],[-78.865754614924768,42.771631354334367],[-78.865609112183719,42.771828740590315],[-78.865402060976876,42.771850963647957],[-78.86482435891493,42.772519920526555],[-78.864648275741501,42.772911799287193],[-78.864568510722179,42.773052734258236]]},"properties":{"OBJECTID":427,"shoreType":"Armored","landcover":"sand","slope":0,"Shape_Length":760.23604295431994,"CalShoreType":3,"CalLandcover":1,"CalSlope":1}},{"type":"Feature","id":428,"geometry":{"type":"LineString","coordinates":[[-78.867483029694199,42.770517504479393],[-78.867256439136497,42.770569992347212],[-78.867089537860252,42.770601647058314],[-78.866891256218778,42.770713367406906],[-78.866709405734099,42.770752868164152],[-78.866545170975911,42.770815597189561],[-78.866294648561862,42.771050383432012],[-78.866093054149957,42.771188223853329],[-78.865986849576984,42.771327282410972]]},"properties":{"OBJECTID":428,"shoreType":"Armored","landcover":"sand","slope":8,"Shape_Length":518.48574903633448,"CalShoreType":3,"CalLandcover":1,"CalSlope":2}},{"type":"Feature","id":429,"geometry":{"type":"LineString","coordinates":[[-78.868271945207667,42.770237690444624],[-78.868094240617566,42.77031536229407],[-78.867949376766589,42.770429824310128],[-78.867562565471701,42.770499080837176],[-78.867483029694199,42.770517504479393]]},"properties":{"OBJECTID":429,"shoreType":"Armored","landcover":"development","slope":8,"Shape_Length":241.78237514683764,"CalShoreType":3,"CalLandcover":3,"CalSlope":2}},{"type":"Feature","id":430,"geometry":{"type":"LineString","coordinates":[[-78.868528191940698,42.769980939524928],[-78.868488563655532,42.770001833764887],[-78.868451993634267,42.77008290506835],[-78.868431026918131,42.770168157844637],[-78.868271945207667,42.770237690444624]]},"properties":{"OBJECTID":430,"shoreType":"Armored","landcover":"vegetation","slope":8,"Shape_Length":125.45958235809309,"CalShoreType":3,"CalLandcover":2,"CalSlope":2}},{"type":"Feature","id":431,"geometry":{"type":"LineString","coordinates":[[-78.877818364907895,42.765628193615818],[-78.877516641741053,42.765967800091069],[-78.877528144231945,42.766048406954468],[-78.877397830057845,42.766136204579844],[-78.87733389556027,42.766101875984887]]},"properties":{"OBJECTID":431,"shoreType":"Armored","landcover":"sand","slope":0,"Shape_Length":246.12338889362687,"CalShoreType":3,"CalLandcover":1,"CalSlope":1}},{"type":"Feature","id":432,"geometry":{"type":"LineString","coordinates":[[-78.87733389556027,42.766101875984887],[-78.876993029123781,42.76591885015322],[-78.876794948519446,42.765801687358923],[-78.87670485000946,42.765724250778433],[-78.876576285638365,42.765613754937377],[-78.876492734691652,42.765673761972906],[-78.876245340082676,42.765698824841508],[-78.876146764417697,42.76567357848711],[-78.875964852028417,42.765702036461157],[-78.875874596577219,42.765716155070713],[-78.875681900902549,42.765736979986329],[-78.875433764420961,42.765750155308865],[-78.875297659703747,42.765745237762438],[-78.875241560526945,42.765731869045275],[-78.875166377180548,42.765713954101514],[-78.875054709865765,42.765690215662524]]},"properties":{"OBJECTID":432,"shoreType":"Armored","landcover":"sand","slope":8,"Shape_Length":696.74641468666118,"CalShoreType":3,"CalLandcover":1,"CalSlope":2}},{"type":"Feature","id":433,"geometry":{"type":"LineString","coordinates":[[-78.86869054208627,42.76989534082864],[-78.868528191940698,42.769980939524928]]},"properties":{"OBJECTID":433,"shoreType":"Bluff","landcover":"vegetation","slope":8,"Shape_Length":53.604064436635902,"CalShoreType":2,"CalLandcover":2,"CalSlope":2}},{"type":"Feature","id":434,"geometry":{"type":"LineString","coordinates":[[-78.870047842420533,42.769029112295208],[-78.869993200707867,42.76903861248654],[-78.869791813073434,42.76920567175808],[-78.869546165689357,42.769408719489626],[-78.86930639768876,42.769589453943155],[-78.868916498984575,42.769776205077271],[-78.868878209363587,42.769796393026468],[-78.86869054208627,42.76989534082864]]},"properties":{"OBJECTID":434,"shoreType":"Bluff","landcover":"sand","slope":8,"Shape_Length":487.20953362402929,"CalShoreType":2,"CalLandcover":1,"CalSlope":2}},{"type":"Feature","id":435,"geometry":{"type":"LineString","coordinates":[[-78.873864220824785,42.766306314394647],[-78.873850121174456,42.76633644792846],[-78.873819066818101,42.766402817765574],[-78.873826856483248,42.766510392137441],[-78.873798041480811,42.766618569789777],[-78.873710310741558,42.766679203853414],[-78.873497122366913,42.766787739834719],[-78.873124370069547,42.766876598513086],[-78.873009750483575,42.766893199060831],[-78.87290967808093,42.766907693057128],[-78.872741823450625,42.767015816812233],[-78.872068810863851,42.767477025662487],[-78.871510289993751,42.7678930555657],[-78.871104238739093,42.768195508798563],[-78.87014704843601,42.769011864635154],[-78.870047842420533,42.769029112295208]]},"properties":{"OBJECTID":435,"shoreType":"Armored","landcover":"sand","slope":8,"Shape_Length":1477.9582334837332,"CalShoreType":3,"CalLandcover":1,"CalSlope":2}},{"type":"Feature","id":436,"geometry":{"type":"LineString","coordinates":[[-78.875054709865765,42.765690215662524],[-78.875010947034681,42.765680912405891],[-78.874276330236839,42.765958517749965],[-78.874094177866994,42.766100092280325],[-78.873884436950988,42.766263108242192],[-78.873864220824785,42.766306314394647]]},"properties":{"OBJECTID":436,"shoreType":"Bluff","landcover":"sand","slope":8,"Shape_Length":403.53445013473453,"CalShoreType":2,"CalLandcover":1,"CalSlope":2}},{"type":"Feature","id":437,"geometry":{"type":"LineString","coordinates":[[-78.883533803562983,42.760101182317314],[-78.883345922397311,42.760174032513909],[-78.883339264625718,42.760185797214433],[-78.883296431149844,42.760261474837108],[-78.883077843404763,42.760333218495553],[-78.882979960033225,42.760422304233721],[-78.882944461845383,42.760445636857092],[-78.882930274985114,42.760454961768687],[-78.882787031324668,42.760490794240631],[-78.882690886890586,42.760555998061626],[-78.882552404082531,42.760629190445165],[-78.882264260823419,42.760868266698942],[-78.882110200359861,42.760989633345055],[-78.88195154395126,42.761140933109154],[-78.881677449791496,42.761307467545421],[-78.881477416268893,42.761346418901589],[-78.881255457919423,42.761383730889328],[-78.881047715216837,42.761513116450267],[-78.880972191360954,42.761560154144256],[-78.880952048722364,42.761572699148928],[-78.880838157779976,42.761638502970179],[-78.880796452372394,42.761683950186999]]},"properties":{"OBJECTID":437,"shoreType":"Bluff","landcover":"development","slope":8,"Shape_Length":961.35085687784635,"CalShoreType":2,"CalLandcover":3,"CalSlope":2}},{"type":"Feature","id":438,"geometry":{"type":"LineString","coordinates":[[-78.885318887050957,42.759060754231278],[-78.885222781555839,42.759116872143167],[-78.885205420312047,42.759130506163601]]},"properties":{"OBJECTID":438,"shoreType":"Bluff","landcover":"vegetation","slope":8,"Shape_Length":39.743694021959584,"CalShoreType":2,"CalLandcover":2,"CalSlope":2}},{"type":"Feature","id":439,"geometry":{"type":"LineString","coordinates":[[-78.885734568979956,42.758854112257829],[-78.885720546908686,42.75885696704043],[-78.885456701022605,42.758980281790727],[-78.885318887050957,42.759060754231278]]},"properties":{"OBJECTID":439,"shoreType":"Bluff","landcover":"sand","slope":8,"Shape_Length":135.03429577674402,"CalShoreType":2,"CalLandcover":1,"CalSlope":2}},{"type":"Feature","id":440,"geometry":{"type":"LineString","coordinates":[[-78.886093059993428,42.758758134626881],[-78.886051739799015,42.758776626802657],[-78.886033387454333,42.75878160593831],[-78.885861005561111,42.758828371695692],[-78.885734568979956,42.758854112257829]]},"properties":{"OBJECTID":440,"shoreType":"Bluff","landcover":"sand","slope":8,"Shape_Length":102.792647470967,"CalShoreType":2,"CalLandcover":1,"CalSlope":2}},{"type":"Feature","id":441,"geometry":{"type":"LineString","coordinates":[[-78.886755508657487,42.758465204362736],[-78.886668119571453,42.75850077487231],[-78.886215914774894,42.758703153366874],[-78.886093059993428,42.758758134626881]]},"properties":{"OBJECTID":441,"shoreType":"Bluff","landcover":"sand","slope":8,"Shape_Length":207.49503828333553,"CalShoreType":2,"CalLandcover":1,"CalSlope":2}},{"type":"Feature","id":442,"geometry":{"type":"LineString","coordinates":[[-78.88686381031016,42.758421120585531],[-78.886755508657487,42.758465204362736]]},"properties":{"OBJECTID":442,"shoreType":"Bluff","landcover":"development","slope":8,"Shape_Length":33.227052863707208,"CalShoreType":2,"CalLandcover":3,"CalSlope":2}},{"type":"Feature","id":443,"geometry":{"type":"LineString","coordinates":[[-78.887095786707675,42.758326696675482],[-78.886868806820516,42.758419087199023],[-78.88686381031016,42.758421120585531]]},"properties":{"OBJECTID":443,"shoreType":"Bluff","landcover":"sand","slope":8,"Shape_Length":71.170434532898952,"CalShoreType":2,"CalLandcover":1,"CalSlope":2}},{"type":"Feature","id":444,"geometry":{"type":"LineString","coordinates":[[-78.887280090591716,42.758224346156979],[-78.887166220406044,42.758298027068427],[-78.887095786707675,42.758326696675482]]},"properties":{"OBJECTID":444,"shoreType":"Bluff","landcover":"development","slope":8,"Shape_Length":62.305608158366105,"CalShoreType":2,"CalLandcover":3,"CalSlope":2}},{"type":"Feature","id":445,"geometry":{"type":"LineString","coordinates":[[-78.88752960145942,42.758080711687931],[-78.887369891520279,42.758166240209171],[-78.887280090591716,42.758224346156979]]},"properties":{"OBJECTID":445,"shoreType":"Bluff","landcover":"sand","slope":8,"Shape_Length":85.114869089079676,"CalShoreType":2,"CalLandcover":1,"CalSlope":2}},{"type":"Feature","id":446,"geometry":{"type":"LineString","coordinates":[[-78.888504118849298,42.757317947106785],[-78.888483925559527,42.7573479636863],[-78.888305751935221,42.75749695940253],[-78.888161723302616,42.757623351596052],[-78.887957309150138,42.757781814235592],[-78.887787984865284,42.757919754926583],[-78.887718111488368,42.758004351891955],[-78.887643426793971,42.758019754558866],[-78.88752960145942,42.758080711687931]]},"properties":{"OBJECTID":446,"shoreType":"Bluff","landcover":"development","slope":8,"Shape_Length":386.90688173696196,"CalShoreType":2,"CalLandcover":3,"CalSlope":2}},{"type":"Feature","id":447,"geometry":{"type":"LineString","coordinates":[[-78.888936922052153,42.757007146479623],[-78.888851804557987,42.757100347933395],[-78.888732174794043,42.757182292901447],[-78.888578423948402,42.757207499978406],[-78.888504118849298,42.757317947106785]]},"properties":{"OBJECTID":447,"shoreType":"Armored","landcover":"development","slope":8,"Shape_Length":172.0333185762284,"CalShoreType":3,"CalLandcover":3,"CalSlope":2}},{"type":"Feature","id":448,"geometry":{"type":"LineString","coordinates":[[-78.889632683069991,42.756562328787886],[-78.889568512610808,42.75660920048248],[-78.889402174372336,42.756730697169786],[-78.889168151930463,42.756835168042613],[-78.888969066604147,42.756971949437272],[-78.888936922052153,42.757007146479623]]},"properties":{"OBJECTID":448,"shoreType":"Bluff","landcover":"development","slope":8,"Shape_Length":249.20628279680795,"CalShoreType":2,"CalLandcover":3,"CalSlope":2}},{"type":"Feature","id":449,"geometry":{"type":"LineString","coordinates":[[-78.890245219370215,42.756127736997101],[-78.890238865348522,42.756132872804962],[-78.89016777305703,42.756174598694685],[-78.889992310277066,42.756191288327912],[-78.889775769563158,42.7564578140422],[-78.889632683069991,42.756562328787886]]},"properties":{"OBJECTID":449,"shoreType":"Armored","landcover":"development","slope":8,"Shape_Length":241.77246592902185,"CalShoreType":3,"CalLandcover":3,"CalSlope":2}},{"type":"Feature","id":450,"geometry":{"type":"LineString","coordinates":[[-78.890512539415681,42.755869259200786],[-78.89041055864918,42.755994101078649],[-78.890245219370215,42.756127736997101]]},"properties":{"OBJECTID":450,"shoreType":"Bluff","landcover":"development","slope":8,"Shape_Length":119.01141883465229,"CalShoreType":2,"CalLandcover":3,"CalSlope":2}},{"type":"Feature","id":451,"geometry":{"type":"LineString","coordinates":[[-78.89055274261456,42.755823888054714],[-78.890533059618889,42.75584413870034],[-78.890512539415681,42.755869259200786]]},"properties":{"OBJECTID":451,"shoreType":"Bluff","landcover":"sand","slope":8,"Shape_Length":19.763705542386703,"CalShoreType":2,"CalLandcover":1,"CalSlope":2}},{"type":"Feature","id":452,"geometry":{"type":"LineString","coordinates":[[-78.865080189018244,42.811188167339019],[-78.865092405843342,42.811210672842989]]},"properties":{"OBJECTID":452,"shoreType":"Beach","landcover":"sand","slope":0,"Shape_Length":8.8328146898491067,"CalShoreType":1,"CalLandcover":1,"CalSlope":1}},{"type":"Feature","id":453,"geometry":{"type":"LineString","coordinates":[[-78.864942650441535,42.810934789042527],[-78.865080189018244,42.811188167339019]]},"properties":{"OBJECTID":453,"shoreType":"Beach","landcover":"sand","slope":0,"Shape_Length":99.443846306742415,"CalShoreType":1,"CalLandcover":1,"CalSlope":1}},{"type":"Feature","id":454,"geometry":{"type":"LineString","coordinates":[[-78.864120207618583,42.808886428414446],[-78.864268742914334,42.809276370702733],[-78.864495731455065,42.809907145341974],[-78.864643918040883,42.810311885980944],[-78.864781435146341,42.810545464063409],[-78.864874278143432,42.810685260980193],[-78.864904917727685,42.810865276616113],[-78.864942650441535,42.810934789042527]]},"properties":{"OBJECTID":454,"shoreType":"Beach","landcover":"sand","slope":0,"Shape_Length":781.07340738183996,"CalShoreType":1,"CalLandcover":1,"CalSlope":1}},{"type":"Feature","id":455,"geometry":{"type":"LineString","coordinates":[[-78.862401921250068,42.805780291317127],[-78.862437154301688,42.80586131212867],[-78.86263472425648,42.806315637264248],[-78.862662495892309,42.806370761132143],[-78.863151615218513,42.807341606441085],[-78.863331480199378,42.807735749608419],[-78.863532436998653,42.808052946406818],[-78.863765979197396,42.808373808014558],[-78.863968949754707,42.808619468233786],[-78.864098520366056,42.808829493139086],[-78.864120207618583,42.808886428414446]]},"properties":{"OBJECTID":455,"shoreType":"Beach","landcover":"sand","slope":8,"Shape_Length":1225.8452243734582,"CalShoreType":1,"CalLandcover":1,"CalSlope":2}},{"type":"Feature","id":456,"geometry":{"type":"LineString","coordinates":[[-78.855192296419418,42.796545265836684],[-78.855221535307919,42.796588743564243],[-78.855453857960342,42.796683347637796],[-78.855628810109579,42.797103873370475],[-78.855807007257354,42.797671667962831]]},"properties":{"OBJECTID":456,"shoreType":"Beach","landcover":"sand","slope":0,"Shape_Length":461.60493369525511,"CalShoreType":1,"CalLandcover":1,"CalSlope":1}},{"type":"Feature","id":457,"geometry":{"type":"LineString","coordinates":[[-78.855807007257354,42.797671667962831],[-78.855842620046204,42.797785139041416],[-78.855904660340698,42.797945204656791],[-78.855980689465866,42.798102188728308],[-78.856053667280818,42.798208133010831],[-78.856195684927428,42.798557195315986],[-78.856414322543358,42.799071340996321],[-78.856556587576989,42.799538230516085],[-78.856603976792925,42.799832033721607],[-78.856808023942534,42.800304707969062],[-78.856826976590426,42.800348610426589],[-78.856866154001168,42.800412968347089]]},"properties":{"OBJECTID":457,"shoreType":"Beach","landcover":"sand","slope":8,"Shape_Length":1041.7576806952773,"CalShoreType":1,"CalLandcover":1,"CalSlope":2}},{"type":"Feature","id":458,"geometry":{"type":"LineString","coordinates":[[-78.854880223143041,42.796081225805374],[-78.855192296419418,42.796545265836684]]},"properties":{"OBJECTID":458,"shoreType":"Beach","landcover":"sand","slope":0,"Shape_Length":188.72077796909898,"CalShoreType":1,"CalLandcover":1,"CalSlope":1}},{"type":"Feature","id":459,"geometry":{"type":"LineString","coordinates":[[-78.854346406643444,42.784313008084666],[-78.854305903177988,42.784458126955833],[-78.85416887675602,42.784803410790715],[-78.854082453231896,42.785129131465183],[-78.854046379184581,42.78530007029179],[-78.853957710016559,42.786089806876177],[-78.853927801390313,42.786493419238262],[-78.853927887017335,42.786703055699476],[-78.853928883776604,42.787025346698336],[-78.85392890321728,42.787031774352499],[-78.853932305659967,42.787450939666236],[-78.853933803628337,42.787725534829583],[-78.853936472186689,42.788298886475339],[-78.853998288215294,42.788773257569105],[-78.853982466247103,42.789764229872496],[-78.853982419294638,42.789767199867562],[-78.853973124394173,42.790346405018909],[-78.853962883147048,42.791118603457697],[-78.853958666970456,42.791206889806318],[-78.853948609431853,42.791294927088131],[-78.853938966621101,42.791462457052262],[-78.853956816855757,42.791697700014325],[-78.853964941762484,42.791828451093004],[-78.85398568305925,42.791954012190132],[-78.854010855735581,42.792150892209229],[-78.854015708244845,42.792325037044037],[-78.854042996497938,42.792501314614384],[-78.854052700106237,42.792563995899542],[-78.854194346012633,42.793385869168141],[-78.854341945775062,42.793949051252582],[-78.854446485860549,42.794215928425182],[-78.854497633444964,42.794414314972776],[-78.854600792251588,42.794772941995589],[-78.854704896147368,42.794938573888437],[-78.854758066893424,42.795183085434914],[-78.854822664991786,42.795480142782331],[-78.854952174639266,42.795690180488386],[-78.854937161546133,42.795917001931421],[-78.854833021899466,42.796011039141291],[-78.854880223143041,42.796081225805374]]},"properties":{"OBJECTID":459,"shoreType":"Beach","landcover":"sand","slope":0,"Shape_Length":4345.421305526701,"CalShoreType":1,"CalLandcover":1,"CalSlope":1}},{"type":"Feature","id":460,"geometry":{"type":"LineString","coordinates":[[-78.854820480965486,42.783145835798614],[-78.85478236373595,42.783329545143395],[-78.854773682826774,42.783493797161256],[-78.854772499446526,42.783587163716838],[-78.854672241062786,42.783610136839911],[-78.854560557357644,42.783614826981989],[-78.85455217233239,42.78362357645512],[-78.854481776664826,42.783697019879369],[-78.854420838695972,42.783913477083111],[-78.854420172695825,42.783914337487296],[-78.854395824082815,42.784083462629262],[-78.854350874793752,42.784296999371456],[-78.854346406643444,42.784313008084666]]},"properties":{"OBJECTID":460,"shoreType":"Beach","landcover":"sand","slope":8,"Shape_Length":484.16124457535147,"CalShoreType":1,"CalLandcover":1,"CalSlope":2}},{"type":"Feature","id":461,"geometry":{"type":"LineString","coordinates":[[-78.859342907712005,42.800736188606663],[-78.859389205003851,42.800817223372121],[-78.859471298129463,42.800940711551306],[-78.85977679687204,42.801242729180537],[-78.859821569067606,42.801326433943821],[-78.859935620503222,42.801539662937209],[-78.860121414656092,42.801923523749949],[-78.860204372204819,42.80207955010912],[-78.860291154811776,42.80230421822462],[-78.860561000497626,42.80276759351716],[-78.860728971570282,42.803056027327443],[-78.861178157542255,42.803567340677937],[-78.861356163387484,42.803812579288369],[-78.861616985789354,42.804171909365117],[-78.861851390186089,42.804507038138993],[-78.861960684314909,42.804703457466609],[-78.862150545570387,42.805154439010195],[-78.86237305047726,42.805713900915315],[-78.862401921250068,42.805780291317127]]},"properties":{"OBJECTID":461,"shoreType":"Armored","landcover":"sand","slope":8,"Shape_Length":2024.9693975105872,"CalShoreType":3,"CalLandcover":1,"CalSlope":2}},{"type":"Feature","id":462,"geometry":{"type":"LineString","coordinates":[[-78.856866154001168,42.800412968347089],[-78.856920820257045,42.800502768628185],[-78.856927868895895,42.800514347727272],[-78.857357813854662,42.800551348362866],[-78.857865062192573,42.800595001176269],[-78.858838240769558,42.800645237735196],[-78.859306150639654,42.800671852712398],[-78.859342907712005,42.800736188606663]]},"properties":{"OBJECTID":462,"shoreType":"Armored","landcover":"development","slope":8,"Shape_Length":706.9145414265746,"CalShoreType":3,"CalLandcover":3,"CalSlope":2}},{"type":"Feature","id":463,"geometry":{"type":"LineString","coordinates":[[-78.87210453425098,42.825374655232018],[-78.872151847576006,42.825702636234865],[-78.872163299419341,42.826092937989522],[-78.872152538564222,42.826231473902688],[-78.872220119648375,42.826650370323847],[-78.87227701726836,42.826785924995228],[-78.87233471655712,42.82692338970385],[-78.872433077032511,42.827157724684177],[-78.872664525536507,42.827650160054027],[-78.87294755604745,42.828284294132587],[-78.87305540576844,42.828518353354745],[-78.873099552092881,42.828532507614305]]},"properties":{"OBJECTID":463,"shoreType":"Beach","landcover":"sand","slope":8,"Shape_Length":1196.4679060740605,"CalShoreType":1,"CalLandcover":1,"CalSlope":2}},{"type":"Feature","id":464,"geometry":{"type":"LineString","coordinates":[[-78.86100596217301,42.837174970797378],[-78.861083329512951,42.837448775400084],[-78.860879302157556,42.837501401557368]]},"properties":{"OBJECTID":464,"shoreType":"Armored","landcover":"development","slope":8,"Shape_Length":159.90783640178933,"CalShoreType":3,"CalLandcover":3,"CalSlope":2}},{"type":"Feature","id":465,"geometry":{"type":"LineString","coordinates":[[-78.860484990509036,42.835331201047545],[-78.860753828991207,42.836282663380082],[-78.86100596217301,42.837174970797378]]},"properties":{"OBJECTID":465,"shoreType":"Armored","landcover":"vegetation","slope":8,"Shape_Length":686.32907970521228,"CalShoreType":3,"CalLandcover":2,"CalSlope":2}},{"type":"Feature","id":466,"geometry":{"type":"LineString","coordinates":[[-78.860478604533029,42.835139932831474],[-78.860453739152902,42.835220597850977],[-78.860484990509036,42.835331201047545]]},"properties":{"OBJECTID":466,"shoreType":"Armored","landcover":"development","slope":8,"Shape_Length":71.316241993801881,"CalShoreType":3,"CalLandcover":3,"CalSlope":2}},{"type":"Feature","id":467,"geometry":{"type":"LineString","coordinates":[[-78.859875193051494,42.833857850165785],[-78.860107510115625,42.833830561001299],[-78.860288547129471,42.83380929462254],[-78.860497089694618,42.833888309197434],[-78.860613993969395,42.834700729165718],[-78.860478604533029,42.835139932831474]]},"properties":{"OBJECTID":467,"shoreType":"Armored","landcover":"vegetation","slope":8,"Shape_Length":637.0621181315945,"CalShoreType":3,"CalLandcover":2,"CalSlope":2}},{"type":"Feature","id":468,"geometry":{"type":"LineString","coordinates":[[-78.859611948271251,42.833859915203732],[-78.859711702629397,42.83387705522253],[-78.859875193051494,42.833857850165785]]},"properties":{"OBJECTID":468,"shoreType":"Armored","landcover":"development","slope":8,"Shape_Length":71.883846947050799,"CalShoreType":3,"CalLandcover":3,"CalSlope":2}},{"type":"Feature","id":469,"geometry":{"type":"LineString","coordinates":[[-78.856463955679985,42.833731113202475],[-78.85665153719637,42.833699216039918],[-78.857313358911512,42.833714307538983],[-78.857848481590736,42.833792239865517],[-78.858607334196293,42.833699816123399],[-78.859155486967921,42.833781482981969],[-78.859611948271251,42.833859915203732]]},"properties":{"OBJECTID":469,"shoreType":"Armored","landcover":"vegetation","slope":8,"Shape_Length":857.61416976525902,"CalShoreType":3,"CalLandcover":2,"CalSlope":2}},{"type":"Feature","id":470,"geometry":{"type":"LineString","coordinates":[[-78.853143423173449,42.833925474794079],[-78.85309942580902,42.833938095267008],[-78.850101257330678,42.83475472316367],[-78.846597098008786,42.835709044233809],[-78.846500037985152,42.835735475762348],[-78.846715678520241,42.836191469696892],[-78.84682677315125,42.836236178807994],[-78.847032362985345,42.83631502211918],[-78.847352430532766,42.836256606796248],[-78.847688331801081,42.836140483463367],[-78.847940504411369,42.83592712252505],[-78.849372314425509,42.835528761131854],[-78.852867182890591,42.834556313863807],[-78.853336916678828,42.834425600067718],[-78.853381559564298,42.834413962834397]]},"properties":{"OBJECTID":470,"shoreType":"Armored","landcover":"vegetation","slope":8,"Shape_Length":4023.3596088214808,"CalShoreType":3,"CalLandcover":2,"CalSlope":2}},{"type":"Feature","id":471,"geometry":{"type":"LineString","coordinates":[[-78.853267909413404,42.833889766315892],[-78.853143423173449,42.833925474794079]]},"properties":{"OBJECTID":471,"shoreType":"Armored","landcover":"development","slope":8,"Shape_Length":35.836927712526766,"CalShoreType":3,"CalLandcover":3,"CalSlope":2}},{"type":"Feature","id":472,"geometry":{"type":"LineString","coordinates":[[-78.853472815839552,42.833830989536708],[-78.853267909413404,42.833889766315892]]},"properties":{"OBJECTID":472,"shoreType":"Armored","landcover":"vegetation","slope":8,"Shape_Length":58.988223603632015,"CalShoreType":3,"CalLandcover":2,"CalSlope":2}},{"type":"Feature","id":473,"geometry":{"type":"LineString","coordinates":[[-78.853927307453418,42.833700617142355],[-78.85360199888126,42.833793932771265],[-78.853472815839552,42.833830989536708]]},"properties":{"OBJECTID":473,"shoreType":"Armored","landcover":"development","slope":8,"Shape_Length":130.83907183088817,"CalShoreType":3,"CalLandcover":3,"CalSlope":2}},{"type":"Feature","id":474,"geometry":{"type":"LineString","coordinates":[[-78.854260857367763,42.833604937787761],[-78.853927307453418,42.833700617142355]]},"properties":{"OBJECTID":474,"shoreType":"Armored","landcover":"vegetation","slope":8,"Shape_Length":96.022452863226917,"CalShoreType":3,"CalLandcover":2,"CalSlope":2}},{"type":"Feature","id":475,"geometry":{"type":"LineString","coordinates":[[-78.85786573426887,42.821662707343314],[-78.857823787149272,42.821571279451803],[-78.857653016440949,42.821611194497528],[-78.857471659881682,42.821193269993522],[-78.857328786210985,42.821172332254079],[-78.857246097893594,42.82102498283988],[-78.857220547810527,42.821032225112063],[-78.856888343652614,42.821126385960838],[-78.857957775434031,42.823478968549217],[-78.859139952870777,42.826079354557145],[-78.860322229922218,42.828679728696549],[-78.861504607826546,42.831280090060986],[-78.861589449357979,42.831466671065613],[-78.861537481800525,42.831594337575211],[-78.861204107922589,42.831803027520841],[-78.85997241729784,42.83172422029682],[-78.860186609228933,42.832151775056964],[-78.860224394706066,42.832268078152403],[-78.860309562605707,42.832530220166518],[-78.860386395237754,42.832864043350419],[-78.860422124438557,42.833019279122773],[-78.860253990686118,42.833023097743755],[-78.860178600565021,42.832851213523512],[-78.858850567156793,42.832934946876968],[-78.858644924028212,42.832860104789241],[-78.858282992211073,42.832970726989167],[-78.857508886015964,42.833019523919589],[-78.857352153676203,42.83309907350597],[-78.85716560003074,42.833101484100162],[-78.855961689709588,42.833117036644971],[-78.854260857367763,42.833604937787761]]},"properties":{"OBJECTID":475,"shoreType":"Armored","landcover":"development","slope":8,"Shape_Length":7160.554209487248,"CalShoreType":3,"CalLandcover":3,"CalSlope":2}},{"type":"Feature","id":476,"geometry":{"type":"LineString","coordinates":[[-78.862362614691492,42.831038093549267],[-78.862149719571107,42.83099893805872]]},"properties":{"OBJECTID":476,"shoreType":"Armored","landcover":"development","slope":0,"Shape_Length":58.862736342967139,"CalShoreType":3,"CalLandcover":3,"CalSlope":1}},{"type":"Feature","id":477,"geometry":{"type":"LineString","coordinates":[[-78.8760116734462,42.831287668620334],[-78.876151417634546,42.831564121566139],[-78.876111481086596,42.832289830503441],[-78.876051465453102,42.833380406460321],[-78.875711265335369,42.833957301722769],[-78.874564884177843,42.835901193863116],[-78.873791346975267,42.835642976838201]]},"properties":{"OBJECTID":477,"shoreType":"Armored","landcover":"development","slope":0,"Shape_Length":1999.2914665684746,"CalShoreType":3,"CalLandcover":3,"CalSlope":1}},{"type":"Feature","id":478,"geometry":{"type":"LineString","coordinates":[[-78.873261968025403,42.82858458358325],[-78.87383488211276,42.828768274914658],[-78.874100509095172,42.828987174343304],[-78.875383070952893,42.830044084770726],[-78.8760116734462,42.831287668620334]]},"properties":{"OBJECTID":478,"shoreType":"Armored","landcover":"development","slope":8,"Shape_Length":1274.627927797628,"CalShoreType":3,"CalLandcover":3,"CalSlope":2}},{"type":"Feature","id":479,"geometry":{"type":"LineString","coordinates":[[-78.873791346975267,42.835642976838201],[-78.870389295567549,42.834507240027946],[-78.868611004408478,42.833913519828606],[-78.867709980533775,42.833626500811818],[-78.867403650333415,42.833793408668171],[-78.867257372316928,42.833731653758171],[-78.867257499020965,42.833628670654655],[-78.867197003182298,42.833560593960982],[-78.866208201979589,42.832447845007742],[-78.865834597403065,42.832326354870681],[-78.865831376845293,42.832226977323472],[-78.865829053406756,42.832223866456282],[-78.865615767616788,42.831938445804944],[-78.865295030927896,42.831801416095736],[-78.865044570666768,42.831517222884294],[-78.864989624039808,42.831454875718997],[-78.864585299084055,42.830996085536995],[-78.864157854171594,42.83051549297911],[-78.863813018237096,42.830355154480586],[-78.863547163480078,42.830344174399322],[-78.86290119004299,42.830754977797646],[-78.86240960988205,42.831046736467769],[-78.862362614691492,42.831038093549267]]},"properties":{"OBJECTID":479,"shoreType":"Armored","landcover":"development","slope":8,"Shape_Length":4004.9822411494602,"CalShoreType":3,"CalLandcover":3,"CalSlope":2}},{"type":"Feature","id":480,"geometry":{"type":"LineString","coordinates":[[-78.853381559564298,42.834413962834397],[-78.855132450487062,42.833957520785525],[-78.856427991116007,42.833737228730442],[-78.856463955679985,42.833731113202475]]},"properties":{"OBJECTID":480,"shoreType":"Armored","landcover":"development","slope":8,"Shape_Length":864.77738320763979,"CalShoreType":3,"CalLandcover":3,"CalSlope":2}},{"type":"Feature","id":481,"geometry":{"type":"LineString","coordinates":[[-78.865092405843342,42.811210672842989],[-78.865146186878775,42.811309750811432],[-78.865260865002639,42.811485675868802],[-78.865368020495467,42.81165006122751],[-78.865662837705898,42.812278540749659],[-78.865936507609078,42.812879147276277],[-78.866073509602728,42.813208031834115],[-78.866280273699658,42.813594769324169],[-78.866540435319777,42.814058727849776],[-78.866540797760123,42.814059373321243],[-78.866877194371497,42.814458652427803],[-78.867068094270849,42.814627575641957],[-78.86721593526751,42.814892314530042],[-78.867492173135759,42.815118814123281],[-78.867686739328633,42.815358797026413],[-78.867790241221286,42.815517937111892],[-78.867969726602325,42.815697681844121],[-78.868026506138548,42.815881577225881],[-78.868128811682681,42.816032246066897],[-78.868242861097173,42.816252319696886],[-78.868397006858416,42.816406210860926]]},"properties":{"OBJECTID":481,"shoreType":"Bluff","landcover":"sand","slope":0,"Shape_Length":2109.3606754150414,"CalShoreType":2,"CalLandcover":1,"CalSlope":1}},{"type":"Feature","id":482,"geometry":{"type":"LineString","coordinates":[[-78.868397006858416,42.816406210860926],[-78.868424037727536,42.816433197379446],[-78.868489582347806,42.816550093321752],[-78.868559578340111,42.816738305424984],[-78.868877167133078,42.817482261599608],[-78.868999940614358,42.81799744060217],[-78.869192050264019,42.818586503126866],[-78.869374584652903,42.819045266961432],[-78.869560547638415,42.819512643427366],[-78.869917391224973,42.820274163482985],[-78.870053575998298,42.820555928502543],[-78.870210513897135,42.820788842440784],[-78.870409854463546,42.82097566327041],[-78.870580009984621,42.821212893469941],[-78.870847414763332,42.821544143518913],[-78.870856400995294,42.821555274836669],[-78.87095096704769,42.821905924584229],[-78.871067803931865,42.8219868140215],[-78.871175977242359,42.822205176212407],[-78.871380731516282,42.822374529787488],[-78.871552599669101,42.822535469378394],[-78.871601751048331,42.822700562602549],[-78.871751348935831,42.822878457110122],[-78.871801929162459,42.823040315705306],[-78.871718399996325,42.823220709403465],[-78.871913464302366,42.824063885910029],[-78.87192237048086,42.824102384398572],[-78.872049207237993,42.824888998051904],[-78.872094736239134,42.825306733132962],[-78.87210453425098,42.825374655232018]]},"properties":{"OBJECTID":482,"shoreType":"Bluff","landcover":"sand","slope":8,"Shape_Length":3478.9137940087858,"CalShoreType":2,"CalLandcover":1,"CalSlope":2}},{"type":"Feature","id":483,"geometry":{"type":"LineString","coordinates":[[-78.901779811251785,42.902945076968841],[-78.901818564338285,42.903101701892048],[-78.901835646622587,42.903680000383105],[-78.901734432792139,42.904836330121057],[-78.901685063235021,42.905400348535267],[-78.90158574885271,42.906479434624295]]},"properties":{"OBJECTID":483,"shoreType":"Armored","landcover":"development","slope":8,"Shape_Length":1291.2817312289371,"CalShoreType":3,"CalLandcover":3,"CalSlope":2}},{"type":"Feature","id":484,"geometry":{"type":"LineString","coordinates":[[-78.9015368114311,42.902215099282884],[-78.901661923720511,42.902468609812345],[-78.901779811251785,42.902945076968841]]},"properties":{"OBJECTID":484,"shoreType":"Armored","landcover":"vegetation","slope":8,"Shape_Length":274.78325212727447,"CalShoreType":3,"CalLandcover":2,"CalSlope":2}},{"type":"Feature","id":485,"geometry":{"type":"LineString","coordinates":[[-78.891280740582346,42.887807356420922],[-78.892323101913618,42.887912300019053],[-78.894016883227266,42.889442570124409]]},"properties":{"OBJECTID":485,"shoreType":"Armored","landcover":"development","slope":0,"Shape_Length":1001.0327753341026,"CalShoreType":3,"CalLandcover":3,"CalSlope":1}},{"type":"Feature","id":486,"geometry":{"type":"LineString","coordinates":[[-78.901321563555626,42.895558313266029],[-78.9018630625756,42.896520450945275],[-78.901842417833834,42.89653089332738],[-78.900933667156195,42.89699050313515],[-78.901475515494923,42.897457924418319],[-78.90170511010632,42.897655978316102]]},"properties":{"OBJECTID":486,"shoreType":"Armored","landcover":"development","slope":0,"Shape_Length":1000.4265866768301,"CalShoreType":3,"CalLandcover":3,"CalSlope":1}},{"type":"Feature","id":487,"geometry":{"type":"LineString","coordinates":[[-78.889594930566275,42.886625637787759],[-78.890035760675602,42.887034883388957],[-78.890199971150707,42.886967356111455],[-78.890372076710761,42.887128255898389],[-78.890235224399859,42.88721867385248],[-78.890820096461724,42.887760976384335],[-78.891280740582346,42.887807356420922]]},"properties":{"OBJECTID":487,"shoreType":"Armored","landcover":"development","slope":8,"Shape_Length":741.4566803028838,"CalShoreType":3,"CalLandcover":3,"CalSlope":2}},{"type":"Feature","id":488,"geometry":{"type":"LineString","coordinates":[[-78.894016883227266,42.889442570124409],[-78.894851423633071,42.890196510206273],[-78.896590179633392,42.891425959649006],[-78.899282425285989,42.893329458441976],[-78.900496103575307,42.894187506090411],[-78.900585764706619,42.89425089338345],[-78.900640250228037,42.894347708782846],[-78.901197598686252,42.89533804851979],[-78.901321563555626,42.895558313266029]]},"properties":{"OBJECTID":488,"shoreType":"Armored","landcover":"development","slope":8,"Shape_Length":3001.7812462890847,"CalShoreType":3,"CalLandcover":3,"CalSlope":2}},{"type":"Feature","id":489,"geometry":{"type":"LineString","coordinates":[[-78.90170511010632,42.897655978316102],[-78.901733728213955,42.897680665591757],[-78.901740720533667,42.897718671454101],[-78.901891031388402,42.898535597547081],[-78.901903032378272,42.898600817518492],[-78.901779296367124,42.898610317004604],[-78.901671535430566,42.898618591748722],[-78.901733220588355,42.898690506245067],[-78.901776332084438,42.898714315991207],[-78.901915739515772,42.898791304768402],[-78.901965346877631,42.898961132788145],[-78.901970178350567,42.898984635793113],[-78.90202966681592,42.899273949504433],[-78.901880935464945,42.899368993679474],[-78.901958005451846,42.900076268464964],[-78.901962270465219,42.900089145044731],[-78.901984440133489,42.900156083114915],[-78.901993191618715,42.900182511720715],[-78.902018516902118,42.900258975229576],[-78.90199117551866,42.90051979554741],[-78.901943469310709,42.900974867058537],[-78.902036500278456,42.901524370564182],[-78.902039861050653,42.902188265160547],[-78.902039887628476,42.902193662803761],[-78.902011878328921,42.902200595947242],[-78.901790470528042,42.901964103180859],[-78.901764399488897,42.901936256284777],[-78.901507665633446,42.902078424314659],[-78.901517134789756,42.902125338153255],[-78.901534173284915,42.902209754809498],[-78.9015368114311,42.902215099282884]]},"properties":{"OBJECTID":489,"shoreType":"Armored","landcover":"development","slope":8,"Shape_Length":2032.1449981247479,"CalShoreType":3,"CalLandcover":3,"CalSlope":2}},{"type":"Feature","id":490,"geometry":{"type":"LineString","coordinates":[[-78.88963206796052,42.886336370851588],[-78.88955671846152,42.886372245522303],[-78.889488705892234,42.886527022581824],[-78.889594930566275,42.886625637787759]]},"properties":{"OBJECTID":490,"shoreType":"Armored","landcover":"sand","slope":8,"Shape_Length":129.18603344420205,"CalShoreType":3,"CalLandcover":1,"CalSlope":2}},{"type":"Feature","id":491,"geometry":{"type":"LineString","coordinates":[[-78.888776736809064,42.884669052225156],[-78.890289579175928,42.886023322912742],[-78.890039971110866,42.886142164949831],[-78.88963206796052,42.886336370851588]]},"properties":{"OBJECTID":491,"shoreType":"Armored","landcover":"development","slope":8,"Shape_Length":848.66661261889703,"CalShoreType":3,"CalLandcover":3,"CalSlope":2}},{"type":"Feature","id":492,"geometry":{"type":"LineString","coordinates":[[-78.888169713832752,42.884125640235418],[-78.888776736809064,42.884669052225156]]},"properties":{"OBJECTID":492,"shoreType":"Armored","landcover":"vegetation","slope":8,"Shape_Length":256.29951316875855,"CalShoreType":3,"CalLandcover":2,"CalSlope":2}},{"type":"Feature","id":493,"geometry":{"type":"LineString","coordinates":[[-78.88515896129725,42.882672072103766],[-78.885233737535543,42.882755772117328],[-78.885467965437257,42.882651574592352],[-78.885698441007008,42.88261087831556],[-78.885839571404333,42.882687753627948]]},"properties":{"OBJECTID":493,"shoreType":"Armored","landcover":"development","slope":0,"Shape_Length":220.46596676909451,"CalShoreType":3,"CalLandcover":3,"CalSlope":1}},{"type":"Feature","id":494,"geometry":{"type":"LineString","coordinates":[[-78.885839571404333,42.882687753627948],[-78.885879568474337,42.882709539559009],[-78.886175533619507,42.882830541912696],[-78.886507795395175,42.882745034396251],[-78.886714109799698,42.882381005789064],[-78.886920389723514,42.882364462929075],[-78.887190046242779,42.882531579726205],[-78.887086321307152,42.882688772814006],[-78.886457888857166,42.883241605208553],[-78.886786069279751,42.883478165085265],[-78.886965984879765,42.883571967502739],[-78.887178194599599,42.883682605420063],[-78.887936561298602,42.883018373811083],[-78.888187201228163,42.88298602695783],[-78.888477154851955,42.883166743034309],[-78.888389507662495,42.883243463130306],[-78.888086310575645,42.88355703588104],[-78.887801100843376,42.883852000989094],[-78.887883877025601,42.884035000441159],[-78.88807196279042,42.884038132359734],[-78.888108595421855,42.88407092628163],[-78.888169713832752,42.884125640235418]]},"properties":{"OBJECTID":494,"shoreType":"Armored","landcover":"development","slope":8,"Shape_Length":2027.3714331279186,"CalShoreType":3,"CalLandcover":3,"CalSlope":2}},{"type":"Feature","id":495,"geometry":{"type":"LineString","coordinates":[[-78.885534524063999,42.882245856614041],[-78.885536538650811,42.882251561410399],[-78.885332191641012,42.882474664527905],[-78.885074736106503,42.882577794118504],[-78.88515896129725,42.882672072103766]]},"properties":{"OBJECTID":495,"shoreType":"Armored","landcover":"vegetation","slope":0,"Shape_Length":219.86930234053253,"CalShoreType":3,"CalLandcover":2,"CalSlope":1}},{"type":"Feature","id":496,"geometry":{"type":"LineString","coordinates":[[-78.884534350508034,42.881202659974889],[-78.884815760174959,42.881117071464239],[-78.885201622585711,42.881303238120303],[-78.885534524063999,42.882245856614041]]},"properties":{"OBJECTID":496,"shoreType":"Armored","landcover":"development","slope":0,"Shape_Length":560.24311260562354,"CalShoreType":3,"CalLandcover":3,"CalSlope":1}},{"type":"Feature","id":497,"geometry":{"type":"LineString","coordinates":[[-78.884416482590055,42.880999334133307],[-78.884335795413492,42.881030592289797],[-78.884469640062377,42.88122234163324],[-78.884534350508034,42.881202659974889]]},"properties":{"OBJECTID":497,"shoreType":"Armored","landcover":"development","slope":8,"Shape_Length":121.764277471323,"CalShoreType":3,"CalLandcover":3,"CalSlope":2}},{"type":"Feature","id":498,"geometry":{"type":"LineString","coordinates":[[-78.88464365857422,42.879852755927303],[-78.884537459633123,42.879890294710798],[-78.884564408078589,42.88018379922562],[-78.884762956322703,42.880172076981232],[-78.884961600056016,42.880313160735511],[-78.885117819927558,42.880650800879856],[-78.884930309176411,42.880800276520738],[-78.884416482590055,42.880999334133307]]},"properties":{"OBJECTID":498,"shoreType":"Armored","landcover":"vegetation","slope":8,"Shape_Length":625.95290129132411,"CalShoreType":3,"CalLandcover":2,"CalSlope":2}},{"type":"Feature","id":499,"geometry":{"type":"LineString","coordinates":[[-78.887124525666934,42.879980049696037],[-78.886827315690212,42.879801952766414],[-78.886315791013686,42.879600177599656],[-78.885705714208271,42.879477339083088],[-78.885495244583154,42.879551737368729],[-78.88464365857422,42.879852755927303]]},"properties":{"OBJECTID":499,"shoreType":"Armored","landcover":"development","slope":8,"Shape_Length":743.70714791258615,"CalShoreType":3,"CalLandcover":3,"CalSlope":2}},{"type":"Feature","id":500,"geometry":{"type":"LineString","coordinates":[[-78.889838044067673,42.884544328421221],[-78.889654689097313,42.884479795170989],[-78.889546847089136,42.883692560815383],[-78.889532375943034,42.883640724187387]]},"properties":{"OBJECTID":500,"shoreType":"Armored","landcover":"vegetation","slope":0,"Shape_Length":362.12385879448647,"CalShoreType":3,"CalLandcover":2,"CalSlope":1}},{"type":"Feature","id":501,"geometry":{"type":"LineString","coordinates":[[-78.889532375943034,42.883640724187387],[-78.889354482060099,42.883003491942404],[-78.888964948036161,42.882141170147989],[-78.888514345277869,42.881285890098177],[-78.888316686780314,42.881063298312661],[-78.887879858137495,42.880571358501612],[-78.887338954328683,42.880108541031348],[-78.887124525666934,42.879980049696037]]},"properties":{"OBJECTID":501,"shoreType":"Armored","landcover":"vegetation","slope":8,"Shape_Length":1510.0975438003804,"CalShoreType":3,"CalLandcover":2,"CalSlope":2}},{"type":"Feature","id":502,"geometry":{"type":"LineString","coordinates":[[-78.890719620594894,42.884617098375195],[-78.890555785698581,42.88479693807453],[-78.889838044067673,42.884544328421221]]},"properties":{"OBJECTID":502,"shoreType":"Armored","landcover":"development","slope":0,"Shape_Length":292.14700159780602,"CalShoreType":3,"CalLandcover":3,"CalSlope":1}},{"type":"Feature","id":503,"geometry":{"type":"LineString","coordinates":[[-78.890404941097486,42.884015967582698],[-78.890490729142627,42.884175004840593],[-78.890927778576483,42.884222068990269],[-78.890967884727615,42.88434457964712],[-78.890719620594894,42.884617098375195]]},"properties":{"OBJECTID":503,"shoreType":"Armored","landcover":"sand","slope":0,"Shape_Length":346.20879941693653,"CalShoreType":3,"CalLandcover":1,"CalSlope":1}},{"type":"Feature","id":504,"geometry":{"type":"LineString","coordinates":[[-78.88836278411668,42.879850480345972],[-78.888819078378646,42.88087768954523],[-78.889093035487932,42.881449474003468],[-78.889669271358088,42.882652120442508],[-78.890404941097486,42.884015967582698]]},"properties":{"OBJECTID":504,"shoreType":"Armored","landcover":"sand","slope":8,"Shape_Length":1614.2283913571587,"CalShoreType":3,"CalLandcover":1,"CalSlope":2}},{"type":"Feature","id":505,"geometry":{"type":"LineString","coordinates":[[-78.8881747999434,42.87942728191986],[-78.88836278411668,42.879850480345972]]},"properties":{"OBJECTID":505,"shoreType":"Armored","landcover":"vegetation","slope":8,"Shape_Length":162.25558070143674,"CalShoreType":3,"CalLandcover":2,"CalSlope":2}},{"type":"Feature","id":506,"geometry":{"type":"LineString","coordinates":[[-78.887921686192115,42.878857452504725],[-78.8881747999434,42.87942728191986]]},"properties":{"OBJECTID":506,"shoreType":"Armored","landcover":"development","slope":8,"Shape_Length":218.47419425272543,"CalShoreType":3,"CalLandcover":3,"CalSlope":2}},{"type":"Feature","id":507,"geometry":{"type":"LineString","coordinates":[[-78.889637775873453,42.877959802050917],[-78.88790589737151,42.878821906874677],[-78.887917225321175,42.878847410676848]]},"properties":{"OBJECTID":507,"shoreType":"Armored","landcover":"sand","slope":0,"Shape_Length":570.31546565734436,"CalShoreType":3,"CalLandcover":1,"CalSlope":1}},{"type":"Feature","id":508,"geometry":{"type":"LineString","coordinates":[[-78.887917225321175,42.878847410676848],[-78.887921686192115,42.878857452504725]]},"properties":{"OBJECTID":508,"shoreType":"Armored","landcover":"sand","slope":8,"Shape_Length":3.8500972721874933,"CalShoreType":3,"CalLandcover":1,"CalSlope":2}},{"type":"Feature","id":509,"geometry":{"type":"LineString","coordinates":[[-78.890125509501289,42.876150022319862],[-78.888492879676193,42.876927117814269],[-78.888334077735834,42.876910270176431],[-78.888016797418288,42.876876608487372],[-78.888002299812655,42.877058151978865],[-78.88918502298057,42.877159254357913],[-78.889181984599333,42.876965613549892],[-78.889993750326354,42.876585421974461],[-78.890258629814014,42.877102276934806],[-78.890459536580252,42.87749429600715],[-78.889748169936269,42.877903591965755],[-78.889731963373492,42.877912916643943],[-78.889724207419007,42.87791677685366],[-78.889637775873453,42.877959802050917]]},"properties":{"OBJECTID":509,"shoreType":"Armored","landcover":"development","slope":0,"Shape_Length":1996.2335854078369,"CalShoreType":3,"CalLandcover":3,"CalSlope":1}},{"type":"Feature","id":510,"geometry":{"type":"LineString","coordinates":[[-78.889381056677735,42.875393740836444],[-78.890191858037682,42.875839856019333],[-78.890377303577353,42.876030171194557],[-78.890125509501289,42.876150022319862]]},"properties":{"OBJECTID":510,"shoreType":"Armored","landcover":"vegetation","slope":0,"Shape_Length":437.14402897181913,"CalShoreType":3,"CalLandcover":2,"CalSlope":1}},{"type":"Feature","id":511,"geometry":{"type":"LineString","coordinates":[[-78.889251888805902,42.875322669474293],[-78.889381056677735,42.875393740836444]]},"properties":{"OBJECTID":511,"shoreType":"Armored","landcover":"vegetation","slope":8,"Shape_Length":43.239672883456258,"CalShoreType":3,"CalLandcover":2,"CalSlope":2}},{"type":"Feature","id":512,"geometry":{"type":"LineString","coordinates":[[-78.883961883821186,42.871717947782457],[-78.884043579224951,42.87177883688544],[-78.885166391030793,42.871246996786311],[-78.885528118523624,42.871075653478563]]},"properties":{"OBJECTID":512,"shoreType":"Armored","landcover":"development","slope":8,"Shape_Length":504.5087303052224,"CalShoreType":3,"CalLandcover":3,"CalSlope":2}},{"type":"Feature","id":513,"geometry":{"type":"LineString","coordinates":[[-78.883507844569777,42.87089173448917],[-78.883403202723315,42.871047834987017],[-78.88374584528195,42.871556929026724],[-78.883961883821186,42.871717947782457]]},"properties":{"OBJECTID":513,"shoreType":"Armored","landcover":"sand","slope":8,"Shape_Length":352.90635566008996,"CalShoreType":3,"CalLandcover":1,"CalSlope":2}},{"type":"Feature","id":514,"geometry":{"type":"LineString","coordinates":[[-78.880250021626892,42.870300535695222],[-78.880203379609029,42.87031486219157],[-78.880612574537921,42.870780465284675],[-78.880719844171054,42.870814973194591],[-78.881089548800546,42.870676947693596],[-78.881228848341337,42.870710820886302],[-78.881330370257515,42.870789481199211],[-78.881592748675956,42.870790101515055],[-78.882406313245241,42.870541632735836],[-78.884611656976602,42.869868064009069],[-78.884794236675688,42.86999050102412],[-78.88492106430499,42.87017673771399],[-78.884811961189968,42.870375822599058],[-78.884521231590853,42.870514310460379],[-78.884359411046063,42.870572076753589],[-78.883813090982784,42.870767098877977],[-78.883528859870381,42.87086038307698],[-78.883507844569777,42.87089173448917]]},"properties":{"OBJECTID":514,"shoreType":"Armored","landcover":"development","slope":8,"Shape_Length":2003.9974542182847,"CalShoreType":3,"CalLandcover":3,"CalSlope":2}},{"type":"Feature","id":515,"geometry":{"type":"LineString","coordinates":[[-78.88408651892604,42.868993664417651],[-78.884168110988981,42.869096994841755],[-78.881138716239505,42.870027566867876]]},"properties":{"OBJECTID":515,"shoreType":"Armored","landcover":"vegetation","slope":0,"Shape_Length":923.6195598064561,"CalShoreType":3,"CalLandcover":2,"CalSlope":1}},{"type":"Feature","id":516,"geometry":{"type":"LineString","coordinates":[[-78.881138716239505,42.870027566867876],[-78.880250021626892,42.870300535695222]]},"properties":{"OBJECTID":516,"shoreType":"Armored","landcover":"vegetation","slope":8,"Shape_Length":258.16962226149752,"CalShoreType":3,"CalLandcover":2,"CalSlope":2}},{"type":"Feature","id":517,"geometry":{"type":"LineString","coordinates":[[-78.883908844279389,42.868768650733848],[-78.883940022587765,42.868808136469909],[-78.88408651892604,42.868993664417651]]},"properties":{"OBJECTID":517,"shoreType":"Armored","landcover":"development","slope":0,"Shape_Length":94.834582757160433,"CalShoreType":3,"CalLandcover":3,"CalSlope":1}},{"type":"Feature","id":518,"geometry":{"type":"LineString","coordinates":[[-78.883831380789758,42.868670548592853],[-78.883908844279389,42.868768650733848]]},"properties":{"OBJECTID":518,"shoreType":"Armored","landcover":"vegetation","slope":0,"Shape_Length":41.346341016272255,"CalShoreType":3,"CalLandcover":2,"CalSlope":1}},{"type":"Feature","id":519,"geometry":{"type":"LineString","coordinates":[[-78.882595461664906,42.868910499888521],[-78.883724787305141,42.868535553284758],[-78.883831380789758,42.868670548592853]]},"properties":{"OBJECTID":519,"shoreType":"Armored","landcover":"development","slope":0,"Shape_Length":389.05130631388079,"CalShoreType":3,"CalLandcover":3,"CalSlope":1}},{"type":"Feature","id":520,"geometry":{"type":"LineString","coordinates":[[-78.880920475835509,42.869466593819737],[-78.881347669126768,42.869324766706335]]},"properties":{"OBJECTID":520,"shoreType":"Armored","landcover":"development","slope":0,"Shape_Length":125.6437493429482,"CalShoreType":3,"CalLandcover":3,"CalSlope":1}},{"type":"Feature","id":521,"geometry":{"type":"LineString","coordinates":[[-78.880544075870972,42.869591555012853],[-78.880709395607809,42.869536671134554]]},"properties":{"OBJECTID":521,"shoreType":"Armored","landcover":"vegetation","slope":8,"Shape_Length":48.62254454060416,"CalShoreType":3,"CalLandcover":2,"CalSlope":2}},{"type":"Feature","id":522,"geometry":{"type":"LineString","coordinates":[[-78.880709395607809,42.869536671134554],[-78.880920475835509,42.869466593819737]]},"properties":{"OBJECTID":522,"shoreType":"Armored","landcover":"vegetation","slope":0,"Shape_Length":62.081551084659843,"CalShoreType":3,"CalLandcover":2,"CalSlope":1}},{"type":"Feature","id":523,"geometry":{"type":"LineString","coordinates":[[-78.879669957797432,42.868673912341229],[-78.878867645531002,42.868910098648485],[-78.879687305554626,42.869792301592518],[-78.880016056397437,42.869766850633589],[-78.880544075870972,42.869591555012853]]},"properties":{"OBJECTID":523,"shoreType":"Armored","landcover":"development","slope":8,"Shape_Length":865.00627523973367,"CalShoreType":3,"CalLandcover":3,"CalSlope":2}},{"type":"Feature","id":524,"geometry":{"type":"LineString","coordinates":[[-78.880041747043805,42.868564463327544],[-78.879973810347479,42.868584463222135]]},"properties":{"OBJECTID":524,"shoreType":"Armored","landcover":"development","slope":0,"Shape_Length":19.616698576654745,"CalShoreType":3,"CalLandcover":3,"CalSlope":1}},{"type":"Feature","id":525,"geometry":{"type":"LineString","coordinates":[[-78.879973810347479,42.868584463222135],[-78.879669957797432,42.868673912341229]]},"properties":{"OBJECTID":525,"shoreType":"Armored","landcover":"development","slope":8,"Shape_Length":87.736974083402458,"CalShoreType":3,"CalLandcover":3,"CalSlope":2}},{"type":"Feature","id":526,"geometry":{"type":"LineString","coordinates":[[-78.88119359497135,42.868208469944811],[-78.880495768956351,42.868430804202163],[-78.880041747043805,42.868564463327544]]},"properties":{"OBJECTID":526,"shoreType":"Armored","landcover":"development","slope":0,"Shape_Length":334.9654254186031,"CalShoreType":3,"CalLandcover":3,"CalSlope":1}},{"type":"Feature","id":527,"geometry":{"type":"LineString","coordinates":[[-78.882079298227097,42.867926272404738],[-78.881573854975926,42.868087314390422]]},"properties":{"OBJECTID":527,"shoreType":"Armored","landcover":"development","slope":0,"Shape_Length":147.66396265752502,"CalShoreType":3,"CalLandcover":3,"CalSlope":1}},{"type":"Feature","id":528,"geometry":{"type":"LineString","coordinates":[[-78.875369115665251,42.860256218471925],[-78.875725362913485,42.860084263534461],[-78.876081097871548,42.859971097185181],[-78.876475637755846,42.85999110351505],[-78.876834340706424,42.860002730125132],[-78.877090660145726,42.860250872870708]]},"properties":{"OBJECTID":528,"shoreType":"Armored","landcover":"development","slope":0,"Shape_Length":534.03420530417281,"CalShoreType":3,"CalLandcover":3,"CalSlope":1}},{"type":"Feature","id":529,"geometry":{"type":"LineString","coordinates":[[-78.882509125936878,42.867396572901434],[-78.882512037506856,42.867399886224419],[-78.882653311450312,42.867391129580668],[-78.88284775161739,42.867547851736219],[-78.882839014315763,42.867684211005503],[-78.882079298227097,42.867926272404738]]},"properties":{"OBJECTID":529,"shoreType":"Armored","landcover":"development","slope":0,"Shape_Length":388.47348349335732,"CalShoreType":3,"CalLandcover":3,"CalSlope":1}},{"type":"Feature","id":530,"geometry":{"type":"LineString","coordinates":[[-78.877090660145726,42.860250872870708],[-78.877110126515632,42.860269717777605],[-78.878234101572417,42.862587802443855],[-78.878426643840001,42.862803004119236],[-78.88047755318641,42.865095165301348],[-78.8810018967677,42.865681154581438],[-78.882509125936878,42.867396572901434]]},"properties":{"OBJECTID":530,"shoreType":"Armored","landcover":"development","slope":8,"Shape_Length":2999.6310710061266,"CalShoreType":3,"CalLandcover":3,"CalSlope":2}},{"type":"Feature","id":531,"geometry":{"type":"LineString","coordinates":[[-78.87461685101708,42.86123859830419],[-78.874670032180944,42.861252967441644],[-78.874797780412138,42.8611961963216],[-78.874905002762887,42.8608399891327],[-78.874880177459076,42.860669072354064],[-78.874920852262733,42.860472586184436],[-78.875369115665251,42.860256218471925]]},"properties":{"OBJECTID":531,"shoreType":"Armored","landcover":"vegetation","slope":0,"Shape_Length":466.99176972785926,"CalShoreType":3,"CalLandcover":2,"CalSlope":1}},{"type":"Feature","id":532,"geometry":{"type":"LineString","coordinates":[[-78.873940080632778,42.86062981784778],[-78.873959379285182,42.860646477965467],[-78.874455117811593,42.860810129220255],[-78.874547554085268,42.860923572033897],[-78.874492983499692,42.861205129671475],[-78.87461685101708,42.86123859830419]]},"properties":{"OBJECTID":532,"shoreType":"Armored","landcover":"vegetation","slope":8,"Shape_Length":340.89149659680737,"CalShoreType":3,"CalLandcover":2,"CalSlope":2}},{"type":"Feature","id":533,"geometry":{"type":"LineString","coordinates":[[-78.873768899033337,42.860223169810958],[-78.87379559477445,42.860505082719676],[-78.873940080632778,42.86062981784778]]},"properties":{"OBJECTID":533,"shoreType":"Armored","landcover":"development","slope":8,"Shape_Length":162.71763267322913,"CalShoreType":3,"CalLandcover":3,"CalSlope":2}},{"type":"Feature","id":534,"geometry":{"type":"LineString","coordinates":[[-78.873920718501779,42.859895593677983],[-78.873759475224531,42.860123646672015],[-78.873768899033337,42.860223169810958]]},"properties":{"OBJECTID":534,"shoreType":"Armored","landcover":"vegetation","slope":8,"Shape_Length":130.04340940899954,"CalShoreType":3,"CalLandcover":2,"CalSlope":2}},{"type":"Feature","id":535,"geometry":{"type":"LineString","coordinates":[[-78.869222156905437,42.853737302961505],[-78.869504977163018,42.854262099723591],[-78.871638670771588,42.853660816166752]]},"properties":{"OBJECTID":535,"shoreType":"Armored","landcover":"development","slope":8,"Shape_Length":818.40614340392585,"CalShoreType":3,"CalLandcover":3,"CalSlope":2}},{"type":"Feature","id":536,"geometry":{"type":"LineString","coordinates":[[-78.871638670771588,42.853660816166752],[-78.872963919303714,42.853287329459647],[-78.874026577757533,42.85479864345654]]},"properties":{"OBJECTID":536,"shoreType":"Armored","landcover":"development","slope":0,"Shape_Length":1000.6655868722646,"CalShoreType":3,"CalLandcover":3,"CalSlope":1}},{"type":"Feature","id":537,"geometry":{"type":"LineString","coordinates":[[-78.874026577757533,42.85479864345654],[-78.875314951188273,42.856630856371176],[-78.875300562358589,42.856843493374008],[-78.875518617311386,42.857282193863767],[-78.876029175633334,42.858309351269803],[-78.876197694189671,42.858705371193828],[-78.876143871999943,42.859008922146536],[-78.875835129246994,42.859352904698689],[-78.87520175708606,42.859576264829037],[-78.874669233589529,42.859764056197527],[-78.87393342166061,42.859877626224012],[-78.873920718501779,42.859895593677983]]},"properties":{"OBJECTID":537,"shoreType":"Armored","landcover":"development","slope":8,"Shape_Length":2366.8720973461068,"CalShoreType":3,"CalLandcover":3,"CalSlope":2}},{"type":"Feature","id":538,"geometry":{"type":"LineString","coordinates":[[-78.869581900066564,42.853463555090286],[-78.869144363234057,42.853592948544431],[-78.869222156905437,42.853737302961505]]},"properties":{"OBJECTID":538,"shoreType":"Armored","landcover":"vegetation","slope":8,"Shape_Length":183.03864987242818,"CalShoreType":3,"CalLandcover":2,"CalSlope":2}},{"type":"Feature","id":539,"geometry":{"type":"LineString","coordinates":[[-78.869049842039004,42.852509079933867],[-78.869110887828398,42.85249186826956],[-78.871873386084317,42.851712928948032],[-78.872185189108109,42.852183692879365],[-78.872459731109274,42.852598192164294],[-78.870817983876989,42.853097993226818],[-78.869581900066564,42.853463555090286]]},"properties":{"OBJECTID":539,"shoreType":"Armored","landcover":"vegetation","slope":0,"Shape_Length":2003.3683005980704,"CalShoreType":3,"CalLandcover":2,"CalSlope":1}},{"type":"Feature","id":540,"geometry":{"type":"LineString","coordinates":[[-78.86896012575771,42.85253437511733],[-78.869049842039004,42.852509079933867]]},"properties":{"OBJECTID":540,"shoreType":"Armored","landcover":"vegetation","slope":8,"Shape_Length":25.762932006888953,"CalShoreType":3,"CalLandcover":2,"CalSlope":2}},{"type":"Feature","id":541,"geometry":{"type":"LineString","coordinates":[[-78.859449737701226,42.841103474398778],[-78.859432020468162,42.841143014693927],[-78.859614252627196,42.841871101153743],[-78.859676621062349,42.842033020751281]]},"properties":{"OBJECTID":541,"shoreType":"Armored","landcover":"development","slope":8,"Shape_Length":346.32090073362065,"CalShoreType":3,"CalLandcover":3,"CalSlope":2}},{"type":"Feature","id":542,"geometry":{"type":"LineString","coordinates":[[-78.859676621062349,42.842033020751281],[-78.860044172351749,42.842987221503421],[-78.860399933936023,42.843744190335038],[-78.860720203900982,42.84413435289536],[-78.861090455970157,42.844464894458234],[-78.861173062262552,42.844439081624202],[-78.863571426870365,42.843689597141662],[-78.863966556544966,42.843749364243521],[-78.864300024964109,42.844223830492162]]},"properties":{"OBJECTID":542,"shoreType":"Armored","landcover":"development","slope":0,"Shape_Length":2001.3181639008644,"CalShoreType":3,"CalLandcover":3,"CalSlope":1}},{"type":"Feature","id":543,"geometry":{"type":"LineString","coordinates":[[-78.864300024964109,42.844223830492162],[-78.865820523465544,42.846387129237939],[-78.866008651061264,42.846661927865483],[-78.867685888270614,42.849111756165094],[-78.868299521940003,42.85000799574329],[-78.867734855188246,42.850496101710085],[-78.867080433995085,42.850904164791665],[-78.866935305222327,42.850861428640805],[-78.866839493719723,42.850778907958187],[-78.866921937259235,42.850647478456352],[-78.867024795154805,42.850580640987758],[-78.867749560150131,42.850109679196414],[-78.867805794705376,42.850000282411067],[-78.867800213153188,42.849884033617002],[-78.867243622754998,42.849059545740587],[-78.866707266813748,42.848274603303295],[-78.865518988457296,42.846535507574906],[-78.86492348377233,42.846717601835344],[-78.864634932956292,42.846580203429255],[-78.864544614178243,42.846604959220002],[-78.862390657854661,42.847195329082489],[-78.862300992764276,42.847277661928558],[-78.862766303600537,42.84816408417803],[-78.863972253736335,42.850461307010903],[-78.864345417731997,42.850519212668374],[-78.864532563800978,42.850548251877704],[-78.864679465303581,42.850794740730876],[-78.865055333069151,42.85152529674604],[-78.865339400088175,42.852148830734485],[-78.865419915793382,42.8525726468717],[-78.865530290342278,42.852833803715022],[-78.865692986607328,42.852984767789955],[-78.865800261403564,42.853084307830464],[-78.866374027747511,42.853089613805359],[-78.866463915946014,42.853238151478308],[-78.86896012575771,42.85253437511733]]},"properties":{"OBJECTID":543,"shoreType":"Armored","landcover":"development","slope":8,"Shape_Length":8976.9871291101044,"CalShoreType":3,"CalLandcover":3,"CalSlope":2}},{"type":"Feature","id":544,"geometry":{"type":"LineString","coordinates":[[-78.860017268557499,42.840252261533728],[-78.859635222822092,42.840689513694322],[-78.859449737701226,42.841103474398778]]},"properties":{"OBJECTID":544,"shoreType":"Armored","landcover":"vegetation","slope":8,"Shape_Length":348.31042603327705,"CalShoreType":3,"CalLandcover":2,"CalSlope":2}},{"type":"Feature","id":545,"geometry":{"type":"LineString","coordinates":[[-78.86191330041467,42.839099395036364],[-78.862023800852725,42.839067901665189],[-78.862188968802741,42.839344056446805],[-78.862931658461306,42.839158002464373],[-78.863013915485851,42.839387652754915],[-78.861045818121113,42.839924424882796]]},"properties":{"OBJECTID":545,"shoreType":"Armored","landcover":"development","slope":0,"Shape_Length":1001.6448813929796,"CalShoreType":3,"CalLandcover":3,"CalSlope":1}},{"type":"Feature","id":546,"geometry":{"type":"LineString","coordinates":[[-78.861045818121113,42.839924424882796],[-78.860071559719984,42.840190124309281],[-78.860017268557499,42.840252261533728]]},"properties":{"OBJECTID":546,"shoreType":"Armored","landcover":"development","slope":8,"Shape_Length":305.5846103406638,"CalShoreType":3,"CalLandcover":3,"CalSlope":2}},{"type":"Feature","id":547,"geometry":{"type":"LineString","coordinates":[[-78.859499212589682,42.837995931033049],[-78.859378955882477,42.83799053516239],[-78.859250384412093,42.838022716799621],[-78.858014775957059,42.838331977359211],[-78.85790429594843,42.83862657073184],[-78.857916816337209,42.839030274025831],[-78.858224772714351,42.839920375538284],[-78.858410511968259,42.839996701964012],[-78.858429759951363,42.840004611051469],[-78.858721382487175,42.840009062054769],[-78.86191330041467,42.839099395036364]]},"properties":{"OBJECTID":547,"shoreType":"Armored","landcover":"development","slope":8,"Shape_Length":2071.2960130907422,"CalShoreType":3,"CalLandcover":3,"CalSlope":2}},{"type":"Feature","id":548,"geometry":{"type":"LineString","coordinates":[[-78.881573854975926,42.868087314390422],[-78.88119359497135,42.868208469944811]]},"properties":{"OBJECTID":548,"shoreType":"Armored","landcover":"development","slope":0,"Shape_Length":111.0916168963934,"CalShoreType":3,"CalLandcover":3,"CalSlope":1}},{"type":"Feature","id":549,"geometry":{"type":"LineString","coordinates":[[-78.860879302157556,42.837501401557368],[-78.860666126643167,42.837556387406273],[-78.860191198129641,42.83793452698707],[-78.859924305353672,42.838015005305095],[-78.859499212589682,42.837995931033049]]},"properties":{"OBJECTID":549,"shoreType":"Bluff","landcover":"development","slope":8,"Shape_Length":439.83432315086225,"CalShoreType":2,"CalLandcover":3,"CalSlope":2}},{"type":"Feature","id":550,"geometry":{"type":"LineString","coordinates":[[-79.761865259393886,42.269392499903425],[-79.761496838760124,42.269402675088585],[-79.761239302837552,42.269455003888957],[-79.761124403379512,42.269478349485567]]},"properties":{"OBJECTID":550,"shoreType":"Bluff","landcover":"vegetation","slope":0,"Shape_Length":204.3115328902515,"CalShoreType":2,"CalLandcover":2,"CalSlope":1}},{"type":"Feature","id":551,"geometry":{"type":"LineString","coordinates":[[-79.759948137838691,42.269765979122283],[-79.759947122382769,42.269766323553391]]},"properties":{"OBJECTID":551,"shoreType":"Beach","landcover":"vegetation","slope":0,"Shape_Length":0.30217347632429309,"CalShoreType":1,"CalLandcover":2,"CalSlope":1}},{"type":"Feature","id":552,"geometry":{"type":"LineString","coordinates":[[-79.761124403379512,42.269478349485567],[-79.760856376388148,42.269532809055995],[-79.760547068224241,42.26959637430118],[-79.760295368211416,42.269648099091],[-79.760195308745125,42.269682068961401],[-79.759948137838691,42.269765979122283]]},"properties":{"OBJECTID":552,"shoreType":"Beach","landcover":"sand","slope":0,"Shape_Length":336.12056981811622,"CalShoreType":1,"CalLandcover":1,"CalSlope":1}},{"type":"Feature","id":553,"geometry":{"type":"LineString","coordinates":[[-79.757056208076051,42.270751242680731],[-79.756981158114684,42.27077779636388]]},"properties":{"OBJECTID":553,"shoreType":"Bluff","landcover":"vegetation","slope":0,"Shape_Length":22.501744704290456,"CalShoreType":2,"CalLandcover":2,"CalSlope":1}},{"type":"Feature","id":554,"geometry":{"type":"LineString","coordinates":[[-79.757827896912744,42.270427405847279],[-79.757642582430975,42.270498500003562],[-79.757355613207665,42.270630327359768]]},"properties":{"OBJECTID":554,"shoreType":"Beach","landcover":"sand","slope":0,"Shape_Length":147.79166091368089,"CalShoreType":1,"CalLandcover":1,"CalSlope":1}},{"type":"Feature","id":555,"geometry":{"type":"LineString","coordinates":[[-79.357412405991923,42.490665815783004],[-79.357375175547674,42.490690681751701],[-79.357357143831322,42.490702590879884]]},"properties":{"OBJECTID":555,"shoreType":"Bluff","landcover":"vegetation","slope":8,"Shape_Length":20.04467527056913,"CalShoreType":2,"CalLandcover":2,"CalSlope":2}},{"type":"Feature","id":556,"geometry":{"type":"LineString","coordinates":[[-79.373139155759333,42.472579592412004],[-79.372862113572097,42.472782080182178],[-79.37177607497118,42.473780081352992]]},"properties":{"OBJECTID":556,"shoreType":"Bluff","landcover":"sand","slope":8,"Shape_Length":572.08752539165971,"CalShoreType":2,"CalLandcover":1,"CalSlope":2}},{"type":"Feature","id":557,"geometry":{"type":"LineString","coordinates":[[-79.227608581782746,42.535235008681596],[-79.2273278060172,42.535222793855958],[-79.227312775111258,42.53522343199495],[-79.227159707654778,42.535229936807021],[-79.226927463436752,42.535256568810567],[-79.226878810437128,42.535262315717333],[-79.226825404714276,42.535268624054851],[-79.226517075455021,42.535348973252539],[-79.226202181322861,42.535321055533416],[-79.226074465451987,42.535329592631044],[-79.225784009494291,42.535375571589938]]},"properties":{"OBJECTID":557,"shoreType":"Beach","landcover":"sand","slope":8,"Shape_Length":500.59374303607365,"CalShoreType":1,"CalLandcover":1,"CalSlope":2}},{"type":"Feature","id":558,"geometry":{"type":"LineString","coordinates":[[-79.174218568421892,42.548872512002227],[-79.174201465685414,42.548880449666527],[-79.17408074952364,42.54888581920266],[-79.173969090763293,42.548890785418713],[-79.173806020455658,42.548922443052597]]},"properties":{"OBJECTID":558,"shoreType":"Beach","landcover":"sand","slope":8,"Shape_Length":113.60119805034228,"CalShoreType":1,"CalLandcover":1,"CalSlope":2}},{"type":"Feature","id":559,"geometry":{"type":"LineString","coordinates":[[-79.173806020455658,42.548922443052597],[-79.17371459162554,42.548940192172275],[-79.173699820197854,42.548943836955679],[-79.173383114886988,42.549021993143562],[-79.17311239598699,42.549088799715818],[-79.172778134500376,42.549206986969175],[-79.172429024148698,42.549286423543606],[-79.172283080319872,42.549320334370414],[-79.172025846154611,42.549353708578217],[-79.171842587678626,42.549321514491787],[-79.17174635475024,42.549310660757115]]},"properties":{"OBJECTID":559,"shoreType":"Armored","landcover":"development","slope":8,"Shape_Length":583.38530902029606,"CalShoreType":3,"CalLandcover":3,"CalSlope":2}},{"type":"Feature","id":560,"geometry":{"type":"LineString","coordinates":[[-79.137547652313813,42.568906276591413],[-79.137526091897556,42.569056526044257],[-79.137528388506055,42.569143285624023]]},"properties":{"OBJECTID":560,"shoreType":"Beach","landcover":"sand","slope":0,"Shape_Length":86.687741860135986,"CalShoreType":1,"CalLandcover":1,"CalSlope":1}},{"type":"Feature","id":561,"geometry":{"type":"LineString","coordinates":[[-79.141724565559272,42.560401187000011],[-79.141600014249832,42.560536646371098],[-79.141485032577549,42.560648676254296],[-79.14135293897229,42.560808803501828],[-79.141213830904405,42.561030125544868],[-79.141141253595933,42.561179649254122],[-79.140590002766928,42.562315302370493],[-79.140324772577074,42.562787059869329],[-79.140209812132383,42.562984081074362],[-79.140001775449804,42.563247046353368],[-79.139874724364645,42.563392105616302],[-79.139695309516256,42.56356171369729],[-79.139635544200473,42.563618211357067],[-79.139607537375966,42.563659797577905]]},"properties":{"OBJECTID":561,"shoreType":"Beach","landcover":"sand","slope":0,"Shape_Length":1325.7420156048499,"CalShoreType":1,"CalLandcover":1,"CalSlope":1}},{"type":"Feature","id":562,"geometry":{"type":"LineString","coordinates":[[-79.139607537375966,42.563659797577905],[-79.139503369721496,42.563814474547918],[-79.139429168373297,42.563960630776442],[-79.139197339785824,42.564417267245609],[-79.139027309251688,42.564750351126378],[-79.138956237444816,42.56489039251862],[-79.138695268922589,42.565371362163077],[-79.138589211451034,42.565572381625017],[-79.138324287226411,42.566229993528516],[-79.138148930446306,42.56666526804932],[-79.138073699982115,42.566856830732164],[-79.138016968678059,42.56700129081203],[-79.13792792760286,42.567288311042994],[-79.137844037468668,42.567616291049276],[-79.137738200795994,42.568013927509355],[-79.137668020902282,42.568383491989565],[-79.137609998875718,42.56859482650917],[-79.137573016740305,42.568729520996008],[-79.137547652313813,42.568906276591413]]},"properties":{"OBJECTID":562,"shoreType":"Beach","landcover":"sand","slope":8,"Shape_Length":1998.5405886071435,"CalShoreType":1,"CalLandcover":1,"CalSlope":2}},{"type":"Feature","id":563,"geometry":{"type":"LineString","coordinates":[[-79.142321738134513,42.55973413373075],[-79.142056038053781,42.560040685391655],[-79.141724565559272,42.560401187000011]]},"properties":{"OBJECTID":563,"shoreType":"Armored","landcover":"development","slope":0,"Shape_Length":291.54136391905558,"CalShoreType":3,"CalLandcover":3,"CalSlope":1}},{"type":"Feature","id":564,"geometry":{"type":"LineString","coordinates":[[-79.130179965686295,42.589796871158875],[-79.13010928914872,42.589884855705499],[-79.130087104002541,42.589917369367321]]},"properties":{"OBJECTID":564,"shoreType":"Beach","landcover":"sand","slope":8,"Shape_Length":50.557700325901806,"CalShoreType":1,"CalLandcover":1,"CalSlope":2}},{"type":"Feature","id":565,"geometry":{"type":"LineString","coordinates":[[-79.002028775299095,42.70370796527417],[-79.001937870590154,42.703672311835845],[-79.0018534573381,42.703697562631781]]},"properties":{"OBJECTID":565,"shoreType":"Beach","landcover":"sand","slope":8,"Shape_Length":52.159075243314547,"CalShoreType":1,"CalLandcover":1,"CalSlope":2}},{"type":"Feature","id":566,"geometry":{"type":"LineString","coordinates":[[-79.000582737956449,42.703641639717887],[-79.00055966291373,42.703642980522183],[-79.000514884639784,42.703644547112049],[-79.000437144402042,42.703647266307549]]},"properties":{"OBJECTID":566,"shoreType":"Bluff","landcover":"vegetation","slope":8,"Shape_Length":39.190539108247982,"CalShoreType":2,"CalLandcover":2,"CalSlope":2}},{"type":"Feature","id":567,"geometry":{"type":"LineString","coordinates":[[-78.885205420312047,42.759130506163601],[-78.885083773317774,42.759226032767614]]},"properties":{"OBJECTID":567,"shoreType":"Beach","landcover":"sand","slope":8,"Shape_Length":47.74117996711761,"CalShoreType":1,"CalLandcover":1,"CalSlope":2}},{"type":"Feature","id":568,"geometry":{"type":"LineString","coordinates":[[-78.884260588678444,42.759863955208125],[-78.884256287737145,42.759871670781948],[-78.884255011135934,42.759873959851227],[-78.884098315623405,42.759953131860179],[-78.883983112247179,42.759974611646044],[-78.883858976375762,42.759997756797908],[-78.883817096057527,42.760005564659551],[-78.883634694502859,42.760035581835119],[-78.88354793307353,42.760095703315336],[-78.883533803562983,42.760101182317314]]},"properties":{"OBJECTID":568,"shoreType":"Armored","landcover":"sand","slope":8,"Shape_Length":219.32563722680482,"CalShoreType":3,"CalLandcover":1,"CalSlope":2}},{"type":"Feature","id":569,"geometry":{"type":"LineString","coordinates":[[-78.873099552092881,42.828532507614305],[-78.873261968025403,42.82858458358325]]},"properties":{"OBJECTID":569,"shoreType":"Beach","landcover":"sand","slope":8,"Shape_Length":47.522342103751051,"CalShoreType":1,"CalLandcover":1,"CalSlope":2}}]
}