{
"type": "FeatureCollection",
"name": "condition-processing-combine",
"crs": { "type": "name", "properties": { "name": "urn:ogc:def:crs:OGC:1.3:CRS84" } },
"features": [
{ "type": "Feature", "properties": { "CalShoreTy": 2, "CalLandcov": 1, "CalSlope": 2, "CalSedi": 2, "CalRetreat": 1 }, "geometry": { "type": "LineString", "coordinates": [ [ -78.923270089895922, 42.73539639292305, 0.0 ], [ -78.923231904784501, 42.735400898418177, 0.0 ], [ -78.923086150324622, 42.735445668520043, 0.0 ], [ -78.922862352074873, 42.735514410152092, 0.0 ], [ -78.922699313131716, 42.735564488648627, 0.0 ], [ -78.922641663815369, 42.735587876521016, 0.0 ], [ -78.92242932148956, 42.735674021721081, 0.0 ], [ -78.922340100997332, 42.735710217410585, 0.0 ], [ -78.922334031149319, 42.735713041438608, 0.0 ], [ -78.922221278587415, 42.735765500043151, 0.0 ], [ -78.922153473707425, 42.735797046453598, 0.0 ] ] } },
{ "type": "Feature", "properties": { "CalShoreTy": 2, "CalLandcov": 3, "CalSlope": 2, "CalSedi": 2, "CalRetreat": 1 }, "geometry": { "type": "LineString", "coordinates": [ [ -78.924728791364245, 42.735155849361796, 0.0 ], [ -78.924498638854033, 42.735202698710779, 0.0 ], [ -78.924445468752978, 42.735213521826289, 0.0 ], [ -78.924428921859146, 42.735216890046978, 0.0 ], [ -78.924265548812727, 42.735252029259037, 0.0 ], [ -78.924033567467404, 42.735301924667823, 0.0 ], [ -78.924032720571418, 42.73530201455052, 0.0 ], [ -78.923834539383463, 42.735323047544512, 0.0 ], [ -78.923793215517705, 42.735329818152337, 0.0 ], [ -78.923687406298313, 42.735347154128149, 0.0 ], [ -78.923554935403331, 42.735362784425774, 0.0 ], [ -78.923315426863127, 42.735391043735021, 0.0 ], [ -78.923270089895581, 42.73539639292153, 0.0 ] ] } },
{ "type": "Feature", "properties": { "CalShoreTy": 2, "CalLandcov": 1, "CalSlope": 2, "CalSedi": 2, "CalRetreat": 1 }, "geometry": { "type": "LineString", "coordinates": [ [ -78.92963280144275, 42.733899216228487, 0.0 ], [ -78.929535866500117, 42.733940851924515, 0.0 ], [ -78.92945139254789, 42.733977135237154, 0.0 ], [ -78.9293182775248, 42.734018836506372, 0.0 ], [ -78.929167310239791, 42.734066130141002, 0.0 ], [ -78.929098502539688, 42.73409380651394, 0.0 ], [ -78.928919828897378, 42.734165673717136, 0.0 ], [ -78.928882217730816, 42.734172864838477, 0.0 ], [ -78.928647466016642, 42.734217748211833, 0.0 ], [ -78.928539119044515, 42.734238463431147, 0.0 ], [ -78.928522739311518, 42.734241595185708, 0.0 ], [ -78.928516770299083, 42.734242736682162, 0.0 ], [ -78.92841523952896, 42.734268734985399, 0.0 ], [ -78.928304307849558, 42.734297140387262, 0.0 ], [ -78.928186184304735, 42.734327386674288, 0.0 ], [ -78.928162186752061, 42.734333531381289, 0.0 ], [ -78.927958333019475, 42.734388509840727, 0.0 ], [ -78.927870608936502, 42.734412168499411, 0.0 ], [ -78.927730622295798, 42.734449921976577, 0.0 ], [ -78.927502911147002, 42.734511333713151, 0.0 ], [ -78.92727519954687, 42.734572744998026, 0.0 ], [ -78.927099331751435, 42.734620174192585, 0.0 ], [ -78.927046388381157, 42.734631721934505, 0.0 ], [ -78.926813848351102, 42.734682442054165, 0.0 ], [ -78.926710434077705, 42.734704997924318, 0.0 ], [ -78.92658001702118, 42.734729745456335, 0.0 ], [ -78.926403874054202, 42.734763169525472, 0.0 ], [ -78.926344912720765, 42.734773610061318, 0.0 ], [ -78.92610909193418, 42.734815367517136, 0.0 ], [ -78.925873270829612, 42.734857124488265, 0.0 ], [ -78.925803051322276, 42.734869558189345, 0.0 ], [ -78.925641386628513, 42.734908991367895, 0.0 ], [ -78.925411171510191, 42.734965144854364, 0.0 ], [ -78.925325662536977, 42.734986001841357, 0.0 ], [ -78.925309380617861, 42.734991198841712, 0.0 ], [ -78.925185819320902, 42.73503063807555, 0.0 ], [ -78.924997567612223, 42.735090725335652, 0.0 ], [ -78.924963340443853, 42.735101650087273, 0.0 ], [ -78.924911994812362, 42.735118038770274, 0.0 ], [ -78.924907517582426, 42.735119467826273, 0.0 ], [ -78.924897444808991, 42.735121518250082, 0.0 ], [ -78.924732405904592, 42.735155113588604, 0.0 ], [ -78.924728791365425, 42.735155849364922, 0.0 ] ] } },
{ "type": "Feature", "properties": { "CalShoreTy": 2, "CalLandcov": 3, "CalSlope": 2, "CalSedi": 2, "CalRetreat": 1 }, "geometry": { "type": "LineString", "coordinates": [ [ -78.930285991394541, 42.733655933727455, 0.0 ], [ -78.930178053305397, 42.733690173718962, 0.0 ], [ -78.930104718938608, 42.733713436679665, 0.0 ], [ -78.930102371658847, 42.733714181277335, 0.0 ], [ -78.929960401264182, 42.733768592615675, 0.0 ], [ -78.92974534347195, 42.733851014791576, 0.0 ], [ -78.929742364036329, 42.733852156672747, 0.0 ], [ -78.92963280144275, 42.73389921622848, 0.0 ] ] } },
{ "type": "Feature", "properties": { "CalShoreTy": 2, "CalLandcov": 2, "CalSlope": 2, "CalSedi": 2, "CalRetreat": 1 }, "geometry": { "type": "LineString", "coordinates": [ [ -78.930760136762615, 42.73355851500456, 0.0 ], [ -78.930635373533192, 42.733576933453492, 0.0 ], [ -78.930466223815117, 42.733601904322519, 0.0 ], [ -78.930447684160526, 42.733604641238173, 0.0 ], [ -78.930445633037792, 42.733605291901227, 0.0 ], [ -78.93040074513938, 42.733619531356659, 0.0 ], [ -78.930285991394626, 42.733655933727611, 0.0 ] ] } },
{ "type": "Feature", "properties": { "CalShoreTy": 2, "CalLandcov": 1, "CalSlope": 2, "CalSedi": 2, "CalRetreat": 1 }, "geometry": { "type": "LineString", "coordinates": [ [ -78.940747012776399, 42.731401807515745, 0.0 ], [ -78.940518895714021, 42.731414168520637, 0.0 ], [ -78.94050529218768, 42.731415985764812, 0.0 ], [ -78.940266642906366, 42.731447865735809, 0.0 ], [ -78.940230510771542, 42.731452692401163, 0.0 ], [ -78.940027747553586, 42.731478732742694, 0.0 ], [ -78.939788808104439, 42.731509418612831, 0.0 ], [ -78.939672778246418, 42.731524319590847, 0.0 ], [ -78.939552549281359, 42.731548831612464, 0.0 ], [ -78.939318820929941, 42.731596483227861, 0.0 ], [ -78.939085092219159, 42.731644134367215, 0.0 ], [ -78.939013176177184, 42.731658796048912, 0.0 ], [ -78.938934346914479, 42.731674867074361, 0.0 ], [ -78.938913504636503, 42.731679116206898, 0.0 ], [ -78.938850961579377, 42.73169066974031, 0.0 ], [ -78.938615721777126, 42.731734125071412, 0.0 ], [ -78.938485499924454, 42.73175818043331, 0.0 ], [ -78.938385981450097, 42.731789537792054, 0.0 ], [ -78.938164124920505, 42.731859442323049, 0.0 ], [ -78.938163060386159, 42.73185977774326, 0.0 ], [ -78.938035615336773, 42.731899933737445, 0.0 ], [ -78.937935782196462, 42.7319210506693, 0.0 ], [ -78.937765730250888, 42.731957020206757, 0.0 ], [ -78.937702688610841, 42.73197035492872, 0.0 ], [ -78.93760513744995, 42.731990989107352, 0.0 ], [ -78.937468990725549, 42.732018070786864, 0.0 ], [ -78.937234857710521, 42.732064643013871, 0.0 ], [ -78.937228567392594, 42.73206589423495, 0.0 ], [ -78.936993143098533, 42.732078503298261, 0.0 ], [ -78.936854984222592, 42.732085902705556, 0.0 ], [ -78.936751250180151, 42.732091764896111, 0.0 ], [ -78.936509398568361, 42.732105431979853, 0.0 ], [ -78.936423510873098, 42.732110285386057, 0.0 ], [ -78.936267091993074, 42.732111288965406, 0.0 ], [ -78.936168326928765, 42.732111922528389, 0.0 ], [ -78.936159539506974, 42.732113654664772, 0.0 ], [ -78.936029444943628, 42.732139303281208, 0.0 ], [ -78.935795170323075, 42.732185490948332, 0.0 ], [ -78.935781379913749, 42.732188209734758, 0.0 ], [ -78.935601405452573, 42.732237260571651, 0.0 ], [ -78.935599982593033, 42.732237847834689, 0.0 ], [ -78.935569737934898, 42.732250330837928, 0.0 ], [ -78.935423335876251, 42.732310755784404, 0.0 ], [ -78.935416892757971, 42.732313414838522, 0.0 ], [ -78.935416841134852, 42.732313436143244, 0.0 ], [ -78.935358267855975, 42.732337611007395, 0.0 ], [ -78.935146797062558, 42.732424890631933, 0.0 ], [ -78.93493532567355, 42.732512169867086, 0.0 ], [ -78.934873606031758, 42.732537642899807, 0.0 ], [ -78.934720027411956, 42.732594156263936, 0.0 ], [ -78.934503151604446, 42.732673960996337, 0.0 ], [ -78.934434862941103, 42.732699089344003, 0.0 ], [ -78.934409389654562, 42.732708463368944, 0.0 ], [ -78.934359464725404, 42.732708508361945, 0.0 ], [ -78.934271690991167, 42.732708586256621, 0.0 ], [ -78.934196122770004, 42.732708653264382, 0.0 ], [ -78.934033103070703, 42.732735276417827, 0.0 ], [ -78.933863483420865, 42.732762977154046, 0.0 ], [ -78.933795065141624, 42.732757609890392, 0.0 ], [ -78.933694607289937, 42.732749729115312, 0.0 ], [ -78.933567918992651, 42.732796089142816, 0.0 ], [ -78.933350801811244, 42.732875540023102, 0.0 ], [ -78.93332081089369, 42.732886514714785, 0.0 ], [ -78.933175171061507, 42.732943009874624, 0.0 ], [ -78.933135944353552, 42.732958226444744, 0.0 ], [ -78.93292144902108, 42.733041431709459, 0.0 ], [ -78.932768374398051, 42.733100810775269, 0.0 ], [ -78.932709186640565, 42.733127512976147, 0.0 ], [ -78.932518507372137, 42.733213536413963, 0.0 ], [ -78.932509974585685, 42.733217385772306, 0.0 ], [ -78.932502115598624, 42.733220267099895, 0.0 ], [ -78.932285078818722, 42.733299838597262, 0.0 ], [ -78.932150080602327, 42.733349332248643, 0.0 ], [ -78.932061900459871, 42.73336778979963, 0.0 ], [ -78.932043955890677, 42.733371545844072, 0.0 ], [ -78.93188706237855, 42.733404386297885, 0.0 ], [ -78.931849345597499, 42.733409103130171, 0.0 ], [ -78.931827151845141, 42.733411878554378, 0.0 ], [ -78.931588021285066, 42.733441782563062, 0.0 ], [ -78.931490512966349, 42.733453976124721, 0.0 ], [ -78.931349456559985, 42.733473975461088, 0.0 ], [ -78.931111281322757, 42.73350774412863, 0.0 ], [ -78.930928686741098, 42.733533632167763, 0.0 ], [ -78.930918495388639, 42.733535136712838, 0.0 ], [ -78.930873189734953, 42.733541825155584, 0.0 ], [ -78.930760136762615, 42.733558515004589, 0.0 ] ] } },
{ "type": "Feature", "properties": { "CalShoreTy": 3, "CalLandcov": 1, "CalSlope": 2, "CalSedi": 2, "CalRetreat": 1 }, "geometry": { "type": "LineString", "coordinates": [ [ -78.918256615887032, 42.736632841601164, 0.0 ], [ -78.918248898934579, 42.73663423686164, 0.0 ], [ -78.918245232385857, 42.736635588168255, 0.0 ], [ -78.918144684436754, 42.736672645048564, 0.0 ], [ -78.918011256761034, 42.736721819535234, 0.0 ], [ -78.917927864964028, 42.736752553203317, 0.0 ] ] } },
{ "type": "Feature", "properties": { "CalShoreTy": 3, "CalLandcov": 1, "CalSlope": 2, "CalSedi": 2, "CalRetreat": 1 }, "geometry": { "type": "LineString", "coordinates": [ [ -78.92215347370724, 42.735797046453378, 0.0 ], [ -78.922016351014605, 42.735860842862088, 0.0 ], [ -78.922002212951199, 42.735867420587148, 0.0 ], [ -78.921811422785026, 42.735956185284671, 0.0 ], [ -78.921606493928991, 42.736051527346255, 0.0 ], [ -78.921559202728204, 42.736073529174469, 0.0 ], [ -78.921401564526803, 42.736146869140526, 0.0 ], [ -78.921196634485398, 42.736242210558864, 0.0 ], [ -78.92118476529609, 42.736247732544179, 0.0 ], [ -78.920988253277187, 42.736333419708977, 0.0 ], [ -78.920864686125114, 42.736387299675478, 0.0 ], [ -78.920770904064128, 42.736410321286911, 0.0 ], [ -78.920571168181837, 42.736459352117592, 0.0 ], [ -78.920539195689003, 42.736460062936338, 0.0 ], [ -78.920296723376239, 42.736465453332244, 0.0 ], [ -78.920054251021241, 42.736470843216573, 0.0 ], [ -78.919811778624151, 42.736476232589034, 0.0 ], [ -78.919780506447069, 42.736476927629653, 0.0 ], [ -78.919571540783878, 42.736499917708272, 0.0 ], [ -78.919465980610383, 42.736511531122787, 0.0 ], [ -78.919330263209886, 42.736515867029418, 0.0 ], [ -78.919100810101924, 42.736523197240935, 0.0 ], [ -78.919098539492268, 42.7365233659417, 0.0 ], [ -78.919087961570085, 42.73652414766493, 0.0 ], [ -78.918846596588367, 42.736541984587234, 0.0 ], [ -78.918816807406259, 42.736544185977287, 0.0 ], [ -78.918607835033953, 42.736573084617362, 0.0 ], [ -78.918519900213255, 42.73658524493802, 0.0 ], [ -78.918371233276147, 42.736612121099775, 0.0 ], [ -78.918256615886889, 42.736632841600716, 0.0 ] ] } },
{ "type": "Feature", "properties": { "CalShoreTy": 3, "CalLandcov": 1, "CalSlope": 2, "CalSedi": 2, "CalRetreat": 1 }, "geometry": { "type": "LineString", "coordinates": [ [ -78.855403966766389, 42.782237013888093, 0.0 ], [ -78.855349214076398, 42.782271986163394, 0.0 ], [ -78.855347977995464, 42.782272775686636, 0.0 ], [ -78.855309314545309, 42.782300761097943, 0.0 ], [ -78.855258224317623, 42.782337741208949, 0.0 ], [ -78.855179128535653, 42.782449017706249, 0.0 ], [ -78.855066842924003, 42.782606986784636, 0.0 ], [ -78.855029216651502, 42.78265992112194, 0.0 ], [ -78.854972661403465, 42.782770880208673, 0.0 ], [ -78.854887603616575, 42.782937759310833, 0.0 ], [ -78.854838954869152, 42.783033205273753, 0.0 ], [ -78.854823310434611, 42.783108603665049, 0.0 ], [ -78.854817339251227, 42.78313738173572, 0.0 ] ] } },
{ "type": "Feature", "properties": { "CalShoreTy": 3, "CalLandcov": 3, "CalSlope": 2, "CalSedi": 2, "CalRetreat": 1 }, "geometry": { "type": "LineString", "coordinates": [ [ -78.855839244534764, 42.781888827136505, 0.0 ], [ -78.85581025605147, 42.781915418410264, 0.0 ], [ -78.855775256440666, 42.781947523680977, 0.0 ], [ -78.855772680089871, 42.781949886898396, 0.0 ], [ -78.855772606546708, 42.781949954357593, 0.0 ], [ -78.855657914382192, 42.782054141453287, 0.0 ], [ -78.855581275725186, 42.782123760238569, 0.0 ], [ -78.855577416625167, 42.782126225192741, 0.0 ], [ -78.855490140545839, 42.782181971662077, 0.0 ], [ -78.855403966766588, 42.78223701388827, 0.0 ] ] } },
{ "type": "Feature", "properties": { "CalShoreTy": 3, "CalLandcov": 1, "CalSlope": 2, "CalSedi": 2, "CalRetreat": 1 }, "geometry": { "type": "LineString", "coordinates": [ [ -78.856320743404382, 42.781709768937468, 0.0 ], [ -78.856277099646434, 42.781767373864312, 0.0 ], [ -78.856212512333727, 42.781825637457857, 0.0 ], [ -78.856211258773314, 42.781826768280155, 0.0 ], [ -78.856197359500186, 42.78182762601736, 0.0 ], [ -78.856175698086119, 42.781828962268456, 0.0 ], [ -78.856140339756948, 42.781812388486429, 0.0 ], [ -78.856088379988648, 42.781788031160104, 0.0 ], [ -78.855990679816017, 42.781808171384256, 0.0 ], [ -78.855908762386392, 42.781825058027984, 0.0 ], [ -78.855880227007532, 42.781851233709268, 0.0 ], [ -78.855839244534764, 42.781888827136505, 0.0 ] ] } },
{ "type": "Feature", "properties": { "CalShoreTy": 3, "CalLandcov": 3, "CalSlope": 2, "CalSedi": 2, "CalRetreat": 1 }, "geometry": { "type": "LineString", "coordinates": [ [ -78.859208680165395, 42.779838152089546, 0.0 ], [ -78.859189588239218, 42.779855475342899, 0.0 ], [ -78.859151075381831, 42.779895372369694, 0.0 ], [ -78.859010736727242, 42.780040754310683, 0.0 ], [ -78.859006077947157, 42.780045580495475, 0.0 ], [ -78.858914258834886, 42.780191614997833, 0.0 ], [ -78.858908074022992, 42.780202098351864, 0.0 ], [ -78.85881161269289, 42.780365601311168, 0.0 ], [ -78.858789693077327, 42.78040275515491, 0.0 ], [ -78.858683661975974, 42.780480884431917, 0.0 ], [ -78.85867991497139, 42.780483645454431, 0.0 ], [ -78.858658321768814, 42.780501015664058, 0.0 ], [ -78.858594600299142, 42.780552275011104, 0.0 ], [ -78.85848860329547, 42.780628311300106, 0.0 ], [ -78.858322778064533, 42.780747264421365, 0.0 ], [ -78.858315014283903, 42.780752863022727, 0.0 ], [ -78.858212741392961, 42.780826613680567, 0.0 ], [ -78.858152146715696, 42.780884428215309, 0.0 ], [ -78.858102774740956, 42.780931534850701, 0.0 ], [ -78.858040798840506, 42.780997387468446, 0.0 ], [ -78.85799251171089, 42.781012947497459, 0.0 ], [ -78.857770233394191, 42.781084574023673, 0.0 ], [ -78.857753133399697, 42.781090084266573, 0.0 ], [ -78.857670300785728, 42.781124237034916, 0.0 ], [ -78.857571569106554, 42.781185258333991, 0.0 ], [ -78.857558183403114, 42.781193531376204, 0.0 ], [ -78.857376369995478, 42.781234207272831, 0.0 ], [ -78.857341191636792, 42.781234769034803, 0.0 ], [ -78.857242290197107, 42.781236348327845, 0.0 ], [ -78.857143762837538, 42.781313257816436, 0.0 ], [ -78.857110740773194, 42.78133903445238, 0.0 ], [ -78.856944781936278, 42.781413552322661, 0.0 ], [ -78.856778024836132, 42.781488428200412, 0.0 ], [ -78.856733661118639, 42.781500409037235, 0.0 ], [ -78.856614219165962, 42.781532665342318, 0.0 ], [ -78.856503204710762, 42.781556030748874, 0.0 ], [ -78.856432255596715, 42.78157096346623, 0.0 ], [ -78.856345483721284, 42.781677361165578, 0.0 ], [ -78.856342854254521, 42.781680585349989, 0.0 ], [ -78.856320743404368, 42.781709768937468, 0.0 ] ] } },
{ "type": "Feature", "properties": { "CalShoreTy": 3, "CalLandcov": 1, "CalSlope": 2, "CalSedi": 2, "CalRetreat": 1 }, "geometry": { "type": "LineString", "coordinates": [ [ -78.859409243957685, 42.779656171408838, 0.0 ], [ -78.859371205774252, 42.779690685297446, 0.0 ], [ -78.859300361753839, 42.779754965376952, 0.0 ], [ -78.859208680164926, 42.779838152089255, 0.0 ] ] } },
{ "type": "Feature", "properties": { "CalShoreTy": 3, "CalLandcov": 3, "CalSlope": 2, "CalSedi": 2, "CalRetreat": 1 }, "geometry": { "type": "LineString", "coordinates": [ [ -78.85955692009162, 42.779538882445685, 0.0 ], [ -78.85949210401759, 42.779580988043641, 0.0 ], [ -78.859489818964477, 42.779583061397823, 0.0 ], [ -78.859453032181122, 42.779616440041337, 0.0 ], [ -78.859409243957941, 42.77965617140898, 0.0 ] ] } },
{ "type": "Feature", "properties": { "CalShoreTy": 3, "CalLandcov": 1, "CalSlope": 1, "CalSedi": 2, "CalRetreat": 1 }, "geometry": { "type": "LineString", "coordinates": [ [ -78.864244339846152, 42.773486220359281, 0.0 ], [ -78.864241239365143, 42.773509939570843, 0.0 ], [ -78.864225189108097, 42.773632726497318, 0.0 ] ] } },
{ "type": "Feature", "properties": { "CalShoreTy": 3, "CalLandcov": 1, "CalSlope": 2, "CalSedi": 2, "CalRetreat": 1 }, "geometry": { "type": "LineString", "coordinates": [ [ -78.864225189108353, 42.77363272649734, 0.0 ], [ -78.864224077379234, 42.773641233771059, 0.0 ], [ -78.864196141017786, 42.773682718289955, 0.0 ], [ -78.864088579512597, 42.773842442774288, 0.0 ], [ -78.863991718498511, 42.773986276670193, 0.0 ], [ -78.863970586396107, 42.773994855317575, 0.0 ], [ -78.863840070779503, 42.774047838421801, 0.0 ], [ -78.863777349639605, 42.774098822281417, 0.0 ], [ -78.863711014840561, 42.774152743429788, 0.0 ], [ -78.863631473860423, 42.774240639278844, 0.0 ], [ -78.863579407604917, 42.774298174331513, 0.0 ], [ -78.863556525817032, 42.774333944640176, 0.0 ], [ -78.863516235243196, 42.774396930970504, 0.0 ], [ -78.863492271753913, 42.774434393069278, 0.0 ], [ -78.863420835090039, 42.774546067913938, 0.0 ], [ -78.863414977833315, 42.774558774390677, 0.0 ], [ -78.863337178656622, 42.774727547983346, 0.0 ], [ -78.863309434218451, 42.774787735125578, 0.0 ], [ -78.863243006212116, 42.774891482089565, 0.0 ], [ -78.863139758131169, 42.775052733715128, 0.0 ], [ -78.86303650951271, 42.775213985247987, 0.0 ], [ -78.863030451239965, 42.775223446901421, 0.0 ], [ -78.862970919298476, 42.775344446766056, 0.0 ], [ -78.862931205957821, 42.775370460725, 0.0 ], [ -78.862836984365856, 42.775432179804994, 0.0 ], [ -78.862723670754249, 42.775412470559793, 0.0 ], [ -78.862712250170759, 42.77541048410874, 0.0 ], [ -78.86255620051034, 42.775449107775202, 0.0 ], [ -78.86251051418877, 42.775484391749281, 0.0 ], [ -78.86241426962296, 42.775558722134924, 0.0 ], [ -78.86233598747269, 42.775569088286304, 0.0 ], [ -78.862327028549259, 42.775585023343957, 0.0 ], [ -78.862234431490066, 42.775749723345058, 0.0 ], [ -78.862227308689754, 42.775762392322228, 0.0 ], [ -78.862141834122653, 42.77591442332767, 0.0 ], [ -78.86204923624598, 42.776079123230708, 0.0 ], [ -78.862007715715436, 42.77615297369357, 0.0 ], [ -78.861916305530173, 42.776224788315531, 0.0 ], [ -78.861891120931062, 42.776244574059284, 0.0 ], [ -78.861768253382749, 42.776348779406675, 0.0 ], [ -78.861760613560023, 42.776360820803561, 0.0 ], [ -78.861658136495393, 42.776522338039747, 0.0 ], [ -78.861555658896549, 42.776683855184544, 0.0 ], [ -78.86154738031334, 42.776696903195294, 0.0 ], [ -78.861527726446567, 42.776860046371176, 0.0 ], [ -78.861526056219745, 42.77687391057713, 0.0 ], [ -78.861459284137297, 42.777030683150997, 0.0 ], [ -78.861386853677544, 42.777200739952953, 0.0 ], [ -78.861356690812741, 42.777271557939066, 0.0 ], [ -78.861281020169713, 42.777359455213279, 0.0 ], [ -78.861177497587917, 42.777479704170155, 0.0 ], [ -78.861142026933479, 42.777504463406217, 0.0 ], [ -78.861014456388148, 42.77759350997529, 0.0 ], [ -78.861016047982162, 42.777642452313444, 0.0 ], [ -78.861017915994495, 42.777699894577154, 0.0 ], [ -78.8609249397241, 42.777799467637607, 0.0 ], [ -78.860828424498948, 42.777902830325964, 0.0 ], [ -78.860786293014314, 42.777945706056528, 0.0 ], [ -78.860703729656805, 42.778029727662521, 0.0 ], [ -78.860661494542271, 42.778052593400304, 0.0 ], [ -78.860660111952924, 42.778055221728302, 0.0 ], [ -78.860643800534135, 42.778086230019781, 0.0 ], [ -78.860603446322472, 42.778162943938732, 0.0 ], [ -78.860596592162082, 42.778175973642426, 0.0 ], [ -78.860596427696649, 42.778176286289863, 0.0 ], [ -78.860554136631663, 42.77825179210874, 0.0 ], [ -78.860461836293595, 42.778416583021681, 0.0 ], [ -78.860445803478413, 42.778445207544927, 0.0 ], [ -78.860405651657473, 42.778527561356753, 0.0 ], [ -78.860354626822939, 42.778574125062832, 0.0 ], [ -78.860259092959566, 42.778661306097497, 0.0 ], [ -78.860222552845897, 42.778721930794411, 0.0 ], [ -78.860171152230876, 42.778807210730093, 0.0 ], [ -78.860117574747605, 42.778882477766686, 0.0 ], [ -78.860010977798567, 42.779032227301016, 0.0 ], [ -78.860003895155842, 42.779039837752407, 0.0 ], [ -78.859866972852586, 42.779186963227616, 0.0 ], [ -78.859786658893753, 42.779273261617092, 0.0 ], [ -78.859745145408084, 42.779340327785754, 0.0 ], [ -78.859666172372016, 42.779467910434327, 0.0 ], [ -78.859627361855971, 42.779493122391237, 0.0 ], [ -78.859556920091393, 42.7795388824455, 0.0 ] ] } },
{ "type": "Feature", "properties": { "CalShoreTy": 3, "CalLandcov": 3, "CalSlope": 1, "CalSedi": 2, "CalRetreat": 1 }, "geometry": { "type": "LineString", "coordinates": [ [ -78.864565366806119, 42.77304428251535, 0.0 ], [ -78.864534503222117, 42.773098815537935, 0.0 ], [ -78.864435085837485, 42.773192100770487, 0.0 ], [ -78.86438174692195, 42.773242149541787, 0.0 ], [ -78.864304896566381, 42.773341937121558, 0.0 ], [ -78.864254675916712, 42.773407146728367, 0.0 ], [ -78.864244339846152, 42.773486220359281, 0.0 ] ] } },
{ "type": "Feature", "properties": { "CalShoreTy": 3, "CalLandcov": 1, "CalSlope": 1, "CalSedi": 2, "CalRetreat": 1 }, "geometry": { "type": "LineString", "coordinates": [ [ -78.865983704962133, 42.771318830912179, 0.0 ], [ -78.865901529778611, 42.771426425846649, 0.0 ], [ -78.86578283192631, 42.771581840456051, 0.0 ], [ -78.865754558035206, 42.771618860178343, 0.0 ], [ -78.865751470460637, 42.771622902813725, 0.0 ], [ -78.865666477540756, 42.7717382027705, 0.0 ], [ -78.865605967749588, 42.77182028902758, 0.0 ], [ -78.865491608046256, 42.771832563438885, 0.0 ], [ -78.865398916606651, 42.771842512071977, 0.0 ], [ -78.86531911709217, 42.771934917889475, 0.0 ], [ -78.865189161833555, 42.772085402079618, 0.0 ], [ -78.865059205943595, 42.7722358861229, 0.0 ], [ -78.864929249422204, 42.772386370019241, 0.0 ], [ -78.864821214673327, 42.772511468804041, 0.0 ], [ -78.864808389335565, 42.772540012181111, 0.0 ], [ -78.864732359669688, 42.772709219111007, 0.0 ], [ -78.864656329588996, 42.772878425990591, 0.0 ], [ -78.864645131523659, 42.772903347486064, 0.0 ], [ -78.864565723514531, 42.773043652254415, 0.0 ], [ -78.864565366720541, 42.773044282489039, 0.0 ] ] } },
{ "type": "Feature", "properties": { "CalShoreTy": 3, "CalLandcov": 1, "CalSlope": 2, "CalSedi": 2, "CalRetreat": 1 }, "geometry": { "type": "LineString", "coordinates": [ [ -78.867479884816234, 42.770509053339147, 0.0 ], [ -78.867327337843022, 42.770544389591393, 0.0 ], [ -78.867253294282577, 42.770561541085065, 0.0 ], [ -78.867093468159922, 42.770591853916407, 0.0 ], [ -78.867086393056695, 42.77059319578305, 0.0 ], [ -78.866899650224497, 42.770698414696099, 0.0 ], [ -78.866888111469038, 42.770704916102645, 0.0 ], [ -78.866706261038843, 42.770744416844671, 0.0 ], [ -78.866672083604342, 42.77075747085464, 0.0 ], [ -78.866542026327679, 42.770807145851464, 0.0 ], [ -78.866482762378936, 42.770862687440101, 0.0 ], [ -78.86633309414286, 42.771002954454069, 0.0 ], [ -78.866291503973869, 42.771041932040355, 0.0 ], [ -78.866163250193566, 42.77112962583098, 0.0 ], [ -78.866089909614701, 42.771179772427793, 0.0 ], [ -78.866088510476473, 42.771181604386484, 0.0 ], [ -78.866020226977867, 42.771271011090938, 0.0 ], [ -78.865983704962773, 42.771318830912435, 0.0 ] ] } },
{ "type": "Feature", "properties": { "CalShoreTy": 3, "CalLandcov": 3, "CalSlope": 2, "CalSedi": 2, "CalRetreat": 1 }, "geometry": { "type": "LineString", "coordinates": [ [ -78.868268800040653, 42.770229239264793, 0.0 ], [ -78.868191210577123, 42.770263152456202, 0.0 ], [ -78.868101099965756, 42.77030253834122, 0.0 ], [ -78.868091095518565, 42.770306911115178, 0.0 ], [ -78.868005199727307, 42.770374780471521, 0.0 ], [ -78.867946231704195, 42.770421373104107, 0.0 ], [ -78.86779459638592, 42.770448522781173, 0.0 ], [ -78.867559420526405, 42.770490629601468, 0.0 ], [ -78.86755880393018, 42.770490772431529, 0.0 ], [ -78.86747988481622, 42.770509053339147, 0.0 ] ] } },
{ "type": "Feature", "properties": { "CalShoreTy": 3, "CalLandcov": 2, "CalSlope": 2, "CalSedi": 2, "CalRetreat": 1 }, "geometry": { "type": "LineString", "coordinates": [ [ -78.868525046854614, 42.769972488551957, 0.0 ], [ -78.868485418457027, 42.769993382660161, 0.0 ], [ -78.868477759376674, 42.770010361931575, 0.0 ], [ -78.868448848440678, 42.770074453947409, 0.0 ], [ -78.868427881724259, 42.770159706707311, 0.0 ], [ -78.868418951564081, 42.770163609975413, 0.0 ], [ -78.868399757797405, 42.770171999341336, 0.0 ], [ -78.868268800040653, 42.770229239264793, 0.0 ] ] } },
{ "type": "Feature", "properties": { "CalShoreTy": 2, "CalLandcov": 2, "CalSlope": 2, "CalSedi": 2, "CalRetreat": 1 }, "geometry": { "type": "LineString", "coordinates": [ [ -78.868687396933481, 42.76988688985552, 0.0 ], [ -78.868662764698485, 42.769899877173351, 0.0 ], [ -78.86852504685416, 42.769972488551495, 0.0 ] ] } },
{ "type": "Feature", "properties": { "CalShoreTy": 2, "CalLandcov": 1, "CalSlope": 2, "CalSedi": 2, "CalRetreat": 1 }, "geometry": { "type": "LineString", "coordinates": [ [ -78.870044696844474, 42.769020661554059, 0.0 ], [ -78.86999005511062, 42.769030161622744, 0.0 ], [ -78.86992871023655, 42.76908104983692, 0.0 ], [ -78.869788667526436, 42.769197220855126, 0.0 ], [ -78.869767821037769, 42.769214452262943, 0.0 ], [ -78.86960665133418, 42.769347672363857, 0.0 ], [ -78.869543020203722, 42.769400268539123, 0.0 ], [ -78.869440538888512, 42.769477518007761, 0.0 ], [ -78.869303252264416, 42.76958100294933, 0.0 ], [ -78.869264779124137, 42.769599430672606, 0.0 ], [ -78.869061507811395, 42.769696792418301, 0.0 ], [ -78.868913353668702, 42.76976775403238, 0.0 ], [ -78.868875064176137, 42.769787942096862, 0.0 ], [ -78.868859899964747, 42.769795937552104, 0.0 ], [ -78.868687396933268, 42.769886889855286, 0.0 ] ] } },
{ "type": "Feature", "properties": { "CalShoreTy": 3, "CalLandcov": 1, "CalSlope": 2, "CalSedi": 2, "CalRetreat": 1 }, "geometry": { "type": "LineString", "coordinates": [ [ -78.873699427400439, 42.7666746924425, 0.0 ], [ -78.873499990325158, 42.766776227521184, 0.0 ], [ -78.873493975841825, 42.766779289533382, 0.0 ], [ -78.873270100388041, 42.766832658329534, 0.0 ], [ -78.873121223655531, 42.766868148179114, 0.0 ], [ -78.873036679945869, 42.766880392797489, 0.0 ], [ -78.87300660410456, 42.766884748718731, 0.0 ], [ -78.872906531732511, 42.766899242707979, 0.0 ], [ -78.872823814288253, 42.766952525325351, 0.0 ], [ -78.872738677146629, 42.767007366436083, 0.0 ], [ -78.872644058164184, 42.767072208541187, 0.0 ], [ -78.872466642474976, 42.767193790403972, 0.0 ], [ -78.872289226089137, 42.76731537199278, 0.0 ], [ -78.87211180900681, 42.767436953307538, 0.0 ], [ -78.872065664735686, 42.767468575173119, 0.0 ], [ -78.872046269177972, 42.767483022634543, 0.0 ], [ -78.871939610303684, 42.767562471059009, 0.0 ], [ -78.871769245475306, 42.767689372359627, 0.0 ], [ -78.871598879949644, 42.767816273408371, 0.0 ], [ -78.871507143976913, 42.767884604952144, 0.0 ], [ -78.87142851370578, 42.767943174189874, 0.0 ], [ -78.871258146760127, 42.768070074716114, 0.0 ], [ -78.871114852551386, 42.768176809096936, 0.0 ], [ -78.871101092858254, 42.768187058136483, 0.0 ], [ -78.871088719637939, 42.768197611034672, 0.0 ], [ -78.870930386496781, 42.768332650089334, 0.0 ], [ -78.870772052665458, 42.768467688925973, 0.0 ], [ -78.87061371814373, 42.768602727544646, 0.0 ], [ -78.870455382931709, 42.768737765945104, 0.0 ], [ -78.870297047029268, 42.768872804127462, 0.0 ], [ -78.870143902792123, 42.769003413783011, 0.0 ], [ -78.870136157803728, 42.769004760317173, 0.0 ], [ -78.870044696844445, 42.769020661554009, 0.0 ] ] } },
{ "type": "Feature", "properties": { "CalShoreTy": 1, "CalLandcov": 1, "CalSlope": 1, "CalSedi": 2, "CalRetreat": 1 }, "geometry": { "type": "LineString", "coordinates": [ [ -78.86507704136757, 42.811179708690986, 0.0 ], [ -78.86508925803318, 42.811202214236687, 0.0 ] ] } },
{ "type": "Feature", "properties": { "CalShoreTy": 1, "CalLandcov": 1, "CalSlope": 1, "CalSedi": 2, "CalRetreat": 1 }, "geometry": { "type": "LineString", "coordinates": [ [ -78.864939502891318, 42.810926330423506, 0.0 ], [ -78.864985643417839, 42.811011332391146, 0.0 ], [ -78.865075497238166, 42.811176864055767, 0.0 ], [ -78.865077041386499, 42.811179708685401, 0.0 ] ] } },
{ "type": "Feature", "properties": { "CalShoreTy": 1, "CalLandcov": 1, "CalSlope": 1, "CalSedi": 2, "CalRetreat": 1 }, "geometry": { "type": "LineString", "coordinates": [ [ -78.864117060677046, 42.8088779700809, 0.0 ], [ -78.864152257119912, 42.808970370070313, 0.0 ], [ -78.864217621870253, 42.809141969127545, 0.0 ], [ -78.864265595834922, 42.809267912319697, 0.0 ], [ -78.864282089596557, 42.809313747023467, 0.0 ], [ -78.864344082188993, 42.809486018322623, 0.0 ], [ -78.86440607512732, 42.809658289588157, 0.0 ], [ -78.864468068412606, 42.809830560819982, 0.0 ], [ -78.864492584251778, 42.809898686855163, 0.0 ], [ -78.864530670881919, 42.810002713077466, 0.0 ], [ -78.864593671969274, 42.810174787496052, 0.0 ], [ -78.864640770757546, 42.810303427427627, 0.0 ], [ -78.86466507838297, 42.810344715015994, 0.0 ], [ -78.864761378279852, 42.810508284100663, 0.0 ], [ -78.864778287799894, 42.810537005473613, 0.0 ], [ -78.86486598516322, 42.81066905448882, 0.0 ], [ -78.864871130755475, 42.810676802369436, 0.0 ], [ -78.864899767458056, 42.8108450506815, 0.0 ], [ -78.864901770315953, 42.810856817974098, 0.0 ], [ -78.864939502891318, 42.810926330423506, 0.0 ] ] } },
{ "type": "Feature", "properties": { "CalShoreTy": 1, "CalLandcov": 1, "CalSlope": 2, "CalSedi": 2, "CalRetreat": 1 }, "geometry": { "type": "LineString", "coordinates": [ [ -78.862398775040774, 42.805771833482034, 0.0 ], [ -78.862428800693479, 42.805840879542373, 0.0 ], [ -78.862434008084264, 42.805852854280417, 0.0 ], [ -78.862502615887749, 42.806010623299031, 0.0 ], [ -78.862576431448701, 42.80618036701734, 0.0 ], [ -78.862631577939126, 42.806307179342767, 0.0 ], [ -78.862652872812887, 42.806349447842081, 0.0 ], [ -78.862659349438886, 42.806362303233279, 0.0 ], [ -78.862737069448343, 42.806516570715551, 0.0 ], [ -78.862821266487657, 42.806683693541245, 0.0 ], [ -78.862905463990487, 42.806850816302884, 0.0 ], [ -78.862989661950905, 42.807017939002144, 0.0 ], [ -78.863073860365077, 42.807185061640105, 0.0 ], [ -78.863148468652753, 42.807333148357451, 0.0 ], [ -78.863157250800668, 42.807352393054089, 0.0 ], [ -78.86323435261933, 42.807521349024853, 0.0 ], [ -78.863311454860522, 42.807690304943598, 0.0 ], [ -78.863328333544061, 42.80772729146112, 0.0 ], [ -78.863408288097375, 42.807853494819256, 0.0 ], [ -78.863510651665479, 42.808015068596831, 0.0 ], [ -78.863529290253481, 42.808044488211245, 0.0 ], [ -78.8636228575714, 42.808173040034909, 0.0 ], [ -78.863737254998057, 42.808330209442737, 0.0 ], [ -78.863762832351711, 42.808365349771435, 0.0 ], [ -78.863860575417803, 42.808483650911654, 0.0 ], [ -78.863965802824225, 42.80861100995547, 0.0 ], [ -78.863982239402276, 42.808637652594882, 0.0 ], [ -78.864082380662992, 42.808799974611915, 0.0 ], [ -78.864095373377054, 42.808821034828654, 0.0 ], [ -78.864117060677245, 42.80887797008085, 0.0 ] ] } },
{ "type": "Feature", "properties": { "CalShoreTy": 1, "CalLandcov": 1, "CalSlope": 1, "CalSedi": 2, "CalRetreat": 1 }, "geometry": { "type": "LineString", "coordinates": [ [ -78.855189152981737, 42.796536809449435, 0.0 ], [ -78.855218392141694, 42.796580287067414, 0.0 ], [ -78.855280741097076, 42.796605676259283, 0.0 ], [ -78.855450714713598, 42.796674891135936, 0.0 ], [ -78.855464853516636, 42.796708876266479, 0.0 ], [ -78.855535749253008, 42.796879286200017, 0.0 ], [ -78.855606645380945, 42.797049696089573, 0.0 ], [ -78.855625666772298, 42.797095416799579, 0.0 ], [ -78.85566553832868, 42.797222461373799, 0.0 ], [ -78.855720030126321, 42.797396090320923, 0.0 ], [ -78.855774522155897, 42.797569719254774, 0.0 ], [ -78.855803864023898, 42.79766321126057, 0.0 ] ] } },
{ "type": "Feature", "properties": { "CalShoreTy": 1, "CalLandcov": 1, "CalSlope": 2, "CalSedi": 2, "CalRetreat": 1 }, "geometry": { "type": "LineString", "coordinates": [ [ -78.855803864023542, 42.797663211260627, 0.0 ], [ -78.855829014722786, 42.797743348123468, 0.0 ], [ -78.855839476585487, 42.797776682357529, 0.0 ], [ -78.855893148618236, 42.797915157735346, 0.0 ], [ -78.855901516846998, 42.797936747946238, 0.0 ], [ -78.855972583191672, 42.798083484999104, 0.0 ], [ -78.855977545935289, 42.798093731992758, 0.0 ], [ -78.856050523717983, 42.7981996762595, 0.0 ], [ -78.856069466909972, 42.798246236603312, 0.0 ], [ -78.85613892829997, 42.798416964658081, 0.0 ], [ -78.856192541291279, 42.798548738508423, 0.0 ], [ -78.856209043917303, 42.798587546219665, 0.0 ], [ -78.856281371742583, 42.798757632323387, 0.0 ], [ -78.856353699966007, 42.798927718381492, 0.0 ], [ -78.856411178795454, 42.799062884105709, 0.0 ], [ -78.856422056592805, 42.799098583448071, 0.0 ], [ -78.856475039182186, 42.799272463961906, 0.0 ], [ -78.856528022069995, 42.799446344451255, 0.0 ], [ -78.856553443745597, 42.799529773547889, 0.0 ], [ -78.856568289695943, 42.799621815690791, 0.0 ], [ -78.856596829141637, 42.799798754192643, 0.0 ], [ -78.85660083292251, 42.799823576701549, 0.0 ], [ -78.856663870779457, 42.799969604252233, 0.0 ], [ -78.856737195586163, 42.800139460755986, 0.0 ], [ -78.856804880073867, 42.800296250846486, 0.0 ], [ -78.856810520809859, 42.800309317209653, 0.0 ], [ -78.856823832607049, 42.800340153323653, 0.0 ], [ -78.856863010145659, 42.800404511184006, 0.0 ] ] } },
{ "type": "Feature", "properties": { "CalShoreTy": 1, "CalLandcov": 1, "CalSlope": 1, "CalSedi": 2, "CalRetreat": 1 }, "geometry": { "type": "LineString", "coordinates": [ [ -78.854877080016578, 42.796072769424541, 0.0 ], [ -78.854927588132497, 42.796147873504857, 0.0 ], [ -78.855035040655252, 42.796307651633626, 0.0 ], [ -78.855142493779496, 42.796467429644885, 0.0 ], [ -78.855189152983201, 42.796536809448895, 0.0 ] ] } },
{ "type": "Feature", "properties": { "CalShoreTy": 1, "CalLandcov": 1, "CalSlope": 1, "CalSedi": 2, "CalRetreat": 1 }, "geometry": { "type": "LineString", "coordinates": [ [ -78.854343264781136, 42.784304553767811, 0.0 ], [ -78.854324527198585, 42.78437168823524, 0.0 ], [ -78.854302761297561, 42.784449672609419, 0.0 ], [ -78.854265204462308, 42.784544309991141, 0.0 ], [ -78.854197316896702, 42.784715375328283, 0.0 ], [ -78.854165734890827, 42.784794956375897, 0.0 ], [ -78.854140918965868, 42.784888485184815, 0.0 ], [ -78.854094515767628, 42.785063373555225, 0.0 ], [ -78.854079311367428, 42.78512067698766, 0.0 ], [ -78.854054328634987, 42.785239059090955, 0.0 ], [ -78.854043237317612, 42.78529161578178, 0.0 ], [ -78.854029251370065, 42.785416183613513, 0.0 ], [ -78.854009314298253, 42.785593755121027, 0.0 ], [ -78.853989377113081, 42.785771326625138, 0.0 ], [ -78.853969439813852, 42.785948898125703, 0.0 ], [ -78.853954568112982, 42.786081352219618, 0.0 ], [ -78.853951218442091, 42.786126555738342, 0.0 ], [ -78.853938034876478, 42.786304466163351, 0.0 ], [ -78.853924851236016, 42.786482376586875, 0.0 ], [ -78.853924659463161, 42.786484964507494, 0.0 ], [ -78.853924731166074, 42.786660546073151, 0.0 ], [ -78.853924745072987, 42.786694600930822, 0.0 ], [ -78.853924748326918, 42.786695653320436, 0.0 ], [ -78.85392519063393, 42.786838719018967, 0.0 ], [ -78.853925741590601, 42.787016891874472, 0.0 ], [ -78.853925761245776, 42.787023319523698, 0.0 ], [ -78.853927155292169, 42.787195062133414, 0.0 ], [ -78.853928601520181, 42.787373232290477, 0.0 ], [ -78.853929163652921, 42.787442484762785, 0.0 ], [ -78.853929757814541, 42.78755140350713, 0.0 ], [ -78.85393066159827, 42.7877170798766, 0.0 ], [ -78.853930719755212, 42.787729575424926, 0.0 ], [ -78.853931549004301, 42.787907747703898, 0.0 ], [ -78.853932378258662, 42.78808591998289, 0.0 ], [ -78.853933207519219, 42.788264092261898, 0.0 ], [ -78.853933330108802, 42.788290431419789, 0.0 ], [ -78.853953025856356, 42.78844157587163, 0.0 ], [ -78.853976138434689, 42.788618940010586, 0.0 ], [ -78.853995146078887, 42.788764802428872, 0.0 ], [ -78.853994640871676, 42.788796445692604, 0.0 ], [ -78.853991796395761, 42.788974606782347, 0.0 ], [ -78.853988951919689, 42.789152767872118, 0.0 ], [ -78.853986107430003, 42.789330928961959, 0.0 ], [ -78.85398326291606, 42.789509090051496, 0.0 ], [ -78.853980418356201, 42.789687251140805, 0.0 ], [ -78.853979324263335, 42.789755774554074, 0.0 ], [ -78.853979277081791, 42.789758744548081, 0.0 ], [ -78.853977565317734, 42.789865412157091, 0.0 ], [ -78.853974706241345, 42.790043573121416, 0.0 ], [ -78.853971847149396, 42.790221734085662, 0.0 ], [ -78.853969982136789, 42.790337949594424, 0.0 ], [ -78.853969160573826, 42.790399896411493, 0.0 ], [ -78.853966797672499, 42.790578061291882, 0.0 ], [ -78.853964434759121, 42.790756226172213, 0.0 ], [ -78.853962071832726, 42.790934391052467, 0.0 ], [ -78.853959740829609, 42.791110147893306, 0.0 ], [ -78.85395962589746, 42.791112554569331, 0.0 ], [ -78.85395552464712, 42.791198434225812, 0.0 ], [ -78.853945467104495, 42.79128647149129, 0.0 ], [ -78.85394524312261, 42.791290362866519, 0.0 ], [ -78.853935824283127, 42.791454001424725, 0.0 ], [ -78.853936914415456, 42.791468368021661, 0.0 ], [ -78.853950413271946, 42.791646265759674, 0.0 ], [ -78.853953674492814, 42.791689244345122, 0.0 ], [ -78.853961799386298, 42.791819995401461, 0.0 ], [ -78.853962494897004, 42.791824205808631, 0.0 ], [ -78.853982540665967, 42.791945556475916, 0.0 ], [ -78.853989661020123, 42.792001246214618, 0.0 ], [ -78.854007713318182, 42.792142436460075, 0.0 ], [ -78.854008726347971, 42.792178791833976, 0.0 ], [ -78.854012565811772, 42.792316581265098, 0.0 ], [ -78.854018772990798, 42.792356678462376, 0.0 ], [ -78.854039854146933, 42.792492858793551, 0.0 ], [ -78.854046178688833, 42.792533713164318, 0.0 ], [ -78.854049557641858, 42.792555540078659, 0.0 ], [ -78.854076265945537, 42.792710511684639, 0.0 ], [ -78.85410673040937, 42.792887276987912, 0.0 ], [ -78.854137195047741, 42.793064042282992, 0.0 ], [ -78.854167659861375, 42.793240807569958, 0.0 ], [ -78.854191203436088, 42.79337741320559, 0.0 ], [ -78.85420162138206, 42.793417164312693, 0.0 ], [ -78.854247476807203, 42.793592131379242, 0.0 ], [ -78.854293332491963, 42.793767098427338, 0.0 ], [ -78.854338803105449, 42.793940595194513, 0.0 ], [ -78.85433936675895, 42.793942034135242, 0.0 ], [ -78.854406443933982, 42.794113273725443, 0.0 ], [ -78.854443343135458, 42.794207472323102, 0.0 ], [ -78.854463649678451, 42.794286235666803, 0.0 ], [ -78.854494490687514, 42.794405858837131, 0.0 ], [ -78.854510372212459, 42.794461070557382, 0.0 ], [ -78.8545605186481, 42.794635402708685, 0.0 ], [ -78.854597649432463, 42.794764485800194, 0.0 ], [ -78.854624044204144, 42.794806480645711, 0.0 ], [ -78.854701753280779, 42.794930117667427, 0.0 ], [ -78.854710776721817, 42.794971613015406, 0.0 ], [ -78.854749037784671, 42.795147560439915, 0.0 ], [ -78.854754924059179, 42.795174629162382, 0.0 ], [ -78.854787299092195, 42.795323507848586, 0.0 ], [ -78.854819522044281, 42.795471686469121, 0.0 ], [ -78.854835319176104, 42.795497306223112, 0.0 ], [ -78.85493541264637, 42.795659637047393, 0.0 ], [ -78.854949031632202, 42.795681724141517, 0.0 ], [ -78.854938855107505, 42.795835473562342, 0.0 ], [ -78.85493401852591, 42.79590854554403, 0.0 ], [ -78.854843763568908, 42.795990045022627, 0.0 ], [ -78.854829878905193, 42.796002582733067, 0.0 ], [ -78.854877080016578, 42.796072769424526, 0.0 ] ] } },
{ "type": "Feature", "properties": { "CalShoreTy": 1, "CalLandcov": 1, "CalSlope": 2, "CalSedi": 2, "CalRetreat": 1 }, "geometry": { "type": "LineString", "coordinates": [ [ -78.854817339253785, 42.783137381736012, 0.0 ], [ -78.854786762897604, 42.783284746339923, 0.0 ], [ -78.854779221796761, 42.783321091021982, 0.0 ], [ -78.854771753742142, 42.783462394401809, 0.0 ], [ -78.854770540876757, 42.783485343010256, 0.0 ], [ -78.854769357489346, 42.783578709548493, 0.0 ], [ -78.854688931075344, 42.783597138398093, 0.0 ], [ -78.854669099135549, 42.78360168266294, 0.0 ], [ -78.854557415465507, 42.783606372799184, 0.0 ], [ -78.854549030442172, 42.783615122270369, 0.0 ], [ -78.854494054024457, 42.783672478893735, 0.0 ], [ -78.854478634790965, 42.783688565678219, 0.0 ], [ -78.854434934894385, 42.783843791814746, 0.0 ], [ -78.854417696823702, 42.783905022840152, 0.0 ], [ -78.854417030823669, 42.783905883244202, 0.0 ], [ -78.854400614924543, 42.784019907915415, 0.0 ], [ -78.854392682204562, 42.784075008354499, 0.0 ], [ -78.854367143045721, 42.784196335204008, 0.0 ], [ -78.85434773291226, 42.784288545056157, 0.0 ], [ -78.854343264781107, 42.784304553767811, 0.0 ] ] } },
{ "type": "Feature", "properties": { "CalShoreTy": 3, "CalLandcov": 1, "CalSlope": 2, "CalSedi": 2, "CalRetreat": 1 }, "geometry": { "type": "LineString", "coordinates": [ [ -78.85933976280694, 42.800727731571669, 0.0 ], [ -78.859386060168418, 42.800808766298566, 0.0 ], [ -78.859394473535062, 42.800821422093094, 0.0 ], [ -78.859468153257694, 42.800932254458566, 0.0 ], [ -78.859512713264934, 42.800976306957907, 0.0 ], [ -78.859657436486529, 42.80111938132697, 0.0 ], [ -78.859773651878029, 42.801234272047139, 0.0 ], [ -78.859791127183613, 42.801266943633038, 0.0 ], [ -78.859818423874188, 42.801317976847308, 0.0 ], [ -78.85987984116592, 42.801432801810272, 0.0 ], [ -78.859932475434846, 42.801531205757662, 0.0 ], [ -78.859965526056499, 42.80159949053143, 0.0 ], [ -78.860046792076076, 42.801767390827081, 0.0 ], [ -78.860118269497264, 42.801915066509345, 0.0 ], [ -78.860128900321143, 42.801935060991326, 0.0 ], [ -78.860201227006456, 42.802071092843583, 0.0 ], [ -78.860213177643558, 42.802102031495259, 0.0 ], [ -78.860279392829625, 42.802273453452564, 0.0 ], [ -78.860288009567711, 42.80229576092232, 0.0 ], [ -78.860371007058845, 42.802438283922527, 0.0 ], [ -78.860466421417911, 42.802602128237289, 0.0 ], [ -78.860557855129954, 42.802759136143706, 0.0 ], [ -78.86056183628385, 42.802765972472422, 0.0 ], [ -78.860657251646714, 42.802929816630993, 0.0 ], [ -78.860725826125588, 42.803047569908884, 0.0 ], [ -78.860762835930387, 42.803089698976926, 0.0 ], [ -78.860894399173404, 42.803239459721404, 0.0 ], [ -78.86102596305409, 42.803389220315076, 0.0 ], [ -78.861157527573596, 42.803538980757217, 0.0 ], [ -78.861175011912721, 42.8035588831872, 0.0 ], [ -78.86127399106104, 42.8036952469159, 0.0 ], [ -78.861353017751966, 42.803804121731716, 0.0 ], [ -78.8613881405998, 42.80385251006971, 0.0 ], [ -78.861502290802733, 42.804009773077262, 0.0 ], [ -78.861613839971199, 42.804163451785215, 0.0 ], [ -78.861616366928942, 42.804167064608478, 0.0 ], [ -78.8617272422767, 42.804325584013398, 0.0 ], [ -78.861838118194356, 42.804484103310763, 0.0 ], [ -78.861848244265573, 42.804498580508593, 0.0 ], [ -78.861931648836176, 42.804648472257703, 0.0 ], [ -78.861957538343518, 42.804694999805633, 0.0 ], [ -78.862008992420257, 42.804817220511431, 0.0 ], [ -78.862080661700588, 42.804987458267426, 0.0 ], [ -78.86214739950195, 42.805145981276731, 0.0 ], [ -78.862152080520275, 42.805157751249169, 0.0 ], [ -78.862220105138661, 42.805328792110913, 0.0 ], [ -78.862288130133749, 42.805499832932213, 0.0 ], [ -78.862356155506774, 42.80567087371292, 0.0 ], [ -78.862369904292123, 42.805705443090325, 0.0 ], [ -78.862398775040774, 42.805771833482034, 0.0 ] ] } },
{ "type": "Feature", "properties": { "CalShoreTy": 3, "CalLandcov": 3, "CalSlope": 2, "CalSedi": 2, "CalRetreat": 1 }, "geometry": { "type": "LineString", "coordinates": [ [ -78.856863010145432, 42.800404511184084, 0.0 ], [ -78.856904887007914, 42.800473302591229, 0.0 ], [ -78.856917676231106, 42.800494311501581, 0.0 ], [ -78.85692472486582, 42.800505890597407, 0.0 ], [ -78.857117593471528, 42.800522489108481, 0.0 ], [ -78.85735466965437, 42.800542891438077, 0.0 ], [ -78.857358774563949, 42.800543244891244, 0.0 ], [ -78.857599955750544, 42.800564000593845, 0.0 ], [ -78.857841137100166, 42.800584755782921, 0.0 ], [ -78.857861917858941, 42.800586544074648, 0.0 ], [ -78.858083282038805, 42.800597971883462, 0.0 ], [ -78.858325517916285, 42.800610476688334, 0.0 ], [ -78.85856775389162, 42.800622980981728, 0.0 ], [ -78.858809989965067, 42.800635484764157, 0.0 ], [ -78.858835096122803, 42.800636780667787, 0.0 ], [ -78.859052111580908, 42.800649124881922, 0.0 ], [ -78.85929422005843, 42.800662895939077, 0.0 ], [ -78.859303005842619, 42.800663395661836, 0.0 ], [ -78.85933976280694, 42.800727731571669, 0.0 ] ] } },
{ "type": "Feature", "properties": { "CalShoreTy": 1, "CalLandcov": 1, "CalSlope": 2, "CalSedi": 2, "CalRetreat": 1 }, "geometry": { "type": "LineString", "coordinates": [ [ -78.872101383407482, 42.825366194287795, 0.0 ], [ -78.872122613401118, 42.825513363550073, 0.0 ], [ -78.872148173380182, 42.825690547932616, 0.0 ], [ -78.872148696643521, 42.825694175238709, 0.0 ], [ -78.872153816185346, 42.825868660609892, 0.0 ], [ -78.872159042755072, 42.826046792688203, 0.0 ], [ -78.872160148451201, 42.826084476923548, 0.0 ], [ -78.872149387588195, 42.826223012812122, 0.0 ], [ -78.872149663129093, 42.826224720744527, 0.0 ], [ -78.872178208793827, 42.826401659772358, 0.0 ], [ -78.872206754622923, 42.82657859879302, 0.0 ], [ -78.872216968616698, 42.826641909160301, 0.0 ], [ -78.87226286987044, 42.826751266057983, 0.0 ], [ -78.872273866134861, 42.826777463824143, 0.0 ], [ -78.872331565466482, 42.826914928496151, 0.0 ], [ -78.872334346134394, 42.8269215532152, 0.0 ], [ -78.872405822869354, 42.827091840310544, 0.0 ], [ -78.872429925891211, 42.827149263438159, 0.0 ], [ -78.872482399142939, 42.827260907550816, 0.0 ], [ -78.87256157019435, 42.827429354120817, 0.0 ], [ -78.872640741678822, 42.827597800635765, 0.0 ], [ -78.872661374281137, 42.827641698729487, 0.0 ], [ -78.872717255316033, 42.827766902152383, 0.0 ], [ -78.872792832437369, 42.827936234498509, 0.0 ], [ -78.872868409973776, 42.828105566794783, 0.0 ], [ -78.872943987926561, 42.828274899040714, 0.0 ], [ -78.872944404650113, 42.828275832706289, 0.0 ], [ -78.873021753315427, 42.828443697721966, 0.0 ], [ -78.873052254317102, 42.828509891889901, 0.0 ], [ -78.873096400510704, 42.828524046343681, 0.0 ] ] } },
{ "type": "Feature", "properties": { "CalShoreTy": 3, "CalLandcov": 3, "CalSlope": 2, "CalSedi": 2, "CalRetreat": 1 }, "geometry": { "type": "LineString", "coordinates": [ [ -78.861002813377141, 42.837166507304801, 0.0 ], [ -78.861038884576502, 42.837294163593192, 0.0 ], [ -78.861080181130134, 42.837440311791738, 0.0 ], [ -78.861042975743302, 42.837449908487052, 0.0 ], [ -78.86087615389016, 42.837492938046253, 0.0 ] ] } },
{ "type": "Feature", "properties": { "CalShoreTy": 3, "CalLandcov": 2, "CalSlope": 2, "CalSedi": 2, "CalRetreat": 1 }, "geometry": { "type": "LineString", "coordinates": [ [ -78.860481842212181, 42.835322737836385, 0.0 ], [ -78.860496614515924, 42.835375020256215, 0.0 ], [ -78.86054591032115, 42.835549487950487, 0.0 ], [ -78.860595206444884, 42.835723955617425, 0.0 ], [ -78.86064450285896, 42.835898423261447, 0.0 ], [ -78.860693799552152, 42.836072890884111, 0.0 ], [ -78.860743096512891, 42.83624735848732, 0.0 ], [ -78.860750680786268, 42.836274199970205, 0.0 ], [ -78.860792393789424, 42.836421826063656, 0.0 ], [ -78.860841691355233, 42.836596293617191, 0.0 ], [ -78.860890989228565, 42.836770761145139, 0.0 ], [ -78.860940287446951, 42.836945228641717, 0.0 ], [ -78.860989586098412, 42.837119696093417, 0.0 ], [ -78.861002813377141, 42.837166507304801, 0.0 ] ] } },
{ "type": "Feature", "properties": { "CalShoreTy": 3, "CalLandcov": 3, "CalSlope": 2, "CalSedi": 2, "CalRetreat": 1 }, "geometry": { "type": "LineString", "coordinates": [ [ -78.860475456824958, 42.835131469660986, 0.0 ], [ -78.860454147518823, 42.835200597680867, 0.0 ], [ -78.860450591153679, 42.835212134618239, 0.0 ], [ -78.860481842210149, 42.835322737836691, 0.0 ] ] } },
{ "type": "Feature", "properties": { "CalShoreTy": 3, "CalLandcov": 2, "CalSlope": 2, "CalSedi": 2, "CalRetreat": 1 }, "geometry": { "type": "LineString", "coordinates": [ [ -78.859872045402042, 42.833849387403724, 0.0 ], [ -78.85991981823534, 42.833843775745336, 0.0 ], [ -78.860085927821473, 42.833824263432895, 0.0 ], [ -78.860104362335377, 42.833822097981283, 0.0 ], [ -78.860159725067703, 42.833815594572052, 0.0 ], [ -78.86027416748172, 42.833802151042008, 0.0 ], [ -78.860285399298533, 42.833800831636019, 0.0 ], [ -78.860388179938852, 42.83383977421952, 0.0 ], [ -78.860493941790992, 42.83387984620682, 0.0 ], [ -78.860506945981371, 42.83397021925726, 0.0 ], [ -78.860532442705079, 42.83414740881215, 0.0 ], [ -78.860557939575344, 42.834324598361285, 0.0 ], [ -78.860583436592705, 42.834501787904756, 0.0 ], [ -78.860608933758499, 42.834678977442358, 0.0 ], [ -78.860610845961659, 42.83469226603178, 0.0 ], [ -78.860561291808438, 42.83485302091178, 0.0 ], [ -78.860507719685856, 42.835026809287335, 0.0 ], [ -78.860475456824062, 42.835131469660844, 0.0 ] ] } },
{ "type": "Feature", "properties": { "CalShoreTy": 3, "CalLandcov": 3, "CalSlope": 2, "CalSedi": 2, "CalRetreat": 1 }, "geometry": { "type": "LineString", "coordinates": [ [ -78.85960880067114, 42.833851452111112, 0.0 ], [ -78.859680311058796, 42.833863739252372, 0.0 ], [ -78.859706661517379, 42.833868266859206, 0.0 ], [ -78.859708554976109, 42.833868592198129, 0.0 ], [ -78.859872045402597, 42.833849387406275, 0.0 ] ] } },
{ "type": "Feature", "properties": { "CalShoreTy": 3, "CalLandcov": 2, "CalSlope": 2, "CalSedi": 2, "CalRetreat": 1 }, "geometry": { "type": "LineString", "coordinates": [ [ -78.856460809115958, 42.833722650205928, 0.0 ], [ -78.856570497454555, 42.833703998286538, 0.0 ], [ -78.856648390529699, 42.833690752911302, 0.0 ], [ -78.856811316655495, 42.833694468473986, 0.0 ], [ -78.857054163948106, 42.83370000622341, 0.0 ], [ -78.857297011284274, 42.833705543458336, 0.0 ], [ -78.857310212033426, 42.833705844437119, 0.0 ], [ -78.857535568597442, 42.833738664472847, 0.0 ], [ -78.857773879566963, 42.833773370616093, 0.0 ], [ -78.857845334536222, 42.83378377677343, 0.0 ], [ -78.858013150486613, 42.833763338248588, 0.0 ], [ -78.858252832231344, 42.83373414664441, 0.0 ], [ -78.858492513749482, 42.833704954539343, 0.0 ], [ -78.858604186908337, 42.833691353081797, 0.0 ], [ -78.85873135076092, 42.833710298923954, 0.0 ], [ -78.858969451386642, 42.833745772562281, 0.0 ], [ -78.859152339499133, 42.833773019950023, 0.0 ], [ -78.85916065043736, 42.833774448008121, 0.0 ], [ -78.859207194468766, 42.833782445594693, 0.0 ], [ -78.859443752598253, 42.833823092698246, 0.0 ], [ -78.85960880067114, 42.833851452111112, 0.0 ] ] } },
{ "type": "Feature", "properties": { "CalShoreTy": 3, "CalLandcov": 2, "CalSlope": 2, "CalSedi": 2, "CalRetreat": 1 }, "geometry": { "type": "LineString", "coordinates": [ [ -78.853140277660827, 42.83391701157845, 0.0 ], [ -78.853096280251009, 42.833929631937202, 0.0 ], [ -78.853024001015754, 42.833949320212902, 0.0 ], [ -78.852796239929916, 42.834011360098231, 0.0 ], [ -78.852568478386857, 42.83407339953208, 0.0 ], [ -78.852340716386394, 42.834135438514451, 0.0 ], [ -78.852112953928653, 42.834197477045315, 0.0 ], [ -78.851885191013494, 42.834259515124593, 0.0 ], [ -78.851657427641015, 42.834321552752186, 0.0 ], [ -78.851429663810947, 42.834383589928109, 0.0 ], [ -78.851201899523474, 42.834445626652148, 0.0 ], [ -78.850974134778397, 42.834507662924082, 0.0 ], [ -78.850746369575489, 42.834569698743493, 0.0 ], [ -78.85051860391421, 42.834631734109344, 0.0 ], [ -78.850290837793167, 42.834693769018998, 0.0 ], [ -78.850098112686354, 42.834746259609538, 0.0 ], [ -78.850063071224312, 42.834755803495767, 0.0 ], [ -78.849835304201989, 42.834817837528895, 0.0 ], [ -78.849607536718153, 42.834879871101954, 0.0 ], [ -78.849379768774909, 42.834941904219463, 0.0 ], [ -78.849152000373394, 42.83500393688351, 0.0 ], [ -78.848924231514147, 42.835065969095133, 0.0 ], [ -78.848696462197324, 42.835128000854752, 0.0 ], [ -78.848468692422998, 42.835190032162522, 0.0 ], [ -78.848240922191323, 42.835252063018451, 0.0 ], [ -78.848013151502101, 42.835314093422568, 0.0 ], [ -78.847785380355404, 42.835376123374694, 0.0 ], [ -78.847557608750947, 42.835438152874573, 0.0 ], [ -78.847329836688701, 42.835500181921752, 0.0 ], [ -78.84710206416797, 42.835562210515214, 0.0 ], [ -78.846874291187717, 42.835624238652514, 0.0 ], [ -78.846646517743395, 42.835686266324892, 0.0 ], [ -78.846593954400305, 42.835700580353858, 0.0 ], [ -78.846496894376173, 42.835727011815443, 0.0 ], [ -78.846524208024533, 42.835784769729592, 0.0 ], [ -78.846603815499449, 42.835953108419645, 0.0 ], [ -78.846683423408891, 42.836121447054204, 0.0 ], [ -78.846712534804368, 42.836183005675366, 0.0 ], [ -78.846823629396937, 42.836227714784492, 0.0 ], [ -78.846847907226433, 42.836237025318965, 0.0 ], [ -78.847029219159197, 42.836306558090591, 0.0 ], [ -78.847066448388901, 42.836299763460936, 0.0 ], [ -78.847302230164374, 42.836256731096768, 0.0 ], [ -78.847349286609756, 42.836248142792421, 0.0 ], [ -78.847525200441822, 42.836187328373867, 0.0 ], [ -78.847685187780939, 42.836132019495466, 0.0 ], [ -78.847728479018912, 42.836095391319787, 0.0 ], [ -78.847887612957521, 42.835960749564485, 0.0 ], [ -78.847937360328643, 42.83591865860685, 0.0 ], [ -78.847961895641831, 42.835911832529519, 0.0 ], [ -78.84809351566534, 42.835875213820486, 0.0 ], [ -78.848320688010716, 42.835812010533878, 0.0 ], [ -78.848547859891937, 42.835748806799181, 0.0 ], [ -78.848775031309714, 42.835685602617907, 0.0 ], [ -78.84900220226578, 42.83562239799334, 0.0 ], [ -78.849229372764057, 42.83555919293309, 0.0 ], [ -78.849369169891531, 42.835520297292362, 0.0 ], [ -78.849456542794059, 42.835495987416749, 0.0 ], [ -78.849683712341275, 42.835432781416202, 0.0 ], [ -78.849910881428798, 42.835369574976347, 0.0 ], [ -78.850138050053488, 42.835306368091025, 0.0 ], [ -78.850365218214364, 42.835243160758473, 0.0 ], [ -78.850592385911099, 42.835179952977832, 0.0 ], [ -78.850819553143339, 42.835116744748817, 0.0 ], [ -78.851046719911224, 42.835053536071058, 0.0 ], [ -78.851273886214457, 42.834990326944428, 0.0 ], [ -78.851501052052825, 42.834927117368672, 0.0 ], [ -78.85172821742627, 42.834863907343284, 0.0 ], [ -78.851955382334225, 42.834800696867433, 0.0 ], [ -78.852182546775808, 42.834737485939165, 0.0 ], [ -78.852286789911133, 42.834708478980453, 0.0 ], [ -78.852409710753406, 42.834674274563298, 0.0 ], [ -78.852636874265855, 42.834611062737636, 0.0 ], [ -78.852864037337525, 42.834547850443244, 0.0 ], [ -78.853091199903147, 42.834484637751885, 0.0 ], [ -78.85331836202711, 42.834421424590047, 0.0 ], [ -78.85333377100531, 42.834417136660505, 0.0 ], [ -78.853334200510403, 42.834417024698269, 0.0 ], [ -78.853378413806269, 42.834405499283129, 0.0 ] ] } },
{ "type": "Feature", "properties": { "CalShoreTy": 3, "CalLandcov": 3, "CalSlope": 2, "CalSedi": 2, "CalRetreat": 1 }, "geometry": { "type": "LineString", "coordinates": [ [ -78.853264764020963, 42.83388130340834, 0.0 ], [ -78.853250745096673, 42.833885324661978, 0.0 ], [ -78.853140277659747, 42.833917011576382, 0.0 ] ] } },
{ "type": "Feature", "properties": { "CalShoreTy": 3, "CalLandcov": 2, "CalSlope": 2, "CalSedi": 2, "CalRetreat": 1 }, "geometry": { "type": "LineString", "coordinates": [ [ -78.853469670563413, 42.833822526982281, 0.0 ], [ -78.853264764020963, 42.83388130340834, 0.0 ] ] } },
{ "type": "Feature", "properties": { "CalShoreTy": 3, "CalLandcov": 3, "CalSlope": 2, "CalSedi": 2, "CalRetreat": 1 }, "geometry": { "type": "LineString", "coordinates": [ [ -78.853924162703578, 42.833692155877927, 0.0 ], [ -78.853703286685729, 42.833755514327649, 0.0 ], [ -78.853598853638488, 42.833785470363985, 0.0 ], [ -78.853477016231793, 42.833820419911888, 0.0 ], [ -78.853469670534579, 42.833822526927612, 0.0 ] ] } },
{ "type": "Feature", "properties": { "CalShoreTy": 3, "CalLandcov": 2, "CalSlope": 2, "CalSedi": 2, "CalRetreat": 1 }, "geometry": { "type": "LineString", "coordinates": [ [ -78.854257712541184, 42.833596476595702, 0.0 ], [ -78.854155826705579, 42.833625702838006, 0.0 ], [ -78.853929556825889, 42.833690608602758, 0.0 ], [ -78.853924162606035, 42.833692155691587, 0.0 ] ] } },
{ "type": "Feature", "properties": { "CalShoreTy": 3, "CalLandcov": 3, "CalSlope": 2, "CalSedi": 2, "CalRetreat": 1 }, "geometry": { "type": "LineString", "coordinates": [ [ -78.857862587473861, 42.821654246620163, 0.0 ], [ -78.857820641107224, 42.821562818563869, 0.0 ], [ -78.857812073217602, 42.821564821184658, 0.0 ], [ -78.857649870448981, 42.821602733592783, 0.0 ], [ -78.857627827547319, 42.821551937446941, 0.0 ], [ -78.85755415178437, 42.821382156764265, 0.0 ], [ -78.857480476427241, 42.821212376034168, 0.0 ], [ -78.857468513982496, 42.821184809158112, 0.0 ], [ -78.857325640357899, 42.821163871414093, 0.0 ], [ -78.857303649132362, 42.821124683423221, 0.0 ], [ -78.857242952079986, 42.821016522024749, 0.0 ], [ -78.857242568915296, 42.821016630631718, 0.0 ], [ -78.857217401954188, 42.821023764198372, 0.0 ], [ -78.857165113468724, 42.821038585042793, 0.0 ], [ -78.85693852828949, 42.821102809067845, 0.0 ], [ -78.856890146839703, 42.82111652238973, 0.0 ], [ -78.856885197944223, 42.821117925111501, 0.0 ], [ -78.856943946817154, 42.821247168375123, 0.0 ], [ -78.857020779784349, 42.82141619447502, 0.0 ], [ -78.857097613171703, 42.82158522052368, 0.0 ], [ -78.857174446979116, 42.821754246520861, 0.0 ], [ -78.857251281206658, 42.821923272466755, 0.0 ], [ -78.857328115854301, 42.822092298361227, 0.0 ], [ -78.85740495092206, 42.822261324204312, 0.0 ], [ -78.857481786409878, 42.822430349996161, 0.0 ], [ -78.857558622317697, 42.822599375736559, 0.0 ], [ -78.857635458645532, 42.822768401425613, 0.0 ], [ -78.857712295393057, 42.822937427063401, 0.0 ], [ -78.857789132559915, 42.823106452650073, 0.0 ], [ -78.857865970145099, 42.823275478185771, 0.0 ], [ -78.857942808146589, 42.823444503671077, 0.0 ], [ -78.857954629252319, 42.823470507305835, 0.0 ], [ -78.858019646569105, 42.823613529104826, 0.0 ], [ -78.858096485429499, 42.823782554482811, 0.0 ], [ -78.858173324704907, 42.823951579810611, 0.0 ], [ -78.858250164398271, 42.824120605087693, 0.0 ], [ -78.858327004510613, 42.824289630313594, 0.0 ], [ -78.858403845042389, 42.824458655488414, 0.0 ], [ -78.858480685993783, 42.824627680611883, 0.0 ], [ -78.858557527364894, 42.824796705684165, 0.0 ], [ -78.858634369155638, 42.824965730705209, 0.0 ], [ -78.858711211365616, 42.825134755675052, 0.0 ], [ -78.858788053994019, 42.82530378059397, 0.0 ], [ -78.858864897038984, 42.825472805462397, 0.0 ], [ -78.858941740496547, 42.825641830281349, 0.0 ], [ -78.859018584358083, 42.82581085505285, 0.0 ], [ -78.859095428605528, 42.825979879781507, 0.0 ], [ -78.859136806233494, 42.826070892864379, 0.0 ], [ -78.859172273301382, 42.82614890445177, 0.0 ], [ -78.859249118512267, 42.826317929047342, 0.0 ], [ -78.859325964113793, 42.826486953598824, 0.0 ], [ -78.859402810124195, 42.826655978101698, 0.0 ], [ -78.859479656549155, 42.8268250025546, 0.0 ], [ -78.859556503390976, 42.826994026956974, 0.0 ], [ -78.859633350650796, 42.827163051308496, 0.0 ], [ -78.859710198329111, 42.827332075609007, 0.0 ], [ -78.859787046425922, 42.827501099858637, 0.0 ], [ -78.859863894940645, 42.82767012405742, 0.0 ], [ -78.859940743871647, 42.827839148205832, 0.0 ], [ -78.860017593214991, 42.828008172304777, 0.0 ], [ -78.860094442962264, 42.828177196356421, 0.0 ], [ -78.86017129309522, 42.828346220365169, 0.0 ], [ -78.860248143575205, 42.828515244340522, 0.0 ], [ -78.860319082736055, 42.828671266577466, 0.0 ], [ -78.860324994523168, 42.828684268252722, 0.0 ], [ -78.860401846126564, 42.828853292055676, 0.0 ], [ -78.860478698065904, 42.829022315828034, 0.0 ], [ -78.860555550398885, 42.829191339555543, 0.0 ], [ -78.860632403139874, 42.829360363234656, 0.0 ], [ -78.860709256294385, 42.829529386864039, 0.0 ], [ -78.860786109865217, 42.829698410443072, 0.0 ], [ -78.860862963853961, 42.829867433971266, 0.0 ], [ -78.860939818261983, 42.830036457448273, 0.0 ], [ -78.861016673091044, 42.830205480873779, 0.0 ], [ -78.861093528343972, 42.830374504247004, 0.0 ], [ -78.861170384026352, 42.83054352756659, 0.0 ], [ -78.861247240149794, 42.830712550829695, 0.0 ], [ -78.861250623659913, 42.830719991878823, 0.0 ], [ -78.86132409665791, 42.830881574050181, 0.0 ], [ -78.861400953597339, 42.83105059721651, 0.0 ], [ -78.861477810989385, 42.831219620323601, 0.0 ], [ -78.861501459672823, 42.83127162761874, 0.0 ], [ -78.861554668736417, 42.83138864339535, 0.0 ], [ -78.861586301306033, 42.831458208558622, 0.0 ], [ -78.861545407766954, 42.831558670034717, 0.0 ], [ -78.861534333754975, 42.831585875043793, 0.0 ], [ -78.861378990273082, 42.831683119382063, 0.0 ], [ -78.861200959965771, 42.83179456493697, 0.0 ], [ -78.861192106636409, 42.831793998522755, 0.0 ], [ -78.861035208518373, 42.831783960440283, 0.0 ], [ -78.860950068811277, 42.831778513251408, 0.0 ], [ -78.860708031107492, 42.831763027469677, 0.0 ], [ -78.860465993525125, 42.831747541177108, 0.0 ], [ -78.860223956064104, 42.831732054374342, 0.0 ], [ -78.86013216956998, 42.831726181266653, 0.0 ], [ -78.859981918724401, 42.831716567061868, 0.0 ], [ -78.859969269739153, 42.831715757673102, 0.0 ], [ -78.860048674812361, 42.831874261245702, 0.0 ], [ -78.860132458901816, 42.832041505000404, 0.0 ], [ -78.860183461566677, 42.832143312365375, 0.0 ], [ -78.860205493653226, 42.832211126858091, 0.0 ], [ -78.860221247022125, 42.832259615440989, 0.0 ], [ -78.860261804245866, 42.832384448635935, 0.0 ], [ -78.860306414873079, 42.832521757411655, 0.0 ], [ -78.860314816730494, 42.832558262108826, 0.0 ], [ -78.860355252999071, 42.832733950449473, 0.0 ], [ -78.860383247427308, 42.83285558054046, 0.0 ], [ -78.860395689495462, 42.832909638776265, 0.0 ], [ -78.860418976630015, 42.833010816283796, 0.0 ], [ -78.860315983909643, 42.833013155460485, 0.0 ], [ -78.860250842930256, 42.833014634896372, 0.0 ], [ -78.860196403732076, 42.832890517378296, 0.0 ], [ -78.860175452848125, 42.832842750705765, 0.0 ], [ -78.860001555430969, 42.832853715929232, 0.0 ], [ -78.859759487184135, 42.832868979268078, 0.0 ], [ -78.859517418817376, 42.832884242095773, 0.0 ], [ -78.859275350331146, 42.832899504412985, 0.0 ], [ -78.859033281725345, 42.832914766220142, 0.0 ], [ -78.85884741985447, 42.832926483984131, 0.0 ], [ -78.858796886494716, 42.832908092838998, 0.0 ], [ -78.85864177679737, 42.832851641900696, 0.0 ], [ -78.858577348015686, 42.832871334268148, 0.0 ], [ -78.858353085106117, 42.832939878835532, 0.0 ], [ -78.858279845086088, 42.832962264064605, 0.0 ], [ -78.858116831072053, 42.83297254032955, 0.0 ], [ -78.857874761897975, 42.832987799729672, 0.0 ], [ -78.85763269260444, 42.833003058620136, 0.0 ], [ -78.857505739132876, 42.833011060951762, 0.0 ], [ -78.857410733936362, 42.833059280943417, 0.0 ], [ -78.85734900683633, 42.833090610516756, 0.0 ], [ -78.857181139899922, 42.833092779848641, 0.0 ], [ -78.857162453252286, 42.833093021228656, 0.0 ], [ -78.85693821530981, 42.833095919065777, 0.0 ], [ -78.856695290695171, 42.833099057775769, 0.0 ], [ -78.856452366054711, 42.833102195924347, 0.0 ], [ -78.85620944138914, 42.833105333539507, 0.0 ], [ -78.855966516698672, 42.833108470633022, 0.0 ], [ -78.85595854330991, 42.833108573590664, 0.0 ], [ -78.85573970367291, 42.833171352120509, 0.0 ], [ -78.855513437009478, 42.833236260794685, 0.0 ], [ -78.855287169892449, 42.833301169064399, 0.0 ], [ -78.855060902299741, 42.833366076887962, 0.0 ], [ -78.854834634214058, 42.8334309842325, 0.0 ], [ -78.854608365609408, 42.833495891048877, 0.0 ], [ -78.854382096413559, 42.833560797200981, 0.0 ], [ -78.854257712537262, 42.833596476588198, 0.0 ] ] } },
{ "type": "Feature", "properties": { "CalShoreTy": 3, "CalLandcov": 3, "CalSlope": 1, "CalSedi": 2, "CalRetreat": 1 }, "geometry": { "type": "LineString", "coordinates": [ [ -78.862359466472611, 42.831029631024698, 0.0 ], [ -78.862178191698888, 42.830996291254174, 0.0 ], [ -78.86214862432746, 42.830990853239264, 0.0 ], [ -78.862146571379654, 42.830990475661075, 0.0 ] ] } },
{ "type": "Feature", "properties": { "CalShoreTy": 3, "CalLandcov": 3, "CalSlope": 1, "CalSedi": 2, "CalRetreat": 1 }, "geometry": { "type": "LineString", "coordinates": [ [ -78.876008520838411, 42.831279206784608, 0.0 ], [ -78.876015016848157, 42.831292057764912, 0.0 ], [ -78.87609946568017, 42.831459121398858, 0.0 ], [ -78.876148264949549, 42.83155565969021, 0.0 ], [ -78.876144129178371, 42.83163081374137, 0.0 ], [ -78.876134332131713, 42.831808842142109, 0.0 ], [ -78.876124535029945, 42.831986870542039, 0.0 ], [ -78.876114737872271, 42.832164898941073, 0.0 ], [ -78.876108328355045, 42.832281368495728, 0.0 ], [ -78.876104940752683, 42.832342927342182, 0.0 ], [ -78.87609514375697, 42.832520955747704, 0.0 ], [ -78.876085346706873, 42.832698984152486, 0.0 ], [ -78.876075549601239, 42.832877012556501, 0.0 ], [ -78.876065752439558, 42.833055040959628, 0.0 ], [ -78.876055955221517, 42.833233069361953, 0.0 ], [ -78.87604831265088, 42.833371944253287, 0.0 ], [ -78.87602710318086, 42.833407910612252, 0.0 ], [ -78.875930664819862, 42.833571447200669, 0.0 ], [ -78.875834225949006, 42.833734983708268, 0.0 ], [ -78.875737786568749, 42.833898520135371, 0.0 ], [ -78.875708112590758, 42.833948839394345, 0.0 ], [ -78.875641346674072, 42.834062056480107, 0.0 ], [ -78.875544906267436, 42.8342255927436, 0.0 ], [ -78.875448465352846, 42.834389128926844, 0.0 ], [ -78.875352023928954, 42.834552665029463, 0.0 ], [ -78.875255581995106, 42.834716201051421, 0.0 ], [ -78.875159139551087, 42.834879736992427, 0.0 ], [ -78.875062696596743, 42.835043272852545, 0.0 ], [ -78.874966253131987, 42.835206808631774, 0.0 ], [ -78.874869809156849, 42.835370344330002, 0.0 ], [ -78.874773364671213, 42.835533879947313, 0.0 ], [ -78.874676919675096, 42.835697415483693, 0.0 ], [ -78.874580474168425, 42.835860950939065, 0.0 ], [ -78.874561731640441, 42.835892731135274, 0.0 ], [ -78.874383567072968, 42.835833258068497, 0.0 ], [ -78.874162428550946, 42.835759439332591, 0.0 ], [ -78.873941290557866, 42.835685620169855, 0.0 ], [ -78.87378819469744, 42.835634514131804, 0.0 ] ] } },
{ "type": "Feature", "properties": { "CalShoreTy": 3, "CalLandcov": 3, "CalSlope": 2, "CalSedi": 2, "CalRetreat": 1 }, "geometry": { "type": "LineString", "coordinates": [ [ -78.873258816495834, 42.828576122127195, 0.0 ], [ -78.873410161849549, 42.828624647826729, 0.0 ], [ -78.873632763363204, 42.828696019809215, 0.0 ], [ -78.873831730393803, 42.828759813440577, 0.0 ], [ -78.873848878905562, 42.828773945354236, 0.0 ], [ -78.87401038967009, 42.828907044281372, 0.0 ], [ -78.874097357279382, 42.828978712836062, 0.0 ], [ -78.874171901130595, 42.829040142981164, 0.0 ], [ -78.874333413290429, 42.829173241451457, 0.0 ], [ -78.874494926145005, 42.829306339695407, 0.0 ], [ -78.874656439694874, 42.829439437712573, 0.0 ], [ -78.874817953940394, 42.82957253550267, 0.0 ], [ -78.874979468881961, 42.829705633065423, 0.0 ], [ -78.875140984520442, 42.829838730400319, 0.0 ], [ -78.875302500857586, 42.829971827506213, 0.0 ], [ -78.875365450272028, 42.830023700585073, 0.0 ], [ -78.87537991863779, 42.830035623136375, 0.0 ], [ -78.875423887856911, 42.83012261057538, 0.0 ], [ -78.875508333485783, 42.830289674645869, 0.0 ], [ -78.875592779571107, 42.830456738654334, 0.0 ], [ -78.875677226112842, 42.830623802600719, 0.0 ], [ -78.875761673110844, 42.830790866485081, 0.0 ], [ -78.875846120564901, 42.830957930307598, 0.0 ], [ -78.875930568474303, 42.83112499406834, 0.0 ], [ -78.876008520838752, 42.831279206784522, 0.0 ] ] } },
{ "type": "Feature", "properties": { "CalShoreTy": 3, "CalLandcov": 3, "CalSlope": 2, "CalSedi": 2, "CalRetreat": 1 }, "geometry": { "type": "LineString", "coordinates": [ [ -78.873788194697411, 42.83563451413184, 0.0 ], [ -78.873720153089096, 42.835611800588367, 0.0 ], [ -78.873692476672716, 42.835602561674065, 0.0 ], [ -78.873499016135824, 42.835537980601906, 0.0 ], [ -78.873277879717719, 42.835464160178937, 0.0 ], [ -78.873056743831967, 42.835390339323993, 0.0 ], [ -78.872835608476265, 42.835316518040685, 0.0 ], [ -78.872614473649492, 42.835242696330809, 0.0 ], [ -78.872393339351248, 42.835168874195197, 0.0 ], [ -78.87217220558108, 42.835095051634333, 0.0 ], [ -78.871951072338817, 42.835021228648657, 0.0 ], [ -78.871729939624245, 42.834947405238523, 0.0 ], [ -78.871508807437081, 42.834873581404473, 0.0 ], [ -78.871287675776742, 42.834799757147294, 0.0 ], [ -78.871066544642261, 42.834725932468508, 0.0 ], [ -78.870845414031749, 42.834652107371298, 0.0 ], [ -78.870624283940217, 42.834578281863742, 0.0 ], [ -78.870403154347471, 42.834504455978774, 0.0 ], [ -78.870386144552725, 42.834498777230323, 0.0 ], [ -78.870182025377815, 42.834430629514529, 0.0 ], [ -78.86996089694523, 42.834356802610557, 0.0 ], [ -78.8697397690119, 42.834282975328271, 0.0 ], [ -78.869518641593899, 42.834209147641445, 0.0 ], [ -78.86929751469863, 42.83413531953839, 0.0 ], [ -78.869076388329205, 42.834061491013834, 0.0 ], [ -78.868855262487131, 42.833987662065368, 0.0 ], [ -78.868634137173018, 42.833913832692112, 0.0 ], [ -78.868614243258307, 42.833907190477568, 0.0 ], [ -78.868607853925553, 42.833905057193945, 0.0 ], [ -78.868482805178274, 42.833865223783192, 0.0 ], [ -78.868411493081609, 42.833842507725315, 0.0 ], [ -78.868188644555914, 42.833771520216708, 0.0 ], [ -78.867965796542819, 42.833700532274932, 0.0 ], [ -78.86783712761796, 42.833659544686817, 0.0 ], [ -78.867742949041983, 42.833629543900571, 0.0 ], [ -78.867706830360646, 42.833618038188796, 0.0 ], [ -78.867543414631712, 42.833707077516486, 0.0 ], [ -78.867400500243846, 42.833784946001394, 0.0 ], [ -78.86734423702022, 42.833761193109979, 0.0 ], [ -78.867254222279016, 42.83372319109516, 0.0 ], [ -78.86725434778846, 42.833621185633149, 0.0 ], [ -78.867254348990627, 42.83362020801038, 0.0 ], [ -78.867193853415159, 42.83355213121083, 0.0 ], [ -78.867122426483448, 42.833471752264145, 0.0 ], [ -78.866989776947904, 42.833322477221586, 0.0 ], [ -78.866857128019944, 42.833173202041863, 0.0 ], [ -78.866724479718073, 42.833023926716137, 0.0 ], [ -78.866591832050531, 42.832874651240353, 0.0 ], [ -78.866459185021057, 42.83272537561281, 0.0 ], [ -78.866326538631242, 42.832576099832657, 0.0 ], [ -78.866205052381133, 42.832439382531106, 0.0 ], [ -78.866186366746632, 42.832433306305219, 0.0 ], [ -78.865964263471938, 42.832361082061496, 0.0 ], [ -78.865831447932607, 42.832317892397718, 0.0 ], [ -78.865829127347212, 42.832246285363794, 0.0 ], [ -78.86582822738329, 42.832218514868757, 0.0 ], [ -78.865825903946416, 42.832215404002383, 0.0 ], [ -78.865729671466653, 42.832086625313451, 0.0 ], [ -78.865612911449176, 42.83193037575986, 0.0 ], [ -78.865612618248278, 42.831929983393842, 0.0 ], [ -78.865403214710639, 42.831840519169553, 0.0 ], [ -78.865291881670998, 42.831792953693316, 0.0 ], [ -78.865229942609631, 42.831722672717326, 0.0 ], [ -78.865098064261829, 42.831573032428679, 0.0 ], [ -78.865041421514093, 42.831508760523349, 0.0 ], [ -78.864986475044063, 42.83144641330032, 0.0 ], [ -78.864966186599446, 42.831423391966851, 0.0 ], [ -78.864834309766167, 42.83127375126309, 0.0 ], [ -78.864702433546, 42.831124110420021, 0.0 ], [ -78.864582150119745, 42.830987623249136, 0.0 ], [ -78.864570482712523, 42.830974505257352, 0.0 ], [ -78.864437751788472, 42.830825271691438, 0.0 ], [ -78.864305021507306, 42.830676037971344, 0.0 ], [ -78.864172291867973, 42.830526804097545, 0.0 ], [ -78.864154705383214, 42.830507030759627, 0.0 ], [ -78.863976705538548, 42.830424266313507, 0.0 ], [ -78.86380986957063, 42.830346692273984, 0.0 ], [ -78.863764532521515, 42.830344819848413, 0.0 ], [ -78.863544014898991, 42.830335712182837, 0.0 ], [ -78.863527330036135, 42.830346322948813, 0.0 ], [ -78.863343779008815, 42.830463052116087, 0.0 ], [ -78.863160227288049, 42.830579780989879, 0.0 ], [ -78.86297667487375, 42.830696509570416, 0.0 ], [ -78.862898041633287, 42.830746515478296, 0.0 ], [ -78.862790091643433, 42.830810585498817, 0.0 ], [ -78.862601236766551, 42.830922673280185, 0.0 ], [ -78.862412381204294, 42.831034760750853, 0.0 ], [ -78.862406461604493, 42.831038274073912, 0.0 ], [ -78.862406017225283, 42.83103819234659, 0.0 ], [ -78.862359466472611, 42.831029631024698, 0.0 ] ] } },
{ "type": "Feature", "properties": { "CalShoreTy": 3, "CalLandcov": 3, "CalSlope": 2, "CalSedi": 2, "CalRetreat": 1 }, "geometry": { "type": "LineString", "coordinates": [ [ -78.853378413806439, 42.834405499283491, 0.0 ], [ -78.853547174761772, 42.83436150620571, 0.0 ], [ -78.853776107134735, 42.834301827019075, 0.0 ], [ -78.854005039071808, 42.83424214738919, 0.0 ], [ -78.854233970569126, 42.834182467308324, 0.0 ], [ -78.854462901625126, 42.834122786773221, 0.0 ], [ -78.854691832238728, 42.834063105781354, 0.0 ], [ -78.854920762407929, 42.834003424329119, 0.0 ], [ -78.855113793533519, 42.833953101205125, 0.0 ], [ -78.855129304281689, 42.833949057542675, 0.0 ], [ -78.855150382964212, 42.83394547348751, 0.0 ], [ -78.855387069486454, 42.833905228849382, 0.0 ], [ -78.855623755699668, 42.833864983721526, 0.0 ], [ -78.855860441602943, 42.833824738100844, 0.0 ], [ -78.856097127194019, 42.833784491979998, 0.0 ], [ -78.856333812467568, 42.833744245342196, 0.0 ], [ -78.856424844572004, 42.833728765760299, 0.0 ], [ -78.856460809116058, 42.833722650206283, 0.0 ] ] } },
{ "type": "Feature", "properties": { "CalShoreTy": 2, "CalLandcov": 1, "CalSlope": 1, "CalSedi": 2, "CalRetreat": 1 }, "geometry": { "type": "LineString", "coordinates": [ [ -78.86508925803318, 42.811202214236687, 0.0 ], [ -78.86514303935401, 42.811301292100403, 0.0 ], [ -78.865169057356283, 42.811341205950129, 0.0 ], [ -78.86525771728499, 42.811477217179068, 0.0 ], [ -78.865273836874252, 42.811501946113886, 0.0 ], [ -78.865364872872107, 42.811641602465045, 0.0 ], [ -78.865375239149458, 42.811663701117482, 0.0 ], [ -78.865454270372084, 42.811832177971141, 0.0 ], [ -78.865533302025554, 42.812000654770351, 0.0 ], [ -78.865612334111063, 42.81216913151485, 0.0 ], [ -78.865659689937331, 42.812270081886872, 0.0 ], [ -78.865690550895096, 42.812337811175645, 0.0 ], [ -78.865767548599152, 42.812506794221484, 0.0 ], [ -78.865844546724759, 42.812675777215574, 0.0 ], [ -78.865921545273096, 42.812844760157525, 0.0 ], [ -78.865933359704016, 42.812870688316849, 0.0 ], [ -78.865993449187613, 42.813014938569481, 0.0 ], [ -78.866064430036445, 42.813185333620709, 0.0 ], [ -78.866070361627308, 42.813199572821382, 0.0 ], [ -78.866151632086584, 42.813351584087897, 0.0 ], [ -78.866240313718407, 42.813517456563879, 0.0 ], [ -78.86627712562678, 42.813586310250869, 0.0 ], [ -78.86633116885433, 42.813682688576939, 0.0 ], [ -78.866423566650866, 42.813847466037018, 0.0 ], [ -78.866515964898625, 42.814012243435293, 0.0 ], [ -78.866537287336101, 42.814050268638908, 0.0 ], [ -78.866537649566823, 42.814050914176114, 0.0 ], [ -78.866635374972105, 42.814166908021846, 0.0 ], [ -78.866763068576461, 42.814318471432529, 0.0 ], [ -78.866874046037708, 42.814450193224758, 0.0 ], [ -78.866894339266764, 42.814468150330519, 0.0 ], [ -78.867049353675796, 42.814605319269852, 0.0 ], [ -78.867064945862708, 42.814619116417532, 0.0 ], [ -78.867147757754992, 42.814767408030782, 0.0 ], [ -78.867212786790262, 42.814883855263204, 0.0 ], [ -78.867260355244298, 42.814922858910251, 0.0 ], [ -78.867422303705339, 42.815055647667315, 0.0 ], [ -78.867489024552768, 42.815110354829052, 0.0 ], [ -78.867562029904846, 42.815200401774071, 0.0 ], [ -78.867683590664129, 42.81535033769751, 0.0 ], [ -78.867685777258515, 42.815353699721911, 0.0 ], [ -78.867787092511165, 42.815509477758702, 0.0 ], [ -78.867791583524635, 42.815513975279394, 0.0 ], [ -78.867935113923437, 42.815657713193225, 0.0 ], [ -78.867966577820397, 42.815689222467569, 0.0 ], [ -78.868008469976246, 42.815824901338388, 0.0 ], [ -78.86802335732358, 42.815873117817702, 0.0 ], [ -78.86810160150975, 42.815988350789887, 0.0 ], [ -78.868125662822479, 42.816023786636144, 0.0 ], [ -78.868192795112549, 42.816153327631945, 0.0 ], [ -78.868239712183069, 42.816243860231317, 0.0 ], [ -78.868305352968989, 42.816309392809366, 0.0 ], [ -78.86839385777192, 42.81639775143276, 0.0 ] ] } },
{ "type": "Feature", "properties": { "CalShoreTy": 2, "CalLandcov": 1, "CalSlope": 2, "CalSedi": 2, "CalRetreat": 1 }, "geometry": { "type": "LineString", "coordinates": [ [ -78.86839385777192, 42.81639775143276, 0.0 ], [ -78.868420888740857, 42.816424737890038, 0.0 ], [ -78.868439059358096, 42.816457144443262, 0.0 ], [ -78.868486433330418, 42.816541633813657, 0.0 ], [ -78.868517582076606, 42.816625389802013, 0.0 ], [ -78.868556429285206, 42.816729845886002, 0.0 ], [ -78.868584905293986, 42.816796552124536, 0.0 ], [ -78.868657490026521, 42.8169665842059, 0.0 ], [ -78.86873007515868, 42.81713661624125, 0.0 ], [ -78.868802660691102, 42.817306648230584, 0.0 ], [ -78.868874017916141, 42.81747380194107, 0.0 ], [ -78.868874725934674, 42.8174767729368, 0.0 ], [ -78.868916552329608, 42.817652284858028, 0.0 ], [ -78.868958378962532, 42.817827796764021, 0.0 ], [ -78.868996791316292, 42.817988980856136, 0.0 ], [ -78.869001404654611, 42.818003126798068, 0.0 ], [ -78.869057917047982, 42.818176410970892, 0.0 ], [ -78.869114429758497, 42.81834969511582, 0.0 ], [ -78.869170942787449, 42.818522979232668, 0.0 ], [ -78.869188900856614, 42.818578043283118, 0.0 ], [ -78.869235328518414, 42.818694730994757, 0.0 ], [ -78.869303381424203, 42.8188657689888, 0.0 ], [ -78.869371434856163, 42.819036807007265, 0.0 ], [ -78.869439488230256, 42.819207844885092, 0.0 ], [ -78.869507542163205, 42.819378882780242, 0.0 ], [ -78.869557398037927, 42.81950418343289, 0.0 ], [ -78.869578511717407, 42.819549241531206, 0.0 ], [ -78.869657468241869, 42.819717739770624, 0.0 ], [ -78.869736425197019, 42.819886237955757, 0.0 ], [ -78.869815382583468, 42.820054736086348, 0.0 ], [ -78.869894340402453, 42.820223234162164, 0.0 ], [ -78.869914241448555, 42.820265703367049, 0.0 ], [ -78.869974950069434, 42.820391309314338, 0.0 ], [ -78.870050426155416, 42.82054746834131, 0.0 ], [ -78.87005797171642, 42.820558666872692, 0.0 ], [ -78.87016559829361, 42.820718397317357, 0.0 ], [ -78.870207363985401, 42.820780382244401, 0.0 ], [ -78.870298979451249, 42.820866243937502, 0.0 ], [ -78.870406704472785, 42.820967203049413, 0.0 ], [ -78.870438424197673, 42.821011426742885, 0.0 ], [ -78.870551523871228, 42.821169109909185, 0.0 ], [ -78.870576859920561, 42.821204433213637, 0.0 ], [ -78.870672898680752, 42.821323402480012, 0.0 ], [ -78.870796662810349, 42.821476716151246, 0.0 ], [ -78.870844264696885, 42.821535683164988, 0.0 ], [ -78.870853250815074, 42.821546814531565, 0.0 ], [ -78.870878836067391, 42.821641684773283, 0.0 ], [ -78.870925973912264, 42.821816471355781, 0.0 ], [ -78.87094781680851, 42.82189746421858, 0.0 ], [ -78.871042611613404, 42.821963093352629, 0.0 ], [ -78.871064653649555, 42.821978353648227, 0.0 ], [ -78.871137260276157, 42.822124919994785, 0.0 ], [ -78.871172826906815, 42.82219671580259, 0.0 ], [ -78.871264900276444, 42.822272870458839, 0.0 ], [ -78.871377581102422, 42.822366069357322, 0.0 ], [ -78.871422649428936, 42.822408272046331, 0.0 ], [ -78.871549449187583, 42.822527008927786, 0.0 ], [ -78.871557404007291, 42.822553728226964, 0.0 ], [ -78.87159860053778, 42.822692102123334, 0.0 ], [ -78.871624752723946, 42.822723201124184, 0.0 ], [ -78.871748198362397, 42.822869996605718, 0.0 ], [ -78.871749934752046, 42.82287555313232, 0.0 ], [ -78.871798778559693, 42.823031855172651, 0.0 ], [ -78.871790966296203, 42.823048726970057, 0.0 ], [ -78.871715249405725, 42.82321224883664, 0.0 ], [ -78.871716498924812, 42.823217650039425, 0.0 ], [ -78.871757136968412, 42.823393312576684, 0.0 ], [ -78.871797775247671, 42.82356897509905, 0.0 ], [ -78.87183841376951, 42.823744637605479, 0.0 ], [ -78.871879052550426, 42.823920300094095, 0.0 ], [ -78.871910313409359, 42.824055425218795, 0.0 ], [ -78.871919219752854, 42.824093923681353, 0.0 ], [ -78.8719195509006, 42.824095977414181, 0.0 ], [ -78.871948081163481, 42.824272917692966, 0.0 ], [ -78.871976611589616, 42.824449857964737, 0.0 ], [ -78.872005142179788, 42.824626798229332, 0.0 ], [ -78.872033672934933, 42.824803738486764, 0.0 ], [ -78.872046056405011, 42.82488053719851, 0.0 ], [ -78.872057011892551, 42.824981055969047, 0.0 ], [ -78.872076369248532, 42.825158662747135, 0.0 ], [ -78.87209158535741, 42.825298272206219, 0.0 ], [ -78.872097053594743, 42.825336179159791, 0.0 ], [ -78.872101383407582, 42.825366194287788, 0.0 ] ] } },
{ "type": "Feature", "properties": { "CalShoreTy": 3, "CalLandcov": 3, "CalSlope": 2, "CalSedi": 2, "CalRetreat": 1 }, "geometry": { "type": "LineString", "coordinates": [ [ -78.901776644732195, 42.9029366033513, 0.0 ], [ -78.901784519796024, 42.902968431537225, 0.0 ], [ -78.901815397601283, 42.903093228275239, 0.0 ], [ -78.901816913857331, 42.903144559736241, 0.0 ], [ -78.90182217562247, 42.903322691361758, 0.0 ], [ -78.901827437418788, 42.903500822987013, 0.0 ], [ -78.901832479832521, 42.903671526663011, 0.0 ], [ -78.901831830855514, 42.903678941126998, 0.0 ], [ -78.901816267509815, 42.903856749362461, 0.0 ], [ -78.901800704087393, 42.904034557596525, 0.0 ], [ -78.901785140579307, 42.904212365828556, 0.0 ], [ -78.901769576980371, 42.904390174058484, 0.0 ], [ -78.9017540132851, 42.904567982286075, 0.0 ], [ -78.90173844948049, 42.904745790510496, 0.0 ], [ -78.901731266069916, 42.904827856193187, 0.0 ], [ -78.901722885668718, 42.904923598736801, 0.0 ], [ -78.901707321780549, 42.905101406961599, 0.0 ], [ -78.90169175776694, 42.905279215182581, 0.0 ], [ -78.901681896350539, 42.905391874498875, 0.0 ], [ -78.901675901720978, 42.905457009338363, 0.0 ], [ -78.901659540762012, 42.905634779174136, 0.0 ], [ -78.901643179711911, 42.905812549007692, 0.0 ], [ -78.901626818568559, 42.905990318838988, 0.0 ], [ -78.901610457330591, 42.906168088667961, 0.0 ], [ -78.901594095996415, 42.906345858494454, 0.0 ], [ -78.901582581937305, 42.90647096059871, 0.0 ] ] } },
{ "type": "Feature", "properties": { "CalShoreTy": 3, "CalLandcov": 2, "CalSlope": 2, "CalSedi": 2, "CalRetreat": 1 }, "geometry": { "type": "LineString", "coordinates": [ [ -78.901533644614801, 42.90220662587604, 0.0 ], [ -78.90156773439891, 42.902275700871577, 0.0 ], [ -78.901650428774147, 42.902443261063596, 0.0 ], [ -78.901658757085414, 42.902460136301997, 0.0 ], [ -78.901697765367089, 42.902617797085632, 0.0 ], [ -78.901741142446213, 42.902793114321206, 0.0 ], [ -78.901776644733985, 42.902936603351066, 0.0 ] ] } },
{ "type": "Feature", "properties": { "CalShoreTy": 3, "CalLandcov": 3, "CalSlope": 1, "CalSedi": 2, "CalRetreat": 1 }, "geometry": { "type": "LineString", "coordinates": [ [ -78.891277578446989, 42.887798885136462, 0.0 ], [ -78.891425832964956, 42.887813811819278, 0.0 ], [ -78.891666746855464, 42.88783806727254, 0.0 ], [ -78.891907660936212, 42.887862322216293, 0.0 ], [ -78.892148575206519, 42.887886576654864, 0.0 ], [ -78.892319939448711, 42.887903828712133, 0.0 ], [ -78.892335839865879, 42.887918194638139, 0.0 ], [ -78.892364158411937, 42.887943780241564, 0.0 ], [ -78.892517328621409, 42.888082167939444, 0.0 ], [ -78.892670499518189, 42.888220555433122, 0.0 ], [ -78.892823671102448, 42.888358942722611, 0.0 ], [ -78.892976843374171, 42.888497329807642, 0.0 ], [ -78.893130016333942, 42.888635716688171, 0.0 ], [ -78.893283189982483, 42.888774103363524, 0.0 ], [ -78.893436364321801, 42.888912489832713, 0.0 ], [ -78.893589539344802, 42.889050876099795, 0.0 ], [ -78.89374271505956, 42.889189262160123, 0.0 ], [ -78.893895891473051, 42.889327648009292, 0.0 ], [ -78.894013720065999, 42.889434098634823, 0.0 ] ] } },
{ "type": "Feature", "properties": { "CalShoreTy": 3, "CalLandcov": 3, "CalSlope": 1, "CalSedi": 2, "CalRetreat": 1 }, "geometry": { "type": "LineString", "coordinates": [ [ -78.901318397386561, 42.895549841047917, 0.0 ], [ -78.901325528576521, 42.895562512016923, 0.0 ], [ -78.901418233980777, 42.895727233657048, 0.0 ], [ -78.901510939924066, 42.895891955209066, 0.0 ], [ -78.901603646375236, 42.896056676682434, 0.0 ], [ -78.90169635332478, 42.896221398080108, 0.0 ], [ -78.901789060765211, 42.896386119404305, 0.0 ], [ -78.901859896368052, 42.896511978514027, 0.0 ], [ -78.901839251632509, 42.896522420894151, 0.0 ], [ -78.901812677017048, 42.896535861473907, 0.0 ], [ -78.90161252995334, 42.896637088983717, 0.0 ], [ -78.901412382232095, 42.896738316144585, 0.0 ], [ -78.901212233853641, 42.896839542956563, 0.0 ], [ -78.901012084817935, 42.896940769419913, 0.0 ], [ -78.900930501206929, 42.896982030579181, 0.0 ], [ -78.900972299593533, 42.897018087988691, 0.0 ], [ -78.901023762449, 42.897062482379155, 0.0 ], [ -78.901181196066204, 42.89719829182102, 0.0 ], [ -78.901338630378035, 42.897334101046482, 0.0 ], [ -78.901425985263359, 42.897409456562933, 0.0 ], [ -78.901472349333559, 42.89744945180189, 0.0 ], [ -78.901496065435168, 42.897469910023958, 0.0 ], [ -78.90165350155614, 42.897605718554743, 0.0 ], [ -78.901701943639083, 42.897647505808088, 0.0 ] ] } },
{ "type": "Feature", "properties": { "CalShoreTy": 3, "CalLandcov": 3, "CalSlope": 2, "CalSedi": 2, "CalRetreat": 1 }, "geometry": { "type": "LineString", "coordinates": [ [ -78.889591769124308, 42.886617166559795, 0.0 ], [ -78.889593623621693, 42.886618888185872, 0.0 ], [ -78.889744277569363, 42.886758748963793, 0.0 ], [ -78.889894932191709, 42.886898609549092, 0.0 ], [ -78.890032599009032, 42.887026412137288, 0.0 ], [ -78.890050881247319, 42.887018894063765, 0.0 ], [ -78.890196809439175, 42.886958884880471, 0.0 ], [ -78.890243587639986, 42.887002617478672, 0.0 ], [ -78.890368914929468, 42.887119784644696, 0.0 ], [ -78.890339206745168, 42.88713941280092, 0.0 ], [ -78.890232062656679, 42.887210202577776, 0.0 ], [ -78.890261777646074, 42.887237755091483, 0.0 ], [ -78.890293382253148, 42.887267059671423, 0.0 ], [ -78.890444150487752, 42.887406855236129, 0.0 ], [ -78.890594919406382, 42.887546650602559, 0.0 ], [ -78.890745689009933, 42.887686445770278, 0.0 ], [ -78.890816934485997, 42.887752505036936, 0.0 ], [ -78.890944005742455, 42.887765299450912, 0.0 ], [ -78.891184919262599, 42.887789555868352, 0.0 ], [ -78.89127757844696, 42.887798885136611, 0.0 ] ] } },
{ "type": "Feature", "properties": { "CalShoreTy": 3, "CalLandcov": 3, "CalSlope": 2, "CalSedi": 2, "CalRetreat": 1 }, "geometry": { "type": "LineString", "coordinates": [ [ -78.894013720066383, 42.889434098634602, 0.0 ], [ -78.894049068560705, 42.889466033662288, 0.0 ], [ -78.894202246321299, 42.889604419119635, 0.0 ], [ -78.894355424774247, 42.889742804369739, 0.0 ], [ -78.894508603916364, 42.889881189414631, 0.0 ], [ -78.894661783746713, 42.890019574254751, 0.0 ], [ -78.894814964265123, 42.890157958890171, 0.0 ], [ -78.894848260176246, 42.890188038601032, 0.0 ], [ -78.894852959576696, 42.890191361581678, 0.0 ], [ -78.894985208923856, 42.890284875815631, 0.0 ], [ -78.895160193350563, 42.890408607587503, 0.0 ], [ -78.895335178479357, 42.890532339092992, 0.0 ], [ -78.895510164310025, 42.89065607033217, 0.0 ], [ -78.89568515084224, 42.890779801305129, 0.0 ], [ -78.895860138075633, 42.890903532012437, 0.0 ], [ -78.896035126008769, 42.891027262454976, 0.0 ], [ -78.896210114638919, 42.891150992634898, 0.0 ], [ -78.896385103959858, 42.891274722556865, 0.0 ], [ -78.896560093958499, 42.89139845223113, 0.0 ], [ -78.89658701569364, 42.891417487767313, 0.0 ], [ -78.896735084681296, 42.891522181622051, 0.0 ], [ -78.896910076161021, 42.89164591070454, 0.0 ], [ -78.897085068328337, 42.891769639531475, 0.0 ], [ -78.897260061191616, 42.891893368096738, 0.0 ], [ -78.897435054753601, 42.892017096398057, 0.0 ], [ -78.897610049015753, 42.89214082443447, 0.0 ], [ -78.897785043978516, 42.892264552205319, 0.0 ], [ -78.897960039642527, 42.892388279710545, 0.0 ], [ -78.898135036007773, 42.892512006949808, 0.0 ], [ -78.898310033074324, 42.892635733923278, 0.0 ], [ -78.898485030841741, 42.892759460631076, 0.0 ], [ -78.898660029309298, 42.892883187073984, 0.0 ], [ -78.89883502847492, 42.893006913253451, 0.0 ], [ -78.899010028334388, 42.893130639172753, 0.0 ], [ -78.899185028878676, 42.893254364838803, 0.0 ], [ -78.899279260283635, 42.893320986376096, 0.0 ], [ -78.899360030140528, 42.893378090226598, 0.0 ], [ -78.899535032157431, 42.893501815307296, 0.0 ], [ -78.89971003485833, 42.893625540135481, 0.0 ], [ -78.89988503825505, 42.893749264701853, 0.0 ], [ -78.900060042352379, 42.89387298900305, 0.0 ], [ -78.900235047154155, 42.893996713035847, 0.0 ], [ -78.900410052666842, 42.894120436795419, 0.0 ], [ -78.900488717586413, 42.894176050331545, 0.0 ], [ -78.900492937995352, 42.894179034018819, 0.0 ], [ -78.90058259909344, 42.894242421305336, 0.0 ], [ -78.900583902054052, 42.894244736542447, 0.0 ], [ -78.900637084589079, 42.894339236688857, 0.0 ], [ -78.900676603827549, 42.894409458680727, 0.0 ], [ -78.900769305846538, 42.894574180819731, 0.0 ], [ -78.900862008360917, 42.894738902883809, 0.0 ], [ -78.900954711370929, 42.894903624872953, 0.0 ], [ -78.901047414877226, 42.895068346787021, 0.0 ], [ -78.901140118881031, 42.895233068625608, 0.0 ], [ -78.901194432788643, 42.895329576272935, 0.0 ], [ -78.901232823446975, 42.89539779036906, 0.0 ], [ -78.901318397379455, 42.895549841050077, 0.0 ] ] } },
{ "type": "Feature", "properties": { "CalShoreTy": 3, "CalLandcov": 3, "CalSlope": 2, "CalSedi": 2, "CalRetreat": 1 }, "geometry": { "type": "LineString", "coordinates": [ [ -78.901701943639083, 42.897647505808088, 0.0 ], [ -78.90173056195222, 42.897672192947645, 0.0 ], [ -78.90173755426639, 42.897710198802599, 0.0 ], [ -78.901747147980217, 42.897762340466315, 0.0 ], [ -78.901779636989573, 42.897938916997234, 0.0 ], [ -78.901812126185348, 42.898115493518894, 0.0 ], [ -78.901844615568038, 42.898292070031296, 0.0 ], [ -78.901877105138993, 42.898468646534354, 0.0 ], [ -78.901887865005946, 42.898527124755716, 0.0 ], [ -78.901899865986451, 42.898592344714295, 0.0 ], [ -78.901827427067644, 42.898597906025351, 0.0 ], [ -78.901776130013999, 42.898601844194317, 0.0 ], [ -78.901668369111732, 42.898610118932837, 0.0 ], [ -78.901712683404028, 42.898661781962915, 0.0 ], [ -78.901730054242378, 42.898682033417344, 0.0 ], [ -78.901773165723668, 42.89870584316207, 0.0 ], [ -78.90189819728694, 42.898774892796496, 0.0 ], [ -78.901912573104568, 42.898782831932529, 0.0 ], [ -78.901959698916812, 42.898944164599079, 0.0 ], [ -78.901962180436257, 42.898952659923047, 0.0 ], [ -78.901967011905768, 42.898976162923994, 0.0 ], [ -78.901996639953794, 42.899120255155744, 0.0 ], [ -78.902026500328304, 42.899265476585022, 0.0 ], [ -78.901994288205302, 42.899286061223293, 0.0 ], [ -78.901877769016849, 42.899360520737218, 0.0 ], [ -78.901884818955523, 42.899425219083113, 0.0 ], [ -78.901904172357021, 42.899602827459361, 0.0 ], [ -78.901923525870515, 42.899780435832263, 0.0 ], [ -78.901942879497014, 42.899958044201931, 0.0 ], [ -78.901954838921014, 42.900067795399359, 0.0 ], [ -78.901959103799896, 42.900080671998531, 0.0 ], [ -78.901976749139536, 42.900133949221058, 0.0 ], [ -78.901981273587538, 42.900147610036107, 0.0 ], [ -78.901990025067633, 42.900174038637054, 0.0 ], [ -78.902015350336384, 42.900250502132103, 0.0 ], [ -78.902009263139064, 42.900308570483013, 0.0 ], [ -78.901990640315802, 42.900486220783172, 0.0 ], [ -78.901988008940407, 42.900511322402956, 0.0 ], [ -78.901972016976742, 42.900663871057411, 0.0 ], [ -78.901953393464709, 42.900841521324892, 0.0 ], [ -78.901940302710074, 42.900966393830984, 0.0 ], [ -78.901949196086946, 42.901018924560795, 0.0 ], [ -78.901979131359539, 42.901195743318979, 0.0 ], [ -78.902009066804766, 42.901372562069383, 0.0 ], [ -78.902033333602631, 42.901515897240962, 0.0 ], [ -78.902033504396059, 42.901549637091797, 0.0 ], [ -78.902034406317739, 42.901727809185296, 0.0 ], [ -78.90203530824644, 42.901905981278773, 0.0 ], [ -78.902036210181052, 42.902084153372243, 0.0 ], [ -78.902036694319008, 42.902179791718027, 0.0 ], [ -78.902036720896376, 42.902185189360267, 0.0 ], [ -78.902008711604182, 42.902192122500324, 0.0 ], [ -78.901965876016604, 42.902146368599965, 0.0 ], [ -78.901828309504197, 42.901999429354881, 0.0 ], [ -78.901787303894267, 42.901955629767443, 0.0 ], [ -78.901761232866377, 42.901927782875958, 0.0 ], [ -78.901661810601112, 42.901982838744011, 0.0 ], [ -78.901504499080076, 42.902069950869006, 0.0 ], [ -78.901511231530961, 42.902103306344252, 0.0 ], [ -78.901513968173134, 42.902116864703316, 0.0 ], [ -78.90153100671256, 42.90220128134095, 0.0 ], [ -78.901533644614801, 42.90220662587604, 0.0 ] ] } },
{ "type": "Feature", "properties": { "CalShoreTy": 3, "CalLandcov": 1, "CalSlope": 2, "CalSedi": 2, "CalRetreat": 1 }, "geometry": { "type": "LineString", "coordinates": [ [ -78.88962890660153, 42.886327899844808, 0.0 ], [ -78.889553557002685, 42.886363774369194, 0.0 ], [ -78.889506605227837, 42.886470623195898, 0.0 ], [ -78.88948554444309, 42.886518551398431, 0.0 ], [ -78.88959176913491, 42.886617166553606, 0.0 ] ] } },
{ "type": "Feature", "properties": { "CalShoreTy": 3, "CalLandcov": 3, "CalSlope": 2, "CalSedi": 2, "CalRetreat": 1 }, "geometry": { "type": "LineString", "coordinates": [ [ -78.888773573832353, 42.884660582494028, 0.0 ], [ -78.888780735882577, 42.88466699427989, 0.0 ], [ -78.88893475276744, 42.884804871690754, 0.0 ], [ -78.889088770769774, 42.884942748636121, 0.0 ], [ -78.889242789593496, 42.885080625294734, 0.0 ], [ -78.889396809166016, 42.885218501710447, 0.0 ], [ -78.889550829458642, 42.885356377900521, 0.0 ], [ -78.889704850455729, 42.885494253874548, 0.0 ], [ -78.88985887214416, 42.885632129640399, 0.0 ], [ -78.890012894506327, 42.885770005208677, 0.0 ], [ -78.890166917510285, 42.885907880598708, 0.0 ], [ -78.890286417512229, 42.886014851854512, 0.0 ], [ -78.890274356677764, 42.886020594215843, 0.0 ], [ -78.890240713690744, 42.886036612176767, 0.0 ], [ -78.890036809746917, 42.886133693714143, 0.0 ], [ -78.889975565457519, 42.886162852807772, 0.0 ], [ -78.889832905573002, 42.886230774546476, 0.0 ], [ -78.889629000505693, 42.886327855136557, 0.0 ], [ -78.889628906543592, 42.886327899778998, 0.0 ] ] } },
{ "type": "Feature", "properties": { "CalShoreTy": 3, "CalLandcov": 2, "CalSlope": 2, "CalSedi": 2, "CalRetreat": 1 }, "geometry": { "type": "LineString", "coordinates": [ [ -78.888166552470068, 42.884117169743156, 0.0 ], [ -78.888318686064494, 42.884253362798333, 0.0 ], [ -78.888472701708807, 42.884391240330352, 0.0 ], [ -78.888626718254372, 42.884529117527286, 0.0 ], [ -78.888773573712243, 42.884660582566113, 0.0 ] ] } },
{ "type": "Feature", "properties": { "CalShoreTy": 3, "CalLandcov": 3, "CalSlope": 1, "CalSedi": 2, "CalRetreat": 1 }, "geometry": { "type": "LineString", "coordinates": [ [ -78.885155801694324, 42.88266360134476, 0.0 ], [ -78.885227772264301, 42.882744161127526, 0.0 ], [ -78.885230577747976, 42.882747301421723, 0.0 ], [ -78.885434050804534, 42.88265678540192, 0.0 ], [ -78.885464805584604, 42.882643103926647, 0.0 ], [ -78.885666218548153, 42.882607539420071, 0.0 ], [ -78.88569528108448, 42.882602407667484, 0.0 ], [ -78.885695734449598, 42.882602654620122, 0.0 ], [ -78.885836411646025, 42.882679282756314, 0.0 ] ] } },
{ "type": "Feature", "properties": { "CalShoreTy": 3, "CalLandcov": 3, "CalSlope": 2, "CalSedi": 2, "CalRetreat": 1 }, "geometry": { "type": "LineString", "coordinates": [ [ -78.885836411644945, 42.882679282757387, 0.0 ], [ -78.885866434162565, 42.882695635923298, 0.0 ], [ -78.885876280854689, 42.88270099938088, 0.0 ], [ -78.885876408486112, 42.882701068901241, 0.0 ], [ -78.886077896687667, 42.882783445471283, 0.0 ], [ -78.886172373527288, 42.882822071246352, 0.0 ], [ -78.886299718098144, 42.882789299285157, 0.0 ], [ -78.886504635204417, 42.882736563760105, 0.0 ], [ -78.886514595437546, 42.882718989673165, 0.0 ], [ -78.886607853848176, 42.882554441637026, 0.0 ], [ -78.886701111761809, 42.882389893525371, 0.0 ], [ -78.886710949573455, 42.882372535227695, 0.0 ], [ -78.886917229433109, 42.882355992379892, 0.0 ], [ -78.886924860079404, 42.882360721415786, 0.0 ], [ -78.887110517400856, 42.882475780756664, 0.0 ], [ -78.88718688585179, 42.88252310915896, 0.0 ], [ -78.887124578767043, 42.8826175344213, 0.0 ], [ -78.887083160937223, 42.882680302213835, 0.0 ], [ -78.886988433895056, 42.882763634504464, 0.0 ], [ -78.886832810625265, 42.882900537133388, 0.0 ], [ -78.886677186664897, 42.88303743955148, 0.0 ], [ -78.886521562013726, 42.883174341758867, 0.0 ], [ -78.88645472864259, 42.883233134481095, 0.0 ], [ -78.886553629682268, 42.883304424898647, 0.0 ], [ -78.886726973869401, 42.883429375249136, 0.0 ], [ -78.886782908940063, 42.883469694329555, 0.0 ], [ -78.886783848012115, 42.88347018393312, 0.0 ], [ -78.886917103164009, 42.883539658876956, 0.0 ], [ -78.886962824605433, 42.883563496600914, 0.0 ], [ -78.887115229475, 42.88364295483543, 0.0 ], [ -78.887173943074146, 42.883673565817645, 0.0 ], [ -78.887175034118457, 42.883674134645048, 0.0 ], [ -78.887283963875163, 42.883578727387203, 0.0 ], [ -78.887439989641521, 42.883442069904874, 0.0 ], [ -78.887596014716664, 42.883305412210625, 0.0 ], [ -78.887752039100661, 42.88316875430457, 0.0 ], [ -78.887908062793571, 42.883032096186817, 0.0 ], [ -78.88793340063134, 42.883009903189496, 0.0 ], [ -78.888133983543085, 42.882984016600886, 0.0 ], [ -78.888184040483978, 42.882977556353282, 0.0 ], [ -78.888330543145216, 42.8830688656383, 0.0 ], [ -78.888473993999369, 42.883158272409943, 0.0 ], [ -78.888438796226268, 42.883189082062565, 0.0 ], [ -78.88838634683276, 42.88323499248844, 0.0 ], [ -78.888293012560965, 42.883331521165445, 0.0 ], [ -78.888152440296111, 42.883476903861791, 0.0 ], [ -78.888083149816367, 42.88354856516915, 0.0 ], [ -78.888011867190613, 42.883622286293772, 0.0 ], [ -78.887871293250029, 42.883767668464145, 0.0 ], [ -78.887797940150719, 42.883843530212246, 0.0 ], [ -78.887834522022828, 42.8839244046423, 0.0 ], [ -78.887880716290709, 42.884026529633047, 0.0 ], [ -78.887977022857541, 42.884028133330972, 0.0 ], [ -78.888068801996823, 42.884029661561151, 0.0 ], [ -78.888105434487557, 42.884062455552176, 0.0 ], [ -78.888164670806589, 42.884115485242248, 0.0 ], [ -78.888166552470068, 42.884117169743156, 0.0 ] ] } },
{ "type": "Feature", "properties": { "CalShoreTy": 3, "CalLandcov": 2, "CalSlope": 1, "CalSedi": 2, "CalRetreat": 1 }, "geometry": { "type": "LineString", "coordinates": [ [ -78.885531364134962, 42.882237386039733, 0.0 ], [ -78.885533378809072, 42.882243090818903, 0.0 ], [ -78.885413109853417, 42.882374398971876, 0.0 ], [ -78.885329031846055, 42.882466193888028, 0.0 ], [ -78.88524805820883, 42.882498629795343, 0.0 ], [ -78.885071576385613, 42.882569323449239, 0.0 ], [ -78.885094594073777, 42.882595088414448, 0.0 ], [ -78.885155801694367, 42.882663601344724, 0.0 ] ] } },
{ "type": "Feature", "properties": { "CalShoreTy": 3, "CalLandcov": 3, "CalSlope": 1, "CalSedi": 2, "CalRetreat": 1 }, "geometry": { "type": "LineString", "coordinates": [ [ -78.884531191192821, 42.881194189743852, 0.0 ], [ -78.884652116618128, 42.881157411245347, 0.0 ], [ -78.884812600656119, 42.881108601045746, 0.0 ], [ -78.884870558289322, 42.881136563970571, 0.0 ], [ -78.885073642085672, 42.881234545745698, 0.0 ], [ -78.88519846292921, 42.881294767686441, 0.0 ], [ -78.88522193883918, 42.881361241326502, 0.0 ], [ -78.885282856243407, 42.881533732419157, 0.0 ], [ -78.885343773990712, 42.881706223479114, 0.0 ], [ -78.885404692084535, 42.881878714505518, 0.0 ], [ -78.885465610533188, 42.882051205497071, 0.0 ], [ -78.885526529355147, 42.882223696449941, 0.0 ], [ -78.885531364134962, 42.882237386039733, 0.0 ] ] } },
{ "type": "Feature", "properties": { "CalShoreTy": 3, "CalLandcov": 3, "CalSlope": 2, "CalSedi": 2, "CalRetreat": 1 }, "geometry": { "type": "LineString", "coordinates": [ [ -78.88441332322806, 42.880990863746007, 0.0 ], [ -78.884332636055063, 42.881022121866501, 0.0 ], [ -78.88433655682428, 42.8810277388841, 0.0 ], [ -78.884447281838007, 42.881186366542941, 0.0 ], [ -78.884466480644221, 42.881213871179582, 0.0 ], [ -78.884531191193162, 42.881194189744463, 0.0 ] ] } },
{ "type": "Feature", "properties": { "CalShoreTy": 3, "CalLandcov": 2, "CalSlope": 2, "CalSedi": 2, "CalRetreat": 1 }, "geometry": { "type": "LineString", "coordinates": [ [ -78.884640499270347, 42.879844285814059, 0.0 ], [ -78.884632939896761, 42.879846957868963, 0.0 ], [ -78.88453430030394, 42.879881824500821, 0.0 ], [ -78.884543270804656, 42.87997952563191, 0.0 ], [ -78.884559593090032, 42.880157297042693, 0.0 ], [ -78.884561248716565, 42.880175328962842, 0.0 ], [ -78.884759796898635, 42.880163606730598, 0.0 ], [ -78.884773650362604, 42.880173445982344, 0.0 ], [ -78.884948246430568, 42.880297450264706, 0.0 ], [ -78.884958440557583, 42.880304690469217, 0.0 ], [ -78.885031954293936, 42.880463577254879, 0.0 ], [ -78.885110026827192, 42.880632316113044, 0.0 ], [ -78.885114660350695, 42.880642330557706, 0.0 ], [ -78.884959874812353, 42.880765719121491, 0.0 ], [ -78.884927149647339, 42.880791806164432, 0.0 ], [ -78.884754941486278, 42.880858520417029, 0.0 ], [ -78.884539983191544, 42.880941795709205, 0.0 ], [ -78.884413323228003, 42.880990863745907, 0.0 ] ] } },
{ "type": "Feature", "properties": { "CalShoreTy": 3, "CalLandcov": 3, "CalSlope": 2, "CalSedi": 2, "CalRetreat": 1 }, "geometry": { "type": "LineString", "coordinates": [ [ -78.887121365407879, 42.879971579674013, 0.0 ], [ -78.887035822447757, 42.879920319953293, 0.0 ], [ -78.886847597447399, 42.87980752977932, 0.0 ], [ -78.886824155640795, 42.879793482674536, 0.0 ], [ -78.886636722150001, 42.879719548371369, 0.0 ], [ -78.886422625137413, 42.87963509588446, 0.0 ], [ -78.88631263114344, 42.879591707521278, 0.0 ], [ -78.88619862906495, 42.879568753562246, 0.0 ], [ -78.885964173519326, 42.879521546265913, 0.0 ], [ -78.885729718332442, 42.879474338491015, 0.0 ], [ -78.885702554541965, 42.879468868999588, 0.0 ], [ -78.885661205277799, 42.879483485471475, 0.0 ], [ -78.885508930915634, 42.879537312454751, 0.0 ], [ -78.885492084974558, 42.879543267257411, 0.0 ], [ -78.885440051943064, 42.879561660159254, 0.0 ], [ -78.885289933985518, 42.879614724434859, 0.0 ], [ -78.885070936507603, 42.87969213600023, 0.0 ], [ -78.88485193848021, 42.879769547148342, 0.0 ], [ -78.884640499270247, 42.87984428581391, 0.0 ] ] } },
{ "type": "Feature", "properties": { "CalShoreTy": 3, "CalLandcov": 2, "CalSlope": 1, "CalSedi": 2, "CalRetreat": 1 }, "geometry": { "type": "LineString", "coordinates": [ [ -78.889834882730852, 42.884535857514308, 0.0 ], [ -78.889776503375671, 42.88451531051026, 0.0 ], [ -78.889653394274973, 42.884471981297757, 0.0 ], [ -78.889651527763547, 42.884471324362075, 0.0 ], [ -78.889641088987801, 42.884395123324829, 0.0 ], [ -78.88961680317486, 42.884217840861126, 0.0 ], [ -78.889592517503317, 42.884040558392158, 0.0 ], [ -78.889568231972049, 42.883863275917975, 0.0 ], [ -78.889543946580375, 42.883685993438633, 0.0 ], [ -78.889543685854548, 42.883684090144804, 0.0 ], [ -78.889529214686689, 42.88363225352807, 0.0 ] ] } },
{ "type": "Feature", "properties": { "CalShoreTy": 3, "CalLandcov": 2, "CalSlope": 2, "CalSedi": 2, "CalRetreat": 1 }, "geometry": { "type": "LineString", "coordinates": [ [ -78.889529214686689, 42.88363225352807, 0.0 ], [ -78.88949547771233, 42.883511405547118, 0.0 ], [ -78.889446746628039, 42.883336846884006, 0.0 ], [ -78.889398015830977, 42.883162288198413, 0.0 ], [ -78.889351320943391, 42.88299502138684, 0.0 ], [ -78.889348129056444, 42.882987955523099, 0.0 ], [ -78.889271719550095, 42.88281880768767, 0.0 ], [ -78.889195310465681, 42.882649659800713, 0.0 ], [ -78.889118901801453, 42.882480511862667, 0.0 ], [ -78.88904249355673, 42.882311363873704, 0.0 ], [ -78.888966085730971, 42.882142215833838, 0.0 ], [ -78.888961787114738, 42.882132699730782, 0.0 ], [ -78.888879141701892, 42.88197583399733, 0.0 ], [ -78.888791570028857, 42.881809616997778, 0.0 ], [ -78.888703998829058, 42.881643399931065, 0.0 ], [ -78.888616428101727, 42.881477182797475, 0.0 ], [ -78.888528857846396, 42.881310965597116, 0.0 ], [ -78.888511184570191, 42.881277419814907, 0.0 ], [ -78.888405335179499, 42.881158218340687, 0.0 ], [ -78.888313526265733, 42.881054828004515, 0.0 ], [ -78.888272722592347, 42.881008876769783, 0.0 ], [ -78.888140110681476, 42.880859535029344, 0.0 ], [ -78.888007499389005, 42.880710193147195, 0.0 ], [ -78.887876697690217, 42.880562888318188, 0.0 ], [ -78.887874540175588, 42.880561042286892, 0.0 ], [ -78.887716378606399, 42.880425714288165, 0.0 ], [ -78.887558217733101, 42.880290386070513, 0.0 ], [ -78.887400057554089, 42.880155057634759, 0.0 ], [ -78.887335794091413, 42.880100070907098, 0.0 ], [ -78.887224048050726, 42.880033109896054, 0.0 ], [ -78.887121365408191, 42.879971579673729, 0.0 ] ] } },
{ "type": "Feature", "properties": { "CalShoreTy": 3, "CalLandcov": 3, "CalSlope": 1, "CalSedi": 2, "CalRetreat": 1 }, "geometry": { "type": "LineString", "coordinates": [ [ -78.890716458965329, 42.884608627615407, 0.0 ], [ -78.890614611142468, 42.884720424909894, 0.0 ], [ -78.890552624052347, 42.884788467249628, 0.0 ], [ -78.890545530434693, 42.88478597067634, 0.0 ], [ -78.890434074997344, 42.884746744250641, 0.0 ], [ -78.890214883902914, 42.884669600097318, 0.0 ], [ -78.889995693357932, 42.884592455523965, 0.0 ], [ -78.889834882730682, 42.88453585751455, 0.0 ] ] } },
{ "type": "Feature", "properties": { "CalShoreTy": 3, "CalLandcov": 1, "CalSlope": 1, "CalSedi": 2, "CalRetreat": 1 }, "geometry": { "type": "LineString", "coordinates": [ [ -78.890401779499143, 42.884007496908836, 0.0 ], [ -78.890408655037831, 42.884020243083015, 0.0 ], [ -78.890487567567916, 42.884166534123928, 0.0 ], [ -78.890515746971474, 42.884169568709282, 0.0 ], [ -78.89075632611177, 42.88419547590734, 0.0 ], [ -78.890924616859778, 42.884213598286394, 0.0 ], [ -78.890941659711416, 42.884265658486363, 0.0 ], [ -78.890964722987448, 42.884336108920905, 0.0 ], [ -78.890884615836669, 42.884424042629917, 0.0 ], [ -78.890749613788017, 42.884572233836444, 0.0 ], [ -78.890716458964761, 42.884608627615123, 0.0 ] ] } },
{ "type": "Feature", "properties": { "CalShoreTy": 3, "CalLandcov": 1, "CalSlope": 2, "CalSedi": 2, "CalRetreat": 1 }, "geometry": { "type": "LineString", "coordinates": [ [ -78.888359623013102, 42.879842010447362, 0.0 ], [ -78.888429288196065, 42.879998843120205, 0.0 ], [ -78.888504546929084, 42.880168266918652, 0.0 ], [ -78.88857980611391, 42.880337690658472, 0.0 ], [ -78.88865506572364, 42.880507114346273, 0.0 ], [ -78.888730325740752, 42.880676537986126, 0.0 ], [ -78.888805586140776, 42.880845961584129, 0.0 ], [ -78.888815917607914, 42.880869219348973, 0.0 ], [ -78.888885407298005, 42.881014254816996, 0.0 ], [ -78.888965954549676, 42.881182368134112, 0.0 ], [ -78.889046502289702, 42.881350481382036, 0.0 ], [ -78.889089874405201, 42.881441003760408, 0.0 ], [ -78.889127050450313, 42.881518594578132, 0.0 ], [ -78.889207598936238, 42.881686707747271, 0.0 ], [ -78.889288147887783, 42.881854820853128, 0.0 ], [ -78.889368697287964, 42.882022933899862, 0.0 ], [ -78.88944924713104, 42.882191046889218, 0.0 ], [ -78.889529797413161, 42.882359159822045, 0.0 ], [ -78.889610348129679, 42.882527272699576, 0.0 ], [ -78.889666110170836, 42.882643649964685, 0.0 ], [ -78.889693615612543, 42.882694643087937, 0.0 ], [ -78.889782993850872, 42.882860343333384, 0.0 ], [ -78.889872372569911, 42.883026043509147, 0.0 ], [ -78.889961751769832, 42.883191743615221, 0.0 ], [ -78.890051131451543, 42.883357443651143, 0.0 ], [ -78.890140511617389, 42.883523143616436, 0.0 ], [ -78.890229892272686, 42.883688843509582, 0.0 ], [ -78.89031927342883, 42.88385454332704, 0.0 ], [ -78.890401779497097, 42.88400749690944, 0.0 ] ] } },
{ "type": "Feature", "properties": { "CalShoreTy": 3, "CalLandcov": 2, "CalSlope": 2, "CalSedi": 2, "CalRetreat": 1 }, "geometry": { "type": "LineString", "coordinates": [ [ -78.888171639070208, 42.879418812056457, 0.0 ], [ -78.888203514279979, 42.879490571476587, 0.0 ], [ -78.888278771808757, 42.879659995414343, 0.0 ], [ -78.888354029963182, 42.879829419251685, 0.0 ], [ -78.888359623030453, 42.879842010443184, 0.0 ] ] } },
{ "type": "Feature", "properties": { "CalShoreTy": 3, "CalLandcov": 3, "CalSlope": 2, "CalSedi": 2, "CalRetreat": 1 }, "geometry": { "type": "LineString", "coordinates": [ [ -78.887918525892232, 42.878848982625534, 0.0 ], [ -78.887930072973532, 42.878874978617461, 0.0 ], [ -78.887977743622386, 42.878982299500201, 0.0 ], [ -78.888053000079708, 42.87915172354527, 0.0 ], [ -78.888128256958694, 42.879321147539088, 0.0 ], [ -78.888171639071643, 42.879418812056123, 0.0 ] ] } },
{ "type": "Feature", "properties": { "CalShoreTy": 3, "CalLandcov": 1, "CalSlope": 1, "CalSedi": 2, "CalRetreat": 1 }, "geometry": { "type": "LineString", "coordinates": [ [ -78.889634615242514, 42.877951332588673, 0.0 ], [ -78.889512408891363, 42.878012166825116, 0.0 ], [ -78.889311285600016, 42.878112285418062, 0.0 ], [ -78.889110161609267, 42.878212403608266, 0.0 ], [ -78.888909036944867, 42.878312521423631, 0.0 ], [ -78.888707911618482, 42.878412638876817, 0.0 ], [ -78.888506785635315, 42.878512755973482, 0.0 ], [ -78.888305658997737, 42.878612872716204, 0.0 ], [ -78.888104531706773, 42.878712989106084, 0.0 ], [ -78.887903403762778, 42.878813105143514, 0.0 ], [ -78.887902737060656, 42.878813437008247, 0.0 ], [ -78.887914065218467, 42.878838940752424, 0.0 ] ] } },
{ "type": "Feature", "properties": { "CalShoreTy": 3, "CalLandcov": 1, "CalSlope": 2, "CalSedi": 2, "CalRetreat": 1 }, "geometry": { "type": "LineString", "coordinates": [ [ -78.887914065218467, 42.878838940752424, 0.0 ], [ -78.887918525892232, 42.878848982625534, 0.0 ] ] } },
{ "type": "Feature", "properties": { "CalShoreTy": 3, "CalLandcov": 3, "CalSlope": 1, "CalSedi": 2, "CalRetreat": 1 }, "geometry": { "type": "LineString", "coordinates": [ [ -78.890122348991298, 42.876141553357158, 0.0 ], [ -78.890064769892845, 42.876168960439436, 0.0 ], [ -78.889860873229367, 42.876266013004063, 0.0 ], [ -78.889656975837269, 42.876363065107626, 0.0 ], [ -78.889453077764642, 42.876460116804864, 0.0 ], [ -78.8892491790333, 42.876557168120641, 0.0 ], [ -78.88904527965299, 42.876654219065991, 0.0 ], [ -78.888841379628175, 42.876751269645823, 0.0 ], [ -78.888637478960632, 42.876848319862255, 0.0 ], [ -78.8884897193348, 42.876918648314458, 0.0 ], [ -78.888466606598556, 42.876916196246306, 0.0 ], [ -78.888423465989035, 42.876911619375136, 0.0 ], [ -78.888330917446979, 42.8769018006642, 0.0 ], [ -78.888182839928021, 42.87688609056417, 0.0 ], [ -78.888057992446619, 42.876872844875031, 0.0 ], [ -78.888013637232348, 42.876868138975389, 0.0 ], [ -78.888009421119165, 42.876920934512547, 0.0 ], [ -78.887999139616895, 42.877049682432656, 0.0 ], [ -78.888065832656352, 42.877055383872509, 0.0 ], [ -78.888162103572782, 42.877063613787534, 0.0 ], [ -78.888307330381608, 42.87707602863896, 0.0 ], [ -78.888548828268512, 42.877096672897366, 0.0 ], [ -78.888790326316993, 42.87711731664767, 0.0 ], [ -78.889031824527436, 42.87713795988892, 0.0 ], [ -78.88918186240015, 42.877150784847146, 0.0 ], [ -78.889180803689982, 42.877083311350439, 0.0 ], [ -78.889178824035866, 42.87695714407387, 0.0 ], [ -78.889238612532381, 42.876929142407164, 0.0 ], [ -78.889443481070074, 42.876833192740008, 0.0 ], [ -78.889648348970567, 42.876737242707378, 0.0 ], [ -78.88985321623376, 42.876641292309309, 0.0 ], [ -78.889990589536794, 42.876576952603969, 0.0 ], [ -78.890018751198383, 42.876631904403183, 0.0 ], [ -78.890104232228722, 42.876798702756524, 0.0 ], [ -78.890189713698788, 42.876965501052453, 0.0 ], [ -78.890255468964213, 42.877093807462039, 0.0 ], [ -78.890275195632398, 42.877132299284334, 0.0 ], [ -78.890360678102027, 42.87729909743225, 0.0 ], [ -78.890446161037232, 42.877465895515471, 0.0 ], [ -78.890456375566856, 42.877485826492091, 0.0 ], [ -78.890287991580621, 42.877582709751465, 0.0 ], [ -78.890096755964692, 42.877692740505871, 0.0 ], [ -78.889905519666513, 42.877802770941635, 0.0 ], [ -78.889745009115529, 42.877895122346104, 0.0 ], [ -78.889728802557102, 42.877904447021876, 0.0 ], [ -78.889721046604762, 42.877908307230555, 0.0 ], [ -78.889713531748001, 42.877912048116926, 0.0 ], [ -78.889634615242343, 42.877951332588495, 0.0 ] ] } },
{ "type": "Feature", "properties": { "CalShoreTy": 3, "CalLandcov": 2, "CalSlope": 1, "CalSedi": 2, "CalRetreat": 1 }, "geometry": { "type": "LineString", "coordinates": [ [ -78.889377896457233, 42.875385271752968, 0.0 ], [ -78.889572324069704, 42.875492249897398, 0.0 ], [ -78.889766752092413, 42.875599227597881, 0.0 ], [ -78.88996118078947, 42.875706204969049, 0.0 ], [ -78.890155610163475, 42.875813182008471, 0.0 ], [ -78.890177917141131, 42.875825455491693, 0.0 ], [ -78.890188697247083, 42.875831386791788, 0.0 ], [ -78.890305942826913, 42.875951711340811, 0.0 ], [ -78.890374142710357, 42.876021701939457, 0.0 ], [ -78.8902686662272, 42.87607190786796, 0.0 ], [ -78.890122348990516, 42.876141553356248, 0.0 ] ] } },
{ "type": "Feature", "properties": { "CalShoreTy": 3, "CalLandcov": 2, "CalSlope": 2, "CalSedi": 2, "CalRetreat": 1 }, "geometry": { "type": "LineString", "coordinates": [ [ -78.889248728354985, 42.875314200296593, 0.0 ], [ -78.889250920982263, 42.875315406736988, 0.0 ], [ -78.889377896457233, 42.875385271752968, 0.0 ] ] } },
{ "type": "Feature", "properties": { "CalShoreTy": 3, "CalLandcov": 3, "CalSlope": 2, "CalSedi": 2, "CalRetreat": 1 }, "geometry": { "type": "LineString", "coordinates": [ [ -78.883958725380936, 42.871709478993523, 0.0 ], [ -78.884038898884086, 42.87176923386086, 0.0 ], [ -78.88404042072176, 42.871770368114348, 0.0 ], [ -78.884060355895315, 42.87176092563309, 0.0 ], [ -78.884095210911283, 42.871744416210774, 0.0 ], [ -78.884299392725907, 42.871647703089536, 0.0 ], [ -78.884503573901412, 42.871550989606355, 0.0 ], [ -78.884707754438821, 42.871454275762474, 0.0 ], [ -78.884911934340735, 42.871357561560771, 0.0 ], [ -78.88511611361281, 42.871260847007861, 0.0 ], [ -78.885163232158973, 42.871238528096768, 0.0 ], [ -78.88532029223029, 42.871164132075229, 0.0 ], [ -78.885518465879969, 42.871070260869665, 0.0 ], [ -78.885524470171575, 42.871067416738406, 0.0 ], [ -78.885524959606769, 42.871067184900355, 0.0 ] ] } },
{ "type": "Feature", "properties": { "CalShoreTy": 3, "CalLandcov": 1, "CalSlope": 2, "CalSedi": 2, "CalRetreat": 1 }, "geometry": { "type": "LineString", "coordinates": [ [ -78.883504685968077, 42.870883265728793, 0.0 ], [ -78.883485692812997, 42.870911599134168, 0.0 ], [ -78.883400455550941, 42.871038753104877, 0.0 ], [ -78.88340004448456, 42.871039366320097, 0.0 ], [ -78.883421665208616, 42.871071490411197, 0.0 ], [ -78.883529211251599, 42.871231281856261, 0.0 ], [ -78.883636757852102, 42.871391073200485, 0.0 ], [ -78.883742686891011, 42.871548460281517, 0.0 ], [ -78.883745251478473, 42.871550371738394, 0.0 ], [ -78.883915705665189, 42.871677415458478, 0.0 ], [ -78.883958725380936, 42.871709478993523, 0.0 ] ] } },
{ "type": "Feature", "properties": { "CalShoreTy": 3, "CalLandcov": 3, "CalSlope": 2, "CalSedi": 2, "CalRetreat": 1 }, "geometry": { "type": "LineString", "coordinates": [ [ -78.880246864522718, 42.870292067147723, 0.0 ], [ -78.880200222447243, 42.870306393513552, 0.0 ], [ -78.88029914443878, 42.870418952866991, 0.0 ], [ -78.880430787630345, 42.870568743586922, 0.0 ], [ -78.880562431462579, 42.870718534155259, 0.0 ], [ -78.880609417206159, 42.870771996539396, 0.0 ], [ -78.880716686803254, 42.870806504448865, 0.0 ], [ -78.880751609352416, 42.870793466545116, 0.0 ], [ -78.880968232774464, 42.870712592491856, 0.0 ], [ -78.881086391326662, 42.870668478989181, 0.0 ], [ -78.88119127299673, 42.870693982885165, 0.0 ], [ -78.881225690820401, 42.870702352182036, 0.0 ], [ -78.881327212697812, 42.870781012485274, 0.0 ], [ -78.881386323160825, 42.870781152290171, 0.0 ], [ -78.881589591032863, 42.870781632812722, 0.0 ], [ -78.881599147657653, 42.870778714190713, 0.0 ], [ -78.881626367382538, 42.870770401194541, 0.0 ], [ -78.881850773331735, 42.870701866529522, 0.0 ], [ -78.882075178787915, 42.870633331435911, 0.0 ], [ -78.88229958375922, 42.87056479592794, 0.0 ], [ -78.882403155309206, 42.870533164016955, 0.0 ], [ -78.882523988225259, 42.870496259969457, 0.0 ], [ -78.882748392163506, 42.87042772352045, 0.0 ], [ -78.882972795610527, 42.870359186645999, 0.0 ], [ -78.883197198562002, 42.870290649338294, 0.0 ], [ -78.883421601016479, 42.870222111594813, 0.0 ], [ -78.883646002973322, 42.870153573414377, 0.0 ], [ -78.883870404432088, 42.870085034796141, 0.0 ], [ -78.884094805392024, 42.870016495739065, 0.0 ], [ -78.884319205852378, 42.869947956241425, 0.0 ], [ -78.884543605811061, 42.869879416299781, 0.0 ], [ -78.884585730592079, 42.869866549787268, 0.0 ], [ -78.884608498450461, 42.869859595607501, 0.0 ], [ -78.884735988573595, 42.869945089938597, 0.0 ], [ -78.88479107808206, 42.869982032609421, 0.0 ], [ -78.884866297647434, 42.870092486983083, 0.0 ], [ -78.884917905654376, 42.870168269269584, 0.0 ], [ -78.884870369437905, 42.87025501070454, 0.0 ], [ -78.884808802558339, 42.870367354114926, 0.0 ], [ -78.884743469791601, 42.87039847523176, 0.0 ], [ -78.884539631853585, 42.870495572532789, 0.0 ], [ -78.884518073040155, 42.870505841938346, 0.0 ], [ -78.884356252581028, 42.870563608272711, 0.0 ], [ -78.884322627442998, 42.870575611717875, 0.0 ], [ -78.884104065341077, 42.870653633062695, 0.0 ], [ -78.883885502677714, 42.870731653978382, 0.0 ], [ -78.88380993263624, 42.870758630278857, 0.0 ], [ -78.883664770308457, 42.870806272446742, 0.0 ], [ -78.88352570160643, 42.870851914448352, 0.0 ], [ -78.883525619550809, 42.87085203685961, 0.0 ], [ -78.883504685968077, 42.870883265728793, 0.0 ] ] } },
{ "type": "Feature", "properties": { "CalShoreTy": 3, "CalLandcov": 2, "CalSlope": 1, "CalSedi": 2, "CalRetreat": 1 }, "geometry": { "type": "LineString", "coordinates": [ [ -78.88408336060759, 42.86898519616178, 0.0 ], [ -78.884096099544266, 42.869001329124373, 0.0 ], [ -78.88416495266668, 42.869088526558521, 0.0 ], [ -78.884137755717106, 42.869096881420298, 0.0 ], [ -78.884067522516617, 42.869118456910527, 0.0 ], [ -78.883843316517513, 42.869187332127488, 0.0 ], [ -78.883619110015374, 42.869256206902364, 0.0 ], [ -78.883394903011677, 42.869325081237712, 0.0 ], [ -78.883170695507175, 42.869393955134832, 0.0 ], [ -78.882946487502323, 42.869462828594266, 0.0 ], [ -78.88272227899715, 42.869531701616417, 0.0 ], [ -78.88249806999184, 42.869600574201534, 0.0 ], [ -78.882273860486649, 42.86966944634991, 0.0 ], [ -78.882049650481704, 42.869738318061998, 0.0 ], [ -78.881825439977504, 42.869807189338566, 0.0 ], [ -78.881601228974915, 42.869876060181042, 0.0 ], [ -78.881377017476268, 42.869944930593505, 0.0 ], [ -78.881152805490672, 42.87001380059214, 0.0 ], [ -78.881135558738592, 42.870019098168022, 0.0 ] ] } },
{ "type": "Feature", "properties": { "CalShoreTy": 3, "CalLandcov": 2, "CalSlope": 2, "CalSedi": 2, "CalRetreat": 1 }, "geometry": { "type": "LineString", "coordinates": [ [ -78.881135558736432, 42.870019098164249, 0.0 ], [ -78.880928592952714, 42.87008267006177, 0.0 ], [ -78.880708274967787, 42.870150342685989, 0.0 ], [ -78.880704379908181, 42.870151539082975, 0.0 ], [ -78.88048016636327, 42.870220407666515, 0.0 ], [ -78.880255952318166, 42.870289275812858, 0.0 ], [ -78.880246864518455, 42.870292067140205, 0.0 ] ] } },
{ "type": "Feature", "properties": { "CalShoreTy": 3, "CalLandcov": 3, "CalSlope": 1, "CalSedi": 2, "CalRetreat": 1 }, "geometry": { "type": "LineString", "coordinates": [ [ -78.8839056858954, 42.868760182570632, 0.0 ], [ -78.883936864287548, 42.868799668259555, 0.0 ], [ -78.883974331502316, 42.868847118180611, 0.0 ], [ -78.884083360606994, 42.868985196162036, 0.0 ] ] } },
{ "type": "Feature", "properties": { "CalShoreTy": 3, "CalLandcov": 2, "CalSlope": 1, "CalSedi": 2, "CalRetreat": 1 }, "geometry": { "type": "LineString", "coordinates": [ [ -78.883828222690738, 42.868662080336073, 0.0 ], [ -78.883852564022405, 42.868692907127553, 0.0 ], [ -78.883853217388108, 42.868693734574336, 0.0 ], [ -78.8839056858954, 42.868760182570632, 0.0 ] ] } },
{ "type": "Feature", "properties": { "CalShoreTy": 3, "CalLandcov": 3, "CalSlope": 1, "CalSedi": 2, "CalRetreat": 1 }, "geometry": { "type": "LineString", "coordinates": [ [ -78.882592305639122, 42.86890203447139, 0.0 ], [ -78.882631097915535, 42.868889155215399, 0.0 ], [ -78.882852540422761, 42.868815636036814, 0.0 ], [ -78.883073981797381, 42.868742115445393, 0.0 ], [ -78.88329542238553, 42.86866859400542, 0.0 ], [ -78.883516862338581, 42.868595071963313, 0.0 ], [ -78.883721629171291, 42.868527085084374, 0.0 ], [ -78.883730797183631, 42.868538695931584, 0.0 ], [ -78.883828222690681, 42.868662080336101, 0.0 ] ] } },
{ "type": "Feature", "properties": { "CalShoreTy": 3, "CalLandcov": 3, "CalSlope": 1, "CalSedi": 2, "CalRetreat": 1 }, "geometry": { "type": "LineString", "coordinates": [ [ -78.880917319903276, 42.869458127587791, 0.0 ], [ -78.881080992884151, 42.869403789395854, 0.0 ], [ -78.881302437792357, 42.86933027109982, 0.0 ], [ -78.881344513794716, 42.869316301700088, 0.0 ] ] } },
{ "type": "Feature", "properties": { "CalShoreTy": 3, "CalLandcov": 2, "CalSlope": 2, "CalSedi": 2, "CalRetreat": 1 }, "geometry": { "type": "LineString", "coordinates": [ [ -78.880540919590189, 42.869583087995466, 0.0 ], [ -78.88063810167229, 42.869550825013015, 0.0 ], [ -78.880706239348541, 42.869528204247871, 0.0 ] ] } },
{ "type": "Feature", "properties": { "CalShoreTy": 3, "CalLandcov": 2, "CalSlope": 1, "CalSedi": 2, "CalRetreat": 1 }, "geometry": { "type": "LineString", "coordinates": [ [ -78.880706239357465, 42.869528204262281, 0.0 ], [ -78.88085954758408, 42.869477307486449, 0.0 ], [ -78.880917319889463, 42.869458127565565, 0.0 ] ] } },
{ "type": "Feature", "properties": { "CalShoreTy": 3, "CalLandcov": 3, "CalSlope": 2, "CalSedi": 2, "CalRetreat": 1 }, "geometry": { "type": "LineString", "coordinates": [ [ -78.879666801350879, 42.86866544468996, 0.0 ], [ -78.879502130870577, 42.868713921142167, 0.0 ], [ -78.879276545250519, 42.868780329791342, 0.0 ], [ -78.879050959005269, 42.868846737740434, 0.0 ], [ -78.878864488909443, 42.868901630163982, 0.0 ], [ -78.878888214946272, 42.868927167025028, 0.0 ], [ -78.879025044019556, 42.869074438685509, 0.0 ], [ -78.879161873745772, 42.869221710183233, 0.0 ], [ -78.879298704125162, 42.869368981517759, 0.0 ], [ -78.879435535158251, 42.869516252689081, 0.0 ], [ -78.879572366845991, 42.869663523696616, 0.0 ], [ -78.879684148598372, 42.869783832984261, 0.0 ], [ -78.879728409046891, 42.869780406524541, 0.0 ], [ -78.879970170638686, 42.869761690033926, 0.0 ], [ -78.88001289933959, 42.869758382045276, 0.0 ], [ -78.88019520846666, 42.869697859112634, 0.0 ], [ -78.880416655190317, 42.869624342043338, 0.0 ], [ -78.880540919590189, 42.869583087995466, 0.0 ] ] } },
{ "type": "Feature", "properties": { "CalShoreTy": 3, "CalLandcov": 3, "CalSlope": 1, "CalSedi": 2, "CalRetreat": 1 }, "geometry": { "type": "LineString", "coordinates": [ [ -78.880038590310818, 42.868555995386629, 0.0 ], [ -78.879970653605554, 42.868575995221491, 0.0 ] ] } },
{ "type": "Feature", "properties": { "CalShoreTy": 3, "CalLandcov": 3, "CalSlope": 2, "CalSedi": 2, "CalRetreat": 1 }, "geometry": { "type": "LineString", "coordinates": [ [ -78.879970653605554, 42.868575995221491, 0.0 ], [ -78.879953301207181, 42.868581103531469, 0.0 ], [ -78.879727716206474, 42.868647512420225, 0.0 ], [ -78.879666801347369, 42.868665444683479, 0.0 ] ] } },
{ "type": "Feature", "properties": { "CalShoreTy": 3, "CalLandcov": 3, "CalSlope": 1, "CalSedi": 2, "CalRetreat": 1 }, "geometry": { "type": "LineString", "coordinates": [ [ -78.881190438482065, 42.868200003072076, 0.0 ], [ -78.881074339767991, 42.86823699339967, 0.0 ], [ -78.880851393821359, 42.868308026400015, 0.0 ], [ -78.880628447061369, 42.868379058457982, 0.0 ], [ -78.880492611856269, 42.868422335875913, 0.0 ], [ -78.880404469664171, 42.868448284263252, 0.0 ], [ -78.880178885656676, 42.868514694078868, 0.0 ], [ -78.880038590310136, 42.868555995385371, 0.0 ] ] } },
{ "type": "Feature", "properties": { "CalShoreTy": 3, "CalLandcov": 3, "CalSlope": 1, "CalSedi": 2, "CalRetreat": 1 }, "geometry": { "type": "LineString", "coordinates": [ [ -78.882076141355014, 42.867917805410578, 0.0 ], [ -78.881966120248592, 42.867952860172238, 0.0 ], [ -78.881743175957382, 42.868023894228543, 0.0 ], [ -78.881570698446382, 42.868078847676223, 0.0 ] ] } },
{ "type": "Feature", "properties": { "CalShoreTy": 3, "CalLandcov": 3, "CalSlope": 1, "CalSedi": 2, "CalRetreat": 1 }, "geometry": { "type": "LineString", "coordinates": [ [ -78.875365960999645, 42.860247751537358, 0.0 ], [ -78.875531764054017, 42.860167721172154, 0.0 ], [ -78.87572220801674, 42.860075796499217, 0.0 ], [ -78.875736007755634, 42.860071406557687, 0.0 ], [ -78.875958983323557, 42.860000473747533, 0.0 ], [ -78.876077942871092, 42.859962630186246, 0.0 ], [ -78.876191061250026, 42.85996836634019, 0.0 ], [ -78.876433549789908, 42.859980662383215, 0.0 ], [ -78.876472482628415, 42.859982636530091, 0.0 ], [ -78.876676325647836, 42.859989243826668, 0.0 ], [ -78.876831185464894, 42.859994263154697, 0.0 ], [ -78.876884341245699, 42.86004572341615, 0.0 ], [ -78.877031070230601, 42.860187771652448, 0.0 ], [ -78.877087504913803, 42.860242405801742, 0.0 ] ] } },
{ "type": "Feature", "properties": { "CalShoreTy": 3, "CalLandcov": 3, "CalSlope": 1, "CalSedi": 2, "CalRetreat": 1 }, "geometry": { "type": "LineString", "coordinates": [ [ -78.882505968374915, 42.867388104805556, 0.0 ], [ -78.882508879850491, 42.867391418173099, 0.0 ], [ -78.882615321789345, 42.8673848205582, 0.0 ], [ -78.882650153750532, 42.867382661537931, 0.0 ], [ -78.882790184030043, 42.867495528520955, 0.0 ], [ -78.882844593842378, 42.867539383674057, 0.0 ], [ -78.88283698376739, 42.867658150717055, 0.0 ], [ -78.882835856532822, 42.867675742918252, 0.0 ], [ -78.882634950812204, 42.867739756713341, 0.0 ], [ -78.882412007840145, 42.86781079169338, 0.0 ], [ -78.882189064318936, 42.867881826179648, 0.0 ], [ -78.882076141352186, 42.867917805405746, 0.0 ] ] } },
{ "type": "Feature", "properties": { "CalShoreTy": 3, "CalLandcov": 3, "CalSlope": 2, "CalSedi": 2, "CalRetreat": 1 }, "geometry": { "type": "LineString", "coordinates": [ [ -78.877087504913803, 42.860242405801742, 0.0 ], [ -78.877106971163727, 42.860261250771273, 0.0 ], [ -78.87714626419465, 42.860342291816039, 0.0 ], [ -78.877227664397012, 42.860510177291886, 0.0 ], [ -78.877309065042056, 42.860678062710086, 0.0 ], [ -78.877390466129839, 42.860845948070747, 0.0 ], [ -78.877471867660219, 42.86101383337364, 0.0 ], [ -78.877553269633324, 42.861181718618845, 0.0 ], [ -78.877634672049155, 42.861349603806445, 0.0 ], [ -78.877716074907724, 42.861517488936343, 0.0 ], [ -78.877797478209118, 42.861685374008538, 0.0 ], [ -78.877878881953464, 42.861853259023036, 0.0 ], [ -78.877960286141075, 42.862021143979661, 0.0 ], [ -78.878041690772577, 42.862189028878333, 0.0 ], [ -78.878123095849361, 42.862356913718692, 0.0 ], [ -78.878204501374341, 42.86252479849999, 0.0 ], [ -78.878230945672982, 42.862579335069718, 0.0 ], [ -78.878320946121164, 42.862679927578043, 0.0 ], [ -78.878423487813748, 42.862794536735755, 0.0 ], [ -78.87845425011426, 42.862828919236897, 0.0 ], [ -78.878587554688622, 42.862977910771122, 0.0 ], [ -78.878720859914679, 42.863126902146831, 0.0 ], [ -78.878854165780496, 42.863275893369625, 0.0 ], [ -78.878858962268637, 42.863281254217462, 0.0 ], [ -78.878987472306875, 42.863424884429463, 0.0 ], [ -78.879120779477233, 42.863573875334339, 0.0 ], [ -78.879254087291017, 42.863722866084579, 0.0 ], [ -78.879387395748253, 42.86387185668022, 0.0 ], [ -78.879520704848929, 42.86402084712126, 0.0 ], [ -78.879654014592887, 42.86416983740763, 0.0 ], [ -78.879787324980114, 42.864318827539478, 0.0 ], [ -78.87992063601024, 42.864467817516903, 0.0 ], [ -78.880053947682711, 42.864616807340205, 0.0 ], [ -78.880187259996148, 42.864765797010079, 0.0 ], [ -78.880320572947682, 42.864914786527905, 0.0 ], [ -78.8804538865311, 42.865063775896736, 0.0 ], [ -78.880474396471101, 42.865086697523068, 0.0 ], [ -78.880587200767891, 42.865212765106094, 0.0 ], [ -78.880720515682896, 42.865361754143954, 0.0 ], [ -78.880853831238667, 42.865510743028466, 0.0 ], [ -78.88098714744865, 42.865659731753155, 0.0 ], [ -78.880998739733954, 42.865672686773522, 0.0 ], [ -78.881118910408347, 42.865809460510043, 0.0 ], [ -78.88125052602345, 42.865959259607052, 0.0 ], [ -78.881382142277332, 42.866109058553313, 0.0 ], [ -78.881513759169863, 42.866258857348775, 0.0 ], [ -78.881645376701073, 42.866408655993681, 0.0 ], [ -78.881776994870577, 42.866558454487986, 0.0 ], [ -78.881908613677965, 42.866708252832048, 0.0 ], [ -78.882040233121899, 42.866858051026291, 0.0 ], [ -78.882171853199964, 42.867007849072074, 0.0 ], [ -78.882303473906447, 42.867157646972004, 0.0 ], [ -78.882435095229212, 42.867307444731857, 0.0 ], [ -78.882505968374815, 42.867388104805606, 0.0 ] ] } },
{ "type": "Feature", "properties": { "CalShoreTy": 3, "CalLandcov": 2, "CalSlope": 1, "CalSedi": 2, "CalRetreat": 1 }, "geometry": { "type": "LineString", "coordinates": [ [ -78.874613696463584, 42.861230130964238, 0.0 ], [ -78.874665921781158, 42.86124424191366, 0.0 ], [ -78.874666877523154, 42.8612445001488, 0.0 ], [ -78.874794625718437, 42.86118772904468, 0.0 ], [ -78.8748025981198, 42.861161243796694, 0.0 ], [ -78.874854970715205, 42.860987255330038, 0.0 ], [ -78.874901848064425, 42.860831521923835, 0.0 ], [ -78.874899148031787, 42.860812932824871, 0.0 ], [ -78.87487702278267, 42.860660605176726, 0.0 ], [ -78.874882136381828, 42.86063590319246, 0.0 ], [ -78.874917697589538, 42.860464119043392, 0.0 ], [ -78.874922736823066, 42.860461686730112, 0.0 ], [ -78.875125746537705, 42.860363698561954, 0.0 ], [ -78.875328755547159, 42.860265709966932, 0.0 ], [ -78.875365960999915, 42.860247751537656, 0.0 ] ] } },
{ "type": "Feature", "properties": { "CalShoreTy": 3, "CalLandcov": 2, "CalSlope": 2, "CalSedi": 2, "CalRetreat": 1 }, "geometry": { "type": "LineString", "coordinates": [ [ -78.873936926381774, 42.860621350555334, 0.0 ], [ -78.873956132932889, 42.86063793135343, 0.0 ], [ -78.873956224903083, 42.860638010750236, 0.0 ], [ -78.873982290224077, 42.860646615409792, 0.0 ], [ -78.8742039219715, 42.860719779934513, 0.0 ], [ -78.874425554244112, 42.860792944031672, 0.0 ], [ -78.874451963259276, 42.860801661998373, 0.0 ], [ -78.874544399492677, 42.860915104793989, 0.0 ], [ -78.874539639551159, 42.860939663874248, 0.0 ], [ -78.874505449909947, 42.861116065879472, 0.0 ], [ -78.874489828902867, 42.861196662378731, 0.0 ], [ -78.874492007614094, 42.861197251061235, 0.0 ], [ -78.874613696463584, 42.861230130964238, 0.0 ] ] } },
{ "type": "Feature", "properties": { "CalShoreTy": 3, "CalLandcov": 3, "CalSlope": 2, "CalSedi": 2, "CalRetreat": 1 }, "geometry": { "type": "LineString", "coordinates": [ [ -78.873765744921371, 42.860214702653053, 0.0 ], [ -78.873778279476866, 42.860347071650274, 0.0 ], [ -78.873792440456086, 42.860496615521718, 0.0 ], [ -78.873793295716126, 42.860497353872383, 0.0 ], [ -78.873817402162587, 42.860518165070282, 0.0 ], [ -78.873936926381688, 42.860621350555391, 0.0 ] ] } },
{ "type": "Feature", "properties": { "CalShoreTy": 3, "CalLandcov": 2, "CalSlope": 2, "CalSedi": 2, "CalRetreat": 1 }, "geometry": { "type": "LineString", "coordinates": [ [ -78.873917563995093, 42.85988712651907, 0.0 ], [ -78.873834096218332, 42.86000517884878, 0.0 ], [ -78.873757418344567, 42.860113627454488, 0.0 ], [ -78.873756320948999, 42.860115179542973, 0.0 ], [ -78.87376144814408, 42.860169326004552, 0.0 ], [ -78.873765744920419, 42.860214702653103, 0.0 ] ] } },
{ "type": "Feature", "properties": { "CalShoreTy": 3, "CalLandcov": 3, "CalSlope": 2, "CalSedi": 2, "CalRetreat": 1 }, "geometry": { "type": "LineString", "coordinates": [ [ -78.869219004602357, 42.853728836777094, 0.0 ], [ -78.869228894090824, 42.853747187721687, 0.0 ], [ -78.869318196945017, 42.85391289766541, 0.0 ], [ -78.869407500278442, 42.854078607539684, 0.0 ], [ -78.869496804093643, 42.854244317343849, 0.0 ], [ -78.869501824721198, 42.854253633459209, 0.0 ], [ -78.86952457385253, 42.854247222932393, 0.0 ], [ -78.869715932907084, 42.854193299196005, 0.0 ], [ -78.869942794715115, 42.854129370479946, 0.0 ], [ -78.870169656053605, 42.854065441316273, 0.0 ], [ -78.870396516922725, 42.85400151170527, 0.0 ], [ -78.870623377322815, 42.853937581647678, 0.0 ], [ -78.870850237254643, 42.853873651145179, 0.0 ], [ -78.871077096720342, 42.853809720201312, 0.0 ], [ -78.871303955723889, 42.853745788824178, 0.0 ], [ -78.871530814274493, 42.853681857031397, 0.0 ], [ -78.871635517642176, 42.853652349991783, 0.0 ] ] } },
{ "type": "Feature", "properties": { "CalShoreTy": 3, "CalLandcov": 3, "CalSlope": 1, "CalSedi": 2, "CalRetreat": 1 }, "geometry": { "type": "LineString", "coordinates": [ [ -78.871635517642403, 42.85365234999221, 0.0 ], [ -78.87175767231183, 42.853617924707194, 0.0 ], [ -78.871984529879185, 42.853553991934319, 0.0 ], [ -78.872211386982983, 42.853490058725512, 0.0 ], [ -78.87243824361876, 42.853426125072247, 0.0 ], [ -78.872665099784314, 42.853362190969825, 0.0 ], [ -78.872891955476376, 42.853298256412359, 0.0 ], [ -78.872945590561159, 42.853283140394048, 0.0 ], [ -78.872960765844596, 42.853278863527009, 0.0 ], [ -78.873038343769821, 42.853389197779379, 0.0 ], [ -78.873149698413684, 42.853547569774392, 0.0 ], [ -78.873261053628482, 42.853705941661602, 0.0 ], [ -78.87337240941396, 42.853864313440972, 0.0 ], [ -78.873483765769649, 42.854022685112888, 0.0 ], [ -78.873595122694169, 42.854181056677668, 0.0 ], [ -78.873706480184822, 42.854339428136548, 0.0 ], [ -78.873817838235269, 42.854497799491817, 0.0 ], [ -78.873929196831909, 42.854656170748584, 0.0 ], [ -78.87402342393294, 42.854790177259424, 0.0 ] ] } },
{ "type": "Feature", "properties": { "CalShoreTy": 3, "CalLandcov": 3, "CalSlope": 2, "CalSedi": 2, "CalRetreat": 1 }, "geometry": { "type": "LineString", "coordinates": [ [ -78.874023423931305, 42.854790177260043, 0.0 ], [ -78.874040556052861, 42.854814541877296, 0.0 ], [ -78.874151915868808, 42.854972912889004, 0.0 ], [ -78.874263276238253, 42.855131283799473, 0.0 ], [ -78.874374637173091, 42.855289654604299, 0.0 ], [ -78.874485998676334, 42.855448025302188, 0.0 ], [ -78.874597360749291, 42.855606395892785, 0.0 ], [ -78.874708723392629, 42.855764766375714, 0.0 ], [ -78.874820086606846, 42.855923136750846, 0.0 ], [ -78.874931450392552, 42.856081507018033, 0.0 ], [ -78.875042814750699, 42.85623987717679, 0.0 ], [ -78.875154179683193, 42.856398247226394, 0.0 ], [ -78.875265545194083, 42.856556617165296, 0.0 ], [ -78.875311796705745, 42.85662238993919, 0.0 ], [ -78.875304755937037, 42.85672643795224, 0.0 ], [ -78.875297407864167, 42.856835026904704, 0.0 ], [ -78.875329842084312, 42.85690028116683, 0.0 ], [ -78.875413051072599, 42.857067688271499, 0.0 ], [ -78.875496260530056, 42.857235095310863, 0.0 ], [ -78.87551546264244, 42.857273727341116, 0.0 ], [ -78.875579470424853, 42.857402502293759, 0.0 ], [ -78.875662680742948, 42.85756990922394, 0.0 ], [ -78.87574589151842, 42.857737316092241, 0.0 ], [ -78.875829102747417, 42.857904722899633, 0.0 ], [ -78.875912314428177, 42.858072129646501, 0.0 ], [ -78.875995526559251, 42.858239536333421, 0.0 ], [ -78.876026020786398, 42.858300884568457, 0.0 ], [ -78.876071875181736, 42.858408643322555, 0.0 ], [ -78.876144253836827, 42.85857873381773, 0.0 ], [ -78.876194539256147, 42.858696904427269, 0.0 ], [ -78.87618497642174, 42.858750837916872, 0.0 ], [ -78.876153648266353, 42.858927525102644, 0.0 ], [ -78.876140717058803, 42.859000455323773, 0.0 ], [ -78.876062264087494, 42.859087863335247, 0.0 ], [ -78.875928666422354, 42.859236709855857, 0.0 ], [ -78.875831974375586, 42.859344437800161, 0.0 ], [ -78.875819162580555, 42.859348955957678, 0.0 ], [ -78.875771466366615, 42.859365776299555, 0.0 ], [ -78.875552430512627, 42.859443020168456, 0.0 ], [ -78.875333394108807, 42.859520263616993, 0.0 ], [ -78.8751986023603, 42.859567797804573, 0.0 ], [ -78.875114357135359, 42.859597506615053, 0.0 ], [ -78.874895319608271, 42.859674749186837, 0.0 ], [ -78.874676281542989, 42.85975199135617, 0.0 ], [ -78.874666079054634, 42.859755589172913, 0.0 ], [ -78.874439306304652, 42.859790591305185, 0.0 ], [ -78.874201454499385, 42.859827302952851, 0.0 ], [ -78.873963602411109, 42.859864014107465, 0.0 ], [ -78.873930267350133, 42.859869159146172, 0.0 ], [ -78.873930180795796, 42.859869281566965, 0.0 ], [ -78.873917563995093, 42.85988712651907, 0.0 ] ] } },
{ "type": "Feature", "properties": { "CalShoreTy": 3, "CalLandcov": 2, "CalSlope": 2, "CalSedi": 2, "CalRetreat": 1 }, "geometry": { "type": "LineString", "coordinates": [ [ -78.869578747609765, 42.853455088870014, 0.0 ], [ -78.869370692134055, 42.853516617773401, 0.0 ], [ -78.869145297851347, 42.853583273772806, 0.0 ], [ -78.869141210962965, 42.853584482386545, 0.0 ], [ -78.869219004602684, 42.853728836776995, 0.0 ] ] } },
{ "type": "Feature", "properties": { "CalShoreTy": 3, "CalLandcov": 2, "CalSlope": 1, "CalSedi": 2, "CalRetreat": 1 }, "geometry": { "type": "LineString", "coordinates": [ [ -78.869046689973558, 42.85250061413295, 0.0 ], [ -78.869107735658133, 42.852483402307776, 0.0 ], [ -78.869203732634944, 42.852456335566373, 0.0 ], [ -78.869430572290952, 42.852392376779477, 0.0 ], [ -78.869657411477107, 42.852328417544662, 0.0 ], [ -78.869884250193337, 42.852264457862084, 0.0 ], [ -78.870111088439828, 42.852200497731694, 0.0 ], [ -78.870337926216436, 42.852136537153513, 0.0 ], [ -78.87056476352322, 42.852072576127505, 0.0 ], [ -78.870791600360178, 42.852008614653712, 0.0 ], [ -78.871018436727155, 42.85194465273198, 0.0 ], [ -78.871245272624122, 42.851880690362265, 0.0 ], [ -78.871472108051023, 42.851816727544097, 0.0 ], [ -78.871698943007303, 42.851752764276839, 0.0 ], [ -78.87175110688375, 42.851738054945152, 0.0 ], [ -78.871870233101191, 42.851704463250584, 0.0 ], [ -78.871896227444523, 42.851743710104301, 0.0 ], [ -78.872002384468701, 42.851903987840863, 0.0 ], [ -78.872108542016292, 42.852064265489133, 0.0 ], [ -78.87218203607388, 42.852175227077161, 0.0 ], [ -78.872214700119017, 42.852224543037906, 0.0 ], [ -78.872320858855304, 42.85238482045898, 0.0 ], [ -78.872427018144208, 42.852545097781402, 0.0 ], [ -78.872456577865833, 42.852589726331807, 0.0 ], [ -78.872294621854522, 42.852639032393185, 0.0 ], [ -78.872070166986148, 42.852707365164356, 0.0 ], [ -78.871845711620495, 42.852775697496163, 0.0 ], [ -78.871621255757915, 42.852844029389168, 0.0 ], [ -78.871396799398582, 42.852912360843568, 0.0 ], [ -78.871172342542579, 42.852980691859457, 0.0 ], [ -78.8710535046838, 42.85301686922643, 0.0 ], [ -78.870947885189807, 42.853049022436849, 0.0 ], [ -78.870814831114501, 42.85308952723188, 0.0 ], [ -78.870798986082576, 42.853094213382739, 0.0 ], [ -78.870723047410181, 42.853116672121821, 0.0 ], [ -78.870497656085604, 42.853183330844935, 0.0 ], [ -78.870272264271165, 42.853249989119917, 0.0 ], [ -78.870046871970047, 42.853316646952479, 0.0 ], [ -78.869821479185205, 42.853383304348164, 0.0 ], [ -78.869596085924826, 42.853449961322021, 0.0 ], [ -78.869578747613886, 42.853455088877567, 0.0 ] ] } },
{ "type": "Feature", "properties": { "CalShoreTy": 3, "CalLandcov": 2, "CalSlope": 2, "CalSedi": 2, "CalRetreat": 1 }, "geometry": { "type": "LineString", "coordinates": [ [ -78.868956973836703, 42.852525909534407, 0.0 ], [ -78.868976892318713, 42.852520293540302, 0.0 ], [ -78.869046689971981, 42.852500614129916, 0.0 ] ] } },
{ "type": "Feature", "properties": { "CalShoreTy": 3, "CalLandcov": 3, "CalSlope": 2, "CalSedi": 2, "CalRetreat": 1 }, "geometry": { "type": "LineString", "coordinates": [ [ -78.859446589492549, 42.841095010047539, 0.0 ], [ -78.859429341114563, 42.841133504085406, 0.0 ], [ -78.859428872306538, 42.841134550347959, 0.0 ], [ -78.859429839059374, 42.841138412938925, 0.0 ], [ -78.859473700976537, 42.841313659562744, 0.0 ], [ -78.859517563142688, 42.841488906169623, 0.0 ], [ -78.859561425558567, 42.841664152759705, 0.0 ], [ -78.859605288225353, 42.841839399332791, 0.0 ], [ -78.859611104347536, 42.841862636682968, 0.0 ], [ -78.859668392576893, 42.84201136657304, 0.0 ], [ -78.859673473010631, 42.842024556198531, 0.0 ] ] } },
{ "type": "Feature", "properties": { "CalShoreTy": 3, "CalLandcov": 3, "CalSlope": 1, "CalSedi": 2, "CalRetreat": 1 }, "geometry": { "type": "LineString", "coordinates": [ [ -78.859673473010147, 42.842024556198638, 0.0 ], [ -78.859734439039471, 42.842182832400752, 0.0 ], [ -78.859800485838264, 42.842354298196881, 0.0 ], [ -78.859866532987141, 42.84252576395842, 0.0 ], [ -78.859932580500796, 42.84269722968245, 0.0 ], [ -78.859998628392049, 42.842868695366249, 0.0 ], [ -78.860041023843991, 42.842978756851522, 0.0 ], [ -78.860069375164699, 42.843039081886786, 0.0 ], [ -78.860148543991372, 42.843207534127799, 0.0 ], [ -78.860227713250154, 42.843375986314101, 0.0 ], [ -78.860306882941657, 42.84354443844564, 0.0 ], [ -78.860386053067273, 42.843712890522063, 0.0 ], [ -78.860396785253002, 42.843735725561935, 0.0 ], [ -78.860505108174962, 42.843867688512283, 0.0 ], [ -78.860630418416093, 42.84402034520388, 0.0 ], [ -78.860717055083512, 42.844125888065818, 0.0 ], [ -78.860764654212986, 42.844168382340619, 0.0 ], [ -78.860918884071964, 42.844306071000766, 0.0 ], [ -78.861073114620027, 42.844443759452865, 0.0 ], [ -78.861087307008205, 42.844456429586067, 0.0 ], [ -78.861088381308107, 42.844456093887452, 0.0 ], [ -78.861169913223662, 42.844430616668554, 0.0 ], [ -78.861290286637299, 42.844393001789719, 0.0 ], [ -78.861513836957016, 42.844323145293096, 0.0 ], [ -78.861737386777875, 42.844253288373309, 0.0 ], [ -78.861960936095741, 42.844183431023239, 0.0 ], [ -78.862184484909491, 42.844113573240591, 0.0 ], [ -78.862408033218415, 42.84404371502437, 0.0 ], [ -78.862631581022058, 42.843973856373914, 0.0 ], [ -78.862855128320192, 42.843903997288621, 0.0 ], [ -78.86307867511232, 42.843834137767693, 0.0 ], [ -78.863302221397433, 42.843764277809534, 0.0 ], [ -78.863525767173797, 42.843694417410909, 0.0 ], [ -78.863542953837424, 42.843689046373754, 0.0 ], [ -78.8635682771841, 42.843681132519798, 0.0 ], [ -78.863761012298681, 42.843710285727802, 0.0 ], [ -78.863963406728928, 42.84374089962926, 0.0 ], [ -78.86398005665437, 42.843764589750045, 0.0 ], [ -78.864091370516022, 42.843922970599749, 0.0 ], [ -78.864202685026413, 42.844081351311956, 0.0 ], [ -78.8642968747792, 42.844215365889724, 0.0 ] ] } },
{ "type": "Feature", "properties": { "CalShoreTy": 3, "CalLandcov": 3, "CalSlope": 2, "CalSedi": 2, "CalRetreat": 1 }, "geometry": { "type": "LineString", "coordinates": [ [ -78.86429687478288, 42.844215365888331, 0.0 ], [ -78.864314000033772, 42.844239731944469, 0.0 ], [ -78.864425315495311, 42.844398112513517, 0.0 ], [ -78.864536631567688, 42.844556492959434, 0.0 ], [ -78.864647948224018, 42.844714873292489, 0.0 ], [ -78.864759265457479, 42.844873253515402, 0.0 ], [ -78.864870583265159, 42.845031633629077, 0.0 ], [ -78.864981901645862, 42.845190013634152, 0.0 ], [ -78.865093220598737, 42.845348393530791, 0.0 ], [ -78.8652045401235, 42.845506773319251, 0.0 ], [ -78.865315860219681, 42.845665152999537, 0.0 ], [ -78.865427180887181, 42.845823532571913, 0.0 ], [ -78.865538502125645, 42.845981912036301, 0.0 ], [ -78.86564982393476, 42.846140291392906, 0.0 ], [ -78.865761146313858, 42.846298670642035, 0.0 ], [ -78.865817372843253, 42.846378664230386, 0.0 ], [ -78.865871327042612, 42.846457475729004, 0.0 ], [ -78.865980342711865, 42.846616715384307, 0.0 ], [ -78.866005500245208, 42.846653462855812, 0.0 ], [ -78.866089358920192, 42.846775954944739, 0.0 ], [ -78.866198375643165, 42.846935194419181, 0.0 ], [ -78.866307392938438, 42.847094433786523, 0.0 ], [ -78.86641641080017, 42.847253673048776, 0.0 ], [ -78.866525429226272, 42.847412912206771, 0.0 ], [ -78.866634448215905, 42.847572151260778, 0.0 ], [ -78.866743467768515, 42.847731390210988, 0.0 ], [ -78.866852487884003, 42.847890629057595, 0.0 ], [ -78.866961508562298, 42.848049867800384, 0.0 ], [ -78.867070529803613, 42.848209106439533, 0.0 ], [ -78.867179551608473, 42.848368344974553, 0.0 ], [ -78.867288573978428, 42.8485275834052, 0.0 ], [ -78.867397596916462, 42.848686821730077, 0.0 ], [ -78.867506620429126, 42.848846059946943, 0.0 ], [ -78.867615644530431, 42.849005298050585, 0.0 ], [ -78.867682736722116, 42.849103290787809, 0.0 ], [ -78.867724669177278, 42.849164536056911, 0.0 ], [ -78.867833694316886, 42.849323773985482, 0.0 ], [ -78.86794272003705, 42.849483011803819, 0.0 ], [ -78.868051746325037, 42.849642249516592, 0.0 ], [ -78.868160773175404, 42.849801487125809, 0.0 ], [ -78.868269800582468, 42.849960724633689, 0.0 ], [ -78.86829637023132, 42.849999530192271, 0.0 ], [ -78.8681774828203, 42.850102299035107, 0.0 ], [ -78.868020286901256, 42.850238181863418, 0.0 ], [ -78.867863090290257, 42.850374064476554, 0.0 ], [ -78.867731703619356, 42.850487636046708, 0.0 ], [ -78.867701307419054, 42.850506589742345, 0.0 ], [ -78.867516181386364, 42.850622025532658, 0.0 ], [ -78.867331054661491, 42.85073746102448, 0.0 ], [ -78.867145927244366, 42.850852896217972, 0.0 ], [ -78.867077282600519, 42.850895699025557, 0.0 ], [ -78.86693538439927, 42.850853914173129, 0.0 ], [ -78.866932153877329, 42.850852962875969, 0.0 ], [ -78.86683634241291, 42.850770442204166, 0.0 ], [ -78.866874670504188, 42.85070934056381, 0.0 ], [ -78.86691878593615, 42.850639012729445, 0.0 ], [ -78.867021643756473, 42.850572175314213, 0.0 ], [ -78.867203516700613, 42.850453992997032, 0.0 ], [ -78.86738538899796, 42.850335810355382, 0.0 ], [ -78.867567260599031, 42.850217627425735, 0.0 ], [ -78.867746408608383, 42.850101213603359, 0.0 ], [ -78.867747691744952, 42.850098717439302, 0.0 ], [ -78.867802643154761, 42.849991816840202, 0.0 ], [ -78.867799575371521, 42.849927923059397, 0.0 ], [ -78.867797061613487, 42.849875568066899, 0.0 ], [ -78.86772095680837, 42.84976283401074, 0.0 ], [ -78.867613156286737, 42.849603148291514, 0.0 ], [ -78.867505356324187, 42.849443462470589, 0.0 ], [ -78.867397556919727, 42.849283776548248, 0.0 ], [ -78.867289758072943, 42.849124090524718, 0.0 ], [ -78.867240471460718, 42.849051080314716, 0.0 ], [ -78.867181387363502, 42.848964613370939, 0.0 ], [ -78.867072535055399, 42.84880531213426, 0.0 ], [ -78.866963683319014, 42.848646010790667, 0.0 ], [ -78.866854832140405, 42.848486709345366, 0.0 ], [ -78.86674598149817, 42.848327407806138, 0.0 ], [ -78.866704115910551, 42.848266137935013, 0.0 ], [ -78.866637131509862, 42.848168106129734, 0.0 ], [ -78.866528282106714, 42.84800880434134, 0.0 ], [ -78.866419433231812, 42.847849502462175, 0.0 ], [ -78.866310584903033, 42.847690200485495, 0.0 ], [ -78.86620173712879, 42.847530898408408, 0.0 ], [ -78.866092889912736, 42.847371596229308, 0.0 ], [ -78.865984043256731, 42.847212293947607, 0.0 ], [ -78.865875197161515, 42.847052991563075, 0.0 ], [ -78.865766351627414, 42.84689368907555, 0.0 ], [ -78.865657506654614, 42.846734386484933, 0.0 ], [ -78.865548662243228, 42.846575083791237, 0.0 ], [ -78.865515837918878, 42.846527042527576, 0.0 ], [ -78.865359187604184, 42.846574943683287, 0.0 ], [ -78.865134897304415, 42.846643527560531, 0.0 ], [ -78.864920333407483, 42.846709136727796, 0.0 ], [ -78.864911494897868, 42.846704928139573, 0.0 ], [ -78.864707689456608, 42.846607882776858, 0.0 ], [ -78.864631782694403, 42.846571738333623, 0.0 ], [ -78.864541464044265, 42.84659649431584, 0.0 ], [ -78.864488934020258, 42.846610892795439, 0.0 ], [ -78.864261305333073, 42.846673285014965, 0.0 ], [ -78.864033676170266, 42.846735676752488, 0.0 ], [ -78.863806046540503, 42.846798068024903, 0.0 ], [ -78.863578416447695, 42.846860458839991, 0.0 ], [ -78.863350785893601, 42.846922849201356, 0.0 ], [ -78.863123154878977, 42.846985239110552, 0.0 ], [ -78.862895523404362, 42.847047628568255, 0.0 ], [ -78.862667891469798, 42.847110017574813, 0.0 ], [ -78.862440259075228, 42.847172406130227, 0.0 ], [ -78.862387508255111, 42.847186863776002, 0.0 ], [ -78.86229784318688, 42.847269196604074, 0.0 ], [ -78.862313287415745, 42.847298618494193, 0.0 ], [ -78.862400573897688, 42.847464902258857, 0.0 ], [ -78.862487860851175, 42.847631185956743, 0.0 ], [ -78.862575148278708, 42.847797469587206, 0.0 ], [ -78.862662436185872, 42.847963753148669, 0.0 ], [ -78.862749724585456, 42.8481300366374, 0.0 ], [ -78.862763153694317, 42.848155618742588, 0.0 ], [ -78.862837013433065, 42.848296320066019, 0.0 ], [ -78.862924302714021, 42.848462603438797, 0.0 ], [ -78.863011592473867, 42.848628886742738, 0.0 ], [ -78.863098882707604, 42.848795169979255, 0.0 ], [ -78.863186173413354, 42.848961453148831, 0.0 ], [ -78.863273464590392, 42.849127736251781, 0.0 ], [ -78.863360756238194, 42.849294019288173, 0.0 ], [ -78.863448048356503, 42.849460302258166, 0.0 ], [ -78.863535340945077, 42.84962658516173, 0.0 ], [ -78.863622634003633, 42.849792867998964, 0.0 ], [ -78.863655902102565, 42.849856239495722, 0.0 ], [ -78.863709927534003, 42.849959150769422, 0.0 ], [ -78.863797221535322, 42.850125433473238, 0.0 ], [ -78.863884516007673, 42.850291716110547, 0.0 ], [ -78.863969103365108, 42.850452841185316, 0.0 ], [ -78.863971414825869, 42.850453199869499, 0.0 ], [ -78.86397647792856, 42.850453985539573, 0.0 ], [ -78.864214241035654, 42.850490880341418, 0.0 ], [ -78.864342267289857, 42.85051074666476, 0.0 ], [ -78.864452004445553, 42.850527774585977, 0.0 ], [ -78.864528275462618, 42.850539609513611, 0.0 ], [ -78.864529413245606, 42.850539786063088, 0.0 ], [ -78.864595038131711, 42.850649899620777, 0.0 ], [ -78.864676314680679, 42.850786274877535, 0.0 ], [ -78.864690442763617, 42.850813735294594, 0.0 ], [ -78.864776212864825, 42.8509804440233, 0.0 ], [ -78.864861983429094, 42.851147152687943, 0.0 ], [ -78.864947754457248, 42.85131386128829, 0.0 ], [ -78.865033525950608, 42.851480569824098, 0.0 ], [ -78.865052182266979, 42.851516830778237, 0.0 ], [ -78.865112426242689, 42.851649068922285, 0.0 ], [ -78.865189416820314, 42.851818065714077, 0.0 ], [ -78.865266407820329, 42.851987062454135, 0.0 ], [ -78.865336249144121, 42.852140364666973, 0.0 ], [ -78.865339362577501, 42.852156753182086, 0.0 ], [ -78.865372887845851, 42.852333223200887, 0.0 ], [ -78.865406413306715, 42.852509693209804, 0.0 ], [ -78.865416764789273, 42.852564180731349, 0.0 ], [ -78.865466484721054, 42.852681823221232, 0.0 ], [ -78.865527139281753, 42.85282533753184, 0.0 ], [ -78.865550756178465, 42.852847251540311, 0.0 ], [ -78.865689835309141, 42.852976301686169, 0.0 ], [ -78.865701425072444, 42.85298705595892, 0.0 ], [ -78.865797110235349, 42.85307584161373, 0.0 ], [ -78.865885796216062, 42.853076661941046, 0.0 ], [ -78.866128817783419, 42.853078909486875, 0.0 ], [ -78.866370876397951, 42.853081147614724, 0.0 ], [ -78.866371266935275, 42.853081792968389, 0.0 ], [ -78.866460764554503, 42.85322968526296, 0.0 ], [ -78.86648161989072, 42.853223805651943, 0.0 ], [ -78.866708465204482, 42.853159852276448, 0.0 ], [ -78.866935310048234, 42.853095898452786, 0.0 ], [ -78.867162154421933, 42.853031944180835, 0.0 ], [ -78.867388998325367, 42.852967989460247, 0.0 ], [ -78.867615841757939, 42.852904034289821, 0.0 ], [ -78.867842684718283, 42.852840078666979, 0.0 ], [ -78.868069527203502, 42.8527761225861, 0.0 ], [ -78.868296369207002, 42.852712166034664, 0.0 ], [ -78.868523210714585, 42.852648208985343, 0.0 ], [ -78.868750051695457, 42.852584251379049, 0.0 ], [ -78.868956973836703, 42.852525909534407, 0.0 ] ] } },
{ "type": "Feature", "properties": { "CalShoreTy": 3, "CalLandcov": 2, "CalSlope": 2, "CalSedi": 2, "CalRetreat": 1 }, "geometry": { "type": "LineString", "coordinates": [ [ -78.860014120211204, 42.840243797338218, 0.0 ], [ -78.859933411461256, 42.840336169321219, 0.0 ], [ -78.85980232889591, 42.840486193913058, 0.0 ], [ -78.859671245720719, 42.840636218367933, 0.0 ], [ -78.859639540726107, 42.840672504547541, 0.0 ], [ -78.85963207463297, 42.840681049438032, 0.0 ], [ -78.859626844568851, 42.840692721830429, 0.0 ], [ -78.859578893440869, 42.84079973834919, 0.0 ], [ -78.859503047237581, 42.84096900982459, 0.0 ], [ -78.859446589492634, 42.84109501004756, 0.0 ] ] } },
{ "type": "Feature", "properties": { "CalShoreTy": 3, "CalLandcov": 3, "CalSlope": 1, "CalSedi": 2, "CalRetreat": 1 }, "geometry": { "type": "LineString", "coordinates": [ [ -78.861910151698339, 42.839090931292837, 0.0 ], [ -78.862020652038794, 42.839059437808537, 0.0 ], [ -78.862040600206868, 42.839092790571442, 0.0 ], [ -78.862138192495294, 42.839255961498054, 0.0 ], [ -78.862185819912398, 42.839335592545794, 0.0 ], [ -78.862303543130395, 42.83930610165794, 0.0 ], [ -78.862533481061263, 42.839248499387629, 0.0 ], [ -78.862763418563034, 42.839190896656696, 0.0 ], [ -78.86292850935132, 42.839149538631958, 0.0 ], [ -78.862945916936397, 42.839198138379842, 0.0 ], [ -78.863007642304808, 42.839370467062949, 0.0 ], [ -78.863010766330149, 42.839379188882717, 0.0 ], [ -78.862994970380328, 42.839383497186965, 0.0 ], [ -78.862794550183636, 42.839438161017696, 0.0 ], [ -78.862566807180599, 42.83950027648671, 0.0 ], [ -78.862339063717414, 42.839562391500102, 0.0 ], [ -78.862111319795858, 42.83962450606105, 0.0 ], [ -78.861883575416911, 42.839686620171534, 0.0 ], [ -78.861655830581427, 42.839748733833439, 0.0 ], [ -78.861428085291024, 42.839810847049996, 0.0 ], [ -78.861200339550237, 42.839872959829911, 0.0 ], [ -78.861042669466201, 42.839915960667092, 0.0 ] ] } },
{ "type": "Feature", "properties": { "CalShoreTy": 3, "CalLandcov": 3, "CalSlope": 2, "CalSedi": 2, "CalRetreat": 1 }, "geometry": { "type": "LineString", "coordinates": [ [ -78.861042669465974, 42.839915960666659, 0.0 ], [ -78.860972593354703, 42.839935072164842, 0.0 ], [ -78.860744846636067, 42.839997183918868, 0.0 ], [ -78.86051709948724, 42.840059295276561, 0.0 ], [ -78.860289351892035, 42.840121406205832, 0.0 ], [ -78.860076877842957, 42.84017935125005, 0.0 ], [ -78.860068411433332, 42.840181660162472, 0.0 ], [ -78.860067374465189, 42.840182846990587, 0.0 ], [ -78.860064493297998, 42.840186144536354, 0.0 ], [ -78.860014120211218, 42.840243797338225, 0.0 ] ] } },
{ "type": "Feature", "properties": { "CalShoreTy": 3, "CalLandcov": 3, "CalSlope": 2, "CalSedi": 2, "CalRetreat": 1 }, "geometry": { "type": "LineString", "coordinates": [ [ -78.859496064650415, 42.837987467425826, 0.0 ], [ -78.859375807996713, 42.837982071381333, 0.0 ], [ -78.859374950195814, 42.837982286089186, 0.0 ], [ -78.859371057503026, 42.837983260431415, 0.0 ], [ -78.859247236465677, 42.838014252793272, 0.0 ], [ -78.859141103206383, 42.838040817449809, 0.0 ], [ -78.858911148411451, 42.838098373856944, 0.0 ], [ -78.858681193203765, 42.838155929837889, 0.0 ], [ -78.858451237574513, 42.838213485373231, 0.0 ], [ -78.858221281519604, 42.838271040454394, 0.0 ], [ -78.858019630472413, 42.838321510686868, 0.0 ], [ -78.858011628476547, 42.838323513455848, 0.0 ], [ -78.85800594001222, 42.838338681736332, 0.0 ], [ -78.857941512292143, 42.838510477585494, 0.0 ], [ -78.857901148478774, 42.838618106770475, 0.0 ], [ -78.85790321185776, 42.838684638232635, 0.0 ], [ -78.857908736243843, 42.838862765495733, 0.0 ], [ -78.857913668830633, 42.839021809993064, 0.0 ], [ -78.857920069901411, 42.839040311601572, 0.0 ], [ -78.857979820611604, 42.839213014061087, 0.0 ], [ -78.858039571655624, 42.83938571648951, 0.0 ], [ -78.858099323034097, 42.839558418886881, 0.0 ], [ -78.858159074747689, 42.839731121252925, 0.0 ], [ -78.858218826797994, 42.839903823587413, 0.0 ], [ -78.85822162503608, 42.839911911356715, 0.0 ], [ -78.858222553575757, 42.839912292925639, 0.0 ], [ -78.858407364350683, 42.839988237610278, 0.0 ], [ -78.858423669945367, 42.839994937842064, 0.0 ], [ -78.858426517635635, 42.839996108006304, 0.0 ], [ -78.85842661220147, 42.839996146865005, 0.0 ], [ -78.858666176987754, 42.839999803382739, 0.0 ], [ -78.858718234644314, 42.840000597880476, 0.0 ], [ -78.858896188263373, 42.839949885807016, 0.0 ], [ -78.859122673983265, 42.839885342848675, 0.0 ], [ -78.859349159229808, 42.839820799443913, 0.0 ], [ -78.8595756440033, 42.839756255592675, 0.0 ], [ -78.859802128303556, 42.83969171129506, 0.0 ], [ -78.860028612130506, 42.839627166551054, 0.0 ], [ -78.860255095484277, 42.839562621360457, 0.0 ], [ -78.860481578364627, 42.839498075723164, 0.0 ], [ -78.860708060771458, 42.839433529638711, 0.0 ], [ -78.860934542704129, 42.839368983106198, 0.0 ], [ -78.861161024161589, 42.839304436123633, 0.0 ], [ -78.861387505141707, 42.839239888686599, 0.0 ], [ -78.861613985639593, 42.839175340785928, 0.0 ], [ -78.861840465644761, 42.839110792402046, 0.0 ], [ -78.861910151698382, 42.839090931292958, 0.0 ] ] } },
{ "type": "Feature", "properties": { "CalShoreTy": 3, "CalLandcov": 3, "CalSlope": 1, "CalSedi": 2, "CalRetreat": 1 }, "geometry": { "type": "LineString", "coordinates": [ [ -78.881570698448755, 42.868078847680287, 0.0 ], [ -78.881520230862606, 42.868094927359124, 0.0 ], [ -78.881297285657439, 42.86816596074101, 0.0 ], [ -78.881190438478058, 42.868200003065205, 0.0 ] ] } },
{ "type": "Feature", "properties": { "CalShoreTy": 2, "CalLandcov": 3, "CalSlope": 2, "CalSedi": 2, "CalRetreat": 1 }, "geometry": { "type": "LineString", "coordinates": [ [ -78.860876153890189, 42.837492938046346, 0.0 ], [ -78.860813763220349, 42.83750903092006, 0.0 ], [ -78.860662978384212, 42.837547923760873, 0.0 ], [ -78.860606656797586, 42.837592767531937, 0.0 ], [ -78.860442051410061, 42.837723827338529, 0.0 ], [ -78.860277445324087, 42.837854886909241, 0.0 ], [ -78.860188049990413, 42.837926063252333, 0.0 ], [ -78.860085370764338, 42.837957025040382, 0.0 ], [ -78.859921157292632, 42.838006541543919, 0.0 ], [ -78.859855853582943, 42.83800361143787, 0.0 ], [ -78.859613325630832, 42.837992729147544, 0.0 ], [ -78.859496064650443, 42.837987467425535, 0.0 ] ] } },
{ "type": "Feature", "properties": { "CalShoreTy": 1, "CalLandcov": 1, "CalSlope": 2, "CalSedi": 2, "CalRetreat": 1 }, "geometry": { "type": "LineString", "coordinates": [ [ -78.87309640051069, 42.828524046343709, 0.0 ], [ -78.873187560897989, 42.828553275332055, 0.0 ], [ -78.873258816496289, 42.828576122126414, 0.0 ] ] } },
{ "type": "Feature", "properties": { "CalShoreTy": 3, "CalLandcov": 1, "CalSlope": 2, "CalSedi": 2, "CalRetreat": 2 }, "geometry": { "type": "LineString", "coordinates": [ [ -78.8738610741771, 42.76629786418377, 0.0 ], [ -78.873847353075249, 42.766327188796048, 0.0 ], [ -78.87384697457432, 42.766327997724346, 0.0 ], [ -78.873834959902169, 42.766353675679966, 0.0 ], [ -78.873815920222398, 42.766394367548095, 0.0 ], [ -78.873823709876234, 42.766501941900849, 0.0 ], [ -78.87381654146256, 42.76652885368447, 0.0 ], [ -78.873794894874109, 42.766610119532395, 0.0 ], [ -78.873707164157707, 42.766670753581138, 0.0 ], [ -78.873699427400496, 42.766674692442578, 0.0 ] ] } },
{ "type": "Feature", "properties": { "CalShoreTy": 3, "CalLandcov": 1, "CalSlope": 2, "CalSedi": 2, "CalRetreat": 2 }, "geometry": { "type": "LineString", "coordinates": [ [ -78.917927864964426, 42.736752553203893, 0.0 ], [ -78.917711044874139, 42.736832460863134, 0.0 ], [ -78.917697869494262, 42.736837316545419, 0.0 ], [ -78.917693031666445, 42.736839099488108, 0.0 ], [ -78.91750240406634, 42.736923282307465, 0.0 ], [ -78.917449323456097, 42.736946723071462, 0.0 ] ] } },
{ "type": "Feature", "properties": { "CalShoreTy": 3, "CalLandcov": 1, "CalSlope": 2, "CalSedi": 2, "CalRetreat": 2 }, "geometry": { "type": "LineString", "coordinates": [ [ -78.890738493924758, 42.755621093487932, 0.0 ], [ -78.890637279313509, 42.755725225668122, 0.0 ], [ -78.890549591708307, 42.755815440562387, 0.0 ] ] } },
{ "type": "Feature", "properties": { "CalShoreTy": 3, "CalLandcov": 3, "CalSlope": 2, "CalSedi": 2, "CalRetreat": 2 }, "geometry": { "type": "LineString", "coordinates": [ [ -78.890848283580254, 42.755551489737478, 0.0 ], [ -78.890788138821407, 42.755587054326668, 0.0 ], [ -78.890750294797471, 42.755609432085947, 0.0 ], [ -78.890749199302846, 42.755610079868511, 0.0 ], [ -78.890738493924701, 42.755621093487903, 0.0 ] ] } },
{ "type": "Feature", "properties": { "CalShoreTy": 3, "CalLandcov": 1, "CalSlope": 2, "CalSedi": 2, "CalRetreat": 2 }, "geometry": { "type": "LineString", "coordinates": [ [ -78.893142044472697, 42.753875469154089, 0.0 ], [ -78.893118400039953, 42.753905565888928, 0.0 ], [ -78.893117968205914, 42.75390611556535, 0.0 ], [ -78.893092185916032, 42.753939256877217, 0.0 ], [ -78.893013264073033, 42.754040705069045, 0.0 ], [ -78.892952319382346, 42.754082657964545, 0.0 ], [ -78.892887302443896, 42.754127413999676, 0.0 ], [ -78.892782835527299, 42.754210028014889, 0.0 ], [ -78.892627662398539, 42.754332740684326, 0.0 ], [ -78.89261680432034, 42.754339907062075, 0.0 ], [ -78.892436338569055, 42.754459014816447, 0.0 ], [ -78.892255872123783, 42.754578122287192, 0.0 ], [ -78.892254987392803, 42.754578706204995, 0.0 ], [ -78.892252293220778, 42.754581506450492, 0.0 ], [ -78.8921156632113, 42.754723515368781, 0.0 ], [ -78.892051042427696, 42.754790679909533, 0.0 ], [ -78.892008921444869, 42.754834458630427, 0.0 ], [ -78.892008355016401, 42.754835047351328, 0.0 ], [ -78.891972439632099, 42.754867242187736, 0.0 ], [ -78.891828348975352, 42.754996405745445, 0.0 ], [ -78.891822291363027, 42.755006694783475, 0.0 ], [ -78.891788027338634, 42.755064893188042, 0.0 ], [ -78.891764289805693, 42.755105212371681, 0.0 ], [ -78.891725799172505, 42.755170175323762, 0.0 ], [ -78.891664891842282, 42.755272971973511, 0.0 ], [ -78.891600891870681, 42.755231905939546, 0.0 ], [ -78.89159713631706, 42.755229496250791, 0.0 ], [ -78.891578290980632, 42.755217404445126, 0.0 ], [ -78.89152536519066, 42.75524243679105, 0.0 ], [ -78.891516746731583, 42.755244169543879, 0.0 ], [ -78.891406273754924, 42.755266388575151, 0.0 ], [ -78.891378543081927, 42.755276881661395, 0.0 ], [ -78.891258279873469, 42.755322388267075, 0.0 ], [ -78.891170726163963, 42.755368014895467, 0.0 ], [ -78.891068263610833, 42.755421410757279, 0.0 ], [ -78.891065831525509, 42.755422848907543, 0.0 ], [ -78.890977130461025, 42.755475299889717, 0.0 ], [ -78.890848283580468, 42.75555148973767, 0.0 ] ] } },
{ "type": "Feature", "properties": { "CalShoreTy": 3, "CalLandcov": 3, "CalSlope": 2, "CalSedi": 2, "CalRetreat": 2 }, "geometry": { "type": "LineString", "coordinates": [ [ -78.893292799254198, 42.753758461929024, 0.0 ], [ -78.893233797291984, 42.753797114950906, 0.0 ], [ -78.893171578514213, 42.753837875268317, 0.0 ], [ -78.893171041224605, 42.753838559184814, 0.0 ], [ -78.893142044472697, 42.753875469154089, 0.0 ] ] } },
{ "type": "Feature", "properties": { "CalShoreTy": 3, "CalLandcov": 1, "CalSlope": 2, "CalSedi": 2, "CalRetreat": 2 }, "geometry": { "type": "LineString", "coordinates": [ [ -78.894305357471296, 42.753056602603017, 0.0 ], [ -78.89429123094358, 42.753067892510089, 0.0 ], [ -78.894127062257056, 42.753199095529517, 0.0 ], [ -78.894102224143822, 42.753218945996061, 0.0 ], [ -78.894096669210128, 42.753223385461226, 0.0 ], [ -78.89404887567845, 42.753245514374356, 0.0 ], [ -78.893972270682056, 42.753280984698051, 0.0 ], [ -78.893934781097784, 42.753306005402813, 0.0 ], [ -78.893775307469426, 42.753412438399558, 0.0 ], [ -78.893757947721454, 42.753427762484733, 0.0 ], [ -78.893643839860431, 42.753528489410087, 0.0 ], [ -78.893595922070872, 42.753559881312732, 0.0 ], [ -78.893414859987544, 42.753678498240859, 0.0 ], [ -78.893292799253771, 42.753758461928669, 0.0 ] ] } },
{ "type": "Feature", "properties": { "CalShoreTy": 3, "CalLandcov": 3, "CalSlope": 2, "CalSedi": 2, "CalRetreat": 2 }, "geometry": { "type": "LineString", "coordinates": [ [ -78.894637578906199, 42.752811053827912, 0.0 ], [ -78.89463257308465, 42.75281469063961, 0.0 ], [ -78.894622866286511, 42.752821742786324, 0.0 ], [ -78.894619304426755, 42.752824330534757, 0.0 ], [ -78.894536338562261, 42.752884604282798, 0.0 ], [ -78.894534535316239, 42.752885914318362, 0.0 ], [ -78.894460071417242, 42.752939996113106, 0.0 ], [ -78.89443755667368, 42.752956348138341, 0.0 ], [ -78.894363504072643, 42.753010131737746, 0.0 ], [ -78.894361986909175, 42.753011344258688, 0.0 ], [ -78.894305357471296, 42.753056602603017, 0.0 ] ] } },
{ "type": "Feature", "properties": { "CalShoreTy": 3, "CalLandcov": 1, "CalSlope": 2, "CalSedi": 2, "CalRetreat": 2 }, "geometry": { "type": "LineString", "coordinates": [ [ -78.896641460647956, 42.75132804889995, 0.0 ], [ -78.896632274160524, 42.751336197806943, 0.0 ], [ -78.896555080428996, 42.751404672672642, 0.0 ], [ -78.896552610763862, 42.751406863391061, 0.0 ], [ -78.896470969831881, 42.751469132296371, 0.0 ], [ -78.896361348162458, 42.751552742288119, 0.0 ], [ -78.896308849451714, 42.751601443622924, 0.0 ], [ -78.896158252610164, 42.751741146820969, 0.0 ], [ -78.896141406935911, 42.751756773886143, 0.0 ], [ -78.896014496802678, 42.751884666145841, 0.0 ], [ -78.895973895742046, 42.751925581265795, 0.0 ], [ -78.895942794613291, 42.75196534978236, 0.0 ], [ -78.89584734825516, 42.751964520073486, 0.0 ], [ -78.895837019627379, 42.75197329438447, 0.0 ], [ -78.895678344540798, 42.752108090603613, 0.0 ], [ -78.895519668764038, 42.752242886603831, 0.0 ], [ -78.895360992297114, 42.752377682384932, 0.0 ], [ -78.895239684290431, 42.752480733085861, 0.0 ], [ -78.895199750285812, 42.752510746933346, 0.0 ], [ -78.89503091306139, 42.752637642184773, 0.0 ], [ -78.895029867847626, 42.752637599698694, 0.0 ], [ -78.894935264684321, 42.752633754140348, 0.0 ], [ -78.894835623006514, 42.752693037932715, 0.0 ], [ -78.89482016262329, 42.752701948136639, 0.0 ], [ -78.894663408830922, 42.752792288979066, 0.0 ], [ -78.894637578906156, 42.752811053827884, 0.0 ] ] } },
{ "type": "Feature", "properties": { "CalShoreTy": 3, "CalLandcov": 3, "CalSlope": 2, "CalSedi": 2, "CalRetreat": 2 }, "geometry": { "type": "LineString", "coordinates": [ [ -78.897418040212742, 42.750845160580887, 0.0 ], [ -78.897364549088522, 42.750874600866858, 0.0 ], [ -78.89731131818769, 42.750903897879382, 0.0 ], [ -78.897230132450801, 42.750948580463074, 0.0 ], [ -78.897170391375667, 42.750981460057666, 0.0 ], [ -78.897126401528439, 42.751005670708317, 0.0 ], [ -78.897125480217952, 42.75100617776782, 0.0 ], [ -78.896976179793825, 42.751088266772754, 0.0 ], [ -78.896806764189805, 42.751181415092688, 0.0 ], [ -78.896802131134365, 42.751185524893657, 0.0 ], [ -78.896786998312095, 42.75119894861902, 0.0 ], [ -78.896641460647984, 42.751328048899957, 0.0 ] ] } },
{ "type": "Feature", "properties": { "CalShoreTy": 3, "CalLandcov": 1, "CalSlope": 2, "CalSedi": 2, "CalRetreat": 2 }, "geometry": { "type": "LineString", "coordinates": [ [ -78.898167497202394, 42.750311599979185, 0.0 ], [ -78.898064811147776, 42.75038360900944, 0.0 ], [ -78.897889334789227, 42.750506662003666, 0.0 ], [ -78.897716211231909, 42.75062806424225, 0.0 ], [ -78.8977140455588, 42.750629848003619, 0.0 ], [ -78.897552577140885, 42.750762841339842, 0.0 ], [ -78.897522300840137, 42.750787778301387, 0.0 ], [ -78.897418040212727, 42.75084516058088, 0.0 ] ] } },
{ "type": "Feature", "properties": { "CalShoreTy": 3, "CalLandcov": 3, "CalSlope": 2, "CalSedi": 2, "CalRetreat": 2 }, "geometry": { "type": "LineString", "coordinates": [ [ -78.89862113127576, 42.749976429083112, 0.0 ], [ -78.898581126990507, 42.750007002429975, 0.0 ], [ -78.898413016862222, 42.750135480412041, 0.0 ], [ -78.898363705345446, 42.750173166542055, 0.0 ], [ -78.898350347779584, 42.750183374995963, 0.0 ], [ -78.898240286954646, 42.750260555859768, 0.0 ], [ -78.898167497201413, 42.750311599978403, 0.0 ] ] } },
{ "type": "Feature", "properties": { "CalShoreTy": 3, "CalLandcov": 1, "CalSlope": 2, "CalSedi": 2, "CalRetreat": 2 }, "geometry": { "type": "LineString", "coordinates": [ [ -78.899192970157657, 42.749514605805977, 0.0 ], [ -78.899077404950091, 42.749616355300603, 0.0 ], [ -78.898959967401524, 42.749719752837578, 0.0 ], [ -78.898918659200746, 42.749750977979211, 0.0 ], [ -78.898749592025752, 42.749878776486298, 0.0 ], [ -78.89868685782082, 42.749926197307019, 0.0 ], [ -78.898683613635384, 42.74992867669156, 0.0 ], [ -78.89862113127576, 42.749976429083112, 0.0 ] ] } },
{ "type": "Feature", "properties": { "CalShoreTy": 3, "CalLandcov": 3, "CalSlope": 2, "CalSedi": 2, "CalRetreat": 2 }, "geometry": { "type": "LineString", "coordinates": [ [ -78.899760527609686, 42.749056373472825, 0.0 ], [ -78.8997221283404, 42.749085777590111, 0.0 ], [ -78.899699456144177, 42.749103138731577, 0.0 ], [ -78.899564395606461, 42.7492211057303, 0.0 ], [ -78.899526320628567, 42.749254361749763, 0.0 ], [ -78.899402585176333, 42.749330049181289, 0.0 ], [ -78.899388220544679, 42.749342696643581, 0.0 ], [ -78.899232813042573, 42.749479526047665, 0.0 ], [ -78.899192970156676, 42.749514605805381, 0.0 ] ] } },
{ "type": "Feature", "properties": { "CalShoreTy": 3, "CalLandcov": 1, "CalSlope": 2, "CalSedi": 2, "CalRetreat": 2 }, "geometry": { "type": "LineString", "coordinates": [ [ -78.90078590542079, 42.748059656041548, 0.0 ], [ -78.900733568284579, 42.748095587861101, 0.0 ], [ -78.900556332062507, 42.748217268095182, 0.0 ], [ -78.900495746019018, 42.748258862815163, 0.0 ], [ -78.900411583382606, 42.74835852130861, 0.0 ], [ -78.900369383254585, 42.748408491094843, 0.0 ], [ -78.900292923058402, 42.748513836523017, 0.0 ], [ -78.900193860631418, 42.748650322272056, 0.0 ], [ -78.900175515508579, 42.748669591720017, 0.0 ], [ -78.900036493702018, 42.748815617694383, 0.0 ], [ -78.899933076276426, 42.748924244918776, 0.0 ], [ -78.899890065899967, 42.748957179972088, 0.0 ], [ -78.899838392545533, 42.74899674857015, 0.0 ], [ -78.899760527608265, 42.749056373471809, 0.0 ] ] } },
{ "type": "Feature", "properties": { "CalShoreTy": 3, "CalLandcov": 3, "CalSlope": 2, "CalSedi": 2, "CalRetreat": 2 }, "geometry": { "type": "LineString", "coordinates": [ [ -78.901217189060446, 42.747821977382458, 0.0 ], [ -78.901180210573656, 42.747869841399023, 0.0 ], [ -78.901179270186802, 42.747871058610826, 0.0 ], [ -78.901141760132575, 42.747891396583768, 0.0 ], [ -78.901105861273138, 42.74787851467876, 0.0 ], [ -78.901092415352366, 42.747873690056302, 0.0 ], [ -78.90106900916048, 42.747865291513939, 0.0 ], [ -78.900910803869635, 42.74797390740023, 0.0 ], [ -78.900785905420634, 42.748059656041406, 0.0 ] ] } },
{ "type": "Feature", "properties": { "CalShoreTy": 3, "CalLandcov": 1, "CalSlope": 2, "CalSedi": 2, "CalRetreat": 2 }, "geometry": { "type": "LineString", "coordinates": [ [ -78.901757054109851, 42.747433685398079, 0.0 ], [ -78.901618403930485, 42.74750350014547, 0.0 ], [ -78.901582326647485, 42.747526869904341, 0.0 ], [ -78.901582178443206, 42.747526965899816, 0.0 ], [ -78.901506334637588, 42.74757609121793, 0.0 ], [ -78.901400218511398, 42.747644824988349, 0.0 ], [ -78.901307810125431, 42.747704679745461, 0.0 ], [ -78.901268249551592, 42.747755885612023, 0.0 ], [ -78.901266977714457, 42.747757531856848, 0.0 ], [ -78.901248886944984, 42.747780948236851, 0.0 ], [ -78.90121718906066, 42.747821977382543, 0.0 ] ] } },
{ "type": "Feature", "properties": { "CalShoreTy": 3, "CalLandcov": 3, "CalSlope": 2, "CalSedi": 2, "CalRetreat": 2 }, "geometry": { "type": "LineString", "coordinates": [ [ -78.902087276709025, 42.747305317228864, 0.0 ], [ -78.902031240858108, 42.747316202023995, 0.0 ], [ -78.902030331578402, 42.747316378648591, 0.0 ], [ -78.901988575065971, 42.747333613059673, 0.0 ], [ -78.901806790703375, 42.747408641696147, 0.0 ], [ -78.901778669032723, 42.747422801713192, 0.0 ], [ -78.901757054107492, 42.747433685395549, 0.0 ] ] } },
{ "type": "Feature", "properties": { "CalShoreTy": 3, "CalLandcov": 1, "CalSlope": 2, "CalSedi": 2, "CalRetreat": 2 }, "geometry": { "type": "LineString", "coordinates": [ [ -78.903366959752631, 42.747195520695591, 0.0 ], [ -78.903182040229723, 42.747205013005541, 0.0 ], [ -78.902940005360577, 42.747217436712404, 0.0 ], [ -78.902919272181762, 42.747218500927396, 0.0 ], [ -78.902701619207193, 42.747250009285253, 0.0 ], [ -78.902531692395797, 42.747274608292962, 0.0 ], [ -78.902481338862074, 42.747279342625376, 0.0 ], [ -78.902462825923863, 42.747281083298709, 0.0 ], [ -78.902298610022385, 42.747296523227917, 0.0 ], [ -78.902221540691542, 42.747296519695787, 0.0 ], [ -78.902132588076412, 42.747296515553053, 0.0 ], [ -78.902129752228262, 42.747297066293868, 0.0 ], [ -78.902129074480925, 42.747297197947482, 0.0 ], [ -78.902087276709025, 42.747305317228864, 0.0 ] ] } },
{ "type": "Feature", "properties": { "CalShoreTy": 3, "CalLandcov": 3, "CalSlope": 2, "CalSedi": 2, "CalRetreat": 2 }, "geometry": { "type": "LineString", "coordinates": [ [ -78.904924861568233, 42.747014195047292, 0.0 ], [ -78.904852453029804, 42.747031217102403, 0.0 ], [ -78.904770502208038, 42.747050482324063, 0.0 ], [ -78.904656780676476, 42.747092480929766, 0.0 ], [ -78.904627897081298, 42.747096028591102, 0.0 ], [ -78.904469884667506, 42.747115436509766, 0.0 ], [ -78.904388596118153, 42.747125420747842, 0.0 ], [ -78.90422697384578, 42.747145271764829, 0.0 ], [ -78.90414825356865, 42.747147058440589, 0.0 ], [ -78.904127605384232, 42.747147527072492, 0.0 ], [ -78.903905744243431, 42.747152563744805, 0.0 ], [ -78.903810605027076, 42.747154723454351, 0.0 ], [ -78.903664643032911, 42.747170018724724, 0.0 ], [ -78.903473436558613, 42.747190054843188, 0.0 ], [ -78.903468074827472, 42.747190330083278, 0.0 ], [ -78.903424074999933, 42.747192588768833, 0.0 ], [ -78.903366959752645, 42.747195520695719, 0.0 ] ] } },
{ "type": "Feature", "properties": { "CalShoreTy": 3, "CalLandcov": 1, "CalSlope": 2, "CalSedi": 2, "CalRetreat": 2 }, "geometry": { "type": "LineString", "coordinates": [ [ -78.906697330071296, 42.746029195032804, 0.0 ], [ -78.906554728517676, 42.74613490184813, 0.0 ], [ -78.906552200074955, 42.746136776111989, 0.0 ], [ -78.906526442191137, 42.746152964438259, 0.0 ], [ -78.906359049520049, 42.746258167105069, 0.0 ], [ -78.906342108833257, 42.746268814018755, 0.0 ], [ -78.906219502192073, 42.746345869872563, 0.0 ], [ -78.906154668356265, 42.74638182686413, 0.0 ], [ -78.906045629587439, 42.746442299832225, 0.0 ], [ -78.905989648069024, 42.746494274702592, 0.0 ], [ -78.905978757038028, 42.74650262308046, 0.0 ], [ -78.905891577297311, 42.746569449447342, 0.0 ], [ -78.905891550530271, 42.74656946996798, 0.0 ], [ -78.90588837989128, 42.746571900700182, 0.0 ], [ -78.90585660931157, 42.746596254642192, 0.0 ], [ -78.905856341843673, 42.746596459671309, 0.0 ], [ -78.905841940960698, 42.746610824006062, 0.0 ], [ -78.905820257680134, 42.746636704297032, 0.0 ], [ -78.905816331786923, 42.746641390081038, 0.0 ], [ -78.905803942833003, 42.746642601583034, 0.0 ], [ -78.905775293683234, 42.746645403681839, 0.0 ], [ -78.905772844268853, 42.746644616562627, 0.0 ], [ -78.905740911026044, 42.746643248966166, 0.0 ], [ -78.905738058733832, 42.746642971618215, 0.0 ], [ -78.905668886433688, 42.746636256047204, 0.0 ], [ -78.905664342785997, 42.746637931585525, 0.0 ], [ -78.905602963063259, 42.746677120458365, 0.0 ], [ -78.9055880166554, 42.746686663219641, 0.0 ], [ -78.905526002867191, 42.746745683038966, 0.0 ], [ -78.905482831966623, 42.74682893257863, 0.0 ], [ -78.905469800906559, 42.746854061256279, 0.0 ], [ -78.905431395248925, 42.746894245432252, 0.0 ], [ -78.905423115905691, 42.746902907457155, 0.0 ], [ -78.905395067175078, 42.746930879492531, 0.0 ], [ -78.905354040515135, 42.746940921843709, 0.0 ], [ -78.905342159371187, 42.746940434007904, 0.0 ], [ -78.905319896757845, 42.746941329207964, 0.0 ], [ -78.905271101539981, 42.746943291290847, 0.0 ], [ -78.905262296833556, 42.746944142464152, 0.0 ], [ -78.905199099992828, 42.746950253593397, 0.0 ], [ -78.905083622654843, 42.746977117443727, 0.0 ], [ -78.904983909333197, 42.747000313948519, 0.0 ], [ -78.904924861568233, 42.747014195047271, 0.0 ] ] } },
{ "type": "Feature", "properties": { "CalShoreTy": 3, "CalLandcov": 3, "CalSlope": 2, "CalSedi": 2, "CalRetreat": 2 }, "geometry": { "type": "LineString", "coordinates": [ [ -78.907147304680251, 42.745714652207013, 0.0 ], [ -78.907046110124199, 42.745779015623647, 0.0 ], [ -78.906980272385297, 42.745820890699633, 0.0 ], [ -78.906978451443962, 42.745822048879866, 0.0 ], [ -78.906870243972946, 42.745901601166835, 0.0 ], [ -78.906774554514612, 42.745971950167672, 0.0 ], [ -78.906773218535193, 42.745972940502625, 0.0 ], [ -78.906699093920352, 42.74602788753014, 0.0 ], [ -78.906697330086629, 42.746029195044031, 0.0 ] ] } },
{ "type": "Feature", "properties": { "CalShoreTy": 3, "CalLandcov": 1, "CalSlope": 2, "CalSedi": 2, "CalRetreat": 2 }, "geometry": { "type": "LineString", "coordinates": [ [ -78.908188427412028, 42.744712622085061, 0.0 ], [ -78.908069096171474, 42.744838872183649, 0.0 ], [ -78.90799651888878, 42.74491565720416, 0.0 ], [ -78.907940388752053, 42.744989652859424, 0.0 ], [ -78.907823520303808, 42.745143718411455, 0.0 ], [ -78.907822973924226, 42.745145488404852, 0.0 ], [ -78.907769334393137, 42.745319252675607, 0.0 ], [ -78.907768060685427, 42.745323378814227, 0.0 ], [ -78.907556126890569, 42.74540104711086, 0.0 ], [ -78.907546902777838, 42.745404427497235, 0.0 ], [ -78.907374199915807, 42.745518531513738, 0.0 ], [ -78.907363817516782, 42.74552539109618, 0.0 ], [ -78.907222079700489, 42.745657155022862, 0.0 ], [ -78.907188232473388, 42.745688620358543, 0.0 ], [ -78.907187802602778, 42.745688893775039, 0.0 ], [ -78.907147304680251, 42.745714652207013, 0.0 ] ] } },
{ "type": "Feature", "properties": { "CalShoreTy": 3, "CalLandcov": 3, "CalSlope": 2, "CalSedi": 2, "CalRetreat": 2 }, "geometry": { "type": "LineString", "coordinates": [ [ -78.908400344654396, 42.744467700833383, 0.0 ], [ -78.90833997069933, 42.74454340996931, 0.0 ], [ -78.908321108356645, 42.744567063252838, 0.0 ], [ -78.908294659689545, 42.744600230315648, 0.0 ], [ -78.908207442060203, 42.744692504979092, 0.0 ], [ -78.908188427408874, 42.744712622083448, 0.0 ] ] } },
{ "type": "Feature", "properties": { "CalShoreTy": 3, "CalLandcov": 1, "CalSlope": 2, "CalSedi": 2, "CalRetreat": 2 }, "geometry": { "type": "LineString", "coordinates": [ [ -78.90850790455913, 42.744332820525187, 0.0 ], [ -78.908478356108517, 42.744369874402302, 0.0 ], [ -78.90846257663857, 42.744389661900527, 0.0 ], [ -78.908400344654083, 42.744467700833255, 0.0 ] ] } },
{ "type": "Feature", "properties": { "CalShoreTy": 3, "CalLandcov": 3, "CalSlope": 2, "CalSedi": 2, "CalRetreat": 2 }, "geometry": { "type": "LineString", "coordinates": [ [ -78.908582757370894, 42.744238953840721, 0.0 ], [ -78.908548344832212, 42.744282107784052, 0.0 ], [ -78.90850790455913, 42.744332820525187, 0.0 ] ] } },
{ "type": "Feature", "properties": { "CalShoreTy": 3, "CalLandcov": 1, "CalSlope": 2, "CalSedi": 2, "CalRetreat": 2 }, "geometry": { "type": "LineString", "coordinates": [ [ -78.908734971377285, 42.744088756714767, 0.0 ], [ -78.908730170226022, 42.744093294907714, 0.0 ], [ -78.908604592875264, 42.744211994099267, 0.0 ], [ -78.908603225658894, 42.744213286426813, 0.0 ], [ -78.908585181775805, 42.74423591361699, 0.0 ], [ -78.908582757362282, 42.744238953836998, 0.0 ] ] } },
{ "type": "Feature", "properties": { "CalShoreTy": 3, "CalLandcov": 3, "CalSlope": 2, "CalSedi": 2, "CalRetreat": 2 }, "geometry": { "type": "LineString", "coordinates": [ [ -78.908791032138538, 42.74403576648912, 0.0 ], [ -78.908734971377285, 42.744088756714767, 0.0 ] ] } },
{ "type": "Feature", "properties": { "CalShoreTy": 2, "CalLandcov": 3, "CalSlope": 2, "CalSedi": 2, "CalRetreat": 2 }, "geometry": { "type": "LineString", "coordinates": [ [ -78.909231412853586, 42.743597903222323, 0.0 ], [ -78.909183035714932, 42.74361695755411, 0.0 ], [ -78.909142109446847, 42.743653689660086, 0.0 ], [ -78.909042306749583, 42.743743264236869, 0.0 ], [ -78.908997291334387, 42.743796226659896, 0.0 ], [ -78.908868825225838, 42.743947371539591, 0.0 ], [ -78.90880457060355, 42.744022969023497, 0.0 ], [ -78.908804508234212, 42.744023027979189, 0.0 ], [ -78.908791032138538, 42.74403576648912, 0.0 ] ] } },
{ "type": "Feature", "properties": { "CalShoreTy": 2, "CalLandcov": 1, "CalSlope": 2, "CalSedi": 2, "CalRetreat": 2 }, "geometry": { "type": "LineString", "coordinates": [ [ -78.909498107005575, 42.743473451948596, 0.0 ], [ -78.909338371782013, 42.74355334478215, 0.0 ], [ -78.909317053724081, 42.743564007144855, 0.0 ], [ -78.909315500217588, 42.74356478414073, 0.0 ], [ -78.9092314128536, 42.743597903222337, 0.0 ] ] } },
{ "type": "Feature", "properties": { "CalShoreTy": 3, "CalLandcov": 1, "CalSlope": 2, "CalSedi": 2, "CalRetreat": 2 }, "geometry": { "type": "LineString", "coordinates": [ [ -78.910213362116608, 42.742879252925697, 0.0 ], [ -78.910168322533536, 42.742930110215042, 0.0 ], [ -78.910137479825323, 42.742964936777689, 0.0 ], [ -78.910000898562117, 42.743055681260472, 0.0 ], [ -78.910000699651775, 42.743057039893124, 0.0 ], [ -78.909991066089916, 42.743122840536245, 0.0 ], [ -78.909886379878117, 42.74320427576049, 0.0 ], [ -78.909861116889786, 42.74322392774819, 0.0 ], [ -78.909717041747143, 42.743331862214468, 0.0 ], [ -78.909685184592348, 42.743355728052435, 0.0 ], [ -78.909536375087285, 42.743450648615358, 0.0 ], [ -78.909509774956859, 42.743467615889095, 0.0 ], [ -78.909509677744936, 42.743467664512423, 0.0 ], [ -78.909498107005575, 42.743473451948596, 0.0 ] ] } },
{ "type": "Feature", "properties": { "CalShoreTy": 3, "CalLandcov": 3, "CalSlope": 2, "CalSedi": 2, "CalRetreat": 2 }, "geometry": { "type": "LineString", "coordinates": [ [ -78.911661823707263, 42.741456433918309, 0.0 ], [ -78.911658153452393, 42.74145847335167, 0.0 ], [ -78.911614723888007, 42.741482605635611, 0.0 ], [ -78.911601804486935, 42.741489784486319, 0.0 ], [ -78.911501003902146, 42.741490373137879, 0.0 ], [ -78.911460160604506, 42.741533150511991, 0.0 ], [ -78.911362742823968, 42.741635181073093, 0.0 ], [ -78.911316281240033, 42.741676461797404, 0.0 ], [ -78.911284156802722, 42.741705004043396, 0.0 ], [ -78.91118753887001, 42.741813128174513, 0.0 ], [ -78.911177593299243, 42.741822413437212, 0.0 ], [ -78.911081539979662, 42.74191208937016, 0.0 ], [ -78.911034330084775, 42.741965974739095, 0.0 ], [ -78.910903055694092, 42.742115810717991, 0.0 ], [ -78.910838877394212, 42.742189063211626, 0.0 ], [ -78.910794345363016, 42.742274054955558, 0.0 ], [ -78.910790620110859, 42.742281164784046, 0.0 ], [ -78.910737006047398, 42.742261200294216, 0.0 ], [ -78.910639046171781, 42.742365138851966, 0.0 ], [ -78.910582492964011, 42.74242514341401, 0.0 ], [ -78.91058213562998, 42.742425532909678, 0.0 ], [ -78.910533738157753, 42.74247828631389, 0.0 ], [ -78.910502454367261, 42.742512385209217, 0.0 ], [ -78.910497462565772, 42.742517826223285, 0.0 ], [ -78.910497201779222, 42.74251811047688, 0.0 ], [ -78.910451775798023, 42.74268609960145, 0.0 ], [ -78.910448436621508, 42.742698448120436, 0.0 ], [ -78.910386693255376, 42.742703418253527, 0.0 ], [ -78.91031680303584, 42.742732964882492, 0.0 ], [ -78.910258645026602, 42.742776154677685, 0.0 ], [ -78.910216990094128, 42.742807088761033, 0.0 ], [ -78.910221405760723, 42.742870170696222, 0.0 ], [ -78.910213362116551, 42.742879252925661, 0.0 ] ] } },
{ "type": "Feature", "properties": { "CalShoreTy": 3, "CalLandcov": 1, "CalSlope": 2, "CalSedi": 2, "CalRetreat": 2 }, "geometry": { "type": "LineString", "coordinates": [ [ -78.91190127667204, 42.741316025586947, 0.0 ], [ -78.911848401259448, 42.741347973572722, 0.0 ], [ -78.911752839897417, 42.741405712797963, 0.0 ], [ -78.911749822403806, 42.741407535997723, 0.0 ], [ -78.911730864931243, 42.741418070040822, 0.0 ], [ -78.911661823707263, 42.741456433918309, 0.0 ] ] } },
{ "type": "Feature", "properties": { "CalShoreTy": 3, "CalLandcov": 3, "CalSlope": 2, "CalSedi": 2, "CalRetreat": 2 }, "geometry": { "type": "LineString", "coordinates": [ [ -78.912907142746491, 42.740614972289507, 0.0 ], [ -78.912871905721744, 42.740617555703047, 0.0 ], [ -78.912871049437982, 42.740617618481622, 0.0 ], [ -78.912710659388665, 42.740658841141979, 0.0 ], [ -78.912656668908355, 42.740693615885561, 0.0 ], [ -78.912474273456056, 42.740811094544604, 0.0 ], [ -78.912435299906249, 42.740836196830543, 0.0 ], [ -78.912338038725863, 42.74095672114165, 0.0 ], [ -78.912298516449283, 42.741005696279451, 0.0 ], [ -78.91219161860586, 42.741098087648886, 0.0 ], [ -78.912034525368256, 42.741233862011342, 0.0 ], [ -78.912028170918617, 42.741239354090609, 0.0 ], [ -78.912025619898913, 42.741240895460017, 0.0 ], [ -78.91190127667204, 42.741316025586947, 0.0 ] ] } },
{ "type": "Feature", "properties": { "CalShoreTy": 3, "CalLandcov": 1, "CalSlope": 2, "CalSedi": 2, "CalRetreat": 2 }, "geometry": { "type": "LineString", "coordinates": [ [ -78.914089794454298, 42.739667309790711, 0.0 ], [ -78.913940279010902, 42.739791448573008, 0.0 ], [ -78.913779544084036, 42.739924901900558, 0.0 ], [ -78.91361880839122, 42.740058354954932, 0.0 ], [ -78.913550902669115, 42.740114734373115, 0.0 ], [ -78.913457006342199, 42.74019110829677, 0.0 ], [ -78.913317393630166, 42.74030466677943, 0.0 ], [ -78.913299258442862, 42.740326026549091, 0.0 ], [ -78.913203954744517, 42.74043827571677, 0.0 ], [ -78.913182835640882, 42.740481464057311, 0.0 ], [ -78.913152417766526, 42.740543668168492, 0.0 ], [ -78.91306748220363, 42.740636783957463, 0.0 ], [ -78.913048117818406, 42.74065801329607, 0.0 ], [ -78.913010241784306, 42.740625255334066, 0.0 ], [ -78.912991224145685, 42.740608807640669, 0.0 ], [ -78.912988416026053, 42.74060901352636, 0.0 ], [ -78.912907142746491, 42.740614972289514, 0.0 ] ] } },
{ "type": "Feature", "properties": { "CalShoreTy": 3, "CalLandcov": 3, "CalSlope": 2, "CalSedi": 2, "CalRetreat": 2 }, "geometry": { "type": "LineString", "coordinates": [ [ -78.914338359143358, 42.739405392701222, 0.0 ], [ -78.914240418383145, 42.739512435131424, 0.0 ], [ -78.914126899931432, 42.739636502326086, 0.0 ], [ -78.914101013366434, 42.739657995099535, 0.0 ], [ -78.914089794447165, 42.739667309786036, 0.0 ] ] } },
{ "type": "Feature", "properties": { "CalShoreTy": 3, "CalLandcov": 1, "CalSlope": 2, "CalSedi": 2, "CalRetreat": 2 }, "geometry": { "type": "LineString", "coordinates": [ [ -78.914465226742109, 42.7392667347928, 0.0 ], [ -78.914375728188602, 42.73936455088122, 0.0 ], [ -78.914338359142491, 42.739405392700789, 0.0 ] ] } },
{ "type": "Feature", "properties": { "CalShoreTy": 3, "CalLandcov": 3, "CalSlope": 2, "CalSedi": 2, "CalRetreat": 2 }, "geometry": { "type": "LineString", "coordinates": [ [ -78.914621244227078, 42.739098121377943, 0.0 ], [ -78.914610883722048, 42.739107575711962, 0.0 ], [ -78.91461068738964, 42.739107754872308, 0.0 ], [ -78.914511037433073, 42.739216666513798, 0.0 ], [ -78.914465226741939, 42.739266734792714, 0.0 ] ] } },
{ "type": "Feature", "properties": { "CalShoreTy": 3, "CalLandcov": 1, "CalSlope": 2, "CalSedi": 2, "CalRetreat": 2 }, "geometry": { "type": "LineString", "coordinates": [ [ -78.917449323457063, 42.736946723072663, 0.0 ], [ -78.917294503906632, 42.737015092412108, 0.0 ], [ -78.917108211438006, 42.737097359923524, 0.0 ], [ -78.917087616085709, 42.737108042422506, 0.0 ], [ -78.916889460334161, 42.737210822440467, 0.0 ], [ -78.91683282102349, 42.737240200161125, 0.0 ], [ -78.916700323199905, 42.737322182207421, 0.0 ], [ -78.91659642556516, 42.737386467838746, 0.0 ], [ -78.916514696244491, 42.73743688930638, 0.0 ], [ -78.916328942693767, 42.737551486170922, 0.0 ], [ -78.916310233925316, 42.737563028122928, 0.0 ], [ -78.916169987940179, 42.737685758407011, 0.0 ], [ -78.916083582965612, 42.737761371701716, 0.0 ], [ -78.916014515706962, 42.737822529267135, 0.0 ], [ -78.915887680026003, 42.737934839097534, 0.0 ], [ -78.915863585503558, 42.737961808177388, 0.0 ], [ -78.915730496836971, 42.738110774249677, 0.0 ], [ -78.915622021003401, 42.738232190546917, 0.0 ], [ -78.915591290188004, 42.738256197853687, 0.0 ], [ -78.915425122611865, 42.738386009624186, 0.0 ], [ -78.915261638803059, 42.738513724042804, 0.0 ], [ -78.915259181462886, 42.738515966440985, 0.0 ], [ -78.915107080259389, 42.738654768998302, 0.0 ], [ -78.914954978266465, 42.738793571405047, 0.0 ], [ -78.914802875609269, 42.738932373620365, 0.0 ], [ -78.914650772268558, 42.73907117563305, 0.0 ], [ -78.91462124422813, 42.739098121378561, 0.0 ] ] } },
{ "type": "Feature", "properties": { "CalShoreTy": 1, "CalLandcov": 1, "CalSlope": 1, "CalSedi": 2, "CalRetreat": 2 }, "geometry": { "type": "LineString", "coordinates": [ [ -78.879323766091758, 42.763904041393623, 0.0 ], [ -78.879290042996971, 42.764010854543983, 0.0 ], [ -78.879279094893661, 42.764045531037368, 0.0 ], [ -78.879278926000097, 42.76404606598237, 0.0 ], [ -78.879200775459864, 42.764175989840922, 0.0 ], [ -78.879146963471555, 42.764265450948088, 0.0 ], [ -78.879145261531946, 42.764268279401364, 0.0 ], [ -78.879111458408644, 42.764341471941556, 0.0 ], [ -78.879073027812041, 42.764424683938174, 0.0 ], [ -78.878998879581403, 42.764496741627404, 0.0 ], [ -78.878935865004564, 42.76455797939478, 0.0 ], [ -78.878859017018272, 42.764642265322998, 0.0 ], [ -78.878754313585276, 42.764757102309254, 0.0 ], [ -78.878722074183571, 42.764789328834667, 0.0 ], [ -78.878578412419472, 42.764932932699281, 0.0 ], [ -78.878434749989523, 42.765076536384271, 0.0 ], [ -78.878337399784144, 42.765173846300499, 0.0 ], [ -78.878284900286403, 42.765216432914549, 0.0 ], [ -78.878122045552928, 42.76534853711118, 0.0 ], [ -78.877959190124798, 42.765480641076969, 0.0 ], [ -78.87788619893287, 42.765539849320007, 0.0 ], [ -78.87781521718685, 42.765619743753916, 0.0 ] ] } },
{ "type": "Feature", "properties": { "CalShoreTy": 1, "CalLandcov": 1, "CalSlope": 2, "CalSedi": 2, "CalRetreat": 2 }, "geometry": { "type": "LineString", "coordinates": [ [ -78.880793043852066, 42.76167578448306, 0.0 ], [ -78.880751078294509, 42.761721515026508, 0.0 ], [ -78.880714886981536, 42.761760953872646, 0.0 ], [ -78.880710907838846, 42.761765290068396, 0.0 ], [ -78.880603878747664, 42.761919352625959, 0.0 ], [ -78.880497342838936, 42.762072704412915, 0.0 ], [ -78.880493505957048, 42.762078031774799, 0.0 ], [ -78.880380064177686, 42.762235540784985, 0.0 ], [ -78.880266621821931, 42.762393049683304, 0.0 ], [ -78.880217700741881, 42.762460973813411, 0.0 ], [ -78.880150710219127, 42.762549576378944, 0.0 ], [ -78.880032926254145, 42.762705358323601, 0.0 ], [ -78.879945953067732, 42.762820389122787, 0.0 ], [ -78.879916652927022, 42.76286173656046, 0.0 ], [ -78.879804644876415, 42.763019798220334, 0.0 ], [ -78.879692636254887, 42.763177859771368, 0.0 ], [ -78.879580627062083, 42.763335921213262, 0.0 ], [ -78.879468617297732, 42.763493982546052, 0.0 ], [ -78.879440862660303, 42.763533148051053, 0.0 ], [ -78.879440421233525, 42.763534546240997, 0.0 ], [ -78.879399642135866, 42.763663711046902, 0.0 ], [ -78.879344842857961, 42.763837282832192, 0.0 ], [ -78.879323766093293, 42.763904041393893, 0.0 ] ] } },
{ "type": "Feature", "properties": { "CalShoreTy": 1, "CalLandcov": 3, "CalSlope": 2, "CalSedi": 2, "CalRetreat": 2 }, "geometry": { "type": "LineString", "coordinates": [ [ -78.880793303923582, 42.761675501118802, 0.0 ], [ -78.880793055132486, 42.761675772191929, 0.0 ] ] } },
{ "type": "Feature", "properties": { "CalShoreTy": 1, "CalLandcov": 1, "CalSlope": 2, "CalSedi": 2, "CalRetreat": 2 }, "geometry": { "type": "LineString", "coordinates": [ [ -78.88441971141205, 42.759594422049879, 0.0 ], [ -78.884336359659386, 42.759613531839364, 0.0 ], [ -78.884335758996414, 42.759613669551165, 0.0 ], [ -78.884334983312925, 42.759638091599307, 0.0 ], [ -78.884332345342798, 42.759721146719549, 0.0 ], [ -78.884283280626548, 42.759809155089641, 0.0 ], [ -78.884257439515366, 42.759855506699047, 0.0 ] ] } },
{ "type": "Feature", "properties": { "CalShoreTy": 1, "CalLandcov": 1, "CalSlope": 2, "CalSedi": 2, "CalRetreat": 2 }, "geometry": { "type": "LineString", "coordinates": [ [ -78.884540734415495, 42.759566674674765, 0.0 ], [ -78.884535641924188, 42.759567842251471, 0.0 ], [ -78.88449435204484, 42.759577308944138, 0.0 ], [ -78.88441971141205, 42.759594422049879, 0.0 ] ] } },
{ "type": "Feature", "properties": { "CalShoreTy": 1, "CalLandcov": 1, "CalSlope": 2, "CalSedi": 2, "CalRetreat": 2 }, "geometry": { "type": "LineString", "coordinates": [ [ -78.885080623776659, 42.759217584375875, 0.0 ], [ -78.885072131507513, 42.759224253195654, 0.0 ], [ -78.88500084443929, 42.759280233511795, 0.0 ], [ -78.884911818566536, 42.759357932604878, 0.0 ], [ -78.884807717598349, 42.759448788449305, 0.0 ], [ -78.884746840296572, 42.759487977626748, 0.0 ], [ -78.884670976818285, 42.759536813894563, 0.0 ], [ -78.884540734415495, 42.759566674674758, 0.0 ] ] } },
{ "type": "Feature", "properties": { "CalShoreTy": 3, "CalLandcov": 1, "CalSlope": 1, "CalSedi": 2, "CalRetreat": 2 }, "geometry": { "type": "LineString", "coordinates": [ [ -78.877815217186864, 42.765619743753916, 0.0 ], [ -78.877813036610519, 42.765622198131112, 0.0 ], [ -78.877680449073708, 42.765771433419182, 0.0 ], [ -78.877547860860531, 42.765920668536161, 0.0 ], [ -78.877513494007445, 42.765959350117761, 0.0 ], [ -78.877524996487949, 42.766039956965052, 0.0 ], [ -78.87747387101561, 42.766074402193539, 0.0 ], [ -78.877394682348026, 42.766127754569659, 0.0 ], [ -78.877394218629604, 42.766127505582695, 0.0 ], [ -78.877330747967335, 42.766093425881124, 0.0 ] ] } },
{ "type": "Feature", "properties": { "CalShoreTy": 3, "CalLandcov": 1, "CalSlope": 2, "CalSedi": 2, "CalRetreat": 2 }, "geometry": { "type": "LineString", "coordinates": [ [ -78.877330747967335, 42.766093425881124, 0.0 ], [ -78.877285541378512, 42.766069152655476, 0.0 ], [ -78.877089646891264, 42.76596396862297, 0.0 ], [ -78.876992321959946, 42.765911710526474, 0.0 ], [ -78.876989881560235, 42.765910400164287, 0.0 ], [ -78.876897141090353, 42.765855545142195, 0.0 ], [ -78.876791801028389, 42.765793237382347, 0.0 ], [ -78.876722031940233, 42.765733273251037, 0.0 ], [ -78.876701702553362, 42.765715800811869, 0.0 ], [ -78.876573138232089, 42.765605304985087, 0.0 ], [ -78.876563522718058, 42.765612210943132, 0.0 ], [ -78.876489587307006, 42.765665312006, 0.0 ], [ -78.876351629387273, 42.765679288208808, 0.0 ], [ -78.876242192774498, 42.765690374859112, 0.0 ], [ -78.876143617142873, 42.765665128504871, 0.0 ], [ -78.876116405985371, 42.765669385378565, 0.0 ], [ -78.875961704808986, 42.765693586465666, 0.0 ], [ -78.8758790373724, 42.765706518088045, 0.0 ], [ -78.875871449385315, 42.765707705068671, 0.0 ], [ -78.875678753770089, 42.765728529972002, 0.0 ], [ -78.875638691193387, 42.765730657213709, 0.0 ], [ -78.875430617366192, 42.765741705281087, 0.0 ], [ -78.875396577941046, 42.765740475430135, 0.0 ], [ -78.875294512692591, 42.765736787729502, 0.0 ], [ -78.87523841353466, 42.76572341901224, 0.0 ], [ -78.875163230213587, 42.765705504068372, 0.0 ], [ -78.875160844256982, 42.76570499685873, 0.0 ], [ -78.875153370899156, 42.765703408160626, 0.0 ], [ -78.8750515629403, 42.765681765615049, 0.0 ] ] } },
{ "type": "Feature", "properties": { "CalShoreTy": 2, "CalLandcov": 1, "CalSlope": 2, "CalSedi": 2, "CalRetreat": 2 }, "geometry": { "type": "LineString", "coordinates": [ [ -78.8750515629403, 42.765681765615049, 0.0 ], [ -78.875011696060582, 42.765673290584424, 0.0 ], [ -78.875007800119789, 42.765672462371832, 0.0 ], [ -78.874933677327363, 42.765700473061564, 0.0 ], [ -78.874717889421007, 42.765782017979703, 0.0 ], [ -78.874502100946188, 42.76586356249215, 0.0 ], [ -78.874286311902992, 42.765945106599176, 0.0 ], [ -78.874273183532367, 42.765950067633078, 0.0 ], [ -78.874256322600729, 42.765963172515072, 0.0 ], [ -78.874116669924703, 42.766071714954066, 0.0 ], [ -78.874091031199598, 42.76609164212239, 0.0 ], [ -78.873950016674158, 42.766201242333892, 0.0 ], [ -78.873900830948031, 42.766239470651257, 0.0 ], [ -78.873881290345977, 42.76625465805283, 0.0 ], [ -78.87388075252025, 42.766255807498382, 0.0 ], [ -78.8738610741771, 42.76629786418377, 0.0 ] ] } },
{ "type": "Feature", "properties": { "CalShoreTy": 2, "CalLandcov": 3, "CalSlope": 2, "CalSedi": 2, "CalRetreat": 2 }, "geometry": { "type": "LineString", "coordinates": [ [ -78.883530654317198, 42.760092733553904, 0.0 ], [ -78.883455320835182, 42.760121943937456, 0.0 ], [ -78.883344952953962, 42.760164738689411, 0.0 ], [ -78.883342773288021, 42.760165583845442, 0.0 ], [ -78.883336115517565, 42.760177348543522, 0.0 ], [ -78.883298491300394, 42.760243822526213, 0.0 ], [ -78.88329328204911, 42.760253026150622, 0.0 ], [ -78.883084127926381, 42.760321673568932, 0.0 ], [ -78.883074694367536, 42.760324769786408, 0.0 ], [ -78.882976811019702, 42.760413855504126, 0.0 ], [ -78.882941312841254, 42.760437188121699, 0.0 ], [ -78.882927125984708, 42.760446513030978, 0.0 ], [ -78.882917887417008, 42.760448824070515, 0.0 ], [ -78.882783882366837, 42.760482345490068, 0.0 ], [ -78.882709611423451, 42.760532715034053, 0.0 ], [ -78.882687737957895, 42.760547549295005, 0.0 ], [ -78.882549255187797, 42.760620741659174, 0.0 ], [ -78.882521245187476, 42.760643982038978, 0.0 ], [ -78.882360426168447, 42.760777415874777, 0.0 ], [ -78.882261112000549, 42.760859817856961, 0.0 ], [ -78.882197833839285, 42.760909667578382, 0.0 ], [ -78.882107051575929, 42.760981184474254, 0.0 ], [ -78.882040236741332, 42.761044901330102, 0.0 ], [ -78.881948395205313, 42.761132484203962, 0.0 ], [ -78.8818774179869, 42.761175608771879, 0.0 ], [ -78.881690455390967, 42.761289203611042, 0.0 ], [ -78.881674301118878, 42.761299018597967, 0.0 ], [ -78.881474267656614, 42.761337969938161, 0.0 ], [ -78.881459877315919, 42.761340389020411, 0.0 ], [ -78.881252309374531, 42.761375281909324, 0.0 ], [ -78.881229629264837, 42.761389407518514, 0.0 ], [ -78.881044566671179, 42.761504667590863, 0.0 ], [ -78.880991083740483, 42.761537977670237, 0.0 ], [ -78.880969042857672, 42.76155170508946, 0.0 ], [ -78.880949643861541, 42.761563786997186, 0.0 ], [ -78.880948900258275, 42.76156425012131, 0.0 ], [ -78.880856776174255, 42.761617477524922, 0.0 ], [ -78.880835009346612, 42.7616300539256, 0.0 ], [ -78.880832761343285, 42.76163250361973, 0.0 ], [ -78.880793303923809, 42.761675501118901, 0.0 ] ] } },
{ "type": "Feature", "properties": { "CalShoreTy": 2, "CalLandcov": 2, "CalSlope": 2, "CalSedi": 2, "CalRetreat": 2 }, "geometry": { "type": "LineString", "coordinates": [ [ -78.885315737434169, 42.759052305876487, 0.0 ], [ -78.885240527999031, 42.759096222147754, 0.0 ], [ -78.885219631937446, 42.759108423749204, 0.0 ], [ -78.885219496229738, 42.759108530320361, 0.0 ], [ -78.885202270526705, 42.759122057646934, 0.0 ] ] } },
{ "type": "Feature", "properties": { "CalShoreTy": 2, "CalLandcov": 1, "CalSlope": 2, "CalSedi": 2, "CalRetreat": 2 }, "geometry": { "type": "LineString", "coordinates": [ [ -78.885731419238127, 42.758845663981027, 0.0 ], [ -78.885717397153599, 42.758848518715538, 0.0 ], [ -78.88563337402266, 42.758887789076148, 0.0 ], [ -78.885453551341186, 42.75897183343185, 0.0 ], [ -78.885430457588882, 42.758985318387374, 0.0 ], [ -78.885315737434155, 42.759052305876452, 0.0 ] ] } },
{ "type": "Feature", "properties": { "CalShoreTy": 2, "CalLandcov": 1, "CalSlope": 2, "CalSedi": 2, "CalRetreat": 2 }, "geometry": { "type": "LineString", "coordinates": [ [ -78.886089910169275, 42.758749686385578, 0.0 ], [ -78.886079878586045, 42.758754175842441, 0.0 ], [ -78.886048589945432, 42.758768178507026, 0.0 ], [ -78.886030237606136, 42.758773157640981, 0.0 ], [ -78.885857855763817, 42.758819923382205, 0.0 ], [ -78.885855263888516, 42.758820451051911, 0.0 ], [ -78.885731419238155, 42.758845663981084, 0.0 ] ] } },
{ "type": "Feature", "properties": { "CalShoreTy": 2, "CalLandcov": 1, "CalSlope": 2, "CalSedi": 2, "CalRetreat": 2 }, "geometry": { "type": "LineString", "coordinates": [ [ -78.886752358537649, 42.758456756062877, 0.0 ], [ -78.88670239740074, 42.758477092128778, 0.0 ], [ -78.886666231450874, 42.758491813011716, 0.0 ], [ -78.886664969544853, 42.758492326653936, 0.0 ], [ -78.886494300734881, 42.758568707670499, 0.0 ], [ -78.886287090038991, 42.758661442025812, 0.0 ], [ -78.886212764875182, 42.75869470509177, 0.0 ], [ -78.886089910169275, 42.75874968638557, 0.0 ] ] } },
{ "type": "Feature", "properties": { "CalShoreTy": 2, "CalLandcov": 3, "CalSlope": 2, "CalSedi": 2, "CalRetreat": 2 }, "geometry": { "type": "LineString", "coordinates": [ [ -78.886860660347182, 42.758412672548772, 0.0 ], [ -78.886791446127262, 42.758440845744708, 0.0 ], [ -78.886752358537649, 42.758456756062877, 0.0 ] ] } },
{ "type": "Feature", "properties": { "CalShoreTy": 2, "CalLandcov": 1, "CalSlope": 2, "CalSedi": 2, "CalRetreat": 2 }, "geometry": { "type": "LineString", "coordinates": [ [ -78.887092636575971, 42.758318248528909, 0.0 ], [ -78.886914634145214, 42.758390703177795, 0.0 ], [ -78.886865656741392, 42.758410639009803, 0.0 ], [ -78.886860660346571, 42.758412672547962, 0.0 ] ] } },
{ "type": "Feature", "properties": { "CalShoreTy": 2, "CalLandcov": 3, "CalSlope": 2, "CalSedi": 2, "CalRetreat": 2 }, "geometry": { "type": "LineString", "coordinates": [ [ -78.887276940563112, 42.758215898157225, 0.0 ], [ -78.887163070237932, 42.758289578908837, 0.0 ], [ -78.887126870333361, 42.758304313882505, 0.0 ], [ -78.887092636575815, 42.758318248528688, 0.0 ] ] } },
{ "type": "Feature", "properties": { "CalShoreTy": 2, "CalLandcov": 1, "CalSlope": 2, "CalSedi": 2, "CalRetreat": 2 }, "geometry": { "type": "LineString", "coordinates": [ [ -78.887526451073754, 42.758072263461266, 0.0 ], [ -78.88750608517627, 42.758083169939567, 0.0 ], [ -78.887368279561187, 42.758156968305997, 0.0 ], [ -78.887366741298365, 42.758157792082436, 0.0 ], [ -78.887314076429021, 42.758191869206797, 0.0 ], [ -78.887276940561492, 42.758215898155854, 0.0 ] ] } },
{ "type": "Feature", "properties": { "CalShoreTy": 2, "CalLandcov": 3, "CalSlope": 2, "CalSedi": 2, "CalRetreat": 2 }, "geometry": { "type": "LineString", "coordinates": [ [ -78.888500968622452, 42.757309499286897, 0.0 ], [ -78.888495349813496, 42.757317851295596, 0.0 ], [ -78.888480775051079, 42.757339515756954, 0.0 ], [ -78.888342380546419, 42.757455246714571, 0.0 ], [ -78.888302601471125, 42.757488511438375, 0.0 ], [ -78.888185571177885, 42.757591211319564, 0.0 ], [ -78.888158572873849, 42.757614903602637, 0.0 ], [ -78.888020633028361, 42.757721835234406, 0.0 ], [ -78.887954158773269, 42.757773366204468, 0.0 ], [ -78.887856413746235, 42.757852994680647, 0.0 ], [ -78.887784834530876, 42.757911306862979, 0.0 ], [ -78.887714961169181, 42.757995903809991, 0.0 ], [ -78.887713997641953, 42.757996102525034, 0.0 ], [ -78.887640276497223, 42.758011306470792, 0.0 ], [ -78.88763917660512, 42.758011895497717, 0.0 ], [ -78.887526451073754, 42.758072263461266, 0.0 ] ] } },
{ "type": "Feature", "properties": { "CalShoreTy": 3, "CalLandcov": 3, "CalSlope": 2, "CalSedi": 2, "CalRetreat": 2 }, "geometry": { "type": "LineString", "coordinates": [ [ -78.888933771542497, 42.756998698687781, 0.0 ], [ -78.888848653953076, 42.757091900065177, 0.0 ], [ -78.888836751815646, 42.757100052904349, 0.0 ], [ -78.888729024220368, 42.757173845013106, 0.0 ], [ -78.888635980106869, 42.757189099394637, 0.0 ], [ -78.888575273421452, 42.757199052078647, 0.0 ], [ -78.888500968622452, 42.757309499286897, 0.0 ] ] } },
{ "type": "Feature", "properties": { "CalShoreTy": 2, "CalLandcov": 3, "CalSlope": 2, "CalSedi": 2, "CalRetreat": 2 }, "geometry": { "type": "LineString", "coordinates": [ [ -78.889629532119471, 42.756553880945212, 0.0 ], [ -78.889565361679672, 42.756600752630604, 0.0 ], [ -78.889538894555244, 42.756620084728986, 0.0 ], [ -78.889400586919464, 42.756721107532073, 0.0 ], [ -78.889399023623028, 42.756722249392823, 0.0 ], [ -78.8893602571234, 42.756739555355594, 0.0 ], [ -78.88916500124688, 42.756826720236383, 0.0 ], [ -78.889154668765613, 42.756833819182759, 0.0 ], [ -78.888977480190576, 42.756955556438669, 0.0 ], [ -78.88896591597252, 42.756963501597461, 0.0 ], [ -78.888933771542497, 42.756998698687781, 0.0 ] ] } },
{ "type": "Feature", "properties": { "CalShoreTy": 3, "CalLandcov": 3, "CalSlope": 2, "CalSedi": 2, "CalRetreat": 2 }, "geometry": { "type": "LineString", "coordinates": [ [ -78.890242068458249, 42.756119289402918, 0.0 ], [ -78.890235714382698, 42.756124425173226, 0.0 ], [ -78.890196933073014, 42.756147186932445, 0.0 ], [ -78.890164622110319, 42.75616615105227, 0.0 ], [ -78.889989159384641, 42.756182840674676, 0.0 ], [ -78.889976676189519, 42.756198205492453, 0.0 ], [ -78.88985235813395, 42.756351220646465, 0.0 ], [ -78.889772618717615, 42.756449366331189, 0.0 ], [ -78.889771290748314, 42.756450336321045, 0.0 ], [ -78.889710929340296, 42.756494426112148, 0.0 ], [ -78.889629532119926, 42.756553880945567, 0.0 ] ] } },
{ "type": "Feature", "properties": { "CalShoreTy": 2, "CalLandcov": 3, "CalSlope": 2, "CalSedi": 2, "CalRetreat": 2 }, "geometry": { "type": "LineString", "coordinates": [ [ -78.890509388336611, 42.755860811606482, 0.0 ], [ -78.890500163763221, 42.755872104091736, 0.0 ], [ -78.890410303782431, 42.755982108112747, 0.0 ], [ -78.890407407640211, 42.755985653479648, 0.0 ], [ -78.890365497135207, 42.75601952785734, 0.0 ], [ -78.890242068458292, 42.756119289402939, 0.0 ] ] } },
{ "type": "Feature", "properties": { "CalShoreTy": 2, "CalLandcov": 1, "CalSlope": 2, "CalSedi": 2, "CalRetreat": 2 }, "geometry": { "type": "LineString", "coordinates": [ [ -78.890549591709203, 42.755815440562856, 0.0 ], [ -78.890529908583289, 42.755835691133896, 0.0 ], [ -78.890529326306464, 42.7558364039458, 0.0 ], [ -78.890509388336611, 42.755860811606482, 0.0 ] ] } },
{ "type": "Feature", "properties": { "CalShoreTy": 1, "CalLandcov": 1, "CalSlope": 2, "CalSedi": 2, "CalRetreat": 2 }, "geometry": { "type": "LineString", "coordinates": [ [ -78.885202270526705, 42.759122057646934, 0.0 ], [ -78.885105002051034, 42.759198440644667, 0.0 ], [ -78.885080623776659, 42.759217584375875, 0.0 ] ] } },
{ "type": "Feature", "properties": { "CalShoreTy": 3, "CalLandcov": 1, "CalSlope": 2, "CalSedi": 2, "CalRetreat": 2 }, "geometry": { "type": "LineString", "coordinates": [ [ -78.884257439516674, 42.759855506699438, 0.0 ], [ -78.88425313836369, 42.759863222208622, 0.0 ], [ -78.884251861762678, 42.75986551127739, 0.0 ], [ -78.884120274267687, 42.759931997233252, 0.0 ], [ -78.884095166293363, 42.759944683265083, 0.0 ], [ -78.883979962954754, 42.759966163050564, 0.0 ], [ -78.883889498007818, 42.759983030261935, 0.0 ], [ -78.88385582711804, 42.75998930818411, 0.0 ], [ -78.883813946812523, 42.759997116042484, 0.0 ], [ -78.883653208606816, 42.760023568171256, 0.0 ], [ -78.88363154531325, 42.760027133204488, 0.0 ], [ -78.88354478390653, 42.760087254669997, 0.0 ], [ -78.883544622088053, 42.760087317416669, 0.0 ], [ -78.883530654317198, 42.760092733553904, 0.0 ] ] } },
{ "type": "Feature", "properties": { "CalShoreTy": 2, "CalLandcov": 1, "CalSlope": 2, "CalSedi": 2, "CalRetreat": 3 }, "geometry": { "type": "LineString", "coordinates": [ [ -78.942280813173724, 42.731465928367058, 0.0 ], [ -78.942267132617488, 42.73146352391889, 0.0 ], [ -78.942267005052287, 42.731463501498453, 0.0 ], [ -78.942193184150042, 42.731457104380858, 0.0 ], [ -78.941952291050526, 42.731436228901423, 0.0 ], [ -78.941711398113299, 42.731415352916663, 0.0 ], [ -78.941519664884567, 42.731398736781919, 0.0 ], [ -78.941470406487298, 42.73139514491848, 0.0 ], [ -78.941229029467578, 42.73137754367955, 0.0 ], [ -78.941120351155092, 42.731369618675146, 0.0 ], [ -78.941035870759961, 42.731377003495098, 0.0 ], [ -78.940987934593821, 42.73138119374709, 0.0 ], [ -78.940875067953257, 42.731391059693479, 0.0 ], [ -78.940760424445529, 42.731401080761884, 0.0 ], [ -78.940747012776399, 42.731401807515809, 0.0 ] ] } },
{ "type": "Feature", "properties": { "CalShoreTy": 2, "CalLandcov": 1, "CalSlope": 2, "CalSedi": 2, "CalRetreat": 3 }, "geometry": { "type": "LineString", "coordinates": [ [ -78.950945922091805, 42.727759175954191, 0.0 ], [ -78.950802462493129, 42.727902842564582, 0.0 ], [ -78.950777990036045, 42.72792735025007, 0.0 ], [ -78.950651774420223, 42.728042426136334, 0.0 ], [ -78.950527950072072, 42.728155321255912, 0.0 ], [ -78.950498046001314, 42.728180207481365, 0.0 ], [ -78.950337533609527, 42.728313785724787, 0.0 ], [ -78.950177020526567, 42.728447363744067, 0.0 ], [ -78.950141002185376, 42.728477337879397, 0.0 ], [ -78.950002786175332, 42.728571085886536, 0.0 ], [ -78.949824581559142, 42.728691956369218, 0.0 ], [ -78.949646376248339, 42.728812826575435, 0.0 ], [ -78.949580568019485, 42.728857461722932, 0.0 ], [ -78.949460161390476, 42.728894971946353, 0.0 ], [ -78.949444214186158, 42.728906312412029, 0.0 ], [ -78.949269943668867, 42.729030240219856, 0.0 ], [ -78.949101738170384, 42.729149854329776, 0.0 ] ] } },
{ "type": "Feature", "properties": { "CalShoreTy": 1, "CalLandcov": 1, "CalSlope": 2, "CalSedi": 2, "CalRetreat": 3 }, "geometry": { "type": "LineString", "coordinates": [ [ -78.944268495849812, 42.731323092178826, 0.0 ], [ -78.944178114490441, 42.73135710274957, 0.0 ], [ -78.944085293454606, 42.731386480402449, 0.0 ], [ -78.943862528497618, 42.731456984598033, 0.0 ], [ -78.943772633747656, 42.731485435749079, 0.0 ], [ -78.943630408776258, 42.731504928880113, 0.0 ], [ -78.943586825922338, 42.731510902238867, 0.0 ], [ -78.943393276348402, 42.731542353092898, 0.0 ], [ -78.943382123019816, 42.731544165442223, 0.0 ], [ -78.943151236154065, 42.731552127261452, 0.0 ], [ -78.943127396873308, 42.731552949299179, 0.0 ], [ -78.942908826819647, 42.731547442109139, 0.0 ], [ -78.942887887283632, 42.731546914484447, 0.0 ], [ -78.942852782033739, 42.731544092083929, 0.0 ], [ -78.94268613915095, 42.73153069413808, 0.0 ], [ -78.942667590728931, 42.731529202840314, 0.0 ], [ -78.942630118790035, 42.731526190084374, 0.0 ], [ -78.942618300928672, 42.731525239921226, 0.0 ], [ -78.9426151293586, 42.731524682540979, 0.0 ], [ -78.942430618181106, 42.731492255882024, 0.0 ], [ -78.942280813173625, 42.731465928367356, 0.0 ] ] } },
{ "type": "Feature", "properties": { "CalShoreTy": 1, "CalLandcov": 1, "CalSlope": 2, "CalSedi": 2, "CalRetreat": 3 }, "geometry": { "type": "LineString", "coordinates": [ [ -78.94567783089299, 42.730805905127092, 0.0 ], [ -78.945634891541786, 42.730822171551722, 0.0 ], [ -78.945603183671054, 42.730843732584759, 0.0 ], [ -78.945540958605903, 42.730886044931104, 0.0 ], [ -78.945406000020284, 42.730946065604236, 0.0 ], [ -78.945273829750633, 42.731004845950508, 0.0 ], [ -78.945195460919265, 42.731034336968911, 0.0 ], [ -78.944979579196996, 42.731115575115652, 0.0 ], [ -78.944939290114931, 42.731130736173938, 0.0 ], [ -78.944751416578981, 42.73117498334188, 0.0 ], [ -78.944520435869563, 42.731229382417304, 0.0 ], [ -78.944512655673122, 42.731231214748057, 0.0 ], [ -78.944304044115015, 42.731309715402965, 0.0 ], [ -78.944268495848462, 42.731323092176844, 0.0 ] ] } },
{ "type": "Feature", "properties": { "CalShoreTy": 3, "CalLandcov": 1, "CalSlope": 2, "CalSedi": 2, "CalRetreat": 3 }, "geometry": { "type": "LineString", "coordinates": [ [ -78.949101738170498, 42.729149854329854, 0.0 ], [ -78.949095672470079, 42.729154167774837, 0.0 ], [ -78.94907989228642, 42.729165389384406, 0.0 ], [ -78.949079750209336, 42.729165435678929, 0.0 ], [ -78.949065858075983, 42.729169962302123, 0.0 ], [ -78.948993809374358, 42.729193437669998, 0.0 ], [ -78.948993078082964, 42.729193675943719, 0.0 ], [ -78.948981753263169, 42.729197365298312, 0.0 ], [ -78.948893504364491, 42.72924948126267, 0.0 ], [ -78.948704465005335, 42.729361119168281, 0.0 ], [ -78.948582414847365, 42.729433195969051, 0.0 ], [ -78.948519276371343, 42.729476038532127, 0.0 ], [ -78.948341104010993, 42.729596936738147, 0.0 ], [ -78.948262230614645, 42.729650455754133, 0.0 ], [ -78.948211531948175, 42.729727030185231, 0.0 ], [ -78.948203107400005, 42.729739754653217, 0.0 ], [ -78.948098821819329, 42.729897267471451, 0.0 ], [ -78.94809494726006, 42.729898279157617, 0.0 ], [ -78.947962139996861, 42.729932956334437, 0.0 ], [ -78.947893226021534, 42.729987804876991, 0.0 ], [ -78.947780664197239, 42.730077392385276, 0.0 ], [ -78.947742352922077, 42.730126110051295, 0.0 ], [ -78.947667049272425, 42.730221867969576, 0.0 ], [ -78.947591116568248, 42.730260038080374, 0.0 ], [ -78.947504216321377, 42.730303721271916, 0.0 ], [ -78.947449127611449, 42.730307461392911, 0.0 ], [ -78.947390315948923, 42.730311455487431, 0.0 ], [ -78.947373188996934, 42.730322591454431, 0.0 ], [ -78.947256693059742, 42.730398337086982, 0.0 ], [ -78.947199157320355, 42.7304357468688, 0.0 ], [ -78.947189836113495, 42.730438685465707, 0.0 ], [ -78.946966937723175, 42.730508955921501, 0.0 ], [ -78.946961560493534, 42.730510651126913, 0.0 ], [ -78.946879544415538, 42.730530903253182, 0.0 ], [ -78.946737190662077, 42.730566055892801, 0.0 ], [ -78.946512968092406, 42.730621424664179, 0.0 ], [ -78.946507258975004, 42.730622796793469, 0.0 ], [ -78.946276724479361, 42.730678203133984, 0.0 ], [ -78.946258341712777, 42.73068262119758, 0.0 ], [ -78.94614708109674, 42.73068353015406, 0.0 ], [ -78.946077477424836, 42.73068409890864, 0.0 ], [ -78.946036087774459, 42.73069066374957, 0.0 ], [ -78.945943109716879, 42.730705411001217, 0.0 ], [ -78.945812069881228, 42.730755052223074, 0.0 ], [ -78.945677830892961, 42.730805905127056, 0.0 ] ] } },
{ "type": "Feature", "properties": { "CalShoreTy": 2, "CalLandcov": 2, "CalSlope": 2, "CalSedi": 2, "CalRetreat": 2 }, "geometry": { "type": "LineString", "coordinates": [ [ -79.035671334106198, 42.695164733927896, 0.0 ], [ -79.035627081095811, 42.695188826213091, 0.0 ], [ -79.035467712799061, 42.695261220258871, 0.0 ], [ -79.035439453272119, 42.69527405728406, 0.0 ], [ -79.035354153572172, 42.69531280493635, 0.0 ], [ -79.035267640504415, 42.695353215574421, 0.0 ], [ -79.035262224158387, 42.695355745562658, 0.0 ], [ -79.03521623275995, 42.695377228228274, 0.0 ], [ -79.035188865962425, 42.695376095642999, 0.0 ], [ -79.035078562537294, 42.695371531623998, 0.0 ], [ -79.035028792406578, 42.695367711143106, 0.0 ], [ -79.034968421322972, 42.695363076875125, 0.0 ], [ -79.034831696491878, 42.695443063026829, 0.0 ], [ -79.034826536431979, 42.695446510717218, 0.0 ], [ -79.034752423189985, 42.695496029345037, 0.0 ], [ -79.034616810407897, 42.695527622485727, 0.0 ], [ -79.034385718159044, 42.695581458632837, 0.0 ], [ -79.034221203518271, 42.695619784260778, 0.0 ], [ -79.034156176103366, 42.695638513747433, 0.0 ], [ -79.03406936465484, 42.695663517474941, 0.0 ], [ -79.03393046522379, 42.695703523829557, 0.0 ], [ -79.033704753890348, 42.695768533503923, 0.0 ], [ -79.033585431438951, 42.695802900663537, 0.0 ], [ -79.033482326280478, 42.6958391026931, 0.0 ], [ -79.033302847722311, 42.695902120439207, 0.0 ], [ -79.033260641325512, 42.695909910158484, 0.0 ], [ -79.033127322138625, 42.695934515766616, 0.0 ], [ -79.033022925019992, 42.695926491440261, 0.0 ], [ -79.032977079515007, 42.695922967563305, 0.0 ], [ -79.03297027224346, 42.695922346104538, 0.0 ], [ -79.032802109194719, 42.695906988835254, 0.0 ], [ -79.03278244096991, 42.695904268303131, 0.0 ], [ -79.032544198781949, 42.695871314067112, 0.0 ], [ -79.032527202227939, 42.695868963041676, 0.0 ], [ -79.032302113377057, 42.695865808746824, 0.0 ], [ -79.032059732743392, 42.695862411637798, 0.0 ], [ -79.031991192894324, 42.69586145091732, 0.0 ], [ -79.031985572994458, 42.695862166122971, 0.0 ], [ -79.031819868926831, 42.695883249900696, 0.0 ], [ -79.031716135845329, 42.695896448512407, 0.0 ], [ -79.031583076474277, 42.695920879732135, 0.0 ], [ -79.031512181232245, 42.695933896836671, 0.0 ] ] } },
{ "type": "Feature", "properties": { "CalShoreTy": 2, "CalLandcov": 2, "CalSlope": 2, "CalSedi": 2, "CalRetreat": 2 }, "geometry": { "type": "LineString", "coordinates": [ [ -79.007604017959039, 42.703785166217834, 0.0 ], [ -79.007591587594305, 42.703788439554479, 0.0 ], [ -79.007492296982022, 42.703801447688491, 0.0 ], [ -79.007445762793097, 42.703794188080778, 0.0 ], [ -79.00739440796977, 42.703786176400413, 0.0 ], [ -79.007298179952329, 42.703783418655306, 0.0 ], [ -79.007207178882211, 42.703767429419742, 0.0 ], [ -79.007207094748267, 42.703767407780347, 0.0 ], [ -79.007156447265899, 42.703754380772708, 0.0 ], [ -79.006978252778978, 42.703708544728748, 0.0 ], [ -79.006962261145219, 42.703704431266139, 0.0 ], [ -79.006737168027612, 42.703694331358975, 0.0 ], [ -79.006652930808826, 42.703690551527451, 0.0 ], [ -79.006494917935498, 42.70368768078923, 0.0 ], [ -79.006322936852413, 42.70368455603095, 0.0 ], [ -79.006318794550424, 42.703685337440582, 0.0 ], [ -79.006254730906079, 42.703697435192822, 0.0 ], [ -79.006019904680628, 42.703741779331907, 0.0 ], [ -79.005962913842879, 42.703752541290825, 0.0 ], [ -79.00596009428628, 42.703753626592516, 0.0 ], [ -79.005880121423331, 42.703784385197352, 0.0 ], [ -79.005860541519368, 42.703791916896762, 0.0 ], [ -79.005859770433673, 42.70379226671394, 0.0 ], [ -79.005834363152701, 42.703803793187916, 0.0 ], [ -79.005802622952686, 42.703818192572591, 0.0 ], [ -79.005783801779288, 42.703826731070386, 0.0 ], [ -79.005782243781894, 42.703827437877337, 0.0 ], [ -79.005678265590475, 42.703873397368426, 0.0 ], [ -79.005583986759589, 42.703890681787868, 0.0 ], [ -79.005397525751064, 42.703924865982536, 0.0 ], [ -79.005347921624363, 42.703930904912639, 0.0 ], [ -79.005205233583141, 42.703948275981709, 0.0 ], [ -79.005107410151382, 42.703948303966648, 0.0 ], [ -79.00486495390254, 42.703948372965975, 0.0 ], [ -79.004622497653088, 42.70394844145423, 0.0 ], [ -79.004519304736263, 42.703948470447585, 0.0 ], [ -79.004380556143076, 42.703939679515763, 0.0 ], [ -79.00415606371557, 42.703925455602686, 0.0 ], [ -79.004138956486287, 42.703924794110293, 0.0 ] ] } },
{ "type": "Feature", "properties": { "CalShoreTy": 2, "CalLandcov": 3, "CalSlope": 2, "CalSedi": 2, "CalRetreat": 2 }, "geometry": { "type": "LineString", "coordinates": [ [ -79.009230559782807, 42.703126597093899, 0.0 ], [ -79.009158403973544, 42.703160691297953, 0.0 ], [ -79.008980830590588, 42.703244595806645, 0.0 ], [ -79.00896210523689, 42.703253443621499, 0.0 ], [ -79.008954468201011, 42.703257052207086, 0.0 ], [ -79.00886184573271, 42.703300817282262, 0.0 ], [ -79.008749361547473, 42.703352050543216, 0.0 ], [ -79.008543279827279, 42.703445914241314, 0.0 ], [ -79.008337197483726, 42.703539777569723, 0.0 ], [ -79.008278202854115, 42.703566647447118, 0.0 ], [ -79.008125421911984, 42.703626365186686, 0.0 ], [ -79.007956838797611, 42.703692259176584, 0.0 ], [ -79.007908349077454, 42.703705027881476, 0.0 ], [ -79.007680104628747, 42.703765130706508, 0.0 ], [ -79.007604017958755, 42.703785166217266, 0.0 ] ] } },
{ "type": "Feature", "properties": { "CalShoreTy": 2, "CalLandcov": 2, "CalSlope": 2, "CalSedi": 2, "CalRetreat": 2 }, "geometry": { "type": "LineString", "coordinates": [ [ -79.010286302357372, 42.702507532009022, 0.0 ], [ -79.010115395154784, 42.702618827867489, 0.0 ], [ -79.010009289400216, 42.702687924281996, 0.0 ], [ -79.010007793857469, 42.702688898182522, 0.0 ], [ -79.009938027290431, 42.702740186831114, 0.0 ], [ -79.009810430020423, 42.702833989188242, 0.0 ], [ -79.009759777795225, 42.702860225644407, 0.0 ], [ -79.009561604515454, 42.702962873508824, 0.0 ], [ -79.009400978624313, 42.703046072441879, 0.0 ], [ -79.009362339093968, 42.703064330004779, 0.0 ], [ -79.009268215566479, 42.703108804201221, 0.0 ], [ -79.009235272773154, 42.703124370141026, 0.0 ], [ -79.009230559782807, 42.703126597093899, 0.0 ] ] } },
{ "type": "Feature", "properties": { "CalShoreTy": 2, "CalLandcov": 3, "CalSlope": 2, "CalSedi": 2, "CalRetreat": 2 }, "geometry": { "type": "LineString", "coordinates": [ [ -79.01055917012404, 42.702343177917676, 0.0 ], [ -79.010483599395315, 42.702387134172696, 0.0 ], [ -79.01036736929089, 42.702454740025132, 0.0 ], [ -79.010366930476962, 42.70245502578765, 0.0 ], [ -79.010296853080135, 42.702500661230935, 0.0 ], [ -79.010286302368172, 42.702507532018039, 0.0 ] ] } },
{ "type": "Feature", "properties": { "CalShoreTy": 2, "CalLandcov": 2, "CalSlope": 2, "CalSedi": 2, "CalRetreat": 2 }, "geometry": { "type": "LineString", "coordinates": [ [ -79.011616423886778, 42.701756176403357, 0.0 ], [ -79.011430530385582, 42.701832835437322, 0.0 ], [ -79.011335732333023, 42.701871928207431, 0.0 ], [ -79.011233121300464, 42.701934969268585, 0.0 ], [ -79.011047110950116, 42.702049247743467, 0.0 ], [ -79.010861099915005, 42.702163525917385, 0.0 ], [ -79.010737835566573, 42.702239254491673, 0.0 ], [ -79.010727042372835, 42.702245532597701, 0.0 ], [ -79.010720403310728, 42.702249395136, 0.0 ], [ -79.010673707303823, 42.7022765563555, 0.0 ], [ -79.010559170124026, 42.702343177917655, 0.0 ] ] } },
{ "type": "Feature", "properties": { "CalShoreTy": 2, "CalLandcov": 3, "CalSlope": 2, "CalSedi": 2, "CalRetreat": 2 }, "geometry": { "type": "LineString", "coordinates": [ [ -79.012363161107672, 42.701373200770163, 0.0 ], [ -79.012355090946855, 42.70137758855946, 0.0 ], [ -79.012238389397723, 42.701441039678741, 0.0 ], [ -79.012223396920149, 42.701449191194371, 0.0 ], [ -79.012043484887712, 42.701547009228733, 0.0 ], [ -79.011848579723519, 42.701652978459414, 0.0 ], [ -79.011796962050752, 42.701681042692968, 0.0 ], [ -79.01179176240683, 42.701683869705775, 0.0 ], [ -79.011641964318443, 42.701745643980203, 0.0 ], [ -79.011616423886011, 42.701756176402341, 0.0 ] ] } },
{ "type": "Feature", "properties": { "CalShoreTy": 2, "CalLandcov": 2, "CalSlope": 2, "CalSedi": 2, "CalRetreat": 2 }, "geometry": { "type": "LineString", "coordinates": [ [ -79.013075354940057, 42.700958192923565, 0.0 ], [ -79.013033973832322, 42.700981936265435, 0.0 ], [ -79.013032469793117, 42.700982799241174, 0.0 ], [ -79.013028811638435, 42.700984898844233, 0.0 ], [ -79.012996057646689, 42.701001119458688, 0.0 ], [ -79.012795001554835, 42.701100687182404, 0.0 ], [ -79.012620819111376, 42.701186945897355, 0.0 ], [ -79.012598329422161, 42.70120409278752, 0.0 ], [ -79.012430074938564, 42.701332375178005, 0.0 ], [ -79.012409755959567, 42.701347866938676, 0.0 ], [ -79.012363161107672, 42.701373200770149, 0.0 ] ] } },
{ "type": "Feature", "properties": { "CalShoreTy": 2, "CalLandcov": 3, "CalSlope": 2, "CalSedi": 2, "CalRetreat": 2 }, "geometry": { "type": "LineString", "coordinates": [ [ -79.013558404261786, 42.700852289169269, 0.0 ], [ -79.013437277701314, 42.700911588626852, 0.0 ], [ -79.013423859025849, 42.700918157939704, 0.0 ], [ -79.013322118284265, 42.70094316806221, 0.0 ], [ -79.013263024144507, 42.700938028894299, 0.0 ], [ -79.013203903928726, 42.700932886160999, 0.0 ], [ -79.013130577420284, 42.700926507609438, 0.0 ], [ -79.013128671622852, 42.700927601110564, 0.0 ], [ -79.013075354940057, 42.700958192923565, 0.0 ] ] } },
{ "type": "Feature", "properties": { "CalShoreTy": 2, "CalLandcov": 2, "CalSlope": 2, "CalSedi": 2, "CalRetreat": 2 }, "geometry": { "type": "LineString", "coordinates": [ [ -79.014484642924231, 42.700591737261497, 0.0 ], [ -79.014333192083058, 42.700579393092468, 0.0 ], [ -79.014257637007901, 42.700577657276796, 0.0 ], [ -79.014074261924335, 42.70057344417539, 0.0 ], [ -79.014072055201382, 42.700574329317597, 0.0 ], [ -79.014027874333195, 42.700600169255296, 0.0 ], [ -79.013886683953032, 42.700682746606184, 0.0 ], [ -79.0138540999789, 42.700700362744605, 0.0 ], [ -79.013836743935173, 42.700709746508885, 0.0 ], [ -79.013713897260075, 42.70077616495248, 0.0 ], [ -79.013639050369704, 42.700812807558542, 0.0 ], [ -79.013558404261531, 42.700852289168985, 0.0 ] ] } },
{ "type": "Feature", "properties": { "CalShoreTy": 2, "CalLandcov": 3, "CalSlope": 2, "CalSedi": 2, "CalRetreat": 2 }, "geometry": { "type": "LineString", "coordinates": [ [ -79.015410826097792, 42.700629864101842, 0.0 ], [ -79.01521635591422, 42.700667036815688, 0.0 ], [ -79.015208545482622, 42.700667566331916, 0.0 ], [ -79.015080120637435, 42.700676272935084, 0.0 ], [ -79.014997684801415, 42.700681861799275, 0.0 ], [ -79.014968480752728, 42.700674934775165, 0.0 ], [ -79.014918626043709, 42.700663109516533, 0.0 ], [ -79.014737755828904, 42.700620211092748, 0.0 ], [ -79.014687369665637, 42.700608260544477, 0.0 ], [ -79.014499026439609, 42.700592909604893, 0.0 ], [ -79.014484642924572, 42.700591737259323, 0.0 ] ] } },
{ "type": "Feature", "properties": { "CalShoreTy": 2, "CalLandcov": 2, "CalSlope": 2, "CalSedi": 2, "CalRetreat": 2 }, "geometry": { "type": "LineString", "coordinates": [ [ -79.017375509988454, 42.700770247204687, 0.0 ], [ -79.017284218317144, 42.700718679088943, 0.0 ], [ -79.017280501375438, 42.700716579488478, 0.0 ], [ -79.017067962107305, 42.700643656707541, 0.0 ], [ -79.017065020743914, 42.700642741438834, 0.0 ], [ -79.016841765821013, 42.700573270507, 0.0 ], [ -79.016768837081216, 42.700550576914551, 0.0 ], [ -79.01661210864448, 42.700517015779084, 0.0 ], [ -79.016483161711363, 42.700489403463109, 0.0 ], [ -79.016376836773404, 42.700474930299571, 0.0 ], [ -79.016360424099204, 42.700472696163317, 0.0 ], [ -79.016259068640508, 42.700458898549279, 0.0 ], [ -79.016137324657763, 42.700469961804671, 0.0 ], [ -79.016096795421362, 42.700473644792233, 0.0 ], [ -79.016092286840305, 42.700474712418533, 0.0 ], [ -79.015999886446878, 42.700496587368271, 0.0 ], [ -79.015992306169451, 42.700497713406399, 0.0 ], [ -79.015902069888398, 42.700511106155837, 0.0 ], [ -79.015850797318592, 42.700518715927451, 0.0 ], [ -79.015707379043306, 42.700564639007503, 0.0 ], [ -79.015675555803199, 42.700572777230192, 0.0 ], [ -79.015575155588806, 42.700598452708476, 0.0 ], [ -79.015515597698482, 42.700609837074133, 0.0 ], [ -79.015443401378405, 42.70062363739013, 0.0 ], [ -79.015410826097067, 42.700629864099767, 0.0 ] ] } },
{ "type": "Feature", "properties": { "CalShoreTy": 2, "CalLandcov": 3, "CalSlope": 2, "CalSedi": 2, "CalRetreat": 2 }, "geometry": { "type": "LineString", "coordinates": [ [ -79.017716599411855, 42.700932288156032, 0.0 ], [ -79.017686120707353, 42.700918800270401, 0.0 ], [ -79.017685947094293, 42.700918723440552, 0.0 ], [ -79.017684959090076, 42.700918286209955, 0.0 ], [ -79.01747726446402, 42.70082637274885, 0.0 ], [ -79.017466205644453, 42.700821478745034, 0.0 ], [ -79.017375509988454, 42.700770247204687, 0.0 ] ] } },
{ "type": "Feature", "properties": { "CalShoreTy": 2, "CalLandcov": 2, "CalSlope": 2, "CalSedi": 2, "CalRetreat": 2 }, "geometry": { "type": "LineString", "coordinates": [ [ -79.019098557692928, 42.700718656366895, 0.0 ], [ -79.019057911520406, 42.700752381302216, 0.0 ], [ -79.01898798340568, 42.70081040192651, 0.0 ], [ -79.018938521968408, 42.700851440848943, 0.0 ], [ -79.018876441143945, 42.700902950592926, 0.0 ], [ -79.018814554259947, 42.7009330548915, 0.0 ], [ -79.018691686157098, 42.700992822748432, 0.0 ], [ -79.018602753397332, 42.701017579163782, 0.0 ], [ -79.018466420039545, 42.701055530417719, 0.0 ], [ -79.018455192283284, 42.701055718010359, 0.0 ], [ -79.018369786155958, 42.701057142592518, 0.0 ], [ -79.018337364276192, 42.701057683374813, 0.0 ], [ -79.018208157653547, 42.70105745919853, 0.0 ], [ -79.018169116925648, 42.70105883085499, 0.0 ], [ -79.018127442112245, 42.701060295649128, 0.0 ], [ -79.01811470347117, 42.70106074338527, 0.0 ], [ -79.017903038954429, 42.700995191101605, 0.0 ], [ -79.017755466726413, 42.700949487819621, 0.0 ], [ -79.017755246687926, 42.700949390447697, 0.0 ], [ -79.017716599411855, 42.700932288156032, 0.0 ] ] } },
{ "type": "Feature", "properties": { "CalShoreTy": 2, "CalLandcov": 2, "CalSlope": 1, "CalSedi": 2, "CalRetreat": 2 }, "geometry": { "type": "LineString", "coordinates": [ [ -79.024421944238796, 42.696749604629069, 0.0 ], [ -79.024300951473393, 42.696783854037861, 0.0 ], [ -79.024280923933347, 42.696790636625927, 0.0 ], [ -79.024269126668315, 42.696794631921499, 0.0 ], [ -79.024048949119688, 42.696869197564446, 0.0 ], [ -79.023930391982134, 42.696909348045374, 0.0 ] ] } },
{ "type": "Feature", "properties": { "CalShoreTy": 2, "CalLandcov": 2, "CalSlope": 2, "CalSedi": 2, "CalRetreat": 2 }, "geometry": { "type": "LineString", "coordinates": [ [ -79.023930391982077, 42.696909348045303, 0.0 ], [ -79.023828771023986, 42.696943762756341, 0.0 ], [ -79.023820509165432, 42.696946560692012, 0.0 ], [ -79.023814250633549, 42.696948680186672, 0.0 ], [ -79.023618564556102, 42.697032421393402, 0.0 ], [ -79.023409061566639, 42.697122074740342, 0.0 ], [ -79.023199557972035, 42.697211727705245, 0.0 ], [ -79.022990053772389, 42.697301380288152, 0.0 ], [ -79.0229468750249, 42.697319857575813, 0.0 ], [ -79.022806712553404, 42.697416796795231, 0.0 ], [ -79.022630162805626, 42.69753890152149, 0.0 ], [ -79.022529534791659, 42.697608497183417, 0.0 ], [ -79.022472998821755, 42.69765688816026, 0.0 ], [ -79.022461618965579, 42.697666628324868, 0.0 ], [ -79.022303684796114, 42.697801805757109, 0.0 ], [ -79.022247985927379, 42.697849478781748, 0.0 ], [ -79.022149210148413, 42.697939103953161, 0.0 ], [ -79.021996619969869, 42.698077557472061, 0.0 ], [ -79.02184402911108, 42.698216010788556, 0.0 ], [ -79.021764233502481, 42.698288413006821, 0.0 ], [ -79.021696573641037, 42.698357350403946, 0.0 ], [ -79.021554747445975, 42.698501853897135, 0.0 ], [ -79.02141292059116, 42.698646357215608, 0.0 ], [ -79.021347134113697, 42.698713384883646, 0.0 ], [ -79.021298131141393, 42.698786855435024, 0.0 ], [ -79.021289923232771, 42.698799161902564, 0.0 ], [ -79.021209392730839, 42.698919902342176, 0.0 ], [ -79.021180563311958, 42.698958131230839, 0.0 ], [ -79.021063040433063, 42.699113970402294, 0.0 ], [ -79.021010082229679, 42.69918419441187, 0.0 ], [ -79.020948382765752, 42.699270943331584, 0.0 ], [ -79.020930143010091, 42.699296588218189, 0.0 ], [ -79.020808304038795, 42.699415977004463, 0.0 ], [ -79.020796496761776, 42.699427546804422, 0.0 ], [ -79.020677323462635, 42.699565859979387, 0.0 ], [ -79.020610224737482, 42.6996437347957, 0.0 ], [ -79.020545758982436, 42.699715506490534, 0.0 ], [ -79.020412197325371, 42.699864204120168, 0.0 ], [ -79.020378224299009, 42.699902027025217, 0.0 ], [ -79.020268041025759, 42.700007349806022, 0.0 ], [ -79.0201531244699, 42.700117196576464, 0.0 ], [ -79.020114941175095, 42.700145157396193, 0.0 ], [ -79.01994320130693, 42.70027091839976, 0.0 ], [ -79.019900247145969, 42.700302372585114, 0.0 ], [ -79.019745424803205, 42.7003724130156, 0.0 ], [ -79.019730679530895, 42.700379083641096, 0.0 ] ] } },
{ "type": "Feature", "properties": { "CalShoreTy": 2, "CalLandcov": 1, "CalSlope": 1, "CalSedi": 2, "CalRetreat": 2 }, "geometry": { "type": "LineString", "coordinates": [ [ -79.025923343377997, 42.696197241907448, 0.0 ], [ -79.025792526002903, 42.696247893033409, 0.0 ], [ -79.025578042654175, 42.696330938252366, 0.0 ], [ -79.025363558732252, 42.696413983071686, 0.0 ], [ -79.025258234450902, 42.696454762756936, 0.0 ], [ -79.025148263302682, 42.696495876264166, 0.0 ], [ -79.024932184870025, 42.696576658278715, 0.0 ], [ -79.024716105874944, 42.696657439886771, 0.0 ], [ -79.024618104639742, 42.696694077660176, 0.0 ], [ -79.024494480513184, 42.696729071894381, 0.0 ], [ -79.024421944238341, 42.696749604628195, 0.0 ] ] } },
{ "type": "Feature", "properties": { "CalShoreTy": 1, "CalLandcov": 1, "CalSlope": 1, "CalSedi": 2, "CalRetreat": 2 }, "geometry": { "type": "LineString", "coordinates": [ [ -79.030305239417672, 42.696328915926529, 0.0 ], [ -79.030255839302484, 42.696350488673311, 0.0 ], [ -79.030238362560979, 42.696358120656448, 0.0 ], [ -79.030238164431097, 42.69635810432186, 0.0 ], [ -79.030237413703887, 42.696358042429033, 0.0 ] ] } },
{ "type": "Feature", "properties": { "CalShoreTy": 1, "CalLandcov": 1, "CalSlope": 1, "CalSedi": 2, "CalRetreat": 2 }, "geometry": { "type": "LineString", "coordinates": [ [ -79.030512384521444, 42.696238525749095, 0.0 ], [ -79.030511706794755, 42.696238753685201, 0.0 ], [ -79.030464252242879, 42.696259476565352, 0.0 ], [ -79.030305239417785, 42.696328915926671, 0.0 ] ] } },
{ "type": "Feature", "properties": { "CalShoreTy": 1, "CalLandcov": 1, "CalSlope": 2, "CalSedi": 2, "CalRetreat": 2 }, "geometry": { "type": "LineString", "coordinates": [ [ -79.031338018866478, 42.695980505586832, 0.0 ], [ -79.031127482153224, 42.696041264222778, 0.0 ], [ -79.030922586301571, 42.696100394481157, 0.0 ], [ -79.03092013813, 42.696101218884152, 0.0 ], [ -79.03090231263721, 42.696107221479835, 0.0 ], [ -79.030681918694327, 42.696181437094083, 0.0 ], [ -79.0305123845217, 42.696238525749507, 0.0 ] ] } },
{ "type": "Feature", "properties": { "CalShoreTy": 1, "CalLandcov": 1, "CalSlope": 2, "CalSedi": 2, "CalRetreat": 2 }, "geometry": { "type": "LineString", "coordinates": [ [ -79.031512181232259, 42.695933896836728, 0.0 ], [ -79.031477388193025, 42.695940285197615, 0.0 ], [ -79.031353135066894, 42.695976143235526, 0.0 ], [ -79.031338018861987, 42.695980505578348, 0.0 ] ] } },
{ "type": "Feature", "properties": { "CalShoreTy": 3, "CalLandcov": 2, "CalSlope": 2, "CalSedi": 2, "CalRetreat": 2 }, "geometry": { "type": "LineString", "coordinates": [ [ -79.019730679532373, 42.700379083642893, 0.0 ], [ -79.01953896395608, 42.700465813864199, 0.0 ], [ -79.019489159019002, 42.700488345029875, 0.0 ], [ -79.019342244751314, 42.700569706941202, 0.0 ], [ -79.019335508707115, 42.700573437388137, 0.0 ], [ -79.01914927242953, 42.700676577510372, 0.0 ], [ -79.01914873370589, 42.700677024493906, 0.0 ], [ -79.019125491433414, 42.700696308749869, 0.0 ], [ -79.019124807843951, 42.700696875941908, 0.0 ], [ -79.019098557692928, 42.700718656366895, 0.0 ] ] } },
{ "type": "Feature", "properties": { "CalShoreTy": 3, "CalLandcov": 1, "CalSlope": 1, "CalSedi": 2, "CalRetreat": 2 }, "geometry": { "type": "LineString", "coordinates": [ [ -79.02788495127605, 42.695650803972761, 0.0 ], [ -79.0278598378179, 42.695659089496232, 0.0 ], [ -79.027859046079456, 42.695659350708056, 0.0 ], [ -79.027850308106338, 42.695647430187286, 0.0 ], [ -79.027828404038758, 42.695617549437941, 0.0 ], [ -79.027736919853623, 42.695620771670924, 0.0 ], [ -79.027502962787324, 42.695629011713194, 0.0 ], [ -79.027495073762452, 42.695630650897108, 0.0 ], [ -79.027303474983839, 42.695670461135457, 0.0 ], [ -79.027269326988758, 42.695690047210199, 0.0 ], [ -79.027239924944396, 42.695706911121412, 0.0 ], [ -79.027168771798273, 42.695747722352429, 0.0 ], [ -79.027078211958155, 42.695799664357935, 0.0 ], [ -79.027051244294299, 42.695815132049454, 0.0 ], [ -79.026982424369365, 42.695799689243657, 0.0 ], [ -79.026922659510973, 42.695799411166057, 0.0 ], [ -79.026852910183933, 42.695822494950455, 0.0 ], [ -79.026753501027301, 42.695855394654558, 0.0 ], [ -79.026660868268493, 42.695877772452107, 0.0 ], [ -79.026660692970481, 42.695877835247913, 0.0 ], [ -79.026628658524203, 42.69588941362624, 0.0 ], [ -79.026569765244062, 42.69591069969713, 0.0 ], [ -79.026413375358288, 42.695971301208225, 0.0 ], [ -79.026292516450198, 42.696018134139358, 0.0 ], [ -79.026205398546324, 42.696062252995112, 0.0 ], [ -79.026005774179225, 42.696163347670513, 0.0 ], [ -79.025989186506223, 42.696171748043554, 0.0 ], [ -79.025923343377997, 42.696197241907448, 0.0 ] ] } },
{ "type": "Feature", "properties": { "CalShoreTy": 1, "CalLandcov": 1, "CalSlope": 1, "CalSedi": 2, "CalRetreat": 2 }, "geometry": { "type": "LineString", "coordinates": [ [ -79.030237413703887, 42.696358042429033, 0.0 ], [ -79.03017971863494, 42.696353285400548, 0.0 ], [ -79.0301645409846, 42.696352033979892, 0.0 ], [ -79.030129421054156, 42.696349137131023, 0.0 ], [ -79.030078321990743, 42.696344923409413, 0.0 ], [ -79.030073713562942, 42.696300180186043, 0.0 ], [ -79.030072416496893, 42.696287586964083, 0.0 ], [ -79.02991343763955, 42.696226486600885, 0.0 ], [ -79.029877071474743, 42.69620597706048, 0.0 ], [ -79.029684744738589, 42.696097509525067, 0.0 ], [ -79.029571533939063, 42.696033661098156, 0.0 ], [ -79.029495252372385, 42.695986451400692, 0.0 ], [ -79.029309815589713, 42.695871686407756, 0.0 ], [ -79.029218272098618, 42.695815030777887, 0.0 ], [ -79.029106494793837, 42.695777750841202, 0.0 ], [ -79.028885737355978, 42.69570412342663, 0.0 ], [ -79.028766055601281, 42.695664206702759, 0.0 ], [ -79.028656236588475, 42.695652360031367, 0.0 ], [ -79.028416382640529, 42.695626485523242, 0.0 ], [ -79.028274965773548, 42.695611229777455, 0.0 ], [ -79.028175522446574, 42.695613508102291, 0.0 ], [ -79.027984735507303, 42.695617878937313, 0.0 ], [ -79.027937712978428, 42.69563339490967, 0.0 ], [ -79.027901084228034, 42.69564548123811, 0.0 ], [ -79.027900582459765, 42.69564564678624, 0.0 ], [ -79.02788495127605, 42.695650803972761, 0.0 ] ] } },
{ "type": "Feature", "properties": { "CalShoreTy": 2, "CalLandcov": 1, "CalSlope": 2, "CalSedi": 2, "CalRetreat": 2 }, "geometry": { "type": "LineString", "coordinates": [ [ -78.968254153645262, 42.719310632848575, 0.0 ], [ -78.968203682335499, 42.719359316640016, 0.0 ], [ -78.968193195515468, 42.719369432039905, 0.0 ], [ -78.968032272123523, 42.719485183862005, 0.0 ], [ -78.967993797241277, 42.719512858656991, 0.0 ], [ -78.967890655486158, 42.71962892703494, 0.0 ], [ -78.967758077694015, 42.719778119856549, 0.0 ], [ -78.967692363381261, 42.719852069351845, 0.0 ], [ -78.967627618728784, 42.719928306442853, 0.0 ], [ -78.967499242158439, 42.720079469712211, 0.0 ], [ -78.967460975368439, 42.720124528643716, 0.0 ], [ -78.96735367267928, 42.72022161727751, 0.0 ], [ -78.967200801538482, 42.720359936041056, 0.0 ], [ -78.967047929716117, 42.720498254601331, 0.0 ], [ -78.967011964586632, 42.720530795762137, 0.0 ], [ -78.967007149322043, 42.720534346192224, 0.0 ], [ -78.966907392865764, 42.720607899298194, 0.0 ], [ -78.966881057765178, 42.720627316795131, 0.0 ], [ -78.966765095819667, 42.720712818171272, 0.0 ], [ -78.966758072894507, 42.720717996321213, 0.0 ], [ -78.966737336629507, 42.720733285321465, 0.0 ], [ -78.966704950106219, 42.720748563800051, 0.0 ], [ -78.966704602042768, 42.720748727995591, 0.0 ], [ -78.966500528117194, 42.720844997030419, 0.0 ], [ -78.966296453558158, 42.72094126570272, 0.0 ], [ -78.96617590542408, 42.720998131905283, 0.0 ], [ -78.966121770504358, 42.721059257896457, 0.0 ], [ -78.966097545904262, 42.721086610851913, 0.0 ], [ -78.965924865229056, 42.721157940421023, 0.0 ], [ -78.965870894847185, 42.721180233991994, 0.0 ], [ -78.965764319035159, 42.721287355391588, 0.0 ], [ -78.965755518306878, 42.721296201150871, 0.0 ], [ -78.965585741135328, 42.721407574828376, 0.0 ], [ -78.965544639164406, 42.721434537586759, 0.0 ], [ -78.965388241514816, 42.721510413086214, 0.0 ], [ -78.965375407538943, 42.72151663940366, 0.0 ], [ -78.965173773298204, 42.721593475775279, 0.0 ], [ -78.965137669754185, 42.721607233624795, 0.0 ], [ -78.96495848580804, 42.721675513977594, 0.0 ], [ -78.964955890078784, 42.721676503109677, 0.0 ], [ -78.964736214630662, 42.721746783360913, 0.0 ], [ -78.964513857720206, 42.721817920895354, 0.0 ], [ -78.964409550479218, 42.721851291183839, 0.0 ], [ -78.964288037832318, 42.721882574506033, 0.0 ], [ -78.964059158108185, 42.721941498949931, 0.0 ], [ -78.96396659018022, 42.721965330141451, 0.0 ], [ -78.96383920690451, 42.722015352975752, 0.0 ], [ -78.963799207321557, 42.722031060583575, 0.0 ], [ -78.963796714911581, 42.722031289170239, 0.0 ], [ -78.963788676315431, 42.722032026414468, 0.0 ], [ -78.963669414343769, 42.722042964149914, 0.0 ], [ -78.963632175541335, 42.722046379362972, 0.0 ], [ -78.963603342148105, 42.722045825046514, 0.0 ], [ -78.963366913457037, 42.722041279470041, 0.0 ], [ -78.963361294779986, 42.722039697197459, 0.0 ], [ -78.963134835624317, 42.721975923835728, 0.0 ], [ -78.963080682425456, 42.721960673619392, 0.0 ], [ -78.962940159016668, 42.721872806687806, 0.0 ], [ -78.962882143458202, 42.721836530408034, 0.0 ], [ -78.96273184315109, 42.72178417147321, 0.0 ], [ -78.962670669055044, 42.721762860652319, 0.0 ], [ -78.962507991430854, 42.72171582576744, 0.0 ], [ -78.962461929370875, 42.721702507815642, 0.0 ], [ -78.962269347089247, 42.721692912162744, 0.0 ], [ -78.962234578256286, 42.721691179726598, 0.0 ], [ -78.962027647364224, 42.721704100140663, 0.0 ], [ -78.96196717324905, 42.721707875969486, 0.0 ], [ -78.961940311421216, 42.72170955280238, 0.0 ], [ -78.961799283586032, 42.721756578939946, 0.0 ], [ -78.961740998626581, 42.721776014154841, 0.0 ], [ -78.961589383381593, 42.721827802959716, 0.0 ], [ -78.961579122193982, 42.721831307869955, 0.0 ], [ -78.961482016454013, 42.721864476169792, 0.0 ], [ -78.961399490813406, 42.721892664375297, 0.0 ], [ -78.961362081313339, 42.721910272442109, 0.0 ], [ -78.961157871627634, 42.722006390353137, 0.0 ], [ -78.960953661308963, 42.72210250790117, 0.0 ], [ -78.960749450357355, 42.722198625086158, 0.0 ], [ -78.960743882864904, 42.722201245560868, 0.0 ], [ -78.960549012737374, 42.722298934351578, 0.0 ], [ -78.960425731120381, 42.722360735322546, 0.0 ], [ -78.960348680340076, 42.722399360875748, 0.0 ], [ -78.960148347321109, 42.722499787079904, 0.0 ], [ -78.959948013626345, 42.722600212905476, 0.0 ], [ -78.959804589783033, 42.722672109809579, 0.0 ], [ -78.959750773762039, 42.722703713677063, 0.0 ], [ -78.959561331863426, 42.72281496441304, 0.0 ], [ -78.959371889285379, 42.722926214836676, 0.0 ], [ -78.959182446027697, 42.72303746494805, 0.0 ], [ -78.959153659462586, 42.723054369728054, 0.0 ], [ -78.959000914841255, 42.723155559474591, 0.0 ], [ -78.958820800771562, 42.72327488015641, 0.0 ], [ -78.958645223766609, 42.723391194441263, 0.0 ], [ -78.95864086722888, 42.723394341918727, 0.0 ], [ -78.958467944853041, 42.723519273100202, 0.0 ], [ -78.958295021781026, 42.723644204021603, 0.0 ], [ -78.958122098012524, 42.723769134682968, 0.0 ], [ -78.957959479997967, 42.723886619142526, 0.0 ], [ -78.957949370611274, 42.723894209486076, 0.0 ], [ -78.957796247916292, 42.724009176925414, 0.0 ], [ -78.957779751984887, 42.724021562551393, 0.0 ], [ -78.957663449315035, 42.724108885769475, 0.0 ], [ -78.957605999155135, 42.724145700017772, 0.0 ], [ -78.957423226733255, 42.724262820966771, 0.0 ], [ -78.957240453459093, 42.724379941700676, 0.0 ], [ -78.957057679487008, 42.724497062137274, 0.0 ], [ -78.956983579120305, 42.724544544984973, 0.0 ], [ -78.956852185501148, 42.724588201389189, 0.0 ], [ -78.956711462048162, 42.724634957456232, 0.0 ], [ -78.956638452520565, 42.724671166454968, 0.0 ], [ -78.956437435442155, 42.72477086020433, 0.0 ], [ -78.956236417717363, 42.724870553601875, 0.0 ], [ -78.956179149881166, 42.724898955078615, 0.0 ], [ -78.956048314537313, 42.724982599096457, 0.0 ], [ -78.955884031585157, 42.725087625889145, 0.0 ], [ -78.955863087951798, 42.725097324290097, 0.0 ], [ -78.955657910578537, 42.725192335725687, 0.0 ], [ -78.955452732576447, 42.725287346794822, 0.0 ], [ -78.955247553945853, 42.72538235749758, 0.0 ], [ -78.955042374686613, 42.725477367834024, 0.0 ], [ -78.95491105395223, 42.725538176885628, 0.0 ], [ -78.954899991729945, 42.725543232399033, 0.0 ], [ -78.954836920704935, 42.725572056265023, 0.0 ], [ -78.954630978761216, 42.725666172635187, 0.0 ], [ -78.954551770067312, 42.72570237119524, 0.0 ], [ -78.954425036157602, 42.725760288594685, 0.0 ], [ -78.954337104295547, 42.725800473335021, 0.0 ], [ -78.954330181865032, 42.725803636870545, 0.0 ], [ -78.954211983796981, 42.725844839690161, 0.0 ], [ -78.954102586692031, 42.725882974411718, 0.0 ], [ -78.954010641940016, 42.725941268193374, 0.0 ], [ -78.953827027419223, 42.726057680865487, 0.0 ], [ -78.953732984244269, 42.726117304500406, 0.0 ], [ -78.953618841189709, 42.72614019059364, 0.0 ], [ -78.953531983834026, 42.726157605717276, 0.0 ], [ -78.953397743227399, 42.726210773701816, 0.0 ], [ -78.953242019976258, 42.726272449893976, 0.0 ], [ -78.953196018352742, 42.726306835327669, 0.0 ], [ -78.953081624791636, 42.726392342326911, 0.0 ], [ -78.953011006522317, 42.726418913507395, 0.0 ], [ -78.952795132093499, 42.726500139078333, 0.0 ], [ -78.952781835739557, 42.7265051419839, 0.0 ], [ -78.952604487211346, 42.726609939857802, 0.0 ], [ -78.952415497646115, 42.726721615901354, 0.0 ], [ -78.952405020861164, 42.726727806728746, 0.0 ], [ -78.952245488795597, 42.726848594427572, 0.0 ], [ -78.952167645385757, 42.726907532334735, 0.0 ], [ -78.952107674399386, 42.726992887626047, 0.0 ], [ -78.952102458060125, 42.727000311904874, 0.0 ], [ -78.952047951461623, 42.72700696016085, 0.0 ], [ -78.951931327727181, 42.726951434721194, 0.0 ], [ -78.951900177552972, 42.72696602542679, 0.0 ], [ -78.951733650121824, 42.727044026417772, 0.0 ], [ -78.951701330800418, 42.727067077708426, 0.0 ], [ -78.951567471286566, 42.727162550793715, 0.0 ], [ -78.951527312969461, 42.727191193062716, 0.0 ], [ -78.951452136109125, 42.727244811526958, 0.0 ], [ -78.951362461013218, 42.727321637790929, 0.0 ], [ -78.951299143333813, 42.72737588302482, 0.0 ], [ -78.951220532867367, 42.727465626678971, 0.0 ], [ -78.951089285684787, 42.727615461011659, 0.0 ], [ -78.951088260918965, 42.727616630899632, 0.0 ], [ -78.950945922091805, 42.727759175954191, 0.0 ] ] } },
{ "type": "Feature", "properties": { "CalShoreTy": 2, "CalLandcov": 1, "CalSlope": 1, "CalSedi": 2, "CalRetreat": 2 }, "geometry": { "type": "LineString", "coordinates": [ [ -78.972509028851164, 42.714600630653898, 0.0 ], [ -78.97242382260275, 42.714678073536774, 0.0 ], [ -78.97234192488817, 42.714752509093444, 0.0 ], [ -78.97233134412555, 42.714762125766491, 0.0 ], [ -78.972286184663645, 42.714823866252004, 0.0 ], [ -78.97217138856432, 42.714980810953115, 0.0 ], [ -78.972129309857678, 42.715038339073224, 0.0 ], [ -78.972060214777954, 42.715139140798541, 0.0 ], [ -78.971951997307741, 42.715297016820877, 0.0 ], [ -78.971951158685343, 42.715298280083559, 0.0 ], [ -78.971844848931042, 42.715458419642928, 0.0 ], [ -78.97181826781825, 42.715498459921832, 0.0 ], [ -78.971738539630437, 42.715618559463152, 0.0 ], [ -78.971722128025846, 42.715643281220657, 0.0 ], [ -78.971623209474245, 42.715736848116613, 0.0 ], [ -78.971596333374166, 42.715762270148311, 0.0 ], [ -78.971538505447555, 42.715816969335805, 0.0 ] ] } },
{ "type": "Feature", "properties": { "CalShoreTy": 2, "CalLandcov": 3, "CalSlope": 1, "CalSedi": 2, "CalRetreat": 2 }, "geometry": { "type": "LineString", "coordinates": [ [ -78.973127193695348, 42.714111679675547, 0.0 ], [ -78.973105474074103, 42.714127647432385, 0.0 ], [ -78.973074448803857, 42.714150455900786, 0.0 ], [ -78.973067905631922, 42.714155266160105, 0.0 ], [ -78.972905240242284, 42.714278083195964, 0.0 ], [ -78.972736118869477, 42.71440577392454, 0.0 ], [ -78.972661097842078, 42.714462416366409, 0.0 ], [ -78.972652179267584, 42.714470522409833, 0.0 ], [ -78.972576273291523, 42.714539512821496, 0.0 ], [ -78.972509028851249, 42.714600630653948, 0.0 ] ] } },
{ "type": "Feature", "properties": { "CalShoreTy": 2, "CalLandcov": 3, "CalSlope": 2, "CalSedi": 2, "CalRetreat": 2 }, "geometry": { "type": "LineString", "coordinates": [ [ -78.973426021880655, 42.713908028083175, 0.0 ], [ -78.973367207842713, 42.713935227681354, 0.0 ], [ -78.973245869992297, 42.714024432134813, 0.0 ], [ -78.973205214077154, 42.714054321226214, 0.0 ], [ -78.973127193695376, 42.714111679675561, 0.0 ] ] } },
{ "type": "Feature", "properties": { "CalShoreTy": 2, "CalLandcov": 2, "CalSlope": 2, "CalSedi": 2, "CalRetreat": 2 }, "geometry": { "type": "LineString", "coordinates": [ [ -78.977937456958287, 42.711364021429411, 0.0 ], [ -78.977783497288499, 42.711465801811471, 0.0 ], [ -78.977744918707216, 42.711491305435757, 0.0 ], [ -78.977627760569163, 42.711601764448986, 0.0 ], [ -78.977478701803122, 42.711742299265524, 0.0 ], [ -78.977329642362221, 42.71188283388895, 0.0 ], [ -78.977180582246348, 42.712023368319031, 0.0 ], [ -78.977131008563902, 42.712070106385738, 0.0 ], [ -78.977023471621081, 42.712158977030718, 0.0 ], [ -78.976862349126677, 42.712292131164681, 0.0 ], [ -78.976701225941056, 42.712425285072932, 0.0 ], [ -78.976540102063979, 42.712558438755359, 0.0 ], [ -78.9765050781062, 42.712587382645403, 0.0 ], [ -78.976499811673847, 42.712590387933282, 0.0 ], [ -78.976355192634372, 42.712672914532071, 0.0 ], [ -78.976296265104978, 42.712706541325083, 0.0 ], [ -78.976163676301852, 42.712782202279428, 0.0 ], [ -78.975972159292922, 42.712891489705754, 0.0 ], [ -78.9759406097359, 42.712909493106189, 0.0 ], [ -78.975931599260136, 42.712914634828238, 0.0 ], [ -78.97577175515336, 42.71299163708332, 0.0 ], [ -78.975568962709119, 42.713089328394041, 0.0 ], [ -78.975366169626199, 42.713187019346854, 0.0 ], [ -78.975163375904657, 42.713284709941696, 0.0 ], [ -78.975148107457528, 42.713292065090712, 0.0 ], [ -78.974937920426754, 42.713349465399126, 0.0 ], [ -78.97471061940513, 42.713411538841214, 0.0 ], [ -78.97448331792873, 42.71347361183328, 0.0 ], [ -78.974338464166706, 42.71351316915738, 0.0 ], [ -78.974261694034752, 42.713544712752274, 0.0 ], [ -78.974050045385297, 42.713631675296007, 0.0 ], [ -78.973838396142511, 42.713718637449638, 0.0 ], [ -78.973812774067596, 42.713729164969074, 0.0 ], [ -78.9736323934262, 42.713812587076923, 0.0 ], [ -78.973524773390537, 42.713862358750326, 0.0 ], [ -78.973427167450851, 42.713907498295455, 0.0 ], [ -78.973426021869727, 42.713908028070335, 0.0 ] ] } },
{ "type": "Feature", "properties": { "CalShoreTy": 2, "CalLandcov": 3, "CalSlope": 2, "CalSedi": 2, "CalRetreat": 2 }, "geometry": { "type": "LineString", "coordinates": [ [ -78.981360139147668, 42.709337223337222, 0.0 ], [ -78.981354856887378, 42.709339720548634, 0.0 ], [ -78.981216488300149, 42.709405134738439, 0.0 ], [ -78.981155972961517, 42.709441232484572, 0.0 ], [ -78.98111941085061, 42.709463041955907, 0.0 ], [ -78.98096771623797, 42.709553527370375, 0.0 ], [ -78.980860222602715, 42.709617646742402, 0.0 ], [ -78.980775261290418, 42.709661751765402, 0.0 ], [ -78.98057721908441, 42.70976455872858, 0.0 ], [ -78.980491304515738, 42.709809158179716, 0.0 ], [ -78.980384662372501, 42.70987268849732, 0.0 ], [ -78.980196308572346, 42.709984896641473, 0.0 ], [ -78.980007954090979, 42.710097104476915, 0.0 ], [ -78.979862745339332, 42.710183608750839, 0.0 ], [ -78.979821216296813, 42.710210712261777, 0.0 ], [ -78.979639921059984, 42.710329032313744, 0.0 ], [ -78.97945862513194, 42.710447352079669, 0.0 ], [ -78.979419325354741, 42.71047300032609, 0.0 ], [ -78.979258515033465, 42.71054724402557, 0.0 ], [ -78.979053197375549, 42.710642035504648, 0.0 ], [ -78.97902868684632, 42.710653351531498, 0.0 ], [ -78.978875973349901, 42.710742312340699, 0.0 ], [ -78.978861356976793, 42.71075082692829, 0.0 ], [ -78.978671343058835, 42.710861516005927, 0.0 ], [ -78.978481328444985, 42.710972204752508, 0.0 ], [ -78.978398042700107, 42.711020720764651, 0.0 ], [ -78.978304840394657, 42.711093697500452, 0.0 ], [ -78.978138907576266, 42.711223621092586, 0.0 ], [ -78.978079645371736, 42.711270022563305, 0.0 ], [ -78.977963761713369, 42.711346631741122, 0.0 ], [ -78.977937456956838, 42.711364021428231, 0.0 ] ] } },
{ "type": "Feature", "properties": { "CalShoreTy": 2, "CalLandcov": 2, "CalSlope": 2, "CalSedi": 2, "CalRetreat": 2 }, "geometry": { "type": "LineString", "coordinates": [ [ -78.982409230003071, 42.708857624490776, 0.0 ], [ -78.98238370611017, 42.708868604798568, 0.0 ], [ -78.982224304789398, 42.708937178587618, 0.0 ], [ -78.982214037564304, 42.708941595492611, 0.0 ], [ -78.982175111438892, 42.708959423698722, 0.0 ], [ -78.981969334276585, 42.70905366946532, 0.0 ], [ -78.981858530726257, 42.709104417077221, 0.0 ], [ -78.981763556641539, 42.709147915044298, 0.0 ], [ -78.981667982986778, 42.709191687316313, 0.0 ], [ -78.981558775244096, 42.709243316912918, 0.0 ], [ -78.981490370389579, 42.709275656234716, 0.0 ], [ -78.981360139147654, 42.709337223337208, 0.0 ] ] } },
{ "type": "Feature", "properties": { "CalShoreTy": 2, "CalLandcov": 3, "CalSlope": 2, "CalSedi": 2, "CalRetreat": 2 }, "geometry": { "type": "LineString", "coordinates": [ [ -78.98280119890741, 42.70867688185642, 0.0 ], [ -78.982794865717381, 42.708680106898115, 0.0 ], [ -78.982647862924267, 42.708754964736137, 0.0 ], [ -78.982635285861676, 42.708760375402548, 0.0 ], [ -78.982592957607764, 42.708778585047781, 0.0 ], [ -78.982409230003086, 42.708857624490797, 0.0 ] ] } },
{ "type": "Feature", "properties": { "CalShoreTy": 2, "CalLandcov": 2, "CalSlope": 2, "CalSedi": 2, "CalRetreat": 2 }, "geometry": { "type": "LineString", "coordinates": [ [ -78.983497832812915, 42.708319211605172, 0.0 ], [ -78.98339159434984, 42.708374431204874, 0.0 ], [ -78.983235523457751, 42.708455551865832, 0.0 ], [ -78.983220329506779, 42.70846344917323, 0.0 ], [ -78.983193457178302, 42.708477133373925, 0.0 ], [ -78.982994161715496, 42.708578620247536, 0.0 ], [ -78.982901458231822, 42.708625827245562, 0.0 ], [ -78.98280119890741, 42.708676881856405, 0.0 ] ] } },
{ "type": "Feature", "properties": { "CalShoreTy": 2, "CalLandcov": 3, "CalSlope": 2, "CalSedi": 2, "CalRetreat": 2 }, "geometry": { "type": "LineString", "coordinates": [ [ -78.985025976217528, 42.707656204529187, 0.0 ], [ -78.985020739826567, 42.707658727307894, 0.0 ], [ -78.984884984603923, 42.707724128293442, 0.0 ], [ -78.984845511614736, 42.707736357732671, 0.0 ], [ -78.98462208699182, 42.707805578332461, 0.0 ], [ -78.984590423752579, 42.707815388072973, 0.0 ], [ -78.984449391565008, 42.70788071621115, 0.0 ], [ -78.98441437432173, 42.707896936635322, 0.0 ], [ -78.984223380414761, 42.707985407054302, 0.0 ], [ -78.984209071077501, 42.707991729960213, 0.0 ], [ -78.984001275126857, 42.708083548965035, 0.0 ], [ -78.983793478561168, 42.708175367593988, 0.0 ], [ -78.983680843760396, 42.708225137023604, 0.0 ], [ -78.983667370184108, 42.708231090652447, 0.0 ], [ -78.983657880364248, 42.70823602321807, 0.0 ], [ -78.98358955042815, 42.708271539324706, 0.0 ], [ -78.983497832812972, 42.708319211605229, 0.0 ] ] } },
{ "type": "Feature", "properties": { "CalShoreTy": 2, "CalLandcov": 2, "CalSlope": 2, "CalSedi": 2, "CalRetreat": 2 }, "geometry": { "type": "LineString", "coordinates": [ [ -78.98573823977199, 42.70729644646525, 0.0 ], [ -78.985651948953787, 42.707341699832682, 0.0 ], [ -78.985454586012949, 42.707445202087783, 0.0 ], [ -78.985356402724463, 42.707496691718198, 0.0 ], [ -78.985348737387412, 42.707500711593589, 0.0 ], [ -78.985254712819369, 42.707546008902618, 0.0 ], [ -78.98505193629083, 42.707643698110232, 0.0 ], [ -78.985025976214047, 42.70765620452525, 0.0 ] ] } },
{ "type": "Feature", "properties": { "CalShoreTy": 2, "CalLandcov": 3, "CalSlope": 2, "CalSedi": 2, "CalRetreat": 2 }, "geometry": { "type": "LineString", "coordinates": [ [ -78.988593807263484, 42.705828584882141, 0.0 ], [ -78.988491195126528, 42.705880801268336, 0.0 ], [ -78.988465362297305, 42.705891266219169, 0.0 ], [ -78.988411510707294, 42.705913085267632, 0.0 ], [ -78.988199182397068, 42.705999113929174, 0.0 ], [ -78.988047281904855, 42.706060658777396, 0.0 ], [ -78.988034272308653, 42.706061423144355, 0.0 ], [ -78.987978496536911, 42.706064700193934, 0.0 ], [ -78.987947525799839, 42.706066519834977, 0.0 ], [ -78.987773852423032, 42.706155084196325, 0.0 ], [ -78.987631612553102, 42.706227618723851, 0.0 ], [ -78.987577341966599, 42.706259323467648, 0.0 ], [ -78.987387545860415, 42.706370201429316, 0.0 ], [ -78.987197749076174, 42.706481079077683, 0.0 ], [ -78.987007951613819, 42.706591956412581, 0.0 ], [ -78.986903046210855, 42.706653240548746, 0.0 ], [ -78.986815606171774, 42.706700382995905, 0.0 ], [ -78.986620112252638, 42.706805781141071, 0.0 ], [ -78.98642461766957, 42.706911178953547, 0.0 ], [ -78.986306333167903, 42.706974949835534, 0.0 ], [ -78.986230988301415, 42.707018383446837, 0.0 ], [ -78.986040216735844, 42.707128355912879, 0.0 ], [ -78.985853304896409, 42.707236102709153, 0.0 ], [ -78.985850972846464, 42.707237325711525, 0.0 ], [ -78.985849311156173, 42.707238197155569, 0.0 ], [ -78.98573823977199, 42.707296446465257, 0.0 ] ] } },
{ "type": "Feature", "properties": { "CalShoreTy": 2, "CalLandcov": 2, "CalSlope": 2, "CalSedi": 2, "CalRetreat": 2 }, "geometry": { "type": "LineString", "coordinates": [ [ -78.989792760191662, 42.705199461258751, 0.0 ], [ -78.989608964113444, 42.705306700326211, 0.0 ], [ -78.989590414521359, 42.705317523376387, 0.0 ], [ -78.98958888723277, 42.705318414496546, 0.0 ], [ -78.98941129309442, 42.70540982549079, 0.0 ], [ -78.989212701018232, 42.705512043868183, 0.0 ], [ -78.989186577173044, 42.705525490159069, 0.0 ], [ -78.989014109068094, 42.705614262720673, 0.0 ], [ -78.98893850192033, 42.705653178971886, 0.0 ], [ -78.988815057378559, 42.705715996837455, 0.0 ], [ -78.988615722735815, 42.705817432746358, 0.0 ], [ -78.988593807261026, 42.705828584879526, 0.0 ] ] } },
{ "type": "Feature", "properties": { "CalShoreTy": 2, "CalLandcov": 3, "CalSlope": 2, "CalSedi": 2, "CalRetreat": 2 }, "geometry": { "type": "LineString", "coordinates": [ [ -78.991050539811695, 42.704699508283717, 0.0 ], [ -78.990842771902379, 42.704754562825045, 0.0 ], [ -78.990746248245742, 42.704780139594888, 0.0 ], [ -78.99061779124284, 42.704820773420636, 0.0 ], [ -78.990395087383732, 42.704891219169141, 0.0 ], [ -78.990356856027105, 42.704903312462442, 0.0 ], [ -78.990191666771267, 42.704987253924891, 0.0 ], [ -78.989992242012349, 42.705088591651027, 0.0 ], [ -78.989918923009313, 42.705125848544014, 0.0 ], [ -78.989917991565108, 42.705126392018563, 0.0 ], [ -78.989798849740254, 42.705195908173096, 0.0 ], [ -78.989792760205006, 42.705199461271164, 0.0 ] ] } },
{ "type": "Feature", "properties": { "CalShoreTy": 2, "CalLandcov": 2, "CalSlope": 2, "CalSedi": 2, "CalRetreat": 2 }, "geometry": { "type": "LineString", "coordinates": [ [ -78.99225772726254, 42.704523393603083, 0.0 ], [ -78.992018225681818, 42.704551135449087, 0.0 ], [ -78.991778723886995, 42.704578876795502, 0.0 ], [ -78.991709319891342, 42.704586915718991, 0.0 ], [ -78.991539592456732, 42.704608273902622, 0.0 ], [ -78.991300612002462, 42.704638346305636, 0.0 ], [ -78.991263941966423, 42.70464296067788, 0.0 ], [ -78.991211215931727, 42.704656932184676, 0.0 ], [ -78.991070856064567, 42.70469412488201, 0.0 ], [ -78.991050539809109, 42.704699508278431, 0.0 ] ] } },
{ "type": "Feature", "properties": { "CalShoreTy": 1, "CalLandcov": 1, "CalSlope": 1, "CalSedi": 2, "CalRetreat": 2 }, "geometry": { "type": "LineString", "coordinates": [ [ -78.970085842775546, 42.717186233928189, 0.0 ], [ -78.970028113313646, 42.717200302582519, 0.0 ], [ -78.970026951815981, 42.717200585638828, 0.0 ], [ -78.970017872431185, 42.71720337195093, 0.0 ], [ -78.970003009602962, 42.717207931535008, 0.0 ], [ -78.969919841720454, 42.717233445537786, 0.0 ], [ -78.969696057828628, 42.717302096907787, 0.0 ], [ -78.969472273441298, 42.717370747841628, 0.0 ], [ -78.969369609588639, 42.717402242116428, 0.0 ] ] } },
{ "type": "Feature", "properties": { "CalShoreTy": 1, "CalLandcov": 1, "CalSlope": 1, "CalSedi": 2, "CalRetreat": 2 }, "geometry": { "type": "LineString", "coordinates": [ [ -78.971538505447924, 42.715816969336025, 0.0 ], [ -78.971464329664187, 42.715887132115775, 0.0 ], [ -78.971450255766044, 42.715904332249657, 0.0 ], [ -78.97132530761958, 42.716057034632676, 0.0 ], [ -78.971200358861424, 42.716209736881325, 0.0 ], [ -78.971075409483234, 42.716362438991915, 0.0 ], [ -78.971065797661211, 42.716374185651667, 0.0 ], [ -78.971025959120411, 42.716422872682926, 0.0 ], [ -78.970947596840475, 42.71651384341483, 0.0 ], [ -78.970817908537029, 42.71666439779807, 0.0 ], [ -78.970727903780528, 42.716768883270319, 0.0 ], [ -78.970676429130691, 42.716808153397487, 0.0 ], [ -78.97050820788219, 42.716936489259659, 0.0 ], [ -78.970339985937798, 42.717064824875656, 0.0 ], [ -78.970332047650288, 42.717070880932283, 0.0 ], [ -78.970163743197432, 42.717167249373787, 0.0 ], [ -78.970162163437365, 42.717167634366447, 0.0 ], [ -78.970146957615185, 42.717171340073357, 0.0 ], [ -78.970085842775603, 42.717186233928324, 0.0 ] ] } },
{ "type": "Feature", "properties": { "CalShoreTy": 2, "CalLandcov": 2, "CalSlope": 2, "CalSedi": 2, "CalRetreat": 2 }, "geometry": { "type": "LineString", "coordinates": [ [ -78.96838839644083, 42.719181144568992, 0.0 ], [ -78.968350628051454, 42.71921757537487, 0.0 ], [ -78.968254153644821, 42.719310632848327, 0.0 ] ] } },
{ "type": "Feature", "properties": { "CalShoreTy": 2, "CalLandcov": 1, "CalSlope": 1, "CalSedi": 2, "CalRetreat": 2 }, "geometry": { "type": "LineString", "coordinates": [ [ -78.969065897641201, 42.717909120150736, 0.0 ], [ -78.968972306180078, 42.718067984448012, 0.0 ], [ -78.968941131373967, 42.718120901083346, 0.0 ], [ -78.968936114604418, 42.718129416622389, 0.0 ], [ -78.968914192010573, 42.718239477848726, 0.0 ], [ -78.968897984814632, 42.718320844967884, 0.0 ] ] } },
{ "type": "Feature", "properties": { "CalShoreTy": 2, "CalLandcov": 1, "CalSlope": 2, "CalSedi": 2, "CalRetreat": 2 }, "geometry": { "type": "LineString", "coordinates": [ [ -78.968897984814248, 42.718320844967842, 0.0 ], [ -78.968897943368063, 42.718321053065637, 0.0 ], [ -78.968850506868719, 42.718410212812017, 0.0 ], [ -78.968762216661744, 42.718576158819026, 0.0 ], [ -78.968673925983282, 42.718742104758398, 0.0 ], [ -78.968622748878957, 42.718838293779385, 0.0 ], [ -78.968581620850628, 42.718906824768304, 0.0 ], [ -78.968483780263284, 42.719069854336361, 0.0 ], [ -78.968456297380015, 42.719115648275803, 0.0 ], [ -78.96838839644083, 42.719181144568992, 0.0 ] ] } },
{ "type": "Feature", "properties": { "CalShoreTy": 2, "CalLandcov": 1, "CalSlope": 1, "CalSedi": 2, "CalRetreat": 2 }, "geometry": { "type": "LineString", "coordinates": [ [ -78.969369609588497, 42.717402242116165, 0.0 ], [ -78.969300871603082, 42.71742332877556, 0.0 ], [ -78.969299227108479, 42.71742383325428, 0.0 ], [ -78.969248488481568, 42.717439398203418, 0.0 ], [ -78.96921261093901, 42.717450404238875, 0.0 ], [ -78.969143059105562, 42.717474259247048, 0.0 ], [ -78.969138201752287, 42.717550805695431, 0.0 ], [ -78.969141581940519, 42.717567203314523, 0.0 ], [ -78.969175716197526, 42.717732791397488, 0.0 ], [ -78.969169494887794, 42.71774246255022, 0.0 ], [ -78.969105179163776, 42.71784244243559, 0.0 ], [ -78.969103709682201, 42.7178449367835, 0.0 ], [ -78.969068636742961, 42.717904470716746, 0.0 ], [ -78.969065897643759, 42.71790912015156, 0.0 ] ] } },
{ "type": "Feature", "properties": { "CalShoreTy": 2, "CalLandcov": 2, "CalSlope": 2, "CalSedi": 2, "CalRetreat": 3 }, "geometry": { "type": "LineString", "coordinates": [ [ -79.004138956486301, 42.70392479411025, 0.0 ], [ -79.003992560992174, 42.703919133268968, 0.0 ], [ -79.00390222006871, 42.703895579660745, 0.0 ], [ -79.003723161747317, 42.703848895463338, 0.0 ], [ -79.003670893642465, 42.703845581550091, 0.0 ], [ -79.003429335220744, 42.703830265895697, 0.0 ], [ -79.003323813985844, 42.70382357531512, 0.0 ], [ -79.003190065347425, 42.703843769714446, 0.0 ], [ -79.003047832687017, 42.703865244909835, 0.0 ], [ -79.002951145225737, 42.703857554315022, 0.0 ], [ -79.002710097287292, 42.703838380812286, 0.0 ], [ -79.002581211391387, 42.703828128720723, 0.0 ], [ -79.00255689074983, 42.703822712668149, 0.0 ], [ -79.002473242981836, 42.703804084794172, 0.0 ], [ -79.002241207754523, 42.703752411513143, 0.0 ], [ -79.002187661816777, 42.703740486982198, 0.0 ], [ -79.002063431658826, 42.703712821117115, 0.0 ], [ -79.002054279707608, 42.703710782985723, 0.0 ], [ -79.002053654716676, 42.70371053786257, 0.0 ], [ -79.002025593201438, 42.703699532053875, 0.0 ] ] } },
{ "type": "Feature", "properties": { "CalShoreTy": 2, "CalLandcov": 2, "CalSlope": 2, "CalSedi": 2, "CalRetreat": 3 }, "geometry": { "type": "LineString", "coordinates": [ [ -78.993659181306668, 42.70430034103326, 0.0 ], [ -78.993442297811143, 42.704344688802692, 0.0 ], [ -78.993208713750121, 42.704392451069161, 0.0 ], [ -78.992975129258468, 42.704440212671678, 0.0 ], [ -78.992848229043631, 42.704466160006248, 0.0 ], [ -78.992738369923742, 42.704476388475001, 0.0 ], [ -78.992497834377517, 42.704498783234143, 0.0 ], [ -78.992356970636891, 42.704511897932903, 0.0 ], [ -78.992257727262555, 42.704523393603097, 0.0 ] ] } },
{ "type": "Feature", "properties": { "CalShoreTy": 2, "CalLandcov": 2, "CalSlope": 2, "CalSedi": 2, "CalRetreat": 3 }, "geometry": { "type": "LineString", "coordinates": [ [ -78.997984390587575, 42.703737950117649, 0.0 ], [ -78.997964903270741, 42.703741145389905, 0.0 ], [ -78.997728266485282, 42.703779945679024, 0.0 ], [ -78.997680938846329, 42.703787705703832, 0.0 ], [ -78.997490479079801, 42.703814678814574, 0.0 ], [ -78.997252403834082, 42.703848394800893, 0.0 ], [ -78.997014328329456, 42.703882110293463, 0.0 ], [ -78.996923343170849, 42.703894995180264, 0.0 ], [ -78.996777167154264, 42.703919052205187, 0.0 ], [ -78.996540571422486, 42.703957989685932, 0.0 ], [ -78.996303975393502, 42.703996926678983, 0.0 ], [ -78.996114705102855, 42.704028074811475, 0.0 ], [ -78.996066213947842, 42.704028683511275, 0.0 ], [ -78.995823792718753, 42.704031726265505, 0.0 ], [ -78.9956633344583, 42.704033739977419, 0.0 ], [ -78.995582265253773, 42.704042670226819, 0.0 ], [ -78.995342487406987, 42.704069082820538, 0.0 ], [ -78.995102709354526, 42.70409549490634, 0.0 ], [ -78.995069515539072, 42.704099151228064, 0.0 ] ] } },
{ "type": "Feature", "properties": { "CalShoreTy": 2, "CalLandcov": 3, "CalSlope": 2, "CalSedi": 2, "CalRetreat": 3 }, "geometry": { "type": "LineString", "coordinates": [ [ -78.999589910509201, 42.703711521405218, 0.0 ], [ -78.999402010999077, 42.703722037369388, 0.0 ], [ -78.999341129087313, 42.703725444613255, 0.0 ], [ -78.99933981577982, 42.703725518111895, 0.0 ], [ -78.999265214743914, 42.703729692516347, 0.0 ], [ -78.999159996538708, 42.703727433656518, 0.0 ], [ -78.99903318632029, 42.703724711122078, 0.0 ], [ -78.998917644579024, 42.703722229767159, 0.0 ], [ -78.998759574562882, 42.703718834891774, 0.0 ], [ -78.998756396429698, 42.70371863634761, 0.0 ], [ -78.998675559737663, 42.703713586291741, 0.0 ], [ -78.998526893008304, 42.703704298591667, 0.0 ], [ -78.998442917052543, 42.70369905210196, 0.0 ], [ -78.998441759574746, 42.703698979786928, 0.0 ], [ -78.998434419009214, 42.703697016118461, 0.0 ], [ -78.998354521450096, 42.703675642744379, 0.0 ], [ -78.998202396106663, 42.703705417702885, 0.0 ], [ -78.998190384917436, 42.703707768600054, 0.0 ], [ -78.998017068280816, 42.703732592219623, 0.0 ], [ -78.997984390587561, 42.703737950117628, 0.0 ] ] } },
{ "type": "Feature", "properties": { "CalShoreTy": 2, "CalLandcov": 2, "CalSlope": 2, "CalSedi": 2, "CalRetreat": 3 }, "geometry": { "type": "LineString", "coordinates": [ [ -79.000433962784641, 42.70363883307855, 0.0 ], [ -79.000433302593976, 42.703638856179943, 0.0 ], [ -79.000363492969058, 42.703641299156757, 0.0 ], [ -79.000327668404566, 42.703642552814109, 0.0 ], [ -79.00012221357639, 42.703658445696753, 0.0 ], [ -79.000082329918939, 42.70366153083792, 0.0 ], [ -78.999963324579113, 42.703686492875441, 0.0 ], [ -78.999885152766552, 42.703692464314102, 0.0 ], [ -78.999854752505911, 42.703694786532999, 0.0 ], [ -78.99972034245215, 42.703705054640025, 0.0 ], [ -78.999706117296796, 42.703705017226291, 0.0 ], [ -78.999705492556316, 42.703705052193783, 0.0 ], [ -78.999643766258401, 42.703708507074282, 0.0 ], [ -78.999589910509386, 42.703711521406902, 0.0 ] ] } },
{ "type": "Feature", "properties": { "CalShoreTy": 1, "CalLandcov": 1, "CalSlope": 2, "CalSedi": 2, "CalRetreat": 3 }, "geometry": { "type": "LineString", "coordinates": [ [ -79.001850275310403, 42.703689129525941, 0.0 ], [ -79.001792025006338, 42.7037065542345, 0.0 ], [ -79.001717423212412, 42.703728870188854, 0.0 ], [ -79.00168716298964, 42.703737922898064, 0.0 ], [ -79.001561423818771, 42.703715972882826, 0.0 ], [ -79.00140296412529, 42.70368831069662, 0.0 ], [ -79.001325238805066, 42.703675738157031, 0.0 ], [ -79.001088452153041, 42.703637436128915, 0.0 ], [ -79.001027609989663, 42.703627594362466, 0.0 ], [ -79.000847513341199, 42.70362418726009, 0.0 ], [ -79.000787626446382, 42.703623054244829, 0.0 ], [ -79.000762428832545, 42.703622578918839, 0.0 ], [ -79.000607689966898, 42.703631570875181, 0.0 ], [ -79.00060747563316, 42.703631583334484, 0.0 ], [ -79.000605576115504, 42.703631693754176, 0.0 ], [ -79.000579556272214, 42.703633206294633, 0.0 ] ] } },
{ "type": "Feature", "properties": { "CalShoreTy": 2, "CalLandcov": 3, "CalSlope": 2, "CalSedi": 2, "CalRetreat": 3 }, "geometry": { "type": "LineString", "coordinates": [ [ -78.993832711589306, 42.704264858364951, 0.0 ], [ -78.993675881583954, 42.704296926251068, 0.0 ], [ -78.993659181299748, 42.704300341014786, 0.0 ] ] } },
{ "type": "Feature", "properties": { "CalShoreTy": 3, "CalLandcov": 3, "CalSlope": 2, "CalSedi": 2, "CalRetreat": 3 }, "geometry": { "type": "LineString", "coordinates": [ [ -78.993972009498975, 42.704236374750515, 0.0 ], [ -78.993909465220625, 42.704249163818709, 0.0 ], [ -78.993832711589192, 42.704264858364631, 0.0 ] ] } },
{ "type": "Feature", "properties": { "CalShoreTy": 3, "CalLandcov": 2, "CalSlope": 2, "CalSedi": 2, "CalRetreat": 3 }, "geometry": { "type": "LineString", "coordinates": [ [ -78.993984757524856, 42.704233767926098, 0.0 ], [ -78.993972009498975, 42.704236374750515, 0.0 ] ] } },
{ "type": "Feature", "properties": { "CalShoreTy": 3, "CalLandcov": 2, "CalSlope": 2, "CalSedi": 2, "CalRetreat": 3 }, "geometry": { "type": "LineString", "coordinates": [ [ -78.994951230426864, 42.704112180585902, 0.0 ], [ -78.994862931064119, 42.704121906551478, 0.0 ], [ -78.994832181748791, 42.704125293752526, 0.0 ], [ -78.994623622675846, 42.704150514683072, 0.0 ], [ -78.994384383118685, 42.704179445294429, 0.0 ], [ -78.994145143338415, 42.704208375407227, 0.0 ], [ -78.994056542637892, 42.704219089328532, 0.0 ], [ -78.993984757524842, 42.704233767926084, 0.0 ] ] } },
{ "type": "Feature", "properties": { "CalShoreTy": 2, "CalLandcov": 2, "CalSlope": 2, "CalSedi": 2, "CalRetreat": 3 }, "geometry": { "type": "LineString", "coordinates": [ [ -78.995069515539683, 42.704099151231134, 0.0 ], [ -78.994951230427134, 42.704112180587209, 0.0 ] ] } },
{ "type": "Feature", "properties": { "CalShoreTy": 1, "CalLandcov": 1, "CalSlope": 2, "CalSedi": 2, "CalRetreat": 3 }, "geometry": { "type": "LineString", "coordinates": [ [ -79.002025593201438, 42.703699532053875, 0.0 ], [ -79.002012698599685, 42.70369447471748, 0.0 ], [ -79.001936626334043, 42.703664638694555, 0.0 ], [ -79.001934688495055, 42.703663878660834, 0.0 ], [ -79.001850275310389, 42.703689129525934, 0.0 ] ] } },
{ "type": "Feature", "properties": { "CalShoreTy": 2, "CalLandcov": 2, "CalSlope": 2, "CalSedi": 2, "CalRetreat": 3 }, "geometry": { "type": "LineString", "coordinates": [ [ -79.000579556272172, 42.703633206294334, 0.0 ], [ -79.000556656622976, 42.703634537099774, 0.0 ], [ -79.000556481257902, 42.703634547291038, 0.0 ], [ -79.000511702998011, 42.70363611387863, 0.0 ], [ -79.000433962784683, 42.70363883307904, 0.0 ] ] } },
{ "type": "Feature", "properties": { "CalShoreTy": 1, "CalLandcov": 1, "CalSlope": 1, "CalSedi": 2, "CalRetreat": 1 }, "geometry": { "type": "LineString", "coordinates": [ [ -79.061515052257022, 42.669558723317017, 0.0 ], [ -79.061458995214252, 42.66963710412373, 0.0 ], [ -79.061402207752224, 42.669716398425692, 0.0 ], [ -79.061289303126827, 42.669874050383612, 0.0 ], [ -79.06124892251205, 42.669930434769, 0.0 ], [ -79.061149598154245, 42.670018555467522, 0.0 ], [ -79.061139971900445, 42.670027095873373, 0.0 ], [ -79.06113865554066, 42.670028578724491, 0.0 ], [ -79.061015766558327, 42.670167010155957, 0.0 ], [ -79.06094583912332, 42.670245781368259, 0.0 ] ] } },
{ "type": "Feature", "properties": { "CalShoreTy": 1, "CalLandcov": 1, "CalSlope": 1, "CalSedi": 2, "CalRetreat": 1 }, "geometry": { "type": "LineString", "coordinates": [ [ -79.055940350844679, 42.673874899209011, 0.0 ], [ -79.055892501261127, 42.673917040285666, 0.0 ], [ -79.055888827449067, 42.673920275779331, 0.0 ], [ -79.055884442452481, 42.673924137606292, 0.0 ], [ -79.05572913664362, 42.674060913615655, 0.0 ], [ -79.055609670168877, 42.674166125802273, 0.0 ], [ -79.055573830078515, 42.674197689370196, 0.0 ], [ -79.055418522798462, 42.674334464895573, 0.0 ], [ -79.055415236662071, 42.674337358909774, 0.0 ], [ -79.055263291144669, 42.674471287029483, 0.0 ], [ -79.055108060458579, 42.674608109967018, 0.0 ], [ -79.054952829089544, 42.674744932695056, 0.0 ], [ -79.054797597037023, 42.674881755213704, 0.0 ], [ -79.05464236430096, 42.675018577522764, 0.0 ], [ -79.054545074760128, 42.675104328218936, 0.0 ], [ -79.054484042253179, 42.675153416473684, 0.0 ], [ -79.054320533604368, 42.675284925425736, 0.0 ], [ -79.054235224581234, 42.675353538608768, 0.0 ], [ -79.054157727300989, 42.675416902757668, 0.0 ], [ -79.053995687254982, 42.675549391072735, 0.0 ], [ -79.053833646518314, 42.675681879159598, 0.0 ], [ -79.053760101201661, 42.675742011172872, 0.0 ], [ -79.053687891842358, 42.675823559390921, 0.0 ], [ -79.053555671767882, 42.675972878855525, 0.0 ], [ -79.053532164051205, 42.67599942662067, 0.0 ], [ -79.053439593613462, 42.676129153693239, 0.0 ] ] } },
{ "type": "Feature", "properties": { "CalShoreTy": 3, "CalLandcov": 1, "CalSlope": 2, "CalSedi": 2, "CalRetreat": 1 }, "geometry": { "type": "LineString", "coordinates": [ [ -79.060877311486294, 42.670312868659728, 0.0 ], [ -79.060717798248135, 42.670446995472368, 0.0 ], [ -79.060625862855659, 42.670524299007859, 0.0 ], [ -79.060557672481622, 42.67058072579438, 0.0 ], [ -79.060396713970263, 42.670713916628827, 0.0 ], [ -79.060235754769252, 42.670847107238011, 0.0 ], [ -79.060228420582291, 42.670853176115131, 0.0 ], [ -79.060123533127225, 42.670939968739638, 0.0 ], [ -79.060073535616354, 42.670979455485302, 0.0 ], [ -79.060052234656737, 42.670996278411032, 0.0 ], [ -79.059908415550012, 42.671109864005729, 0.0 ], [ -79.059743294938485, 42.671240272390243, 0.0 ], [ -79.05957817363425, 42.671370680537727, 0.0 ], [ -79.059463441397412, 42.671461292358451, 0.0 ], [ -79.059413822337575, 42.671501608560632, 0.0 ], [ -79.059251225158334, 42.671633720596468, 0.0 ], [ -79.05908862728829, 42.67176583240267, 0.0 ], [ -79.058926028727143, 42.671897943978884, 0.0 ], [ -79.058911576879993, 42.67190968608719, 0.0 ], [ -79.058762263879544, 42.672029274221252, 0.0 ], [ -79.058598384636014, 42.672160528033565, 0.0 ], [ -79.058478967705312, 42.672256170688307, 0.0 ], [ -79.058429467549843, 42.672287986986866, 0.0 ], [ -79.0583592959741, 42.672333089776679, 0.0 ] ] } },
{ "type": "Feature", "properties": { "CalShoreTy": 3, "CalLandcov": 1, "CalSlope": 1, "CalSedi": 2, "CalRetreat": 1 }, "geometry": { "type": "LineString", "coordinates": [ [ -79.060945839122567, 42.670245781367896, 0.0 ], [ -79.0609129192067, 42.670282864221228, 0.0 ], [ -79.060912696164294, 42.670283115468614, 0.0 ], [ -79.060877311486294, 42.670312868659728, 0.0 ] ] } },
{ "type": "Feature", "properties": { "CalShoreTy": 3, "CalLandcov": 1, "CalSlope": 1, "CalSedi": 2, "CalRetreat": 1 }, "geometry": { "type": "LineString", "coordinates": [ [ -79.058359295974881, 42.672333089777339, 0.0 ], [ -79.058247021403204, 42.672405254395741, 0.0 ], [ -79.058064574777475, 42.672522521692521, 0.0 ], [ -79.057882127391849, 42.672639788639295, 0.0 ], [ -79.057699679288575, 42.672757055271809, 0.0 ], [ -79.057623765705173, 42.672805847720362, 0.0 ], [ -79.057511295923987, 42.67286898322287, 0.0 ], [ -79.05737461089457, 42.672945711759539, 0.0 ], [ -79.057326823007998, 42.672983685738274, 0.0 ], [ -79.057162243018169, 42.673114466425922, 0.0 ], [ -79.057027685695871, 42.673221389527008, 0.0 ], [ -79.056997662204978, 42.673245246788873, 0.0 ], [ -79.056833080112568, 42.673376026517367, 0.0 ], [ -79.056812901239226, 42.673392060938063, 0.0 ], [ -79.056637764265687, 42.673480705498754, 0.0 ], [ -79.056438153147596, 42.67358173687095, 0.0 ], [ -79.056402716840523, 42.67359967256759, 0.0 ], [ -79.056240962425036, 42.673681543383033, 0.0 ], [ -79.056238692335697, 42.673682915326921, 0.0 ], [ -79.05605148348657, 42.673796055822677, 0.0 ], [ -79.05598261801002, 42.673837674796623, 0.0 ], [ -79.055940350844679, 42.673874899209011, 0.0 ] ] } },
{ "type": "Feature", "properties": { "CalShoreTy": 3, "CalLandcov": 1, "CalSlope": 2, "CalSedi": 1, "CalRetreat": 2 }, "geometry": { "type": "LineString", "coordinates": [ [ -79.047163360873782, 42.692069617994548, 0.0 ], [ -79.047139217844034, 42.692089874804559, 0.0 ], [ -79.047139010378402, 42.692090048875095, 0.0 ], [ -79.047044006986468, 42.692113444989161, 0.0 ], [ -79.046814155158913, 42.692170049300842, 0.0 ], [ -79.046584302912038, 42.692226653152368, 0.0 ], [ -79.046354450246042, 42.692283256544059, 0.0 ], [ -79.04620136356921, 42.692320955272073, 0.0 ], [ -79.046141537102898, 42.692280862897455, 0.0 ], [ -79.046113574475868, 42.69226212386841, 0.0 ], [ -79.046082235209965, 42.692177471118349, 0.0 ], [ -79.046164173055033, 42.692160283260847, 0.0 ], [ -79.046397275775121, 42.692111385625658, 0.0 ], [ -79.046630378128071, 42.692062487517553, 0.0 ], [ -79.046863480113686, 42.692013588936128, 0.0 ], [ -79.046983845921702, 42.691988339182778, 0.0 ], [ -79.04701187300239, 42.691904667109682, 0.0 ], [ -79.047069823783033, 42.691731660054678, 0.0 ], [ -79.047127774241574, 42.691558652970592, 0.0 ], [ -79.047185724379361, 42.69138564585765, 0.0 ], [ -79.047197681078543, 42.691349949631778, 0.0 ], [ -79.047210853901873, 42.691310622822662, 0.0 ] ] } },
{ "type": "Feature", "properties": { "CalShoreTy": 3, "CalLandcov": 3, "CalSlope": 2, "CalSedi": 1, "CalRetreat": 2 }, "geometry": { "type": "LineString", "coordinates": [ [ -79.047210853901248, 42.691310622822556, 0.0 ], [ -79.047216414760001, 42.691294021269243, 0.0 ], [ -79.047215785108122, 42.691293957039576, 0.0 ], [ -79.047140408052954, 42.691286268042482, 0.0 ], [ -79.047103469161328, 42.691282499826116, 0.0 ], [ -79.046863363812079, 42.691258006370347, 0.0 ], [ -79.046699987640423, 42.691241339883717, 0.0 ], [ -79.046696273049506, 42.69124096094346, 0.0 ], [ -79.046625530829729, 42.691256190842374, 0.0 ], [ -79.046526972689705, 42.691277409067602, 0.0 ], [ -79.04639289763557, 42.691306273877174, 0.0 ], [ -79.046160264183044, 42.691356356734062, 0.0 ], [ -79.045927630355465, 42.691406439120499, 0.0 ], [ -79.045694996152491, 42.691456521036017, 0.0 ], [ -79.04546236157428, 42.691506602480239, 0.0 ], [ -79.045438298832437, 42.691511782661763, 0.0 ], [ -79.045389066484162, 42.691549258877089, 0.0 ], [ -79.045247818016179, 42.691577713486595, 0.0 ], [ -79.045130871305403, 42.691601272336321, 0.0 ], [ -79.045128925450044, 42.691601424807047, 0.0 ], [ -79.0450104054013, 42.691610711577837, 0.0 ], [ -79.044980425331062, 42.691613060681746, 0.0 ] ] } },
{ "type": "Feature", "properties": { "CalShoreTy": 1, "CalLandcov": 1, "CalSlope": 2, "CalSedi": 1, "CalRetreat": 2 }, "geometry": { "type": "LineString", "coordinates": [ [ -79.044980425330792, 42.69161306067992, 0.0 ], [ -79.044910099099212, 42.69161857092309, 0.0 ], [ -79.044909176599674, 42.691618643203043, 0.0 ], [ -79.044903786812043, 42.691617749711071, 0.0 ], [ -79.044772016165396, 42.691595905347242, 0.0 ], [ -79.044535548127669, 42.69155670428249, 0.0 ], [ -79.044424029481632, 42.691538216836271, 0.0 ], [ -79.044400181775529, 42.69153426323939, 0.0 ], [ -79.044399913554173, 42.691534218772333, 0.0 ], [ -79.044299692534182, 42.691552817692731, 0.0 ], [ -79.04413689545612, 42.691583029205482, 0.0 ], [ -79.044066476020703, 42.691565150573595, 0.0 ], [ -79.04400555621072, 42.691549683735779, 0.0 ], [ -79.043828200184393, 42.691560416683352, 0.0 ], [ -79.043781765798272, 42.691563226678269, 0.0 ], [ -79.043625800404385, 42.69158300727095, 0.0 ], [ -79.043625273205194, 42.691583070445169, 0.0 ], [ -79.043588743377612, 42.6915874478047, 0.0 ] ] } },
{ "type": "Feature", "properties": { "CalShoreTy": 3, "CalLandcov": 1, "CalSlope": 1, "CalSedi": 1, "CalRetreat": 2 }, "geometry": { "type": "LineString", "coordinates": [ [ -79.048237390369621, 42.690418268708676, 0.0 ], [ -79.048184977581514, 42.690592227238568, 0.0 ], [ -79.048168870057168, 42.690645688059952, 0.0 ], [ -79.048130665510669, 42.690765868126363, 0.0 ], [ -79.048075510616627, 42.690939368071582, 0.0 ], [ -79.048072363415102, 42.690949268145772, 0.0 ], [ -79.047980338764262, 42.691103057077456, 0.0 ], [ -79.047941874641992, 42.691167336956127, 0.0 ], [ -79.047880109733683, 42.691265277574772, 0.0 ], [ -79.047778166027641, 42.691426928967253, 0.0 ], [ -79.04775686379179, 42.69146070764868, 0.0 ], [ -79.047661800203414, 42.691583110451312, 0.0 ], [ -79.047541624199923, 42.691737846913568, 0.0 ], [ -79.047509542890751, 42.691779154077949, 0.0 ], [ -79.047509132515927, 42.691779498406802, 0.0 ], [ -79.047478461371398, 42.69180523330413, 0.0 ] ] } },
{ "type": "Feature", "properties": { "CalShoreTy": 3, "CalLandcov": 1, "CalSlope": 2, "CalSedi": 1, "CalRetreat": 2 }, "geometry": { "type": "LineString", "coordinates": [ [ -79.047478461371398, 42.69180523330413, 0.0 ], [ -79.047392452638036, 42.691877399136267, 0.0 ], [ -79.047232721243986, 42.692011421500652, 0.0 ], [ -79.047163360874791, 42.692069617995209, 0.0 ] ] } },
{ "type": "Feature", "properties": { "CalShoreTy": 1, "CalLandcov": 1, "CalSlope": 1, "CalSedi": 2, "CalRetreat": 2 }, "geometry": { "type": "LineString", "coordinates": [ [ -79.053439593613462, 42.676129153693239, 0.0 ], [ -79.053363088902429, 42.676236365990192, 0.0 ], [ -79.053323485558366, 42.676285487963142, 0.0 ], [ -79.05330447471205, 42.676309067950406, 0.0 ], [ -79.053222547827176, 42.676410686144756, 0.0 ], [ -79.053199914070035, 42.676438759553832, 0.0 ], [ -79.053144830933576, 42.676507080889614, 0.0 ], [ -79.053091473002482, 42.676597706714574, 0.0 ], [ -79.052995201274911, 42.676761218783916, 0.0 ], [ -79.052947145717383, 42.676842838069902, 0.0 ], [ -79.05290988136305, 42.676927764161, 0.0 ], [ -79.052835476774192, 42.677097332742015, 0.0 ], [ -79.052804117567845, 42.677168800301189, 0.0 ], [ -79.052765643337125, 42.677267922597025, 0.0 ], [ -79.052699139952765, 42.677439256455216, 0.0 ], [ -79.052632636202972, 42.677610590275101, 0.0 ], [ -79.052582571236812, 42.677739572155446, 0.0 ], [ -79.052572703067383, 42.677783013088487, 0.0 ], [ -79.05253278144454, 42.677958752503017, 0.0 ], [ -79.052507284794643, 42.678070991059286, 0.0 ], [ -79.052491195196495, 42.678134275392992, 0.0 ], [ -79.052446666858202, 42.678309415581268, 0.0 ], [ -79.052402138270992, 42.67848455575259, 0.0 ], [ -79.052357609433557, 42.678659695906717, 0.0 ], [ -79.052332486789666, 42.678758507467229, 0.0 ], [ -79.052332248456764, 42.678759353278615, 0.0 ], [ -79.052311061286048, 42.678834543604914, 0.0 ], [ -79.052284589362969, 42.678928488605152, 0.0 ], [ -79.052261898854766, 42.679009012669681, 0.0 ], [ -79.052212736078872, 42.679183481702879, 0.0 ], [ -79.052200547379854, 42.679226736887095, 0.0 ], [ -79.052200135327126, 42.679228199173487, 0.0 ], [ -79.052172867419998, 42.679359180459677, 0.0 ], [ -79.052139777504095, 42.679518126994203, 0.0 ], [ -79.052136508092403, 42.679535335979949, 0.0 ], [ -79.052102983514942, 42.679711796504257, 0.0 ], [ -79.052088664467107, 42.679787166174343, 0.0 ], [ -79.052066854447901, 42.679887971081904, 0.0 ], [ -79.052028783500376, 42.680063932463646, 0.0 ], [ -79.052026158953652, 42.680076062904178, 0.0 ], [ -79.052022545060723, 42.680241932019364, 0.0 ], [ -79.052019225286912, 42.680394301034731, 0.0 ], [ -79.052023521973439, 42.68041989158867, 0.0 ], [ -79.052053212277968, 42.68059672294077, 0.0 ], [ -79.052082902752147, 42.680773554285125, 0.0 ], [ -79.052112593396842, 42.680950385621692, 0.0 ], [ -79.052140499742009, 42.681116589095609, 0.0 ], [ -79.052140406836429, 42.681127297388414, 0.0 ], [ -79.052138861019159, 42.681305467082751, 0.0 ], [ -79.052137427983226, 42.681470636933923, 0.0 ], [ -79.052135896577624, 42.681483588203889, 0.0 ], [ -79.052116522357935, 42.681647437650838, 0.0 ], [ -79.052114907975465, 42.681661092188875, 0.0 ], [ -79.052093919502866, 42.681838596186218, 0.0 ], [ -79.052083512719463, 42.681926607887604, 0.0 ], [ -79.052064615256015, 42.682015356936915, 0.0 ], [ -79.052027132815752, 42.682191386735987, 0.0 ], [ -79.051989650164728, 42.682367416523093, 0.0 ], [ -79.051957858642353, 42.68251671826939, 0.0 ], [ -79.051951340925768, 42.682543344107174, 0.0 ], [ -79.051908415353196, 42.68271870084272, 0.0 ], [ -79.051886949815113, 42.682806390074781, 0.0 ], [ -79.051880807997563, 42.682831480933132, 0.0 ], [ -79.051864152827889, 42.682893872745048, 0.0 ], [ -79.051821101786913, 42.683055145347083, 0.0 ], [ -79.05181478586411, 42.683068167245104, 0.0 ], [ -79.051733386654661, 42.683235992098425, 0.0 ], [ -79.051714007837177, 42.683275946240116, 0.0 ], [ -79.051660019565418, 42.683368975825758, 0.0 ], [ -79.051641722884725, 42.683400869818243, 0.0 ], [ -79.051620041935251, 42.683438663074554, 0.0 ], [ -79.051538785809711, 42.683468696366106, 0.0 ], [ -79.051457560883819, 42.683505801584545, 0.0 ], [ -79.051267596201512, 42.683592580962532, 0.0 ], [ -79.051252720390892, 42.683599376519787, 0.0 ], [ -79.051252111602523, 42.683600141667036, 0.0 ], [ -79.051250347502659, 42.683602358846905, 0.0 ], [ -79.051249967214162, 42.683602836906701, 0.0 ], [ -79.05117506759558, 42.683696992877493, 0.0 ] ] } },
{ "type": "Feature", "properties": { "CalShoreTy": 3, "CalLandcov": 1, "CalSlope": 1, "CalSedi": 2, "CalRetreat": 2 }, "geometry": { "type": "LineString", "coordinates": [ [ -79.048405620128818, 42.689882043822934, 0.0 ], [ -79.048396304294499, 42.68989852107417, 0.0 ], [ -79.048346988019517, 42.689985748384913, 0.0 ], [ -79.048345748678813, 42.689987940444027, 0.0 ], [ -79.048326318066088, 42.690068016740774, 0.0 ], [ -79.048283755591186, 42.690243421974984, 0.0 ], [ -79.048257624206585, 42.690351112151227, 0.0 ], [ -79.048237390369636, 42.690418268708676, 0.0 ] ] } },
{ "type": "Feature", "properties": { "CalShoreTy": 2, "CalLandcov": 1, "CalSlope": 1, "CalSedi": 2, "CalRetreat": 2 }, "geometry": { "type": "LineString", "coordinates": [ [ -79.049859241671385, 42.687208949496494, 0.0 ], [ -79.049820893146958, 42.687267912458154, 0.0 ], [ -79.049810857649405, 42.687283342564818, 0.0 ], [ -79.049739222585217, 42.68739348121742, 0.0 ], [ -79.049713796667277, 42.687427701944053, 0.0 ], [ -79.049597612438248, 42.687584073668148, 0.0 ], [ -79.049508165223287, 42.687704459573212, 0.0 ], [ -79.049475658523633, 42.687737780723857, 0.0 ], [ -79.049382600551212, 42.687833169998932, 0.0 ], [ -79.049356459018696, 42.687890846440382, 0.0 ], [ -79.049279842832945, 42.688059885187336, 0.0 ], [ -79.049237115930254, 42.688154153384957, 0.0 ], [ -79.049193469349063, 42.688226138661605, 0.0 ], [ -79.04909479422129, 42.688388880545112, 0.0 ], [ -79.049060928052484, 42.688444734769035, 0.0 ], [ -79.049027564768295, 42.688499760569272, 0.0 ], [ -79.048997984121925, 42.688548544840259, 0.0 ], [ -79.04899614908129, 42.688551632237335, 0.0 ], [ -79.048899105953907, 42.688714903647579, 0.0 ], [ -79.048802062317691, 42.688878174976274, 0.0 ], [ -79.048762225716288, 42.688945197900964, 0.0 ], [ -79.048712161127156, 42.689043573366199, 0.0 ], [ -79.048627653668461, 42.689209627313467, 0.0 ], [ -79.048627612828128, 42.689209781570341, 0.0 ], [ -79.048627424585248, 42.689210492577097, 0.0 ], [ -79.048623862748215, 42.689223945896273, 0.0 ], [ -79.048591705186837, 42.689345403359624, 0.0 ], [ -79.048591361799694, 42.689346700312868, 0.0 ], [ -79.048577227257439, 42.689384716403168, 0.0 ], [ -79.048532047552087, 42.689506230851769, 0.0 ], [ -79.048531129768392, 42.689511777428656, 0.0 ], [ -79.048523447001529, 42.689558049383322, 0.0 ], [ -79.048496275596591, 42.689721697416793, 0.0 ], [ -79.048494388630161, 42.689725034988371, 0.0 ], [ -79.048489326091811, 42.689733989350387, 0.0 ], [ -79.048405620128833, 42.689882043822934, 0.0 ] ] } },
{ "type": "Feature", "properties": { "CalShoreTy": 2, "CalLandcov": 1, "CalSlope": 1, "CalSedi": 2, "CalRetreat": 2 }, "geometry": { "type": "LineString", "coordinates": [ [ -79.05117506759558, 42.683696992877493, 0.0 ], [ -79.051129760352424, 42.683753947662424, 0.0 ], [ -79.051106816489451, 42.683782789864672, 0.0 ], [ -79.05110646909614, 42.683783226564557, 0.0 ], [ -79.051028540116121, 42.683915620028138, 0.0 ], [ -79.05093228792974, 42.684079141921686, 0.0 ], [ -79.050902671527155, 42.684129456717585, 0.0 ], [ -79.050848084838265, 42.684222193058766, 0.0 ], [ -79.050836035344673, 42.684242663769119, 0.0 ], [ -79.050739782590185, 42.684406185643098, 0.0 ], [ -79.050643529330088, 42.684569707436786, 0.0 ], [ -79.050637224974025, 42.684580417685162, 0.0 ], [ -79.05054435100989, 42.684732280855108, 0.0 ], [ -79.05044496719556, 42.684894787724112, 0.0 ], [ -79.050428237837934, 42.684922142543108, 0.0 ], [ -79.050377762175671, 42.685065603293239, 0.0 ], [ -79.050376463712325, 42.685069293744718, 0.0 ], [ -79.050373707941617, 42.68524364340832, 0.0 ], [ -79.05037141527319, 42.685388693246551, 0.0 ], [ -79.050377328944506, 42.68542152036143, 0.0 ], [ -79.050409148472184, 42.685598151714707, 0.0 ], [ -79.050440968182428, 42.685774783058903, 0.0 ], [ -79.050459016231997, 42.685874967401041, 0.0 ], [ -79.050465225629878, 42.685909431639928, 0.0 ], [ -79.050465224154706, 42.685930895460437, 0.0 ], [ -79.050465223622581, 42.685951780834102, 0.0 ], [ -79.05046522169286, 42.686027470026161, 0.0 ], [ -79.050444440584727, 42.686128809293685, 0.0 ], [ -79.050440206422408, 42.686149457182168, 0.0 ], [ -79.050400508182264, 42.686298064340967, 0.0 ], [ -79.050400348530715, 42.686298661967193, 0.0 ], [ -79.050398975468056, 42.686303801773946, 0.0 ], [ -79.050377657559849, 42.686383601320976, 0.0 ] ] } },
{ "type": "Feature", "properties": { "CalShoreTy": 3, "CalLandcov": 1, "CalSlope": 1, "CalSedi": 2, "CalRetreat": 2 }, "geometry": { "type": "LineString", "coordinates": [ [ -79.050377657559793, 42.686383601320969, 0.0 ], [ -79.050352269355145, 42.686478636006861, 0.0 ], [ -79.050331545727119, 42.686556209744253, 0.0 ], [ -79.050331222999773, 42.686557417792116, 0.0 ], [ -79.050274613791728, 42.686640695926933, 0.0 ], [ -79.050271700346997, 42.686644981908543, 0.0 ], [ -79.050242176461978, 42.686688414576913, 0.0 ], [ -79.050220497543734, 42.686756797116786, 0.0 ], [ -79.050219082742117, 42.686761260743801, 0.0 ], [ -79.050210650549474, 42.686787859235409, 0.0 ], [ -79.05021060465161, 42.686788004015462, 0.0 ], [ -79.050192846738653, 42.686812052465925, 0.0 ], [ -79.050127513278056, 42.686900529368529, 0.0 ], [ -79.050061552939468, 42.686960993115669, 0.0 ], [ -79.049959911625763, 42.68705416417253, 0.0 ], [ -79.049925441027582, 42.687107164618894, 0.0 ], [ -79.049859241671157, 42.687208949496409, 0.0 ] ] } },
{ "type": "Feature", "properties": { "CalShoreTy": 2, "CalLandcov": 2, "CalSlope": 2, "CalSedi": 3, "CalRetreat": 2 }, "geometry": { "type": "LineString", "coordinates": [ [ -79.038018682969579, 42.693883545591376, 0.0 ], [ -79.038005260577407, 42.693890907514778, 0.0 ], [ -79.037835406017052, 42.693984069180182, 0.0 ], [ -79.037811943584614, 42.693998370601427, 0.0 ], [ -79.037625346118318, 42.69411210984449, 0.0 ], [ -79.037438747968622, 42.694225848784818, 0.0 ], [ -79.037293813021705, 42.694314191860407, 0.0 ], [ -79.037252148900251, 42.69433958744397, 0.0 ], [ -79.03716748679085, 42.694391192177299, 0.0 ], [ -79.037058763766424, 42.694446765239604, 0.0 ], [ -79.036859741480882, 42.69454849365318, 0.0 ], [ -79.036660718543402, 42.694650221722156, 0.0 ], [ -79.036461694953843, 42.694751949446676, 0.0 ], [ -79.036262670712219, 42.694853676826575, 0.0 ], [ -79.036063645818544, 42.694955403861819, 0.0 ], [ -79.035935899621194, 42.69502069805894, 0.0 ], [ -79.035866133919043, 42.695058680320173, 0.0 ], [ -79.035671334106183, 42.695164733927896, 0.0 ] ] } },
{ "type": "Feature", "properties": { "CalShoreTy": 1, "CalLandcov": 1, "CalSlope": 2, "CalSedi": 3, "CalRetreat": 2 }, "geometry": { "type": "LineString", "coordinates": [ [ -79.043588743377612, 42.6915874478047, 0.0 ], [ -79.043533532089256, 42.691594063735202, 0.0 ], [ -79.043533295283282, 42.691594091848188, 0.0 ], [ -79.043512670150591, 42.691596563180987, 0.0 ], [ -79.043417270344591, 42.691597692713898, 0.0 ], [ -79.043347634059074, 42.6916023045356, 0.0 ], [ -79.043340096781662, 42.691602803705564, 0.0 ], [ -79.043310319231622, 42.691601063367337, 0.0 ], [ -79.043277008417022, 42.691599115747024, 0.0 ], [ -79.043272894552047, 42.691598875251479, 0.0 ], [ -79.043196226899184, 42.691594393251592, 0.0 ], [ -79.043188182909802, 42.691593922967229, 0.0 ], [ -79.043187740479141, 42.691593897100915, 0.0 ], [ -79.043106560633277, 42.691602414828559, 0.0 ], [ -79.04298427145406, 42.69161524580403, 0.0 ], [ -79.042874732262916, 42.691649195517265, 0.0 ], [ -79.042750018000334, 42.691687848298386, 0.0 ], [ -79.042648321214216, 42.69171244267055, 0.0 ], [ -79.042418056429327, 42.69176812954808, 0.0 ], [ -79.04230935084064, 42.69179441854255, 0.0 ], [ -79.042196180439234, 42.691838328153146, 0.0 ], [ -79.041981806032041, 42.691921503989136, 0.0 ], [ -79.041898598696477, 42.69195378771002, 0.0 ], [ -79.041762185813226, 42.69199658639328, 0.0 ], [ -79.041667563633482, 42.692026273375248, 0.0 ], [ -79.041666848539109, 42.692026697621337, 0.0 ], [ -79.041627724952932, 42.692049908567441, 0.0 ] ] } },
{ "type": "Feature", "properties": { "CalShoreTy": 2, "CalLandcov": 1, "CalSlope": 2, "CalSedi": 3, "CalRetreat": 2 }, "geometry": { "type": "LineString", "coordinates": [ [ -79.038514353047475, 42.693626941817243, 0.0 ], [ -79.038399350839995, 42.69368352839556, 0.0 ], [ -79.038243924270731, 42.693760005342995, 0.0 ], [ -79.038199543815296, 42.693784347189876, 0.0 ], [ -79.038018682969437, 42.693883545591227, 0.0 ] ] } },
{ "type": "Feature", "properties": { "CalShoreTy": 2, "CalLandcov": 1, "CalSlope": 2, "CalSedi": 3, "CalRetreat": 2 }, "geometry": { "type": "LineString", "coordinates": [ [ -79.03882852442689, 42.693474186642469, 0.0 ], [ -79.038796013632023, 42.693486200983124, 0.0 ], [ -79.038608400784682, 42.693555532904313, 0.0 ], [ -79.038605343039279, 42.693556662883694, 0.0 ], [ -79.038586875095362, 42.693573097431866, 0.0 ], [ -79.038541228449276, 42.693613718143027, 0.0 ], [ -79.038514353047447, 42.693626941817207, 0.0 ] ] } },
{ "type": "Feature", "properties": { "CalShoreTy": 2, "CalLandcov": 1, "CalSlope": 2, "CalSedi": 3, "CalRetreat": 2 }, "geometry": { "type": "LineString", "coordinates": [ [ -79.039392333814249, 42.693216924595525, 0.0 ], [ -79.039302518874521, 42.693224639866877, 0.0 ], [ -79.039300737139257, 42.693224792920546, 0.0 ], [ -79.039212678800041, 42.693261254296011, 0.0 ], [ -79.039185426968928, 42.69327876172332, 0.0 ], [ -79.039131407449105, 42.693313465498747, 0.0 ], [ -79.039004171538792, 42.693397070304549, 0.0 ], [ -79.038961721797619, 42.693424963309312, 0.0 ], [ -79.0389598659809, 42.693425649131399, 0.0 ], [ -79.03882852442689, 42.693474186642469, 0.0 ] ] } },
{ "type": "Feature", "properties": { "CalShoreTy": 2, "CalLandcov": 2, "CalSlope": 2, "CalSedi": 3, "CalRetreat": 2 }, "geometry": { "type": "LineString", "coordinates": [ [ -79.041627724952932, 42.692049908567441, 0.0 ], [ -79.041558991024104, 42.692090686251284, 0.0 ], [ -79.041370360730113, 42.692202594166844, 0.0 ], [ -79.041181729780149, 42.692314501794634, 0.0 ], [ -79.0409930981602, 42.692426409122007, 0.0 ], [ -79.040824299017316, 42.692526550063008, 0.0 ], [ -79.040809322605185, 42.692535434865675, 0.0 ], [ -79.040804300939499, 42.692538159131075, 0.0 ], [ -79.040609262419366, 42.692643967596887, 0.0 ], [ -79.040414223248362, 42.692749775745519, 0.0 ], [ -79.040294198576007, 42.692814888338191, 0.0 ], [ -79.040219183513784, 42.692855583664439, 0.0 ], [ -79.040024143143128, 42.69296139128118, 0.0 ], [ -79.039829102064644, 42.693067198523636, 0.0 ], [ -79.039697922016288, 42.693138361583671, 0.0 ], [ -79.039634060403714, 42.693173005516847, 0.0 ], [ -79.039583348613633, 42.693200515821111, 0.0 ], [ -79.039569752180512, 42.693201683587866, 0.0 ], [ -79.039566290460371, 42.693201980967352, 0.0 ], [ -79.039405175915178, 42.693215821412771, 0.0 ], [ -79.039392333814732, 42.693216924598595, 0.0 ] ] } },
{ "type": "Feature", "properties": { "CalShoreTy": 3, "CalLandcov": 1, "CalSlope": 1, "CalSedi": 2, "CalRetreat": 1 }, "geometry": { "type": "LineString", "coordinates": [ [ -79.070551558177854, 42.640571332985452, 0.0 ], [ -79.070487552312343, 42.6406115010127, 0.0 ], [ -79.070438164028886, 42.640642495389123, 0.0 ], [ -79.070253898235308, 42.640758133757544, 0.0 ], [ -79.070069631756894, 42.640873771830734, 0.0 ], [ -79.07002165844915, 42.640903877788233, 0.0 ], [ -79.06987400232363, 42.640978509176875, 0.0 ], [ -79.069674372889168, 42.641079409394642, 0.0 ], [ -79.069671814589327, 42.641080702450239, 0.0 ], [ -79.069458097418263, 42.641159578595826, 0.0 ], [ -79.069241605307127, 42.641239478272865, 0.0 ], [ -79.069228472458491, 42.641244325128021, 0.0 ], [ -79.069030634648655, 42.641326979080233, 0.0 ], [ -79.069003502310153, 42.641338314558418, 0.0 ], [ -79.068954475089271, 42.641368166123243, 0.0 ], [ -79.068836320234169, 42.641432950573787, 0.0 ], [ -79.068642119211248, 42.641539430672736, 0.0 ], [ -79.068447917523486, 42.641645910443643, 0.0 ], [ -79.068368469988556, 42.641689470911423, 0.0 ], [ -79.068367844533043, 42.641689819424649, 0.0 ], [ -79.068254381767261, 42.641753042464146, 0.0 ], [ -79.068253698871729, 42.641753423089888, 0.0 ] ] } },
{ "type": "Feature", "properties": { "CalShoreTy": 3, "CalLandcov": 1, "CalSlope": 2, "CalSedi": 2, "CalRetreat": 1 }, "geometry": { "type": "LineString", "coordinates": [ [ -79.075188521526471, 42.640222997695965, 0.0 ], [ -79.075126414452384, 42.640198886326601, 0.0 ], [ -79.075118719242113, 42.64019589886788, 0.0 ], [ -79.074888821165501, 42.640165817588851, 0.0 ], [ -79.074795276606736, 42.64015357750197, 0.0 ], [ -79.074662319502224, 42.640107118596696, 0.0 ], [ -79.07453697832922, 42.640063320703341, 0.0 ], [ -79.074482041727407, 42.640011888569774, 0.0 ], [ -79.074473067046142, 42.640003485963952, 0.0 ], [ -79.07440089975799, 42.639935918746204, 0.0 ], [ -79.074299370309532, 42.639881780930033, 0.0 ], [ -79.07419095293163, 42.639823970108104, 0.0 ], [ -79.074100695291563, 42.639779937213433, 0.0 ], [ -79.074062393933829, 42.639761251555754, 0.0 ], [ -79.073886107739455, 42.639697816314417, 0.0 ], [ -79.073702460881705, 42.639631732151393, 0.0 ], [ -79.073664996589926, 42.639628236912436, 0.0 ], [ -79.073424715862814, 42.639605819567137, 0.0 ], [ -79.073221993160601, 42.639586905848283, 0.0 ], [ -79.073184142577333, 42.639586328463643, 0.0 ], [ -79.073034661870324, 42.63958404811244, 0.0 ], [ -79.072944338840529, 42.639599366983482, 0.0 ], [ -79.072785744677816, 42.639626264510873, 0.0 ], [ -79.072708694264549, 42.639640522887554, 0.0 ], [ -79.072594458704245, 42.639661662362059, 0.0 ], [ -79.072478519885834, 42.639694857912275, 0.0 ], [ -79.072385411552816, 42.639721516536412, 0.0 ], [ -79.072260441766844, 42.63977157188517, 0.0 ], [ -79.07208512581272, 42.639841792501585, 0.0 ], [ -79.07204970798216, 42.63985918905211, 0.0 ], [ -79.071888457379814, 42.639938391950587, 0.0 ], [ -79.071848275926953, 42.639958127671285, 0.0 ], [ -79.071792292966705, 42.639985624492006, 0.0 ], [ -79.071636997787564, 42.640044798569342, 0.0 ], [ -79.071430238659531, 42.640123582100784, 0.0 ], [ -79.071422105016794, 42.640126984896327, 0.0 ], [ -79.071211564200624, 42.640215066523673, 0.0 ], [ -79.071176615557249, 42.640229687537797, 0.0 ], [ -79.071010588117815, 42.64031433203909, 0.0 ], [ -79.070945537536645, 42.640347496150696, 0.0 ], [ -79.070811521127112, 42.640415829529665, 0.0 ], [ -79.070746590405591, 42.640448936823617, 0.0 ], [ -79.070622429099828, 42.64052685669273, 0.0 ], [ -79.070551558177527, 42.640571332985182, 0.0 ] ] } },
{ "type": "Feature", "properties": { "CalShoreTy": 3, "CalLandcov": 2, "CalSlope": 2, "CalSedi": 2, "CalRetreat": 1 }, "geometry": { "type": "LineString", "coordinates": [ [ -79.076274961265412, 42.640375340155771, 0.0 ], [ -79.076057066725326, 42.640384009192445, 0.0 ], [ -79.076033071327871, 42.64038398495736, 0.0 ], [ -79.075790863131772, 42.640383740041784, 0.0 ], [ -79.075631083656091, 42.640383578195525, 0.0 ], [ -79.075602078424666, 42.64038354799046, 0.0 ], [ -79.075554830555717, 42.640365205927658, 0.0 ], [ -79.075524606908516, 42.640353472809402, 0.0 ], [ -79.075340622155522, 42.640282046413375, 0.0 ], [ -79.075188521526485, 42.640222997695943, 0.0 ] ] } },
{ "type": "Feature", "properties": { "CalShoreTy": 1, "CalLandcov": 1, "CalSlope": 1, "CalSedi": 2, "CalRetreat": 1 }, "geometry": { "type": "LineString", "coordinates": [ [ -79.068253698801669, 42.641753423021385, 0.0 ], [ -79.068061306345086, 42.641860625466258, 0.0 ], [ -79.067941253471872, 42.641927519430759, 0.0 ], [ -79.067939544004787, 42.641928471951047, 0.0 ], [ -79.067854814944198, 42.641949596006576, 0.0 ], [ -79.067625417474048, 42.642006787400533, 0.0 ], [ -79.067448957288477, 42.642050780500895, 0.0 ], [ -79.067396019715986, 42.642063978629473, 0.0 ], [ -79.067393427113544, 42.642064624993957, 0.0 ], [ -79.06720163097593, 42.6421701105944, 0.0 ], [ -79.067007641761947, 42.642276801671436, 0.0 ], [ -79.066813651882541, 42.642383492421118, 0.0 ], [ -79.066698786225459, 42.642446666023311, 0.0 ], [ -79.066627923084468, 42.642497304205122, 0.0 ], [ -79.066454187206645, 42.642621453811451, 0.0 ], [ -79.066280450635773, 42.642745603155426, 0.0 ], [ -79.066106713371511, 42.642869752236898, 0.0 ], [ -79.066088339003016, 42.642882882138018, 0.0 ], [ -79.065892438547451, 42.642950856380573, 0.0 ], [ -79.06583590854693, 42.642970471272122, 0.0 ], [ -79.065743842754841, 42.643084003383557, 0.0 ], [ -79.065725648453409, 42.64310643986051, 0.0 ], [ -79.065567214087181, 42.643204095385734, 0.0 ], [ -79.065477226002571, 42.643259561864653, 0.0 ], [ -79.065397265708683, 42.643330060373287, 0.0 ], [ -79.065242092681913, 42.643466870998353, 0.0 ], [ -79.065086918973165, 42.643603681414355, 0.0 ], [ -79.064931744582069, 42.643740491621003, 0.0 ], [ -79.064894412836409, 42.643773405202005, 0.0 ], [ -79.064793754675705, 42.643886658018872, 0.0 ], [ -79.064773362903807, 42.643909601052286, 0.0 ], [ -79.064661208776968, 42.644035788544265, 0.0 ], [ -79.064653910329511, 42.644044000172798, 0.0 ], [ -79.064538186312063, 42.644189258119525, 0.0 ], [ -79.064415718230919, 42.644342980419211, 0.0 ], [ -79.064293249545145, 42.644496702588668, 0.0 ], [ -79.064170780254301, 42.644650424627777, 0.0 ], [ -79.064129362724302, 42.644702411230348, 0.0 ], [ -79.064076597372363, 42.64481375821579, 0.0 ], [ -79.063996868651799, 42.644982003289165, 0.0 ], [ -79.063917139501058, 42.645150248307658, 0.0 ], [ -79.063850976840683, 42.645289864488362, 0.0 ], [ -79.063826983459364, 42.645314516470847, 0.0 ], [ -79.06368597934312, 42.645459390548005, 0.0 ], [ -79.063544974570675, 42.64560426445253, 0.0 ], [ -79.063524349014187, 42.645625455897154, 0.0 ], [ -79.0635832874665, 42.645771258172253, 0.0 ], [ -79.063597449526327, 42.645806292248643, 0.0 ], [ -79.063579591596564, 42.645947305128757, 0.0 ], [ -79.063557124802642, 42.646124710423528, 0.0 ], [ -79.063534657881732, 42.646302115713901, 0.0 ], [ -79.06352501936685, 42.646378223894772, 0.0 ], [ -79.063525653467508, 42.646397719929013, 0.0 ], [ -79.063528327425161, 42.646479930438836, 0.0 ], [ -79.063531443174142, 42.646575723532308, 0.0 ], [ -79.063535403828865, 42.646658024802065, 0.0 ], [ -79.06354397288608, 42.646836086601667, 0.0 ], [ -79.063549640351667, 42.646953853829991, 0.0 ], [ -79.063541851625033, 42.64701391354771, 0.0 ], [ -79.063518849886762, 42.647191281776671, 0.0 ], [ -79.063495848019443, 42.647368650001283, 0.0 ], [ -79.06347284602181, 42.647546018221298, 0.0 ], [ -79.063470185378975, 42.647566534348087, 0.0 ], [ -79.063436723551419, 42.64772216425812, 0.0 ], [ -79.063398884744203, 42.647898150423295, 0.0 ], [ -79.063361045723767, 42.648074136576163, 0.0 ], [ -79.06335635211164, 42.648095966105338, 0.0 ], [ -79.063341099360017, 42.6482516348564, 0.0 ], [ -79.06332368663314, 42.64842934726186, 0.0 ], [ -79.063313721541462, 42.64853104945076, 0.0 ], [ -79.063300535305245, 42.648606637112003, 0.0 ], [ -79.063269705669896, 42.648783361577216, 0.0 ], [ -79.063247876216323, 42.648908493764786, 0.0 ], [ -79.063251615817933, 42.648958214645795, 0.0 ], [ -79.06325178234097, 42.648960429604841, 0.0 ], [ -79.063264128319489, 42.649124646013369, 0.0 ] ] } },
{ "type": "Feature", "properties": { "CalShoreTy": 1, "CalLandcov": 1, "CalSlope": 2, "CalSedi": 2, "CalRetreat": 1 }, "geometry": { "type": "LineString", "coordinates": [ [ -79.06326412832216, 42.649124646013256, 0.0 ], [ -79.063265157165645, 42.649138331140982, 0.0 ], [ -79.063272170461431, 42.649231617864842, 0.0 ], [ -79.063263660285912, 42.649316130468399, 0.0 ], [ -79.063245767679774, 42.649493817100478, 0.0 ], [ -79.063229076468673, 42.649659572094528, 0.0 ], [ -79.063226544732771, 42.649671390613385, 0.0 ], [ -79.063188841850035, 42.649847392697367, 0.0 ], [ -79.063151138756496, 42.65002339476937, 0.0 ], [ -79.063113435450504, 42.65019939682908, 0.0 ], [ -79.063097945639427, 42.650271704216841, 0.0 ], [ -79.063090613970118, 42.650376539524316, 0.0 ], [ -79.063078169794707, 42.650554477601865, 0.0 ], [ -79.063076233187275, 42.650582168870834, 0.0 ], [ -79.063058122229947, 42.650732023442409, 0.0 ], [ -79.06304269131536, 42.650859702104242, 0.0 ], [ -79.063038171637274, 42.650909582683205, 0.0 ], [ -79.063022063030104, 42.651087361650468, 0.0 ], [ -79.063020169717447, 42.651108256693291, 0.0 ], [ -79.062995854842057, 42.651264468288545, 0.0 ], [ -79.062974680001076, 42.65140050600526, 0.0 ], [ -79.062972855491481, 42.65144173120818, 0.0 ], [ -79.062964974196206, 42.651619810209688, 0.0 ], [ -79.062957092857673, 42.651797889210677, 0.0 ], [ -79.062956411443636, 42.651813285718752, 0.0 ], [ -79.062950755078717, 42.651852483212025, 0.0 ], [ -79.062933054846781, 42.651975145342782, 0.0 ] ] } },
{ "type": "Feature", "properties": { "CalShoreTy": 3, "CalLandcov": 2, "CalSlope": 2, "CalSedi": 2, "CalRetreat": 2 }, "geometry": { "type": "LineString", "coordinates": [ [ -79.079516583511364, 42.639468059584203, 0.0 ], [ -79.079459596294669, 42.639522832580042, 0.0 ], [ -79.079404816619245, 42.6395754836905, 0.0 ], [ -79.079401055934795, 42.639579098242429, 0.0 ], [ -79.079313974015818, 42.639662796973639, 0.0 ], [ -79.079312083316154, 42.639664119137585, 0.0 ], [ -79.07926765455629, 42.639695188066185, 0.0 ], [ -79.079136539607376, 42.639786878802262, 0.0 ], [ -79.078960995812523, 42.639909638668144, 0.0 ], [ -79.078871199162521, 42.639972434242736, 0.0 ], [ -79.078777643475107, 42.640025708032482, 0.0 ], [ -79.07858611392686, 42.640134770946801, 0.0 ], [ -79.078462146478671, 42.640205361513637, 0.0 ], [ -79.078383838971021, 42.640230500093978, 0.0 ], [ -79.078372254805558, 42.640234218880593, 0.0 ], [ -79.078161849439752, 42.640301765606644, 0.0 ], [ -79.078019707610778, 42.64034739729253, 0.0 ], [ -79.077933073477809, 42.640354159526865, 0.0 ], [ -79.077794988738404, 42.640364937602378, 0.0 ], [ -79.077735197476201, 42.640381749618555, 0.0 ], [ -79.077698451978193, 42.640392081498064, 0.0 ], [ -79.077639737487758, 42.640408590453916, 0.0 ], [ -79.077461813838767, 42.640391977696808, 0.0 ], [ -79.077344308877443, 42.640381006084056, 0.0 ], [ -79.077316802357743, 42.640371138275547, 0.0 ], [ -79.077233070692586, 42.640341100721024, 0.0 ], [ -79.077219804947219, 42.640336341797614, 0.0 ], [ -79.077000205266899, 42.640379918353602, 0.0 ], [ -79.076976702810242, 42.640384582065636, 0.0 ], [ -79.07675896934532, 42.640378995212878, 0.0 ], [ -79.076516908185496, 42.640372783645638, 0.0 ], [ -79.076408888817113, 42.640370011578732, 0.0 ], [ -79.076274961265412, 42.640375340155771, 0.0 ] ] } },
{ "type": "Feature", "properties": { "CalShoreTy": 2, "CalLandcov": 3, "CalSlope": 2, "CalSedi": 2, "CalRetreat": 2 }, "geometry": { "type": "LineString", "coordinates": [ [ -79.099983914542875, 42.620988703805068, 0.0 ], [ -79.099905671362038, 42.621046621924357, 0.0 ], [ -79.099904228418708, 42.621047690035894, 0.0 ], [ -79.099861898025239, 42.621079024124768, 0.0 ], [ -79.0998297239707, 42.621102840186843, 0.0 ], [ -79.099668156814928, 42.621185133842516, 0.0 ], [ -79.099548006959523, 42.621246331454032, 0.0 ], [ -79.099492635719074, 42.621274534061278, 0.0 ], [ -79.099486820676674, 42.621276512458117, 0.0 ], [ -79.099466615518153, 42.621283386664643, 0.0 ], [ -79.099246835461372, 42.621358159987537, 0.0 ], [ -79.099027054867207, 42.621432932875074, 0.0 ], [ -79.09880727375004, 42.621507705350375, 0.0 ], [ -79.09863821087059, 42.621565222455402, 0.0 ], [ -79.098587492040451, 42.621582477302297, 0.0 ], [ -79.098484062088303, 42.621617664953277, 0.0 ], [ -79.098482992780845, 42.621618028738283, 0.0 ], [ -79.098403461660155, 42.621660308812125, 0.0 ], [ -79.098380041137801, 42.621672758624413, 0.0 ], [ -79.098367670242553, 42.621679334703103, 0.0 ], [ -79.098314910469085, 42.621699114754755, 0.0 ], [ -79.098165519917799, 42.621755120198543, 0.0 ], [ -79.097962241196569, 42.621831327454252, 0.0 ], [ -79.097956549290359, 42.621840736046224, 0.0 ], [ -79.097909119987847, 42.621919135475743, 0.0 ] ] } },
{ "type": "Feature", "properties": { "CalShoreTy": 2, "CalLandcov": 2, "CalSlope": 2, "CalSedi": 2, "CalRetreat": 2 }, "geometry": { "type": "LineString", "coordinates": [ [ -79.10033312412672, 42.620833384501829, 0.0 ], [ -79.100316326817506, 42.620838149514469, 0.0 ], [ -79.100314113633772, 42.620838777343863, 0.0 ], [ -79.100234416902794, 42.620861384154679, 0.0 ], [ -79.10010714071764, 42.620897487224212, 0.0 ], [ -79.100104950791419, 42.620899108292242, 0.0 ], [ -79.10003260279349, 42.620952663005461, 0.0 ], [ -79.099983914543429, 42.620988703805473, 0.0 ] ] } },
{ "type": "Feature", "properties": { "CalShoreTy": 2, "CalLandcov": 3, "CalSlope": 2, "CalSedi": 2, "CalRetreat": 2 }, "geometry": { "type": "LineString", "coordinates": [ [ -79.100909932015753, 42.620613125706058, 0.0 ], [ -79.100885305433934, 42.620628724766711, 0.0 ], [ -79.100853586511477, 42.620648816263781, 0.0 ], [ -79.100832945361134, 42.620661892178433, 0.0 ], [ -79.10067625353733, 42.620715924589121, 0.0 ], [ -79.100457001396848, 42.620791529304164, 0.0 ], [ -79.100347206882617, 42.620829389519095, 0.0 ], [ -79.100345564623112, 42.620829855393815, 0.0 ], [ -79.10033312412672, 42.620833384501829, 0.0 ] ] } },
{ "type": "Feature", "properties": { "CalShoreTy": 2, "CalLandcov": 2, "CalSlope": 3, "CalSedi": 2, "CalRetreat": 2 }, "geometry": { "type": "LineString", "coordinates": [ [ -79.103781238186485, 42.618341551479482, 0.0 ], [ -79.103763971385121, 42.618363460794242, 0.0 ], [ -79.103663090588967, 42.618491464982306, 0.0 ], [ -79.103644370292429, 42.618518340107542, 0.0 ], [ -79.103533924761805, 42.618676896750841, 0.0 ], [ -79.103423478671218, 42.618835453288995, 0.0 ], [ -79.103313032019145, 42.618994009721526, 0.0 ], [ -79.103202584805047, 42.619152566048157, 0.0 ], [ -79.103092137028597, 42.619311122268705, 0.0 ], [ -79.102997190382226, 42.619447424701249, 0.0 ], [ -79.102979192516756, 42.619468636624845, 0.0 ], [ -79.102850958507673, 42.619619770151466, 0.0 ], [ -79.102824082276399, 42.619651445720727, 0.0 ], [ -79.102722091161326, 42.619711470376153, 0.0 ], [ -79.102667666785933, 42.619731387003739, 0.0 ], [ -79.102588164207361, 42.619760480941117, 0.0 ], [ -79.102450343004506, 42.619809940681215, 0.0 ], [ -79.102273374535798, 42.619873448797136, 0.0 ], [ -79.102232714897127, 42.6198880400446, 0.0 ], [ -79.10213115525309, 42.619924485966436, 0.0 ], [ -79.102023643848966, 42.619977126442286, 0.0 ], [ -79.101868655016645, 42.620053012808683, 0.0 ], [ -79.101827658820397, 42.620081048737667, 0.0 ], [ -79.101759442342768, 42.620127699616596, 0.0 ] ] } },
{ "type": "Feature", "properties": { "CalShoreTy": 2, "CalLandcov": 2, "CalSlope": 2, "CalSedi": 2, "CalRetreat": 2 }, "geometry": { "type": "LineString", "coordinates": [ [ -79.101759442343493, 42.620127699617171, 0.0 ], [ -79.101650296116134, 42.620202341102342, 0.0 ], [ -79.101472932924381, 42.620323633355873, 0.0 ], [ -79.10133926772906, 42.620415041551986, 0.0 ], [ -79.10128525510369, 42.620433678592804, 0.0 ], [ -79.101197498191823, 42.620463959009818, 0.0 ], [ -79.101083120935826, 42.620503423990506, 0.0 ], [ -79.101068813335985, 42.620512486768007, 0.0 ], [ -79.100909932015725, 42.620613125706022, 0.0 ] ] } },
{ "type": "Feature", "properties": { "CalShoreTy": 2, "CalLandcov": 3, "CalSlope": 3, "CalSedi": 2, "CalRetreat": 2 }, "geometry": { "type": "LineString", "coordinates": [ [ -79.104026499583782, 42.618064635166419, 0.0 ], [ -79.103944602282411, 42.618162849581843, 0.0 ], [ -79.103944093399832, 42.618163459852418, 0.0 ], [ -79.103892931201273, 42.618213004125437, 0.0 ], [ -79.103849082363325, 42.618255466228888, 0.0 ], [ -79.103781238186485, 42.618341551479475, 0.0 ] ] } },
{ "type": "Feature", "properties": { "CalShoreTy": 2, "CalLandcov": 3, "CalSlope": 2, "CalSedi": 2, "CalRetreat": 2 }, "geometry": { "type": "LineString", "coordinates": [ [ -79.106273552408112, 42.616290235191158, 0.0 ], [ -79.106149331917521, 42.616443170319378, 0.0 ], [ -79.106123018924137, 42.616475565674762, 0.0 ], [ -79.10611991195276, 42.616479390833376, 0.0 ], [ -79.106121854596239, 42.616529338432549, 0.0 ], [ -79.106124081567316, 42.616586610169335, 0.0 ], [ -79.106099603030785, 42.616608968535623, 0.0 ], [ -79.105947701495381, 42.616747712875572, 0.0 ], [ -79.105947615275909, 42.616747791625748, 0.0 ], [ -79.105756347028688, 42.616856869615106, 0.0 ], [ -79.105711349445016, 42.61688253109498, 0.0 ], [ -79.105622927555913, 42.617002273732297, 0.0 ], [ -79.105604734169475, 42.617026911502251, 0.0 ], [ -79.105466676214647, 42.617137446900372, 0.0 ], [ -79.105417830125617, 42.617176555137839, 0.0 ], [ -79.105290290836749, 42.617221959424803, 0.0 ], [ -79.105264853975257, 42.617231014703911, 0.0 ], [ -79.105209731160386, 42.61725063786708, 0.0 ], [ -79.105089026303247, 42.617349777675841, 0.0 ], [ -79.10502611534838, 42.617401448825298, 0.0 ], [ -79.105007070421308, 42.617451462294035, 0.0 ], [ -79.104986223465048, 42.617506209587539, 0.0 ], [ -79.104920893876383, 42.617677774423534, 0.0 ], [ -79.104910694365202, 42.61770455970747, 0.0 ], [ -79.10472267823333, 42.617645705315269, 0.0 ], [ -79.104719144239596, 42.617644599070125, 0.0 ], [ -79.104630764902154, 42.617616932863818, 0.0 ], [ -79.104579348672374, 42.617646915069976, 0.0 ], [ -79.104529176543465, 42.6176895430049, 0.0 ], [ -79.104428784229384, 42.617774839461248, 0.0 ], [ -79.104351898817754, 42.617807504037785, 0.0 ], [ -79.104269262093112, 42.617842611948085, 0.0 ], [ -79.104184723969823, 42.61793084010845, 0.0 ], [ -79.104177750247104, 42.617938118214781, 0.0 ], [ -79.104054818857222, 42.618030673015205, 0.0 ], [ -79.10405464592003, 42.618030880411879, 0.0 ], [ -79.104026499583782, 42.618064635166419, 0.0 ] ] } },
{ "type": "Feature", "properties": { "CalShoreTy": 1, "CalLandcov": 1, "CalSlope": 2, "CalSedi": 2, "CalRetreat": 2 }, "geometry": { "type": "LineString", "coordinates": [ [ -79.097532328148361, 42.622547619929463, 0.0 ], [ -79.097477802401187, 42.622623363919082, 0.0 ], [ -79.097423777055738, 42.622698412572795, 0.0 ], [ -79.097416001998809, 42.622709213181999, 0.0 ], [ -79.097350144432014, 42.62277414773763, 0.0 ], [ -79.097205321536251, 42.62291694029247, 0.0 ], [ -79.097060497976514, 42.623059732665155, 0.0 ], [ -79.097052456143643, 42.62306766168372, 0.0 ], [ -79.096913386896915, 42.623201252547496, 0.0 ], [ -79.096766140698548, 42.623342697439512, 0.0 ], [ -79.096618893831518, 42.623484142143049, 0.0 ], [ -79.096557860273634, 42.623542770469975, 0.0 ], [ -79.096486980435472, 42.623633118509204, 0.0 ], [ -79.096468355986218, 42.623656858267637, 0.0 ], [ -79.096365922391698, 42.623787426961648, 0.0 ], [ -79.096340566796329, 42.623819746735734, 0.0 ], [ -79.096258560020232, 42.623947022072251, 0.0 ], [ -79.096154825812192, 42.624108017772947, 0.0 ], [ -79.096062461772462, 42.624251366169482, 0.0 ], [ -79.096053536194745, 42.624269758911005, 0.0 ], [ -79.095972107869059, 42.624437555924501, 0.0 ], [ -79.095911869530113, 42.62456168672189, 0.0 ], [ -79.095897396436868, 42.624606813608771, 0.0 ], [ -79.095857072654496, 42.624732542195758, 0.0 ], [ -79.095841779683155, 42.624780223617257, 0.0 ], [ -79.09583689637779, 42.624795449086591, 0.0 ], [ -79.095750414702295, 42.624945003931394, 0.0 ], [ -79.095734347976773, 42.624972788419321, 0.0 ], [ -79.095717538773613, 42.624993059158939, 0.0 ], [ -79.095629606136185, 42.62509911314087, 0.0 ], [ -79.095503493056199, 42.62525121512418, 0.0 ], [ -79.095483336545186, 42.625275525329421, 0.0 ], [ -79.095469508821594, 42.625292202364548, 0.0 ], [ -79.095461139432146, 42.625301958997539, 0.0 ], [ -79.095375078164693, 42.625402266105212, 0.0 ], [ -79.095298705334272, 42.62549128070949, 0.0 ], [ -79.09526960143296, 42.625560969503724, 0.0 ], [ -79.095229015255924, 42.625658152135827, 0.0 ], [ -79.095206149920173, 42.625732785220421, 0.0 ], [ -79.095152898994456, 42.625906596995577, 0.0 ], [ -79.095149317053227, 42.625918288464902, 0.0 ], [ -79.095111190184682, 42.626082092053956, 0.0 ], [ -79.095109058362766, 42.626091250923558, 0.0 ], [ -79.095108997641958, 42.626091538664788, 0.0 ], [ -79.095104938031241, 42.626110776177427, 0.0 ] ] } },
{ "type": "Feature", "properties": { "CalShoreTy": 3, "CalLandcov": 1, "CalSlope": 1, "CalSedi": 2, "CalRetreat": 2 }, "geometry": { "type": "LineString", "coordinates": [ [ -79.088344533815729, 42.629555200263098, 0.0 ], [ -79.088331033788521, 42.629557960982197, 0.0 ], [ -79.088308945768574, 42.629562477917887, 0.0 ], [ -79.08830231609285, 42.629565010441468, 0.0 ], [ -79.088114367355431, 42.629636806258652, 0.0 ], [ -79.087899441948608, 42.629718906487966, 0.0 ], [ -79.08775064671201, 42.629775745048022, 0.0 ], [ -79.087717654984672, 42.629788347413502, 0.0 ], [ -79.087717254682772, 42.629788500323095, 0.0 ], [ -79.087687539048559, 42.629804581474339, 0.0 ], [ -79.087492459059021, 42.629910152125611, 0.0 ], [ -79.087349614055199, 42.629987454542224, 0.0 ], [ -79.087292468977537, 42.630010002014735, 0.0 ], [ -79.087079052805606, 42.63009420826122, 0.0 ], [ -79.086865636056089, 42.63017841411137, 0.0 ], [ -79.086752102910395, 42.630223209567248, 0.0 ], [ -79.086664952732519, 42.630276523653606, 0.0 ], [ -79.086478742853757, 42.630390436943678, 0.0 ], [ -79.086292532293498, 42.630504349932195, 0.0 ], [ -79.08621859286319, 42.630549581653575, 0.0 ], [ -79.08620390348581, 42.630558568614397, 0.0 ], [ -79.086106321670371, 42.630618263166632, 0.0 ], [ -79.085920109791402, 42.630732175591412, 0.0 ], [ -79.085771930809656, 42.63082282142674, 0.0 ], [ -79.085737449460211, 42.630848912692521, 0.0 ], [ -79.085568627967632, 42.63097665567058, 0.0 ], [ -79.085399805782245, 42.631104398400971, 0.0 ], [ -79.085375411800726, 42.631122856536933, 0.0 ], [ -79.08523185125317, 42.631232758463646, 0.0 ], [ -79.085166505914771, 42.631282783011187, 0.0 ], [ -79.085060803079472, 42.631358860145681, 0.0 ], [ -79.084887688164372, 42.631483454933424, 0.0 ], [ -79.084874371793177, 42.631493038984857, 0.0 ] ] } },
{ "type": "Feature", "properties": { "CalShoreTy": 3, "CalLandcov": 1, "CalSlope": 2, "CalSedi": 2, "CalRetreat": 2 }, "geometry": { "type": "LineString", "coordinates": [ [ -79.084874371801149, 42.631493038990897, 0.0 ], [ -79.08474806784713, 42.631583942741493, 0.0 ] ] } },
{ "type": "Feature", "properties": { "CalShoreTy": 3, "CalLandcov": 3, "CalSlope": 2, "CalSedi": 2, "CalRetreat": 2 }, "geometry": { "type": "LineString", "coordinates": [ [ -79.094838242779346, 42.626838621923596, 0.0 ], [ -79.094815563808751, 42.626878373365365, 0.0 ], [ -79.094787906903207, 42.62693645151095, 0.0 ], [ -79.094707833082964, 42.627104601957775, 0.0 ], [ -79.094685149052793, 42.627152236948589, 0.0 ], [ -79.094635704372905, 42.627274644081055, 0.0 ], [ -79.094613800619854, 42.627328869684128, 0.0 ], [ -79.094566717378129, 42.627445434225116, 0.0 ], [ -79.094526975417452, 42.62754382351369, 0.0 ], [ -79.094518185640808, 42.627563642365196, 0.0 ], [ -79.09449513227456, 42.62761562858811, 0.0 ], [ -79.094431436919635, 42.627759263571818, 0.0 ], [ -79.094417786462046, 42.62778441875173, 0.0 ], [ -79.094327992982471, 42.627949890389964, 0.0 ], [ -79.094238199027018, 42.628115361958486, 0.0 ], [ -79.094195452441141, 42.628194134683454, 0.0 ], [ -79.094145359166518, 42.628279904882106, 0.0 ], [ -79.094053348282714, 42.628437446150606, 0.0 ], [ -79.094048653913191, 42.6284431900282, 0.0 ], [ -79.093923860236515, 42.628595883016132, 0.0 ], [ -79.093918970038899, 42.628601866464322, 0.0 ], [ -79.093876465043621, 42.628691531001522, 0.0 ], [ -79.093875995338038, 42.62869276831001, 0.0 ], [ -79.093853604578158, 42.628751750469306, 0.0 ], [ -79.093848593551115, 42.628764950464287, 0.0 ], [ -79.093826697631769, 42.628822628746697, 0.0 ], [ -79.093826144632359, 42.628824085456003, 0.0 ], [ -79.093815954967042, 42.628850926218796, 0.0 ], [ -79.093812992688228, 42.628858562825599, 0.0 ], [ -79.093782793104992, 42.628936419566813, 0.0 ], [ -79.093766291079731, 42.628978962910971, 0.0 ], [ -79.093749688418598, 42.629070082041004, 0.0 ], [ -79.093737577415808, 42.629111122912512, 0.0 ], [ -79.093712742330069, 42.629195282038395, 0.0 ], [ -79.093679084567569, 42.629283941969156, 0.0 ], [ -79.09364673067472, 42.629369167049454, 0.0 ], [ -79.093603133064775, 42.629442194123953, 0.0 ], [ -79.093596790873065, 42.629450953585867, 0.0 ], [ -79.093534134571883, 42.629537490617246, 0.0 ], [ -79.093532863995989, 42.629538060739009, 0.0 ], [ -79.093471730248112, 42.629602328898088, 0.0 ], [ -79.0934712749456, 42.629602807350679, 0.0 ], [ -79.093468288852776, 42.629605945264323, 0.0 ], [ -79.09339088293828, 42.629646025614662, 0.0 ], [ -79.093376294347394, 42.629650779121491, 0.0 ], [ -79.093284998231738, 42.629680522329359, 0.0 ], [ -79.0932607624855, 42.629688418224347, 0.0 ], [ -79.093039333233719, 42.629760558522584, 0.0 ], [ -79.0930242972847, 42.629765457120563, 0.0 ], [ -79.092957202063232, 42.629798010139751, 0.0 ], [ -79.092948042874028, 42.629799993645165, 0.0 ], [ -79.092830790309492, 42.629825380355769, 0.0 ], [ -79.092817761740804, 42.629828201127715, 0.0 ], [ -79.09268020863567, 42.629857982176375, 0.0 ], [ -79.092673394063354, 42.629856550450455, 0.0 ], [ -79.092592358388828, 42.629824979744015, 0.0 ], [ -79.092587699126867, 42.629823164525575, 0.0 ] ] } },
{ "type": "Feature", "properties": { "CalShoreTy": 3, "CalLandcov": 1, "CalSlope": 2, "CalSedi": 2, "CalRetreat": 2 }, "geometry": { "type": "LineString", "coordinates": [ [ -79.095104938031241, 42.626110776177427, 0.0 ], [ -79.095101409710907, 42.626127495434069, 0.0 ], [ -79.095090989648313, 42.626176871765594, 0.0 ], [ -79.095074612773956, 42.62625447718132, 0.0 ], [ -79.095073707212407, 42.626258115565896, 0.0 ], [ -79.095036324327481, 42.626408312860569, 0.0 ], [ -79.095027322518078, 42.62643291509147, 0.0 ], [ -79.094964371178349, 42.626604962530479, 0.0 ], [ -79.094951534911075, 42.626640044217808, 0.0 ], [ -79.094876918838324, 42.626770830935961, 0.0 ], [ -79.094838242779247, 42.626838621923568, 0.0 ] ] } },
{ "type": "Feature", "properties": { "CalShoreTy": 3, "CalLandcov": 2, "CalSlope": 2, "CalSedi": 2, "CalRetreat": 2 }, "geometry": { "type": "LineString", "coordinates": [ [ -79.092587699119733, 42.629823164535566, 0.0 ], [ -79.092500668855081, 42.629789258543909, 0.0 ], [ -79.092392158506158, 42.629766447414355, 0.0 ], [ -79.092367975234097, 42.629760350039163, 0.0 ], [ -79.092138886685362, 42.629702589181477, 0.0 ], [ -79.092043149856678, 42.629678450568264, 0.0 ], [ -79.091907409681809, 42.629650477192236, 0.0 ], [ -79.091854014877711, 42.629639473523099, 0.0 ], [ -79.091685963063838, 42.62957960285366, 0.0 ], [ -79.091613044433686, 42.629553624518984, 0.0 ], [ -79.091583239013886, 42.629544532681201, 0.0 ], [ -79.091550958684536, 42.629534686592166, 0.0 ], [ -79.09150317370748, 42.62947518144162, 0.0 ], [ -79.091479637641655, 42.629445872658941, 0.0 ], [ -79.091479568737029, 42.629445833982494, 0.0 ], [ -79.091459569205213, 42.629434608317197, 0.0 ] ] } },
{ "type": "Feature", "properties": { "CalShoreTy": 3, "CalLandcov": 3, "CalSlope": 1, "CalSedi": 2, "CalRetreat": 2 }, "geometry": { "type": "LineString", "coordinates": [ [ -79.091241905036924, 42.629371088022694, 0.0 ], [ -79.091185226537476, 42.629369100331978, 0.0 ], [ -79.091084216051442, 42.62940280003793, 0.0 ], [ -79.091068329752105, 42.629408100105145, 0.0 ], [ -79.091065259736411, 42.629409125603978, 0.0 ], [ -79.090894662100851, 42.62937014763947, 0.0 ], [ -79.090852025352859, 42.629368225705882, 0.0 ], [ -79.090833471380591, 42.629367389343805, 0.0 ], [ -79.090782939006175, 42.629359295674973, 0.0 ], [ -79.0906898615508, 42.629344385478305, 0.0 ], [ -79.090613810211607, 42.629337634905973, 0.0 ], [ -79.090475846916902, 42.629325388686183, 0.0 ], [ -79.090436606529252, 42.629305751249994, 0.0 ], [ -79.090402167164598, 42.629288516952535, 0.0 ], [ -79.090391438435489, 42.629281792281596, 0.0 ], [ -79.090359347479762, 42.629261677942324, 0.0 ], [ -79.09019682656762, 42.629246473285178, 0.0 ], [ -79.090181112596625, 42.629247325133584, 0.0 ], [ -79.090162625379989, 42.62924094156768, 0.0 ], [ -79.09016153557458, 42.629240565261192, 0.0 ], [ -79.090069786611508, 42.629208885829527, 0.0 ], [ -79.089930269515563, 42.629205114413601, 0.0 ], [ -79.089688267907022, 42.62919857223919, 0.0 ], [ -79.089641129139437, 42.629197297848371, 0.0 ], [ -79.089454071153654, 42.629237811772043, 0.0 ], [ -79.08943957781328, 42.629240950794063, 0.0 ], [ -79.089257712655595, 42.629320692524985, 0.0 ], [ -79.08924453003408, 42.629326472888714, 0.0 ], [ -79.08917929635534, 42.629355076745775, 0.0 ], [ -79.08902433272867, 42.629399327383531, 0.0 ], [ -79.088901859663693, 42.629434299985263, 0.0 ], [ -79.088796253464352, 42.629458947085872, 0.0 ], [ -79.08878618090074, 42.629461297883026, 0.0 ], [ -79.088606145471033, 42.629501703519857, 0.0 ], [ -79.0885643558575, 42.629510249088966, 0.0 ], [ -79.088344533815686, 42.629555200262971, 0.0 ] ] } },
{ "type": "Feature", "properties": { "CalShoreTy": 3, "CalLandcov": 3, "CalSlope": 2, "CalSedi": 2, "CalRetreat": 2 }, "geometry": { "type": "LineString", "coordinates": [ [ -79.091459569205199, 42.629434608317212, 0.0 ], [ -79.091353803906472, 42.629375240868391, 0.0 ], [ -79.09135336939238, 42.629374996969489, 0.0 ], [ -79.091316333174262, 42.629373698157792, 0.0 ], [ -79.091241905036924, 42.629371088022687, 0.0 ] ] } },
{ "type": "Feature", "properties": { "CalShoreTy": 2, "CalLandcov": 2, "CalSlope": 2, "CalSedi": 2, "CalRetreat": 2 }, "geometry": { "type": "LineString", "coordinates": [ [ -79.079979117778421, 42.63894630780549, 0.0 ], [ -79.079886432990676, 42.639091762157669, 0.0 ], [ -79.079867533192413, 42.639121422357711, 0.0 ], [ -79.079852207777733, 42.639145473113501, 0.0 ], [ -79.079840850338698, 42.639156389427427, 0.0 ], [ -79.079754010769975, 42.639239855967503, 0.0 ], [ -79.079606803878974, 42.639381344374762, 0.0 ], [ -79.079516583511506, 42.639468059584281, 0.0 ] ] } },
{ "type": "Feature", "properties": { "CalShoreTy": 2, "CalLandcov": 3, "CalSlope": 2, "CalSedi": 2, "CalRetreat": 2 }, "geometry": { "type": "LineString", "coordinates": [ [ -79.080183228290167, 42.638625988259925, 0.0 ], [ -79.080138795925308, 42.638695718322673, 0.0 ], [ -79.080136832904387, 42.638698798991356, 0.0 ], [ -79.080136278077674, 42.638699354410448, 0.0 ], [ -79.080068978482203, 42.638766725766125, 0.0 ], [ -79.080035880924882, 42.638799858588669, 0.0 ], [ -79.080020108141738, 42.638815647652429, 0.0 ], [ -79.080020020755612, 42.638815735128972, 0.0 ], [ -79.079996892111623, 42.638918413643296, 0.0 ], [ -79.079994892840617, 42.638921551202024, 0.0 ], [ -79.079989232823763, 42.638930433755498, 0.0 ], [ -79.079979117778521, 42.638946307805526, 0.0 ] ] } },
{ "type": "Feature", "properties": { "CalShoreTy": 2, "CalLandcov": 2, "CalSlope": 2, "CalSedi": 2, "CalRetreat": 2 }, "geometry": { "type": "LineString", "coordinates": [ [ -79.081674390904709, 42.635485563968011, 0.0 ], [ -79.081608816805996, 42.635608592427879, 0.0 ], [ -79.081520404093951, 42.635774469289437, 0.0 ], [ -79.08143199091117, 42.635940346083245, 0.0 ], [ -79.081406287336193, 42.635988569781958, 0.0 ], [ -79.081405702728958, 42.635989600126862, 0.0 ], [ -79.081340116672123, 42.63610519247613, 0.0 ], [ -79.081261176308359, 42.636244320570491, 0.0 ], [ -79.081246823316306, 42.636269616418943, 0.0 ], [ -79.081153529332482, 42.636434040244417, 0.0 ], [ -79.08113776920969, 42.636461816240775, 0.0 ], [ -79.081137262938441, 42.636462708502258, 0.0 ], [ -79.081089231137753, 42.636605509429756, 0.0 ], [ -79.081031055899601, 42.636778466401587, 0.0 ], [ -79.080972880339175, 42.636951423344108, 0.0 ], [ -79.080947376225623, 42.637027247198937, 0.0 ], [ -79.080869002233868, 42.637096429547199, 0.0 ], [ -79.080872206966816, 42.63710615223075, 0.0 ], [ -79.08089361113565, 42.637171089220665, 0.0 ], [ -79.080853478312463, 42.637278458484836, 0.0 ], [ -79.08078926330451, 42.637450255172553, 0.0 ], [ -79.080760238968821, 42.637527904682898, 0.0 ], [ -79.080725047632995, 42.637622051761845, 0.0 ], [ -79.080660831353342, 42.637793848264046, 0.0 ], [ -79.080623381522585, 42.63789403657703, 0.0 ], [ -79.08058307954289, 42.637962128071862, 0.0 ], [ -79.080486389952128, 42.638125487589569, 0.0 ], [ -79.080389699855104, 42.638288847026367, 0.0 ], [ -79.080293009250795, 42.638452206382034, 0.0 ], [ -79.080280557784349, 42.638473243139657, 0.0 ], [ -79.080276456697334, 42.6384796792427, 0.0 ], [ -79.08019099699257, 42.63861379639124, 0.0 ], [ -79.080183228291148, 42.638625988260259, 0.0 ] ] } },
{ "type": "Feature", "properties": { "CalShoreTy": 2, "CalLandcov": 1, "CalSlope": 2, "CalSedi": 2, "CalRetreat": 2 }, "geometry": { "type": "LineString", "coordinates": [ [ -79.083386677287834, 42.633042149783911, 0.0 ], [ -79.083356636074569, 42.633075933021331, 0.0 ], [ -79.083224050498956, 42.633225033376831, 0.0 ], [ -79.083091464242941, 42.633374133557439, 0.0 ], [ -79.083012229066114, 42.633463237228284, 0.0 ], [ -79.08300657018178, 42.633470192112043, 0.0 ], [ -79.082962173445594, 42.633524751818982, 0.0 ], [ -79.082883240617434, 42.633621753082195, 0.0 ], [ -79.082837775895115, 42.63367762416069, 0.0 ], [ -79.082780360990938, 42.633748180483416, 0.0 ], [ -79.082713377095189, 42.633830496086986, 0.0 ], [ -79.082588977732286, 42.633983367900015, 0.0 ], [ -79.08246457773231, 42.634136239566963, 0.0 ], [ -79.082340177110623, 42.63428911109466, 0.0 ], [ -79.082331407460643, 42.634299887772713, 0.0 ], [ -79.082243089986861, 42.634452222908138, 0.0 ], [ -79.08214807390425, 42.634616111290555, 0.0 ], [ -79.082053057322113, 42.634779999594841, 0.0 ], [ -79.081958040239854, 42.634943887820725, 0.0 ], [ -79.081913950671904, 42.635019934468161, 0.0 ], [ -79.081868121485726, 42.6351092829075, 0.0 ], [ -79.081782616451477, 42.63527598252368, 0.0 ], [ -79.081697110960079, 42.635442682076601, 0.0 ], [ -79.081693636668732, 42.635449455454051, 0.0 ], [ -79.081674390904695, 42.635485563968004, 0.0 ] ] } },
{ "type": "Feature", "properties": { "CalShoreTy": 1, "CalLandcov": 1, "CalSlope": 2, "CalSedi": 2, "CalRetreat": 2 }, "geometry": { "type": "LineString", "coordinates": [ [ -79.083551125023206, 42.632845659541552, 0.0 ], [ -79.083511058703095, 42.632902274390226, 0.0 ], [ -79.083497753718049, 42.632917237185637, 0.0 ], [ -79.083489221182276, 42.63292683259413, 0.0 ], [ -79.083386677287791, 42.63304214978389, 0.0 ] ] } },
{ "type": "Feature", "properties": { "CalShoreTy": 1, "CalLandcov": 1, "CalSlope": 2, "CalSedi": 2, "CalRetreat": 2 }, "geometry": { "type": "LineString", "coordinates": [ [ -79.08474806784713, 42.631583942741493, 0.0 ], [ -79.08471457285458, 42.631608049686491, 0.0 ], [ -79.084685881334579, 42.631628699462794, 0.0 ], [ -79.08464117303383, 42.631669044016917, 0.0 ], [ -79.084558215576436, 42.631743906737988, 0.0 ], [ -79.084405188036669, 42.631882001686229, 0.0 ], [ -79.084252159818419, 42.632020096431042, 0.0 ], [ -79.08409913092116, 42.632158190972298, 0.0 ], [ -79.084094923758087, 42.632161987538424, 0.0 ], [ -79.083969173631388, 42.632308496583931, 0.0 ], [ -79.083839867964059, 42.632459147259674, 0.0 ], [ -79.083753205763102, 42.632560114649444, 0.0 ], [ -79.083716321445408, 42.632612233290082, 0.0 ], [ -79.083604479507997, 42.632770268687821, 0.0 ], [ -79.08355112502214, 42.63284565954114, 0.0 ] ] } },
{ "type": "Feature", "properties": { "CalShoreTy": 3, "CalLandcov": 1, "CalSlope": 2, "CalSedi": 2, "CalRetreat": 2 }, "geometry": { "type": "LineString", "coordinates": [ [ -79.097827578282335, 42.621982035787113, 0.0 ], [ -79.097825165125897, 42.621983239747976, 0.0 ], [ -79.097714962199518, 42.622038221578627, 0.0 ], [ -79.09769370865979, 42.622116881744716, 0.0 ], [ -79.097646491207342, 42.622291634624681, 0.0 ], [ -79.097644007740101, 42.62230082596453, 0.0 ], [ -79.097583141792455, 42.62246357808263, 0.0 ], [ -79.097572669827827, 42.622491579436058, 0.0 ], [ -79.097570014316943, 42.622495268332621, 0.0 ], [ -79.097532328148361, 42.622547619929463, 0.0 ] ] } },
{ "type": "Feature", "properties": { "CalShoreTy": 3, "CalLandcov": 3, "CalSlope": 2, "CalSedi": 2, "CalRetreat": 2 }, "geometry": { "type": "LineString", "coordinates": [ [ -79.097909119987946, 42.621919135475778, 0.0 ], [ -79.097889868075455, 42.621950958812164, 0.0 ], [ -79.09782757828232, 42.621982035787099, 0.0 ] ] } },
{ "type": "Feature", "properties": { "CalShoreTy": 1, "CalLandcov": 1, "CalSlope": 2, "CalSedi": 2, "CalRetreat": 2 }, "geometry": { "type": "LineString", "coordinates": [ [ -79.062933054846269, 42.651975145342746, 0.0 ], [ -79.062907487774766, 42.652152323605009, 0.0 ], [ -79.06288972348689, 42.652275428455873, 0.0 ], [ -79.062886082, 42.652329739551639, 0.0 ], [ -79.06287415016989, 42.652507696625911, 0.0 ], [ -79.062872074815573, 42.65253864935427, 0.0 ], [ -79.062857190380669, 42.652685424655935, 0.0 ], [ -79.062839171838121, 42.652863104456813, 0.0 ], [ -79.062832367394094, 42.652930202417586, 0.0 ], [ -79.062828225104496, 42.653041049547632, 0.0 ], [ -79.062821569360779, 42.653219155609747, 0.0 ], [ -79.062814913580809, 42.653397261671557, 0.0 ], [ -79.062808257763379, 42.653575367733019, 0.0 ], [ -79.062807674928564, 42.653590964018065, 0.0 ], [ -79.062801184624334, 42.653753465069201, 0.0 ], [ -79.062794071399992, 42.653931561567703, 0.0 ], [ -79.06278928535346, 42.654051391061714, 0.0 ], [ -79.062791709390012, 42.65410965593054, 0.0 ], [ -79.062799118615445, 42.654287745902053, 0.0 ], [ -79.062806527847997, 42.654465835873907, 0.0 ], [ -79.062811657257711, 42.654589128978586, 0.0 ], [ -79.062812047374564, 42.654598500826822, 0.0 ], [ -79.0628120269986, 42.654643947099153, 0.0 ], [ -79.062811947114184, 42.654822120407587, 0.0 ], [ -79.062811867231602, 42.655000293716142, 0.0 ], [ -79.062811804918226, 42.655139279889156, 0.0 ], [ -79.062814357109673, 42.655178422048536, 0.0 ], [ -79.062825961273262, 42.655356390862089, 0.0 ], [ -79.062837565503884, 42.655534359674363, 0.0 ], [ -79.062849169802575, 42.655712328485443, 0.0 ], [ -79.062859381613208, 42.655868940579332, 0.0 ], [ -79.062860403093552, 42.655890308635314, 0.0 ], [ -79.062868915271736, 42.656068371943626, 0.0 ], [ -79.062877427498776, 42.656246435251248, 0.0 ], [ -79.062885939774972, 42.656424498558295, 0.0 ], [ -79.062894452101006, 42.656602561864673, 0.0 ], [ -79.062902964478326, 42.656780625170249, 0.0 ], [ -79.06290940287694, 42.656915303914268, 0.0 ], [ -79.062914555238649, 42.656958549594222, 0.0 ], [ -79.062935702164125, 42.657136042886457, 0.0 ], [ -79.06295684923542, 42.657313536173078, 0.0 ], [ -79.062958475941997, 42.657327189123599, 0.0 ], [ -79.062971022490814, 42.657432496313824, 0.0 ], [ -79.062980796002932, 42.65749081244433, 0.0 ], [ -79.062982861186526, 42.65750313487063, 0.0 ] ] } },
{ "type": "Feature", "properties": { "CalShoreTy": 1, "CalLandcov": 1, "CalSlope": 2, "CalSedi": 2, "CalRetreat": 2 }, "geometry": { "type": "LineString", "coordinates": [ [ -79.063051159068436, 42.657960569010697, 0.0 ], [ -79.063053633942232, 42.658022219117207, 0.0 ], [ -79.063060184821069, 42.658185403573583, 0.0 ], [ -79.063063119417066, 42.658200164405812, 0.0 ], [ -79.063098169462918, 42.658376463369656, 0.0 ], [ -79.063133219709101, 42.658552762322486, 0.0 ], [ -79.063144660032847, 42.658610305694594, 0.0 ], [ -79.063156910900958, 42.658729985225058, 0.0 ], [ -79.063175098052582, 42.658907655831364, 0.0 ], [ -79.063175580128316, 42.658912365226485, 0.0 ], [ -79.063182465213558, 42.659085741906154, 0.0 ], [ -79.063188025880336, 42.659225767028495, 0.0 ], [ -79.063190757251007, 42.659263802524066, 0.0 ], [ -79.063203534312507, 42.659441727909758, 0.0 ], [ -79.063203968531397, 42.659447774557002, 0.0 ], [ -79.063225466788069, 42.659619165176636, 0.0 ], [ -79.063247721473942, 42.659796585267195, 0.0 ], [ -79.063254711552901, 42.659852311765192, 0.0 ], [ -79.063242831829442, 42.659974209345677, 0.0 ], [ -79.063234838044806, 42.660056232828012, 0.0 ], [ -79.063225512212114, 42.660151926845572, 0.0 ], [ -79.063216038184549, 42.660249140135797, 0.0 ], [ -79.063218439984936, 42.660329831498302, 0.0 ], [ -79.063218580842687, 42.660334563787714, 0.0 ], [ -79.063223741754456, 42.660507962153844, 0.0 ], [ -79.063226875167388, 42.660613239316973, 0.0 ], [ -79.063211433773901, 42.660685220087338, 0.0 ], [ -79.063173678597053, 42.660861216882736, 0.0 ], [ -79.063150144747908, 42.660970920058595, 0.0 ], [ -79.063115580933953, 42.661033034241015, 0.0 ], [ -79.063086583931991, 42.661085144271823, 0.0 ], [ -79.062972747692683, 42.661173712640874, 0.0 ] ] } },
{ "type": "Feature", "properties": { "CalShoreTy": 3, "CalLandcov": 1, "CalSlope": 2, "CalSedi": 2, "CalRetreat": 2 }, "geometry": { "type": "LineString", "coordinates": [ [ -79.062982861186526, 42.65750313487063, 0.0 ], [ -79.06301043343764, 42.657667647598814, 0.0 ], [ -79.063021002313789, 42.657730707672435, 0.0 ], [ -79.063040067899109, 42.657844483030438, 0.0 ], [ -79.0630485250079, 42.657894951346769, 0.0 ], [ -79.063051159068777, 42.657960569010697, 0.0 ] ] } },
{ "type": "Feature", "properties": { "CalShoreTy": 1, "CalLandcov": 1, "CalSlope": 2, "CalSedi": 2, "CalRetreat": 3 }, "geometry": { "type": "LineString", "coordinates": [ [ -79.062972747692669, 42.661173712640874, 0.0 ], [ -79.062806318004704, 42.661303199801772, 0.0 ], [ -79.062797828521596, 42.661309804845821, 0.0 ], [ -79.06269955908293, 42.661343504872221, 0.0 ], [ -79.062694995516807, 42.661345069892477, 0.0 ], [ -79.062589443143537, 42.66138126774009, 0.0 ], [ -79.062460955692913, 42.661425330694129, 0.0 ] ] } },
{ "type": "Feature", "properties": { "CalShoreTy": 1, "CalLandcov": 1, "CalSlope": 1, "CalSedi": 2, "CalRetreat": 3 }, "geometry": { "type": "LineString", "coordinates": [ [ -79.061956429556417, 42.668156737370104, 0.0 ], [ -79.06195298360214, 42.668179116477482, 0.0 ], [ -79.061925722402734, 42.668356158658156, 0.0 ], [ -79.061907217056728, 42.668476337197802, 0.0 ], [ -79.061894969208367, 42.668532851096259, 0.0 ], [ -79.061856835982994, 42.668708804373409, 0.0 ], [ -79.061854368368756, 42.66872019033412, 0.0 ], [ -79.06181260378284, 42.668883980108902, 0.0 ], [ -79.061774678203506, 42.66903271354618, 0.0 ], [ -79.061764945359741, 42.669058590505678, 0.0 ], [ -79.061700355078386, 42.669230317756302, 0.0 ], [ -79.061681139575555, 42.669281406140747, 0.0 ], [ -79.061617389890728, 42.669397465150588, 0.0 ], [ -79.061574373258154, 42.669475778491609, 0.0 ], [ -79.061515052257022, 42.669558723317017, 0.0 ] ] } },
{ "type": "Feature", "properties": { "CalShoreTy": 1, "CalLandcov": 1, "CalSlope": 1, "CalSedi": 2, "CalRetreat": 3 }, "geometry": { "type": "LineString", "coordinates": [ [ -79.062782215276997, 42.665102440144821, 0.0 ], [ -79.062763336592411, 42.665232978425934, 0.0 ], [ -79.062763240137727, 42.665233645368637, 0.0 ], [ -79.062761539200764, 42.665238601499787, 0.0 ], [ -79.06275310445335, 42.665263178352163, 0.0 ], [ -79.062696743488061, 42.66541027761189, 0.0 ], [ -79.062631034276222, 42.665581774410526, 0.0 ], [ -79.062603424100658, 42.665653834890726, 0.0 ], [ -79.062571111387101, 42.665754372854039, 0.0 ], [ -79.06256870836522, 42.665761849615059, 0.0 ], [ -79.062528537818551, 42.665929761916722, 0.0 ], [ -79.062486556859625, 42.66610524074072, 0.0 ], [ -79.062444575664642, 42.666280719549484, 0.0 ], [ -79.062428375221231, 42.666348436134051, 0.0 ], [ -79.062388527722547, 42.666453856975338, 0.0 ], [ -79.062323640207325, 42.666625523079539, 0.0 ], [ -79.062288697026815, 42.666717968184578, 0.0 ], [ -79.062259489823575, 42.666797337872765, 0.0 ], [ -79.062225631034991, 42.666889347837746, 0.0 ], [ -79.062215868920831, 42.66697189082555, 0.0 ], [ -79.062213317698493, 42.666993462497267, 0.0 ], [ -79.06217230411977, 42.66714704996695, 0.0 ], [ -79.062137867401603, 42.667276007841494, 0.0 ], [ -79.062128975731639, 42.667322301408078, 0.0 ], [ -79.062106539535577, 42.667439112844001, 0.0 ], [ -79.062081196150388, 42.667496358794907, 0.0 ], [ -79.062006190651587, 42.667665781501505, 0.0 ], [ -79.061960033340441, 42.667770041257597, 0.0 ], [ -79.061931184868968, 42.667835204189267, 0.0 ], [ -79.061883207872128, 42.667943573943333, 0.0 ], [ -79.061904591178163, 42.668005825315234, 0.0 ], [ -79.061956429556417, 42.668156737370104, 0.0 ] ] } },
{ "type": "Feature", "properties": { "CalShoreTy": 1, "CalLandcov": 1, "CalSlope": 2, "CalSedi": 2, "CalRetreat": 3 }, "geometry": { "type": "LineString", "coordinates": [ [ -79.06295331820256, 42.662649030825882, 0.0 ], [ -79.062947738331204, 42.662712334943762, 0.0 ], [ -79.062946935453837, 42.662757706123671, 0.0 ], [ -79.062943782797845, 42.662935864358694, 0.0 ], [ -79.062942844212941, 42.662988904082724, 0.0 ], [ -79.062961133040972, 42.663113308361226, 0.0 ], [ -79.062971976560334, 42.663187067918713, 0.0 ], [ -79.062985375425427, 42.663278213113202, 0.0 ], [ -79.0629865207911, 42.663290492072953, 0.0 ], [ -79.063003101658339, 42.663468247717752, 0.0 ], [ -79.063003297994769, 42.663470352544586, 0.0 ], [ -79.063001773280178, 42.663646412520258, 0.0 ], [ -79.063001027911767, 42.663732480464553, 0.0 ], [ -79.062993226065288, 42.663824405242728, 0.0 ], [ -79.062978133426341, 42.664002232575513, 0.0 ], [ -79.062973650094918, 42.664055056729225, 0.0 ], [ -79.062954713659607, 42.664179526646805, 0.0 ], [ -79.062928464729737, 42.664352061047381, 0.0 ], [ -79.062927596941037, 42.664356578809446, 0.0 ], [ -79.062893708994693, 42.664533000958386, 0.0 ], [ -79.062889489272536, 42.66455496894622, 0.0 ], [ -79.062852598519697, 42.664708579350531, 0.0 ], [ -79.062818855781956, 42.664849080976367, 0.0 ], [ -79.062818668632517, 42.664850375069214, 0.0 ], [ -79.062813750954916, 42.664884379595577, 0.0 ], [ -79.062788128212119, 42.665061553923664, 0.0 ], [ -79.062782215278645, 42.665102440144949, 0.0 ] ] } },
{ "type": "Feature", "properties": { "CalShoreTy": 1, "CalLandcov": 1, "CalSlope": 2, "CalSedi": 2, "CalRetreat": 3 }, "geometry": { "type": "LineString", "coordinates": [ [ -79.062460955692814, 42.66142533069398, 0.0 ], [ -79.062373334653032, 42.661455378852772, 0.0 ], [ -79.062371613143412, 42.66145596921551, 0.0 ], [ -79.062372089600203, 42.661457350880518, 0.0 ], [ -79.062431646389811, 42.661630057624954, 0.0 ], [ -79.062455204190456, 42.66169837182877, 0.0 ], [ -79.062551040560066, 42.661779808213986, 0.0 ], [ -79.062670483198872, 42.66188130347269, 0.0 ], [ -79.062707435684928, 42.66191584517145, 0.0 ], [ -79.062842349602789, 42.662041956850096, 0.0 ], [ -79.062852038857443, 42.662058175490451, 0.0 ], [ -79.062914817511412, 42.662163259140669, 0.0 ], [ -79.062931813887317, 42.662225411088471, 0.0 ], [ -79.062953090742582, 42.662303215614457, 0.0 ], [ -79.062957698678119, 42.662374535281003, 0.0 ], [ -79.062957954470647, 42.662378489943613, 0.0 ], [ -79.062959467944637, 42.662401915462766, 0.0 ], [ -79.062966080189412, 42.662504259462473, 0.0 ], [ -79.062959419793273, 42.662579814760484, 0.0 ], [ -79.062953318201181, 42.662649030825818, 0.0 ] ] } },
{ "type": "Feature", "properties": { "CalShoreTy": 3, "CalLandcov": 1, "CalSlope": 1, "CalSedi": 2, "CalRetreat": 1 }, "geometry": { "type": "LineString", "coordinates": [ [ -79.133974923984823, 42.57854293210066, 0.0 ], [ -79.13396541745621, 42.578561206406732, 0.0 ], [ -79.133943358915275, 42.578640725764814, 0.0 ], [ -79.133894933628525, 42.578815294510434, 0.0 ], [ -79.133846508073105, 42.578989863235982, 0.0 ], [ -79.13379808224758, 42.579164431941244, 0.0 ], [ -79.13375235518869, 42.579329271032208, 0.0 ], [ -79.133748914760531, 42.579338872961877, 0.0 ], [ -79.133687186302652, 42.579511151060984, 0.0 ], [ -79.133625457506128, 42.579683429127414, 0.0 ], [ -79.133563728369396, 42.579855707160839, 0.0 ], [ -79.133561378755516, 42.579862264607989, 0.0 ], [ -79.133558195900633, 42.579868779885999, 0.0 ] ] } },
{ "type": "Feature", "properties": { "CalShoreTy": 3, "CalLandcov": 1, "CalSlope": 2, "CalSedi": 2, "CalRetreat": 1 }, "geometry": { "type": "LineString", "coordinates": [ [ -79.133558195900704, 42.579868779886027, 0.0 ], [ -79.133482597766289, 42.580023540707394, 0.0 ], [ -79.13340069931354, 42.580191198406396, 0.0 ], [ -79.133318800344384, 42.580358856026749, 0.0 ], [ -79.13331737056636, 42.580361782953695, 0.0 ], [ -79.133243439295072, 42.580528166629293, 0.0 ], [ -79.133205390489408, 42.580613795795898, 0.0 ], [ -79.133184929360482, 42.580700575096373, 0.0 ], [ -79.133143538022779, 42.58087612240395, 0.0 ], [ -79.133102146453624, 42.581051669696905, 0.0 ], [ -79.133098257191492, 42.581068164534521, 0.0 ], [ -79.133036427708376, 42.581223043721991, 0.0 ] ] } },
{ "type": "Feature", "properties": { "CalShoreTy": 1, "CalLandcov": 1, "CalSlope": 1, "CalSedi": 2, "CalRetreat": 1 }, "geometry": { "type": "LineString", "coordinates": [ [ -79.134450761179579, 42.577215473115473, 0.0 ], [ -79.134432591862449, 42.577268638308446, 0.0 ], [ -79.13441592227646, 42.577317415058189, 0.0 ], [ -79.134387791117177, 42.577443601853602, 0.0 ], [ -79.134348594900075, 42.577619421876037, 0.0 ], [ -79.134309398463742, 42.57779524188534, 0.0 ], [ -79.134270201806942, 42.57797106188135, 0.0 ], [ -79.134268541118246, 42.577978511019843, 0.0 ], [ -79.134185654309633, 42.578137845683493, 0.0 ], [ -79.134099099937828, 42.578304229640302, 0.0 ], [ -79.134012545103118, 42.578470613531778, 0.0 ], [ -79.133974923984724, 42.578542932100625, 0.0 ] ] } },
{ "type": "Feature", "properties": { "CalShoreTy": 1, "CalLandcov": 1, "CalSlope": 2, "CalSedi": 2, "CalRetreat": 1 }, "geometry": { "type": "LineString", "coordinates": [ [ -79.135019594172533, 42.575361650880495, 0.0 ], [ -79.134957524621086, 42.575533861744745, 0.0 ], [ -79.134895454729886, 42.575706072576146, 0.0 ], [ -79.134839746530957, 42.575860632265922, 0.0 ], [ -79.13483566417348, 42.575878645392031, 0.0 ], [ -79.134795835046717, 42.576054388150013, 0.0 ], [ -79.13475600569781, 42.576230130894615, 0.0 ], [ -79.134738665629072, 42.576306641779411, 0.0 ], [ -79.134719111214494, 42.576406210220092, 0.0 ], [ -79.134684479578027, 42.57658254905968, 0.0 ], [ -79.134649847747184, 42.57675888788912, 0.0 ], [ -79.134648729471976, 42.576764581918653, 0.0 ], [ -79.134575668121457, 42.576928393425803, 0.0 ], [ -79.1345001684778, 42.577097670903143, 0.0 ], [ -79.134461035464398, 42.577185410508491, 0.0 ], [ -79.134450761179565, 42.577215473115473, 0.0 ] ] } },
{ "type": "Feature", "properties": { "CalShoreTy": 1, "CalLandcov": 1, "CalSlope": 2, "CalSedi": 3, "CalRetreat": 1 }, "geometry": { "type": "LineString", "coordinates": [ [ -79.135746281041719, 42.573484716625799, 0.0 ], [ -79.135675460598463, 42.573655086264239, 0.0 ], [ -79.135604639771188, 42.573825455859691, 0.0 ], [ -79.135551543296586, 42.573953186357237, 0.0 ], [ -79.13553064157864, 42.573995037777877, 0.0 ], [ -79.135509957346599, 42.574036453665848, 0.0 ], [ -79.135435939509705, 42.574158916375893, 0.0 ], [ -79.135337554332381, 42.574321694099957, 0.0 ], [ -79.135265710754751, 42.574440558305824, 0.0 ], [ -79.135265546379003, 42.574441193132564, 0.0 ], [ -79.135253485060545, 42.574487774463961, 0.0 ], [ -79.135239541021164, 42.574541626962038, 0.0 ], [ -79.13520816660656, 42.574662794505187, 0.0 ], [ -79.135162847845095, 42.574837814521139, 0.0 ], [ -79.135117528862693, 42.575012834523896, 0.0 ], [ -79.135072209639603, 42.575187854510716, 0.0 ], [ -79.135047982905149, 42.575281416233693, 0.0 ], [ -79.135046630809285, 42.575286637908128, 0.0 ], [ -79.135019594172533, 42.575361650880495, 0.0 ] ] } },
{ "type": "Feature", "properties": { "CalShoreTy": 3, "CalLandcov": 1, "CalSlope": 2, "CalSedi": 2, "CalRetreat": 2 }, "geometry": { "type": "LineString", "coordinates": [ [ -79.133036427708376, 42.581223043721991, 0.0 ], [ -79.13296818572654, 42.581393984913163, 0.0 ], [ -79.132959468992553, 42.581415819624908, 0.0 ], [ -79.132923137371606, 42.581568914770081, 0.0 ], [ -79.132901380561691, 42.581660593825667, 0.0 ], [ -79.132862247948538, 42.581740672831359, 0.0 ], [ -79.132780320878226, 42.581908323546983, 0.0 ], [ -79.13271902726143, 42.582033750555169, 0.0 ], [ -79.132699116163963, 42.582074495802338, 0.0 ], [ -79.132698893027211, 42.582076058466058, 0.0 ], [ -79.132697814714746, 42.582083610048656, 0.0 ], [ -79.132696118492831, 42.58209549180944, 0.0 ], [ -79.132689456645508, 42.582140521820449, 0.0 ], [ -79.13267911020769, 42.582210453789962, 0.0 ], [ -79.132664481521047, 42.582252073386577, 0.0 ], [ -79.132603853431149, 42.582424563761819, 0.0 ], [ -79.132603644716809, 42.582425157562682, 0.0 ], [ -79.132575870882221, 42.582504174880015, 0.0 ], [ -79.132543225051464, 42.58259705411357, 0.0 ], [ -79.13248259650031, 42.582769544464881, 0.0 ], [ -79.132421967575041, 42.582942034776814, 0.0 ], [ -79.132361338298637, 42.583114525053787, 0.0 ], [ -79.132358812782485, 42.583121710123002, 0.0 ], [ -79.13233549259715, 42.583198571454822, 0.0 ], [ -79.132321801906116, 42.5832436945323, 0.0 ], [ -79.132300019432137, 42.583286552150867, 0.0 ], [ -79.132215206385112, 42.583453423557756, 0.0 ], [ -79.132179368929016, 42.583523934198752, 0.0 ], [ -79.132130392509794, 42.583620294798898, 0.0 ], [ -79.132045577907746, 42.5837871659024, 0.0 ], [ -79.131960762852813, 42.583954036943567, 0.0 ], [ -79.131954820081177, 42.583965729128835, 0.0 ], [ -79.131953169503134, 42.583972686204042, 0.0 ] ] } },
{ "type": "Feature", "properties": { "CalShoreTy": 2, "CalLandcov": 2, "CalSlope": 2, "CalSedi": 2, "CalRetreat": 2 }, "geometry": { "type": "LineString", "coordinates": [ [ -79.125050175872047, 42.591088905200721, 0.0 ], [ -79.12502521025462, 42.591106950833797, 0.0 ], [ -79.125004267828515, 42.59112208841384, 0.0 ] ] } },
{ "type": "Feature", "properties": { "CalShoreTy": 2, "CalLandcov": 1, "CalSlope": 2, "CalSedi": 2, "CalRetreat": 2 }, "geometry": { "type": "LineString", "coordinates": [ [ -79.125772032094488, 42.590697545789574, 0.0 ], [ -79.125753111475888, 42.590707215499968, 0.0 ], [ -79.125554303331029, 42.590808819483172, 0.0 ], [ -79.125552901080326, 42.590809536120858, 0.0 ], [ -79.125358560157594, 42.590913599080473, 0.0 ], [ -79.125162838103279, 42.591018400905718, 0.0 ], [ -79.125104495873359, 42.591049640849803, 0.0 ], [ -79.125104042611582, 42.59104996848319, 0.0 ], [ -79.125050175872047, 42.591088905200721, 0.0 ] ] } },
{ "type": "Feature", "properties": { "CalShoreTy": 2, "CalLandcov": 2, "CalSlope": 2, "CalSedi": 2, "CalRetreat": 2 }, "geometry": { "type": "LineString", "coordinates": [ [ -79.126761706860734, 42.590779947478559, 0.0 ], [ -79.126733115634181, 42.590762269086859, 0.0 ], [ -79.126733006755259, 42.590762201764406, 0.0 ], [ -79.126715031475868, 42.590702414810323, 0.0 ], [ -79.126702525176043, 42.59066081430236, 0.0 ], [ -79.126671403201968, 42.590654545089194, 0.0 ], [ -79.126540380517213, 42.590628151760164, 0.0 ], [ -79.126439634933689, 42.590603472867976, 0.0 ], [ -79.126425247385114, 42.590599948448272, 0.0 ], [ -79.12639641102416, 42.590599728623928, 0.0 ], [ -79.126213793689843, 42.590598330771527, 0.0 ], [ -79.126203231167736, 42.590600263274808, 0.0 ], [ -79.126198748636398, 42.590600577955755, 0.0 ], [ -79.125957826524981, 42.590617490775365, 0.0 ], [ -79.125924033751915, 42.590619862998317, 0.0 ], [ -79.125772032094488, 42.590697545789567, 0.0 ] ] } },
{ "type": "Feature", "properties": { "CalShoreTy": 2, "CalLandcov": 3, "CalSlope": 2, "CalSedi": 2, "CalRetreat": 2 }, "geometry": { "type": "LineString", "coordinates": [ [ -79.127125813987249, 42.59091727532541, 0.0 ], [ -79.12700209494848, 42.590873716197606, 0.0 ], [ -79.12697938734874, 42.590865721347384, 0.0 ], [ -79.126796021911915, 42.59080116439609, 0.0 ], [ -79.126795889554614, 42.590801082559928, 0.0 ], [ -79.1267856146914, 42.590794729638098, 0.0 ], [ -79.126761706859398, 42.590779947479717, 0.0 ] ] } },
{ "type": "Feature", "properties": { "CalShoreTy": 2, "CalLandcov": 2, "CalSlope": 2, "CalSedi": 2, "CalRetreat": 2 }, "geometry": { "type": "LineString", "coordinates": [ [ -79.130083890439096, 42.589908962426861, 0.0 ], [ -79.130057846015077, 42.589947130841139, 0.0 ], [ -79.130057667084444, 42.589947393065913, 0.0 ], [ -79.130044563645995, 42.589966596408722, 0.0 ], [ -79.130020095867451, 42.590002454372815, 0.0 ], [ -79.129936068915981, 42.590125862368112, 0.0 ], [ -79.129926134007803, 42.590140453447738, 0.0 ], [ -79.129854078448076, 42.590261455357108, 0.0 ], [ -79.129846259810648, 42.5902906249148, 0.0 ], [ -79.129817426491826, 42.590398195192165, 0.0 ], [ -79.129799405692282, 42.590465427261385, 0.0 ], [ -79.12978090502169, 42.590534449095841, 0.0 ], [ -79.129712611314645, 42.590587957114934, 0.0 ], [ -79.129711852528089, 42.590622349401684, 0.0 ], [ -79.129708971554265, 42.590752930246751, 0.0 ], [ -79.129707922325494, 42.590800499224343, 0.0 ], [ -79.129707772352475, 42.590807298538515, 0.0 ], [ -79.129598770847323, 42.590867550038659, 0.0 ], [ -79.129521622738295, 42.59091019462339, 0.0 ], [ -79.12952107948928, 42.590910494909757, 0.0 ], [ -79.129338277994734, 42.591026495839309, 0.0 ], [ -79.129206811318468, 42.591109920621186, 0.0 ], [ -79.129173874567286, 42.591154098749286, 0.0 ], [ -79.129156182273903, 42.59117782942517, 0.0 ], [ -79.129114527627848, 42.591233699410893, 0.0 ], [ -79.129024883996323, 42.591289475653554, 0.0 ], [ -79.12902376966592, 42.591289977767737, 0.0 ], [ -79.128913889770899, 42.59133948916034, 0.0 ], [ -79.128824368329575, 42.591322130646716, 0.0 ], [ -79.128817128950999, 42.59132147640932, 0.0 ], [ -79.128803906176273, 42.591320281525675, 0.0 ], [ -79.128735370445725, 42.591314088225303, 0.0 ], [ -79.128731508548228, 42.59131190365742, 0.0 ], [ -79.128691827984781, 42.591289456245036, 0.0 ], [ -79.128639189171324, 42.59126484953574, 0.0 ], [ -79.128614898773051, 42.591253494849013, 0.0 ], [ -79.128588753587309, 42.591248750827297, 0.0 ], [ -79.128542870992675, 42.591240425451517, 0.0 ], [ -79.12840581740528, 42.591222504149243, 0.0 ], [ -79.128350503460325, 42.591218635255103, 0.0 ], [ -79.128219862230949, 42.591209497538088, 0.0 ], [ -79.128112779351312, 42.591188581483223, 0.0 ], [ -79.127932411406263, 42.591153350700793, 0.0 ], [ -79.127877023665093, 42.591154473123687, 0.0 ], [ -79.12777780028334, 42.591156483799253, 0.0 ], [ -79.127644200272073, 42.59111945116048, 0.0 ], [ -79.127510800300982, 42.591082473770321, 0.0 ], [ -79.127427682550888, 42.591042240482423, 0.0 ], [ -79.127313779180028, 42.590987105178684, 0.0 ], [ -79.12722014876951, 42.590950998018634, 0.0 ], [ -79.12720497442416, 42.590945146248664, 0.0 ], [ -79.127125813987007, 42.590917275325779, 0.0 ] ] } },
{ "type": "Feature", "properties": { "CalShoreTy": 1, "CalLandcov": 1, "CalSlope": 2, "CalSedi": 2, "CalRetreat": 2 }, "geometry": { "type": "LineString", "coordinates": [ [ -79.131953169503191, 42.583972686204056, 0.0 ], [ -79.131916098145979, 42.584128946995158, 0.0 ], [ -79.131880809433312, 42.584277692964335, 0.0 ], [ -79.131862440964525, 42.584301263677219, 0.0 ], [ -79.131742008020638, 42.584455804636654, 0.0 ], [ -79.131621574480661, 42.584610345470367, 0.0 ], [ -79.131613373267797, 42.584620869268207, 0.0 ], [ -79.131531440139398, 42.584775563092968, 0.0 ], [ -79.131460323724397, 42.584909833755056, 0.0 ], [ -79.131448028986171, 42.584942662776726, 0.0 ], [ -79.13139359857432, 42.585088000705007, 0.0 ], [ -79.131383702118484, 42.585114425851081, 0.0 ], [ -79.13137230392303, 42.585144860791303, 0.0 ], [ -79.13131103392881, 42.585284350103876, 0.0 ], [ -79.131236569104644, 42.585453878326014, 0.0 ], [ -79.131180194308499, 42.585582221755374, 0.0 ], [ -79.131174856144952, 42.585594372074944, 0.0 ], [ -79.131169889173449, 42.585624666939353, 0.0 ], [ -79.131168583134553, 42.58563263280557, 0.0 ], [ -79.131162932347024, 42.585667100436638, 0.0 ], [ -79.131140886273812, 42.585801556013749, 0.0 ], [ -79.13111513141709, 42.58595863015023, 0.0 ], [ -79.131111722080391, 42.585978430401951, 0.0 ], [ -79.131081286537082, 42.58615518896432, 0.0 ], [ -79.131050850823286, 42.586331947518794, 0.0 ], [ -79.131049915272001, 42.58633738081091, 0.0 ], [ -79.131036825815926, 42.586509808240521, 0.0 ], [ -79.131031565034959, 42.58657910825071, 0.0 ], [ -79.131023320958874, 42.58668770390539, 0.0 ], [ -79.131009815888689, 42.586865599563083, 0.0 ], [ -79.1310085688215, 42.586882026511333, 0.0 ], [ -79.130997174413537, 42.587043529505003, 0.0 ], [ -79.130984620734338, 42.587221462933535, 0.0 ], [ -79.130981945261226, 42.587259384438156, 0.0 ], [ -79.130979526732531, 42.587269404756682, 0.0 ], [ -79.130948627971918, 42.587397422564564, 0.0 ], [ -79.130906286652788, 42.587572847588859, 0.0 ], [ -79.130863945101453, 42.587748272598361, 0.0 ], [ -79.130854174035164, 42.587788754999352, 0.0 ], [ -79.130821603258539, 42.587923697585261, 0.0 ], [ -79.130780747693407, 42.588092963909773, 0.0 ], [ -79.130779508122714, 42.58809809948751, 0.0 ], [ -79.130779128980279, 42.588099100390551, 0.0 ], [ -79.13071411747184, 42.588270724347595, 0.0 ], [ -79.130704647347187, 42.588295724457488, 0.0 ], [ -79.130675208558969, 42.588373441961352, 0.0 ], [ -79.130649972255085, 42.588442523045508, 0.0 ], [ -79.130587116484719, 42.588614581814298, 0.0 ], [ -79.130560561024211, 42.58868727332996, 0.0 ], [ -79.130518613821835, 42.588785428089679, 0.0 ], [ -79.130448885196614, 42.58894858953898, 0.0 ], [ -79.130447775767536, 42.588955668927319, 0.0 ], [ -79.130420037687443, 42.589132668060792, 0.0 ], [ -79.13039422988129, 42.589297349047008, 0.0 ], [ -79.130392299251767, 42.589309667170745, 0.0 ], [ -79.130389938231062, 42.589324731334649, 0.0 ], [ -79.130362332366275, 42.589399957058816, 0.0 ], [ -79.130332189587378, 42.589482098429528, 0.0 ], [ -79.130324378092752, 42.589503385309413, 0.0 ], [ -79.130277824165219, 42.589655700013004, 0.0 ], [ -79.130271368723712, 42.589676820804023, 0.0 ], [ -79.130183616251756, 42.589779919540028, 0.0 ], [ -79.130176752327998, 42.589788464330098, 0.0 ] ] } },
{ "type": "Feature", "properties": { "CalShoreTy": 1, "CalLandcov": 1, "CalSlope": 2, "CalSedi": 2, "CalRetreat": 2 }, "geometry": { "type": "LineString", "coordinates": [ [ -79.120816597777136, 42.596881318018752, 0.0 ], [ -79.120753318926631, 42.597032143832223, 0.0 ], [ -79.120699706975344, 42.597159927892903, 0.0 ], [ -79.120698937660919, 42.597161761549515, 0.0 ], [ -79.120696390105593, 42.597204234745341, 0.0 ], [ -79.120685713579419, 42.597382234640577, 0.0 ], [ -79.120682904216551, 42.597429072391549, 0.0 ], [ -79.120632218128748, 42.597554948947256, 0.0 ], [ -79.120610874988984, 42.597607953488001, 0.0 ], [ -79.120563524326585, 42.597725795911074, 0.0 ], [ -79.120524823313914, 42.597822111452963, 0.0 ], [ -79.120500797659915, 42.597897805608973, 0.0 ], [ -79.120463883601488, 42.598014105028248, 0.0 ], [ -79.1204435476496, 42.598070907155936, 0.0 ], [ -79.120420050303565, 42.598136539514016, 0.0 ], [ -79.120423395920881, 42.598246812014402, 0.0 ], [ -79.120425171377789, 42.598305331425088, 0.0 ], [ -79.120425536946485, 42.598317392363754, 0.0 ], [ -79.120411989386497, 42.598424504495902, 0.0 ], [ -79.120389550937873, 42.598601910558578, 0.0 ], [ -79.120367112363525, 42.598779316617019, 0.0 ], [ -79.120345021713788, 42.5989539708903, 0.0 ], [ -79.120344653995929, 42.5989567212849, 0.0 ], [ -79.120320947325737, 42.599134037965342, 0.0 ], [ -79.120297240513437, 42.599311354640271, 0.0 ], [ -79.120284475248894, 42.599406833160415, 0.0 ], [ -79.120273533468875, 42.599488671303305, 0.0 ], [ -79.1202535685768, 42.59963799768385, 0.0 ], [ -79.120253384300099, 42.599639375966063, 0.0 ], [ -79.120244984919921, 42.599665391938203, 0.0 ], [ -79.120225125328673, 42.599726904308177, 0.0 ], [ -79.120189020222057, 42.599838737410032, 0.0 ], [ -79.120175544072765, 42.599880478754585, 0.0 ], [ -79.120153107945157, 42.600014736242912, 0.0 ], [ -79.120132832420936, 42.600136064209977, 0.0 ], [ -79.120131881055613, 42.600138493884955, 0.0 ], [ -79.120111788739791, 42.600189807247737, 0.0 ], [ -79.120057086189576, 42.600329510550935, 0.0 ] ] } },
{ "type": "Feature", "properties": { "CalShoreTy": 1, "CalLandcov": 1, "CalSlope": 2, "CalSedi": 2, "CalRetreat": 2 }, "geometry": { "type": "LineString", "coordinates": [ [ -79.12114951697319, 42.595904634206342, 0.0 ], [ -79.121119819226365, 42.59599928664818, 0.0 ], [ -79.121078446590147, 42.596131148722584, 0.0 ], [ -79.121077804735506, 42.596133194424951, 0.0 ], [ -79.121067850733041, 42.596173270181289, 0.0 ], [ -79.121024317658296, 42.596348537844079, 0.0 ], [ -79.121001382610714, 42.596440875788907, 0.0 ], [ -79.120967588307451, 42.596521426256459, 0.0 ], [ -79.120896165506352, 42.596691665477941, 0.0 ], [ -79.120885177152928, 42.596717856549652, 0.0 ], [ -79.120869563871224, 42.596755071488502, 0.0 ], [ -79.120824742548052, 42.596861904708568, 0.0 ], [ -79.12081659778066, 42.596881318019555, 0.0 ] ] } },
{ "type": "Feature", "properties": { "CalShoreTy": 1, "CalLandcov": 1, "CalSlope": 2, "CalSedi": 2, "CalRetreat": 2 }, "geometry": { "type": "LineString", "coordinates": [ [ -79.122992732915577, 42.592921643241539, 0.0 ], [ -79.122991296838194, 42.59292328728003, 0.0 ], [ -79.122860391245467, 42.593073149029635, 0.0 ], [ -79.122755228839523, 42.593193539314335, 0.0 ], [ -79.122753922024486, 42.593195035356061, 0.0 ], [ -79.122731857806883, 42.593224059726708, 0.0 ], [ -79.122613661229877, 42.593379540853036, 0.0 ], [ -79.122578894123066, 42.593425274907013, 0.0 ], [ -79.122501279465524, 42.593537310407122, 0.0 ], [ -79.122391320548502, 42.593696033544653, 0.0 ], [ -79.122281361072552, 42.593854756577493, 0.0 ], [ -79.122171401036979, 42.594013479505335, 0.0 ], [ -79.12210495891118, 42.594109385621287, 0.0 ], [ -79.122104702529271, 42.594109800589081, 0.0 ], [ -79.122088425750746, 42.594136145410424, 0.0 ], [ -79.122065301578573, 42.594173572728415, 0.0 ], [ -79.121965096490655, 42.594335758088427, 0.0 ], [ -79.121864890898564, 42.594497943367045, 0.0 ], [ -79.121764684792183, 42.594660128560747, 0.0 ], [ -79.121664478167162, 42.594822313668153, 0.0 ], [ -79.121656354516318, 42.594835461809119, 0.0 ], [ -79.121568954674046, 42.5949767810963, 0.0 ], [ -79.12156396877586, 42.594984395162783, 0.0 ], [ -79.121458869724918, 42.595144893552543, 0.0 ], [ -79.121445934219381, 42.595164647498663, 0.0 ], [ -79.121385863224958, 42.59531450288253, 0.0 ], [ -79.12136841839596, 42.595358021273277, 0.0 ], [ -79.121314323235254, 42.595484709637596, 0.0 ], [ -79.121241745039299, 42.59565468356994, 0.0 ], [ -79.12118969124738, 42.595776589937159, 0.0 ], [ -79.121189340037162, 42.595777709323862, 0.0 ], [ -79.121174287940008, 42.595825683737544, 0.0 ], [ -79.12114951697346, 42.595904634206391, 0.0 ] ] } },
{ "type": "Feature", "properties": { "CalShoreTy": 3, "CalLandcov": 1, "CalSlope": 2, "CalSedi": 2, "CalRetreat": 2 }, "geometry": { "type": "LineString", "coordinates": [ [ -79.124327353338771, 42.591653401479363, 0.0 ], [ -79.124323075848409, 42.591657384030299, 0.0 ], [ -79.124172964477438, 42.591797144551705, 0.0 ], [ -79.124115229305289, 42.591850898474448, 0.0 ], [ -79.124094939476592, 42.591869788682288, 0.0 ], [ -79.124094828091216, 42.591869892384302, 0.0 ], [ -79.124022852476571, 42.59193690490104, 0.0 ], [ -79.123967156584911, 42.59198876013599, 0.0 ], [ -79.123881490792229, 42.59205855233099, 0.0 ], [ -79.123866919979022, 42.592073007240828, 0.0 ], [ -79.123722692554878, 42.59221608693894, 0.0 ], [ -79.123578464469588, 42.592359166456639, 0.0 ], [ -79.123457862414199, 42.59247880744762, 0.0 ], [ -79.123433613700129, 42.592501898927537, 0.0 ], [ -79.123285587155465, 42.592642860635983, 0.0 ], [ -79.12322125597305, 42.592704121236622, 0.0 ], [ -79.123171656280107, 42.59273803389285, 0.0 ], [ -79.123125623769425, 42.592769507105949, 0.0 ], [ -79.123124909449999, 42.592770324875652, 0.0 ], [ -79.123122201353624, 42.592773425167948, 0.0 ], [ -79.122992732915591, 42.592921643241546, 0.0 ] ] } },
{ "type": "Feature", "properties": { "CalShoreTy": 3, "CalLandcov": 2, "CalSlope": 2, "CalSedi": 2, "CalRetreat": 2 }, "geometry": { "type": "LineString", "coordinates": [ [ -79.125004267828515, 42.59112208841384, 0.0 ], [ -79.124983280192154, 42.591137258896687, 0.0 ], [ -79.124898306033984, 42.591198680610034, 0.0 ], [ -79.124810586407449, 42.591262086085578, 0.0 ], [ -79.124722927227666, 42.591325447671601, 0.0 ], [ -79.124640923087526, 42.591389106213612, 0.0 ], [ -79.124474384128618, 42.59151838724285, 0.0 ], [ -79.124462244202562, 42.591527811205374, 0.0 ], [ -79.124460318213451, 42.59152960440413, 0.0 ], [ -79.124327353338771, 42.591653401479363, 0.0 ] ] } },
{ "type": "Feature", "properties": { "CalShoreTy": 2, "CalLandcov": 2, "CalSlope": 2, "CalSedi": 2, "CalRetreat": 2 }, "geometry": { "type": "LineString", "coordinates": [ [ -79.12005708618949, 42.600329510550914, 0.0 ], [ -79.120045897325326, 42.600358085102528, 0.0 ], [ -79.120045755678191, 42.600358446846222, 0.0 ], [ -79.12004560125807, 42.600361113016227, 0.0 ], [ -79.12003529106633, 42.600539124629961, 0.0 ], [ -79.12002498082748, 42.600717136243134, 0.0 ], [ -79.120019949875712, 42.600803997133902, 0.0 ], [ -79.120014670673243, 42.600895147859937, 0.0 ], [ -79.120013778197233, 42.600910557066413, 0.0 ], [ -79.120004361303046, 42.601073159502334, 0.0 ], [ -79.120001878729369, 42.60111602620217, 0.0 ], [ -79.11995886307264, 42.601247535878393, 0.0 ], [ -79.119917808822976, 42.601373048507725, 0.0 ], [ -79.119884892799718, 42.601415724307493, 0.0 ], [ -79.119765384066042, 42.601570667445138, 0.0 ], [ -79.1197336871343, 42.601611762383072, 0.0 ], [ -79.119670639307159, 42.601693504478952, 0.0 ], [ -79.119655075885888, 42.601728602053264, 0.0 ], [ -79.119579967398579, 42.601897981041049, 0.0 ], [ -79.119540944251227, 42.601985982713252, 0.0 ], [ -79.119561145131541, 42.602056324878269, 0.0 ], [ -79.119564996010553, 42.602069734487401, 0.0 ], [ -79.119576046638215, 42.602108214792281, 0.0 ], [ -79.119613057181269, 42.602237085478286, 0.0 ], [ -79.119610838462194, 42.602244019821306, 0.0 ], [ -79.119555347942722, 42.602417448270337, 0.0 ], [ -79.119527848868429, 42.602503392706282, 0.0 ], [ -79.119519507911477, 42.60252946018781, 0.0 ], [ -79.119490290296213, 42.60258877873396, 0.0 ], [ -79.119437566938615, 42.602695819090108, 0.0 ], [ -79.119356793571839, 42.602720346683398, 0.0 ], [ -79.119305625934842, 42.602735884177449, 0.0 ], [ -79.119224585805185, 42.602798857743018, 0.0 ], [ -79.119160420604501, 42.6028172685144, 0.0 ] ] } },
{ "type": "Feature", "properties": { "CalShoreTy": 1, "CalLandcov": 1, "CalSlope": 2, "CalSedi": 2, "CalRetreat": 2 }, "geometry": { "type": "LineString", "coordinates": [ [ -79.130176752328069, 42.589788464330134, 0.0 ], [ -79.130159515893553, 42.589809921817981, 0.0 ], [ -79.130106075775942, 42.58987644884575, 0.0 ], [ -79.130105922164574, 42.58987667397006, 0.0 ], [ -79.130083890439096, 42.589908962426861, 0.0 ] ] } },
{ "type": "Feature", "properties": { "CalShoreTy": 2, "CalLandcov": 2, "CalSlope": 2, "CalSedi": 2, "CalRetreat": 3 }, "geometry": { "type": "LineString", "coordinates": [ [ -79.119160420604501, 42.602817268514393, 0.0 ], [ -79.118939754917477, 42.602880583248783, 0.0 ], [ -79.118934961394373, 42.602882111782669, 0.0 ], [ -79.118712845791251, 42.602952938519316, 0.0 ], [ -79.118535500206136, 42.603009488867379, 0.0 ], [ -79.118492199577759, 42.60302604000632, 0.0 ], [ -79.118315323466078, 42.603093648485356, 0.0 ], [ -79.118276976175125, 42.60310757311084, 0.0 ], [ -79.118082276422811, 42.603178271969185, 0.0 ], [ -79.118058208674029, 42.603183142205822, 0.0 ], [ -79.117967716836048, 42.60320145365344, 0.0 ], [ -79.117827732546516, 42.603230316569267, 0.0 ], [ -79.117824893192122, 42.603230228500166, 0.0 ], [ -79.11761446560277, 42.60322370135534, 0.0 ], [ -79.11758302397331, 42.603224221318307, 0.0 ], [ -79.117369653950476, 42.603227749671568, 0.0 ], [ -79.117341046822247, 42.603226739115236, 0.0 ], [ -79.117169254349946, 42.603220670333201, 0.0 ], [ -79.117099499991454, 42.603225588850137, 0.0 ], [ -79.116893212585353, 42.60324013432524, 0.0 ], [ -79.116892012477763, 42.603240351534858, 0.0 ], [ -79.11685938796451, 42.603246256298199, 0.0 ], [ -79.116787061263722, 42.603259346788015, 0.0 ] ] } },
{ "type": "Feature", "properties": { "CalShoreTy": 2, "CalLandcov": 3, "CalSlope": 2, "CalSedi": 2, "CalRetreat": 3 }, "geometry": { "type": "LineString", "coordinates": [ [ -79.108941704028439, 42.614630262948424, 0.0 ], [ -79.108938543054009, 42.61463264734315, 0.0 ], [ -79.108910331765003, 42.61465392774663, 0.0 ], [ -79.108909398332784, 42.614654631854975, 0.0 ], [ -79.108709228440517, 42.614647993122418, 0.0 ], [ -79.108702528051296, 42.614647770893946, 0.0 ], [ -79.108570716786076, 42.614748860778725, 0.0 ], [ -79.108530895239568, 42.61476432337323, 0.0 ], [ -79.108316764841177, 42.614847469232103, 0.0 ], [ -79.108247148662173, 42.614874500742758, 0.0 ], [ -79.108135560008606, 42.614962339506711, 0.0 ], [ -79.108109260530526, 42.614983041501574, 0.0 ], [ -79.108108600604538, 42.614983560374831, 0.0 ], [ -79.108105698674834, 42.614984889850945, 0.0 ], [ -79.107936563952734, 42.615062355426126, 0.0 ], [ -79.107731011714463, 42.615156500031823, 0.0 ], [ -79.107679663254672, 42.615180017943437, 0.0 ], [ -79.107526128255117, 42.615251429727913, 0.0 ], [ -79.107397519947611, 42.61531124739134, 0.0 ], [ -79.107340185769601, 42.615362271698125, 0.0 ], [ -79.107185896697203, 42.615499580040115, 0.0 ], [ -79.107056745978056, 42.615614516077706, 0.0 ], [ -79.107031018919088, 42.615636523171133, 0.0 ], [ -79.106873119494608, 42.615771590892805, 0.0 ], [ -79.106716077820337, 42.615905924095394, 0.0 ], [ -79.106715811487888, 42.615906872709836, 0.0 ], [ -79.106692690199395, 42.615989225095753, 0.0 ], [ -79.106678368781672, 42.616040231871409, 0.0 ], [ -79.106627325555451, 42.616059014480435, 0.0 ], [ -79.1065979213855, 42.616069834450379, 0.0 ], [ -79.106520144804236, 42.616098454293287, 0.0 ], [ -79.106424451337389, 42.616154476886727, 0.0 ], [ -79.106346983362116, 42.616199829450835, 0.0 ], [ -79.106346595676442, 42.616200306759019, 0.0 ], [ -79.106321329078909, 42.616231414295619, 0.0 ], [ -79.10627355240743, 42.616290235190853, 0.0 ] ] } },
{ "type": "Feature", "properties": { "CalShoreTy": 2, "CalLandcov": 1, "CalSlope": 2, "CalSedi": 2, "CalRetreat": 3 }, "geometry": { "type": "LineString", "coordinates": [ [ -79.114133290286034, 42.605132553723706, 0.0 ], [ -79.114087108043122, 42.605230723427987, 0.0 ], [ -79.114007902898209, 42.605399089425731, 0.0 ], [ -79.11392869723143, 42.605567455345017, 0.0 ], [ -79.113849491098733, 42.605735821199914, 0.0 ], [ -79.113835445964668, 42.605765676369799, 0.0 ], [ -79.113735899936046, 42.605892629580573, 0.0 ], [ -79.113614896790381, 42.606046946706662, 0.0 ], [ -79.113585562401752, 42.606084357156902, 0.0 ], [ -79.113517663170896, 42.606209744207632, 0.0 ], [ -79.113430314946157, 42.60637104620978, 0.0 ], [ -79.113428721474094, 42.606375423020992, 0.0 ], [ -79.113366064011487, 42.606547524548752, 0.0 ], [ -79.11330340620475, 42.60671962604281, 0.0 ], [ -79.113277400244044, 42.606791056032584, 0.0 ], [ -79.1132763036114, 42.606793502982271, 0.0 ], [ -79.113233042055327, 42.606890033644632, 0.0 ], [ -79.113157209823115, 42.607059239345809, 0.0 ], [ -79.113115021067728, 42.607153375422122, 0.0 ] ] } },
{ "type": "Feature", "properties": { "CalShoreTy": 2, "CalLandcov": 2, "CalSlope": 3, "CalSedi": 2, "CalRetreat": 3 }, "geometry": { "type": "LineString", "coordinates": [ [ -79.114689857589141, 42.604339394203684, 0.0 ], [ -79.11466783418409, 42.604401675761025, 0.0 ], [ -79.114590756812035, 42.60445219353948, 0.0 ], [ -79.114484881386176, 42.604521585816642, 0.0 ], [ -79.114464361516482, 42.604593851074917, 0.0 ], [ -79.114414838687239, 42.604768255963755, 0.0 ], [ -79.114406191700297, 42.604798708013483, 0.0 ], [ -79.114405668617621, 42.60479909667427, 0.0 ], [ -79.114317996040199, 42.604864239034669, 0.0 ] ] } },
{ "type": "Feature", "properties": { "CalShoreTy": 2, "CalLandcov": 2, "CalSlope": 2, "CalSedi": 2, "CalRetreat": 3 }, "geometry": { "type": "LineString", "coordinates": [ [ -79.114317996040199, 42.604864239034669, 0.0 ], [ -79.114265577203284, 42.604903186719007, 0.0 ], [ -79.114228622405506, 42.604930644434539, 0.0 ], [ -79.114228088236729, 42.604931041326012, 0.0 ], [ -79.114166312967711, 42.605062357428977, 0.0 ], [ -79.11413329028484, 42.605132553723401, 0.0 ] ] } },
{ "type": "Feature", "properties": { "CalShoreTy": 2, "CalLandcov": 3, "CalSlope": 3, "CalSedi": 2, "CalRetreat": 3 }, "geometry": { "type": "LineString", "coordinates": [ [ -79.114907606607474, 42.603850337449373, 0.0 ], [ -79.114830369345867, 42.60389086994919, 0.0 ], [ -79.114817008496843, 42.603956740788924, 0.0 ], [ -79.114806031571959, 42.604010858443267, 0.0 ], [ -79.114763783866209, 42.604130333817956, 0.0 ], [ -79.1147028110761, 42.604302762410569, 0.0 ], [ -79.114689857587422, 42.604339394203343, 0.0 ] ] } },
{ "type": "Feature", "properties": { "CalShoreTy": 2, "CalLandcov": 2, "CalSlope": 3, "CalSedi": 2, "CalRetreat": 3 }, "geometry": { "type": "LineString", "coordinates": [ [ -79.116787061263608, 42.603259346787681, 0.0 ], [ -79.116624325730101, 42.603288799992733, 0.0 ], [ -79.116513266446347, 42.603308900260011, 0.0 ], [ -79.116510082818209, 42.603309476452999, 0.0 ], [ -79.116386406104041, 42.603319461223506, 0.0 ], [ -79.11614578477527, 42.603338886870922, 0.0 ], [ -79.116027088048014, 42.603348469208512, 0.0 ], [ -79.115946106700449, 42.603362456793533, 0.0 ], [ -79.115908230966085, 42.603370642665816, 0.0 ], [ -79.115738532591322, 42.603407318449626, 0.0 ], [ -79.115676183096113, 42.603421358924649, 0.0 ], [ -79.11554675458656, 42.603450504783822, 0.0 ], [ -79.115457210812792, 42.603493233517604, 0.0 ], [ -79.115329896599789, 42.603553985426082, 0.0 ], [ -79.115312043343565, 42.603619167313738, 0.0 ], [ -79.115297054278912, 42.60367389198408, 0.0 ], [ -79.115170152700287, 42.603739192125417, 0.0 ], [ -79.115164692494659, 42.603746544307505, 0.0 ], [ -79.11515099560259, 42.603764987197863, 0.0 ], [ -79.1149558478605, 42.603828748295086, 0.0 ], [ -79.114937031121684, 42.603834896308697, 0.0 ], [ -79.11490760660746, 42.603850337449359, 0.0 ] ] } },
{ "type": "Feature", "properties": { "CalShoreTy": 1, "CalLandcov": 1, "CalSlope": 2, "CalSedi": 2, "CalRetreat": 3 }, "geometry": { "type": "LineString", "coordinates": [ [ -79.113115021067117, 42.607153375421973, 0.0 ], [ -79.11308137717009, 42.607228444994846, 0.0 ], [ -79.113005544057302, 42.607397650582264, 0.0 ], [ -79.112999710783285, 42.607410666518355, 0.0 ], [ -79.11292971034338, 42.607566856073326, 0.0 ], [ -79.112906802565234, 42.60761796935315, 0.0 ], [ -79.112906282574457, 42.607619129587498, 0.0 ], [ -79.112868898182299, 42.60773914519482, 0.0 ], [ -79.112814801138413, 42.607912812818086, 0.0 ], [ -79.112760703795431, 42.608086480416326, 0.0 ], [ -79.112706606151889, 42.608260147989277, 0.0 ], [ -79.11265250820712, 42.608433815536827, 0.0 ], [ -79.112598409960825, 42.608607483058989, 0.0 ], [ -79.112565564849703, 42.608712922756524, 0.0 ], [ -79.112537645878362, 42.608779836799094, 0.0 ], [ -79.11246658047429, 42.608950160213205, 0.0 ], [ -79.112426308334804, 42.609046680560873, 0.0 ], [ -79.112390092016057, 42.609119137817636, 0.0 ], [ -79.112312332175961, 42.609274709747943, 0.0 ], [ -79.112307364142083, 42.60928656741762, 0.0 ], [ -79.112236028708907, 42.609456829806838, 0.0 ], [ -79.112223156452444, 42.609487553018937, 0.0 ], [ -79.112161044022429, 42.609626235578553, 0.0 ], [ -79.112085255534623, 42.609795452704155, 0.0 ], [ -79.112071338491219, 42.60982652594587, 0.0 ], [ -79.112006070572463, 42.609963820668419, 0.0 ], [ -79.111969170817616, 42.610041441059366, 0.0 ], [ -79.111935380538398, 42.610112520601774, 0.0 ], [ -79.111930226903311, 42.610132803723666, 0.0 ], [ -79.11188572698687, 42.610307941129143, 0.0 ], [ -79.111868795323531, 42.610374578464651, 0.0 ], [ -79.111834151391577, 42.610478493628328, 0.0 ], [ -79.11183413368677, 42.610478546736793, 0.0 ], [ -79.111833055960545, 42.610481779551428, 0.0 ], [ -79.111830557930176, 42.610489272809545, 0.0 ] ] } },
{ "type": "Feature", "properties": { "CalShoreTy": 3, "CalLandcov": 3, "CalSlope": 2, "CalSedi": 2, "CalRetreat": 3 }, "geometry": { "type": "LineString", "coordinates": [ [ -79.110923048097675, 42.613395260995148, 0.0 ], [ -79.110911821793295, 42.613421461693711, 0.0 ], [ -79.110885068818561, 42.613476530567745, 0.0 ], [ -79.110853354626656, 42.613541811576596, 0.0 ], [ -79.110840261373667, 42.613650229695985, 0.0 ], [ -79.110839023154625, 42.613660482692339, 0.0 ], [ -79.110837807648679, 42.613670554127651, 0.0 ], [ -79.110816039193409, 42.613686591706163, 0.0 ], [ -79.110727827830246, 42.613751579057841, 0.0 ], [ -79.110673660137806, 42.613768338843528, 0.0 ], [ -79.110450477395915, 42.613837392458926, 0.0 ], [ -79.110417289506941, 42.613847660870924, 0.0 ], [ -79.110316182846674, 42.61392936029101, 0.0 ], [ -79.110269937353848, 42.613952533377315, 0.0 ], [ -79.11006981624935, 42.614052811352231, 0.0 ], [ -79.109869694500475, 42.614153088978853, 0.0 ], [ -79.109723331821428, 42.614226428418036, 0.0 ], [ -79.10966535421332, 42.614248117058786, 0.0 ], [ -79.109449529955981, 42.614328853607915, 0.0 ], [ -79.109304360004089, 42.614383159116741, 0.0 ], [ -79.109265990162129, 42.614434197313429, 0.0 ], [ -79.109170701742158, 42.614560946154477, 0.0 ], [ -79.109148783430484, 42.614590100266987, 0.0 ], [ -79.109144220950483, 42.614596168934092, 0.0 ], [ -79.109117431221094, 42.614594380624339, 0.0 ], [ -79.10911732624281, 42.614594373623724, 0.0 ], [ -79.109097963680156, 42.614593082403083, 0.0 ], [ -79.109000210667432, 42.614586561995878, 0.0 ], [ -79.108999684290836, 42.614586526884814, 0.0 ], [ -79.108998002904499, 42.614587795200805, 0.0 ], [ -79.108941704028439, 42.614630262948424, 0.0 ] ] } },
{ "type": "Feature", "properties": { "CalShoreTy": 2, "CalLandcov": 3, "CalSlope": 2, "CalSedi": 2, "CalRetreat": 3 }, "geometry": { "type": "LineString", "coordinates": [ [ -79.111145808343977, 42.613149133861896, 0.0 ], [ -79.111143873772193, 42.613175957102861, 0.0 ], [ -79.11112380569179, 42.613182739406902, 0.0 ], [ -79.111087276623522, 42.613195085279308, 0.0 ], [ -79.110970348915316, 42.613234603680766, 0.0 ], [ -79.110924903835325, 42.613279116703715, 0.0 ], [ -79.110932737782079, 42.613306316050625, 0.0 ], [ -79.11094416273194, 42.613345983264615, 0.0 ], [ -79.110923048097675, 42.613395260995148, 0.0 ] ] } },
{ "type": "Feature", "properties": { "CalShoreTy": 2, "CalLandcov": 1, "CalSlope": 2, "CalSedi": 2, "CalRetreat": 3 }, "geometry": { "type": "LineString", "coordinates": [ [ -79.111830557926396, 42.610489272808856, 0.0 ], [ -79.111815014655477, 42.610535893458568, 0.0 ], [ -79.111814937062377, 42.610536126191981, 0.0 ], [ -79.111774245563439, 42.610654614729548, 0.0 ], [ -79.111733759487734, 42.610772504638391, 0.0 ], [ -79.111726135651608, 42.610828801895543, 0.0 ], [ -79.111702126088261, 42.611006096827126, 0.0 ], [ -79.11167811639038, 42.611183391753869, 0.0 ], [ -79.111663248759001, 42.611293178366516, 0.0 ], [ -79.111652757608979, 42.611360580345426, 0.0 ], [ -79.111625204928501, 42.611537596009534, 0.0 ], [ -79.111619061943273, 42.611577062251797, 0.0 ], [ -79.111589777222008, 42.611671023606924, 0.0 ], [ -79.111586415898387, 42.611712998286791, 0.0 ], [ -79.111581001637262, 42.611780608987225, 0.0 ], [ -79.111560541700015, 42.611890023025808, 0.0 ], [ -79.111552369022931, 42.611933728112852, 0.0 ], [ -79.111480681141998, 42.612056965971732, 0.0 ], [ -79.111476946574342, 42.612063386010561, 0.0 ], [ -79.11140373642003, 42.612154578022057, 0.0 ], [ -79.111409686982569, 42.612204966226507, 0.0 ], [ -79.111409704496012, 42.612219658156157, 0.0 ], [ -79.111409800108731, 42.612299868735242, 0.0 ], [ -79.11134286133526, 42.612377897860583, 0.0 ], [ -79.111342384313588, 42.612383570496533, 0.0 ], [ -79.111333819202713, 42.612485424635615, 0.0 ], [ -79.111339956158403, 42.612561414846958, 0.0 ], [ -79.111342627493286, 42.612594492317093, 0.0 ], [ -79.111272967084105, 42.612687719577053, 0.0 ], [ -79.111272962734404, 42.612687749664751, 0.0 ], [ -79.111271352299184, 42.612698889349218, 0.0 ], [ -79.111267410746663, 42.612726146635609, 0.0 ], [ -79.111249431143293, 42.612850487287965, 0.0 ], [ -79.111249372747309, 42.612850891130208, 0.0 ], [ -79.111215237243798, 42.612897245869526, 0.0 ], [ -79.11120096884919, 42.612916621792273, 0.0 ], [ -79.111218991670654, 42.612964250886947, 0.0 ], [ -79.111236601873287, 42.613010788960104, 0.0 ], [ -79.111197234405992, 42.61303858141337, 0.0 ], [ -79.111180748757619, 42.613052031674101, 0.0 ], [ -79.111180636475879, 42.613052123288931, 0.0 ], [ -79.11115106514363, 42.613076251363523, 0.0 ], [ -79.111147269246274, 42.613128880216273, 0.0 ], [ -79.111145808343977, 42.613149133861896, 0.0 ] ] } },
{ "type": "Feature", "properties": { "CalShoreTy": 1, "CalLandcov": 1, "CalSlope": 1, "CalSedi": 1, "CalRetreat": 1 }, "geometry": { "type": "LineString", "coordinates": [ [ -79.14294507223849, 42.558786986206954, 0.0 ], [ -79.142906245355164, 42.558849261685161, 0.0 ], [ -79.142805295506847, 42.559011177223319, 0.0 ], [ -79.142773874481918, 42.559061573843849, 0.0 ], [ -79.142705757162261, 42.559173564467272, 0.0 ], [ -79.142606856426653, 42.559336164839706, 0.0 ], [ -79.142507955176583, 42.559498765127259, 0.0 ], [ -79.142490803667513, 42.559526963262272, 0.0 ], [ -79.142383212400503, 42.559651097785355, 0.0 ], [ -79.142318523519194, 42.559725732955421, 0.0 ] ] } },
{ "type": "Feature", "properties": { "CalShoreTy": 1, "CalLandcov": 1, "CalSlope": 2, "CalSedi": 1, "CalRetreat": 1 }, "geometry": { "type": "LineString", "coordinates": [ [ -79.150769310839962, 42.552930551450565, 0.0 ], [ -79.150670215102039, 42.552968413255066, 0.0 ], [ -79.150580465157674, 42.553002704188692, 0.0 ], [ -79.150555690653789, 42.553013996785765, 0.0 ], [ -79.150350011567042, 42.553107748082773, 0.0 ], [ -79.150144331862393, 42.553201499012182, 0.0 ], [ -79.149938651539941, 42.553295249573765, 0.0 ], [ -79.149732970599572, 42.553388999767506, 0.0 ], [ -79.149583335179955, 42.553457203779985, 0.0 ], [ -79.149527120652522, 42.553482548023403, 0.0 ], [ -79.149320820515101, 42.553575557745766, 0.0 ], [ -79.149114519762762, 42.553668567097994, 0.0 ], [ -79.149020198974611, 42.553711090795176, 0.0 ], [ -79.148918505461424, 42.553772258912019, 0.0 ], [ -79.148731155265793, 42.55388494852631, 0.0 ], [ -79.148543804394137, 42.553997637835906, 0.0 ], [ -79.14835645284613, 42.554110326840565, 0.0 ], [ -79.148169100621701, 42.554223015540039, 0.0 ], [ -79.147981747720621, 42.55433570393442, 0.0 ], [ -79.147794394142949, 42.554448392023538, 0.0 ], [ -79.147663048512726, 42.554527392427538, 0.0 ], [ -79.147639362233406, 42.554546469713941, 0.0 ], [ -79.147614248664027, 42.554566696604674, 0.0 ], [ -79.147451007855452, 42.554698172917185, 0.0 ], [ -79.147287766354111, 42.554829648994762, 0.0 ], [ -79.147216113216132, 42.554887358784185, 0.0 ], [ -79.147128003487737, 42.554963389668266, 0.0 ], [ -79.147035659054936, 42.55504307445392, 0.0 ], [ -79.146970962271041, 42.555098902189485, 0.0 ], [ -79.146968105724895, 42.555101367137844, 0.0 ], [ -79.146825460499301, 42.555241225353534, 0.0 ], [ -79.146762709780702, 42.555302749789718, 0.0 ], [ -79.146680172685109, 42.555383674969782, 0.0 ], [ -79.146612138623595, 42.555450380150155, 0.0 ], [ -79.146532577707717, 42.55552481758383, 0.0 ], [ -79.146382950269214, 42.555664808838678, 0.0 ], [ -79.14623332216064, 42.555804799899676, 0.0 ], [ -79.146083693381314, 42.555944790766318, 0.0 ], [ -79.145934063930937, 42.556084781438372, 0.0 ], [ -79.145784433809183, 42.556224771915851, 0.0 ], [ -79.145690698017347, 42.556312468532035, 0.0 ], [ -79.145631687955245, 42.556362871030892, 0.0 ], [ -79.145473717466714, 42.556497798449527, 0.0 ], [ -79.145315746291857, 42.556632725649003, 0.0 ], [ -79.145279291509112, 42.556663862408037, 0.0 ], [ -79.145157774530716, 42.556767652693424, 0.0 ], [ -79.144999802093835, 42.556902579525598, 0.0 ], [ -79.144841828943726, 42.557037506121667, 0.0 ], [ -79.144683855098052, 42.557172432492663, 0.0 ], [ -79.144552731874114, 42.557284424978036, 0.0 ], [ -79.144524991160623, 42.55730677689774, 0.0 ], [ -79.144361783296517, 42.557438280227665, 0.0 ], [ -79.144198574745928, 42.55756978332689, 0.0 ], [ -79.144035365508032, 42.557701286194884, 0.0 ], [ -79.143872155582528, 42.55783278883149, 0.0 ], [ -79.143708944969148, 42.557964291236509, 0.0 ], [ -79.143545733667793, 42.558095793409841, 0.0 ], [ -79.143524914386276, 42.558112567808116, 0.0 ], [ -79.143399372841671, 42.558237516197401, 0.0 ], [ -79.143336963771418, 42.55829963016064, 0.0 ], [ -79.14326267502247, 42.558384401780955, 0.0 ], [ -79.143145951602762, 42.558517595456678, 0.0 ], [ -79.143132888259984, 42.558534717569827, 0.0 ], [ -79.143014381714423, 42.558690043500576, 0.0 ], [ -79.142965873142572, 42.558753623181723, 0.0 ], [ -79.142945072238462, 42.55878698620694, 0.0 ] ] } },
{ "type": "Feature", "properties": { "CalShoreTy": 1, "CalLandcov": 1, "CalSlope": 1, "CalSedi": 1, "CalRetreat": 1 }, "geometry": { "type": "LineString", "coordinates": [ [ -79.141721351298543, 42.560392786192267, 0.0 ], [ -79.141718896652918, 42.56039545580817, 0.0 ], [ -79.141596799639586, 42.56052824534445, 0.0 ], [ -79.141582229575747, 42.560542441397956, 0.0 ], [ -79.141481817994531, 42.560640275202225, 0.0 ], [ -79.141442670002249, 42.560687731502298, 0.0 ], [ -79.141349724417978, 42.56080040241477, 0.0 ], [ -79.14132329654457, 42.560842449505323, 0.0 ], [ -79.141221670909303, 42.561004136626238, 0.0 ], [ -79.141210616376, 42.561021724411518, 0.0 ], [ -79.141210196528007, 42.561022589381281, 0.0 ], [ -79.141138038898148, 42.561171247967906, 0.0 ], [ -79.141056602391387, 42.561339021070246, 0.0 ], [ -79.140975165487859, 42.561506794199239, 0.0 ], [ -79.140893728178597, 42.561674567279141, 0.0 ], [ -79.140812290445382, 42.561842340305034, 0.0 ], [ -79.140730852280171, 42.562010113274908, 0.0 ], [ -79.140649413679455, 42.562177886187719, 0.0 ], [ -79.140590686140172, 42.562298871099372, 0.0 ], [ -79.140586788330893, 42.562306900976203, 0.0 ], [ -79.14056540783406, 42.56234493015215, 0.0 ], [ -79.140472857339091, 42.562509547775647, 0.0 ], [ -79.140380306357429, 42.56267416532517, 0.0 ], [ -79.140321558186457, 42.562778658377653, 0.0 ], [ -79.140286672385031, 42.56283844641213, 0.0 ], [ -79.140206597762017, 42.562975679541843, 0.0 ], [ -79.140186909293604, 42.56300056653194, 0.0 ], [ -79.140065120049158, 42.563154512353798, 0.0 ], [ -79.13999856112379, 42.563238644763878, 0.0 ], [ -79.139939092014913, 42.563306543106648, 0.0 ], [ -79.13987151006701, 42.563383703994873, 0.0 ], [ -79.139799455021105, 42.56345182067723, 0.0 ], [ -79.139692095261523, 42.563553312037037, 0.0 ], [ -79.13965077743913, 42.563592370831898, 0.0 ], [ -79.139632329959994, 42.563609809683946, 0.0 ], [ -79.13960432331902, 42.563651395960356, 0.0 ] ] } },
{ "type": "Feature", "properties": { "CalShoreTy": 1, "CalLandcov": 1, "CalSlope": 2, "CalSedi": 1, "CalRetreat": 1 }, "geometry": { "type": "LineString", "coordinates": [ [ -79.139604323319034, 42.563651395960356, 0.0 ], [ -79.13953817289179, 42.563749621616289, 0.0 ], [ -79.139500155506809, 42.563806072833302, 0.0 ], [ -79.139445394041104, 42.563913937911764, 0.0 ], [ -79.139425954170136, 42.563952229032019, 0.0 ], [ -79.139360667521785, 42.564080825900753, 0.0 ], [ -79.139275940651416, 42.564247713855558, 0.0 ], [ -79.139194125618744, 42.564408865408041, 0.0 ], [ -79.139191199355196, 42.564414597889261, 0.0 ], [ -79.139106065049432, 42.564581373454175, 0.0 ] ] } },
{ "type": "Feature", "properties": { "CalShoreTy": 3, "CalLandcov": 3, "CalSlope": 1, "CalSedi": 1, "CalRetreat": 1 }, "geometry": { "type": "LineString", "coordinates": [ [ -79.142318523519805, 42.559725732955712, 0.0 ], [ -79.142253047552359, 42.559801276173957, 0.0 ], [ -79.142122882197015, 42.559951454471801, 0.0 ], [ -79.142052823339796, 42.560032284475319, 0.0 ], [ -79.141990186579335, 42.560100407233648, 0.0 ], [ -79.141854541949087, 42.560247931607073, 0.0 ], [ -79.141721351297889, 42.56039278619194, 0.0 ] ] } },
{ "type": "Feature", "properties": { "CalShoreTy": 1, "CalLandcov": 1, "CalSlope": 2, "CalSedi": 1, "CalRetreat": 1 }, "geometry": { "type": "LineString", "coordinates": [ [ -79.138845469957914, 42.565080214300146, 0.0 ], [ -79.138755697851337, 42.565245665658352, 0.0 ], [ -79.138692054836397, 42.565362960130102, 0.0 ], [ -79.138666551555062, 42.565411298725969, 0.0 ], [ -79.138585997381995, 42.565563979550866, 0.0 ], [ -79.138580447251499, 42.565577756592724, 0.0 ], [ -79.138511634295, 42.565748569869335, 0.0 ], [ -79.138442820969843, 42.565919383106603, 0.0 ], [ -79.138374007266151, 42.566090196302383, 0.0 ], [ -79.138321073252726, 42.566221591336372, 0.0 ], [ -79.138305193212631, 42.56626100946292, 0.0 ], [ -79.138236378793295, 42.566431822584732, 0.0 ], [ -79.138167563982648, 42.566602635662136, 0.0 ], [ -79.138145716427303, 42.566656865757352, 0.0 ], [ -79.138099839615847, 42.56677368406239, 0.0 ], [ -79.138070485971213, 42.566848428402125, 0.0 ], [ -79.138032623124076, 42.566944842083672, 0.0 ], [ -79.138013754673338, 42.56699288845325, 0.0 ], [ -79.137974995721862, 42.56711782664825, 0.0 ], [ -79.137924713602857, 42.56727990862818, 0.0 ], [ -79.137921718777847, 42.567291617367637, 0.0 ], [ -79.137876933696646, 42.56746671112883, 0.0 ], [ -79.137840823468409, 42.567607888571281, 0.0 ], [ -79.137831808994093, 42.567641756834874, 0.0 ], [ -79.137785271392715, 42.567816602564285, 0.0 ], [ -79.137738733532373, 42.567991448275045, 0.0 ], [ -79.13773498679673, 42.568005524954529, 0.0 ], [ -79.137704175855561, 42.568167774614594, 0.0 ], [ -79.137670666977456, 42.568344230587364, 0.0 ], [ -79.137664806895032, 42.568375089364579, 0.0 ], [ -79.137625244717867, 42.568519187424869, 0.0 ], [ -79.137606784869618, 42.568586423843314, 0.0 ], [ -79.137577296115452, 42.568693826341693, 0.0 ], [ -79.137569802734859, 42.56872111830404, 0.0 ], [ -79.137548350105462, 42.568870614771917, 0.0 ], [ -79.137544438431831, 42.568897873875073, 0.0 ] ] } },
{ "type": "Feature", "properties": { "CalShoreTy": 1, "CalLandcov": 1, "CalSlope": 2, "CalSedi": 1, "CalRetreat": 1 }, "geometry": { "type": "LineString", "coordinates": [ [ -79.137598832956968, 42.5716649429109, 0.0 ], [ -79.137570819812311, 42.571652424077755, 0.0 ], [ -79.137565298336042, 42.571649956576152, 0.0 ], [ -79.13756514664982, 42.571649888788826, 0.0 ], [ -79.137398616268655, 42.57177231442914, 0.0 ], [ -79.137290723517495, 42.571851631936923, 0.0 ], [ -79.137217495910861, 42.571889515953991, 0.0 ], [ -79.137086849119896, 42.571957105329943, 0.0 ], [ -79.137085396778161, 42.571958134319118, 0.0 ], [ -79.137027555108389, 42.571999115301224, 0.0 ], [ -79.136866613373385, 42.572113142530178, 0.0 ], [ -79.136853201467673, 42.572122644629346, 0.0 ], [ -79.136816421393007, 42.572148703052093, 0.0 ], [ -79.13681609308577, 42.572148935654333, 0.0 ], [ -79.136698196329704, 42.572259083637455, 0.0 ], [ -79.136548422225985, 42.57239901309287, 0.0 ], [ -79.136398647450818, 42.572538942353546, 0.0 ], [ -79.136248872003691, 42.572678871419257, 0.0 ], [ -79.136229119524998, 42.572697325288573, 0.0 ], [ -79.136112103507287, 42.572823542203146, 0.0 ], [ -79.136111114339911, 42.572825240106532, 0.0 ], [ -79.136015721928942, 42.572988980344277, 0.0 ], [ -79.135920329019172, 42.573152720503664, 0.0 ], [ -79.135824935609307, 42.573316460584174, 0.0 ], [ -79.135794522621538, 42.573368663415827, 0.0 ], [ -79.135746281041719, 42.573484716625799, 0.0 ] ] } },
{ "type": "Feature", "properties": { "CalShoreTy": 3, "CalLandcov": 1, "CalSlope": 2, "CalSedi": 1, "CalRetreat": 1 }, "geometry": { "type": "LineString", "coordinates": [ [ -79.13693575736913, 42.571256673157279, 0.0 ], [ -79.137051283516527, 42.571306020995685, 0.0 ], [ -79.13726056667376, 42.571395417120527, 0.0 ], [ -79.137469850480983, 42.571484812800492, 0.0 ], [ -79.137679134905653, 42.571574208077237, 0.0 ], [ -79.137888419933901, 42.5716636029683, 0.0 ], [ -79.138097705553037, 42.571752997490357, 0.0 ], [ -79.138288269404683, 42.571834394657145, 0.0 ], [ -79.138306991651774, 42.571842391784308, 0.0 ], [ -79.138328065644544, 42.571851393442536, 0.0 ], [ -79.138238872839594, 42.57195096305027, 0.0 ], [ -79.138236077664274, 42.571949713959668, 0.0 ], [ -79.138191335757426, 42.571929719957943, 0.0 ], [ -79.137984496455189, 42.571837288419907, 0.0 ], [ -79.137777657774777, 42.571744856498853, 0.0 ], [ -79.137598832950701, 42.571664942918567, 0.0 ] ] } },
{ "type": "Feature", "properties": { "CalShoreTy": 3, "CalLandcov": 1, "CalSlope": 1, "CalSedi": 1, "CalRetreat": 1 }, "geometry": { "type": "LineString", "coordinates": [ [ -79.137391705398628, 42.56933720118068, 0.0 ], [ -79.137372023780614, 42.569348816627553, 0.0 ], [ -79.137322049456856, 42.569378309803419, 0.0 ], [ -79.137321188715845, 42.569378817783566, 0.0 ], [ -79.137229673780794, 42.569490213807612, 0.0 ], [ -79.137104436548569, 42.569642657340815, 0.0 ], [ -79.136979198704907, 42.56979510073792, 0.0 ], [ -79.136928641968453, 42.569856639718509, 0.0 ], [ -79.136853960578804, 42.569947544145684, 0.0 ], [ -79.136728722065428, 42.57009998751716, 0.0 ], [ -79.136603482940615, 42.570252430752589, 0.0 ], [ -79.136563752036167, 42.570300791713478, 0.0 ], [ -79.136478242612341, 42.570404873588288, 0.0 ], [ -79.136414033432771, 42.570483028583155, 0.0 ], [ -79.136372592925326, 42.570564314908111, 0.0 ], [ -79.136299679090129, 42.570707336198424, 0.0 ] ] } },
{ "type": "Feature", "properties": { "CalShoreTy": 3, "CalLandcov": 1, "CalSlope": 1, "CalSedi": 1, "CalRetreat": 1 }, "geometry": { "type": "LineString", "coordinates": [ [ -79.137525174308777, 42.56913488285609, 0.0 ], [ -79.137527584164573, 42.569225939124941, 0.0 ], [ -79.137528381010853, 42.569256047856996, 0.0 ], [ -79.137528393810726, 42.569256531498255, 0.0 ], [ -79.137526687369601, 42.569257538594414, 0.0 ], [ -79.137391705398628, 42.56933720118068, 0.0 ] ] } },
{ "type": "Feature", "properties": { "CalShoreTy": 3, "CalLandcov": 2, "CalSlope": 1, "CalSedi": 1, "CalRetreat": 1 }, "geometry": { "type": "LineString", "coordinates": [ [ -79.136299679090428, 42.57070733619851, 0.0 ], [ -79.136287554357651, 42.570731119285014, 0.0 ], [ -79.13627530382081, 42.570755149119762, 0.0 ], [ -79.136299705396866, 42.570906592371628, 0.0 ], [ -79.136308123275327, 42.570958835990993, 0.0 ], [ -79.136300605775972, 42.570970148142919, 0.0 ], [ -79.136424109673413, 42.571037151958471, 0.0 ], [ -79.13643084085416, 42.571040803776349, 0.0 ], [ -79.136443819135891, 42.571046360609472, 0.0 ], [ -79.136443955194224, 42.571046595821265, 0.0 ], [ -79.136632718608055, 42.571127228107009, 0.0 ], [ -79.136745408470716, 42.571175364523789, 0.0 ] ] } },
{ "type": "Feature", "properties": { "CalShoreTy": 3, "CalLandcov": 2, "CalSlope": 2, "CalSedi": 1, "CalRetreat": 1 }, "geometry": { "type": "LineString", "coordinates": [ [ -79.136745408470716, 42.571175364523789, 0.0 ], [ -79.136842000876186, 42.571216624596197, 0.0 ], [ -79.136935757369699, 42.571256673156519, 0.0 ] ] } },
{ "type": "Feature", "properties": { "CalShoreTy": 1, "CalLandcov": 1, "CalSlope": 1, "CalSedi": 1, "CalRetreat": 1 }, "geometry": { "type": "LineString", "coordinates": [ [ -79.137544438433679, 42.568897873875216, 0.0 ], [ -79.137522924075142, 42.56904780137598, 0.0 ], [ -79.137522877880272, 42.569048123290933, 0.0 ], [ -79.137522886965954, 42.569048466550029, 0.0 ], [ -79.137525174308777, 42.56913488285609, 0.0 ] ] } },
{ "type": "Feature", "properties": { "CalShoreTy": 1, "CalLandcov": 1, "CalSlope": 2, "CalSedi": 3, "CalRetreat": 1 }, "geometry": { "type": "LineString", "coordinates": [ [ -79.139106065049432, 42.564581373454175, 0.0 ], [ -79.139024095111182, 42.564741949220803, 0.0 ], [ -79.139020946452831, 42.564748153419181, 0.0 ], [ -79.138953023315366, 42.564881990584496, 0.0 ], [ -79.138935241591099, 42.564914762872682, 0.0 ], [ -79.138845469957914, 42.565080214300146, 0.0 ] ] } },
{ "type": "Feature", "properties": { "CalShoreTy": 1, "CalLandcov": 1, "CalSlope": 2, "CalSedi": 2, "CalRetreat": 2 }, "geometry": { "type": "LineString", "coordinates": [ [ -79.151843526585779, 42.552529693394156, 0.0 ], [ -79.151631853149709, 42.55260783657932, 0.0 ], [ -79.151415618587521, 42.552687662986031, 0.0 ], [ -79.151399011422711, 42.552693793755985, 0.0 ], [ -79.151253038793129, 42.552745730179993, 0.0 ], [ -79.151198724742201, 42.552766482480216, 0.0 ], [ -79.150984018073558, 42.552848517166211, 0.0 ], [ -79.150769310839976, 42.552930551450594, 0.0 ] ] } },
{ "type": "Feature", "properties": { "CalShoreTy": 2, "CalLandcov": 2, "CalSlope": 2, "CalSedi": 2, "CalRetreat": 2 }, "geometry": { "type": "LineString", "coordinates": [ [ -79.202804017976831, 42.542995231004952, 0.0 ], [ -79.202670462775174, 42.543027509247963, 0.0 ], [ -79.20257228605719, 42.543045818656793, 0.0 ], [ -79.202543194702329, 42.543051244012581, 0.0 ], [ -79.202412034016845, 42.543155778471871, 0.0 ], [ -79.202399406362431, 42.54316584270385, 0.0 ], [ -79.202372881692071, 42.543186982725636, 0.0 ], [ -79.202303900579551, 42.543234986076016, 0.0 ], [ -79.20223183756292, 42.543294124367286, 0.0 ], [ -79.202151939332254, 42.543359692417106, 0.0 ], [ -79.202142483870801, 42.543368509432746, 0.0 ], [ -79.202092930078678, 42.543414713429343, 0.0 ], [ -79.202074589423987, 42.543429366711045, 0.0 ], [ -79.201910646744153, 42.543560348411376, 0.0 ], [ -79.201889878179088, 42.543576941361124, 0.0 ], [ -79.201852259638159, 42.54357178419626, 0.0 ], [ -79.201772030252059, 42.543560784657231, 0.0 ], [ -79.201707036509177, 42.543589521900458, 0.0 ], [ -79.201705894161464, 42.54358899240286, 0.0 ], [ -79.201692843114031, 42.543593071507857, 0.0 ], [ -79.201660354940785, 42.543603225674964, 0.0 ], [ -79.201572070461879, 42.543630820031389, 0.0 ], [ -79.201499145444956, 42.543670863256843, 0.0 ], [ -79.201485437107436, 42.543681277842154, 0.0 ], [ -79.20131707895915, 42.543809183537, 0.0 ], [ -79.201148720121793, 42.543937088985878, 0.0 ], [ -79.201046110071374, 42.544015043437177, 0.0 ], [ -79.200980360660722, 42.54406499423559, 0.0 ], [ -79.200812000613695, 42.544192899313138, 0.0 ], [ -79.200648024987998, 42.544317472753804, 0.0 ], [ -79.200645666418438, 42.544321775817906, 0.0 ], [ -79.200603845002618, 42.544398076269943, 0.0 ], [ -79.200557039641893, 42.54448346445286, 0.0 ], [ -79.20055395187967, 42.544486505607772, 0.0 ], [ -79.200485646918182, 42.544553779438196, 0.0 ], [ -79.200361400450504, 42.544570225803831, 0.0 ], [ -79.200361109848203, 42.544570264279834, 0.0 ], [ -79.200359875689145, 42.544570494158798, 0.0 ], [ -79.200247076596725, 42.544591504393665, 0.0 ], [ -79.20013858528408, 42.544637966283901, 0.0 ], [ -79.200086110781825, 42.544660438661552, 0.0 ], [ -79.200007697469303, 42.544736467351505, 0.0 ], [ -79.199976517333212, 42.54476669796518, 0.0 ], [ -79.199944672396242, 42.544797573093632, 0.0 ], [ -79.199880258326814, 42.544799938999979, 0.0 ], [ -79.199838619072978, 42.544801467525389, 0.0 ], [ -79.199785297250671, 42.544837824702732, 0.0 ], [ -79.199777690074882, 42.544843012080655, 0.0 ], [ -79.199748611726562, 42.544862840760352, 0.0 ], [ -79.199748246088319, 42.544862950335926, 0.0 ], [ -79.199716385688077, 42.544872498352099, 0.0 ], [ -79.199561298898956, 42.54491897421746, 0.0 ], [ -79.199420077036393, 42.544961294914494, 0.0 ], [ -79.199416723915562, 42.544962299758197, 0.0 ], [ -79.199342482777581, 42.544993929451373, 0.0 ], [ -79.199133128175134, 42.545083122449618, 0.0 ], [ -79.199092723748876, 42.54510033619303, 0.0 ], [ -79.198912071539922, 42.545154746346945, 0.0 ], [ -79.198688216018553, 42.545222168264402, 0.0 ], [ -79.198594672801732, 42.545250341901692, 0.0 ], [ -79.198466692672824, 42.545293555676615, 0.0 ], [ -79.198246843281396, 42.545367789556707, 0.0 ], [ -79.198177173858809, 42.545391313860982, 0.0 ], [ -79.198015052754201, 42.545414708641353, 0.0 ], [ -79.197920717635313, 42.545428321494676, 0.0 ], [ -79.197778765727179, 42.545452551974037, 0.0 ], [ -79.197628869436926, 42.545478138307239, 0.0 ], [ -79.197541147045612, 42.545483027014292, 0.0 ], [ -79.197378513987317, 42.545492090258627, 0.0 ], [ -79.197301194170564, 42.545503067213012, 0.0 ], [ -79.197129592761428, 42.545527428952241, 0.0 ], [ -79.197062778664346, 42.545531839249755, 0.0 ], [ -79.196821903369283, 42.545547738733418, 0.0 ], [ -79.196642053881405, 42.545559609743869, 0.0 ], [ -79.1965825538866, 42.545570382441888, 0.0 ], [ -79.196347701243653, 42.545612903063592, 0.0 ], [ -79.196185110854344, 42.545642340102127, 0.0 ], [ -79.196173026427616, 42.545644528244004, 0.0 ], [ -79.196111782487193, 42.545651489416407, 0.0 ], [ -79.195872769571849, 42.54567865602057, 0.0 ], [ -79.195856055143636, 42.545680555789929, 0.0 ], [ -79.195640205453728, 42.545727161548307, 0.0 ], [ -79.19563400677788, 42.545728499944026, 0.0 ], [ -79.195427034152303, 42.545811089596668, 0.0 ], [ -79.195357888512149, 42.545838681104932, 0.0 ], [ -79.195208610319384, 42.545887282493887, 0.0 ], [ -79.195143491699994, 42.545908483464416, 0.0 ], [ -79.194977657095748, 42.545938132628415, 0.0 ], [ -79.1947426365588, 42.545980150917217, 0.0 ], [ -79.194546287491605, 42.546015254891003, 0.0 ], [ -79.194507296729583, 42.546021116217233, 0.0 ], [ -79.19440655152259, 42.546036260774557, 0.0 ], [ -79.19427033734749, 42.546056738118779, 0.0 ], [ -79.194253933472126, 42.546059204132902, 0.0 ], [ -79.194252847807405, 42.546059366568386, 0.0 ], [ -79.194028995657334, 42.546065205733854, 0.0 ], [ -79.194027720403653, 42.546065238996761, 0.0 ], [ -79.193794882665827, 42.546109801803546, 0.0 ], [ -79.193791031992902, 42.546110538778407, 0.0 ], [ -79.193662159066406, 42.546110499635802, 0.0 ], [ -79.193553260993468, 42.5461071862929, 0.0 ], [ -79.193520112208006, 42.54610617768337, 0.0 ], [ -79.193478054891472, 42.546078635432139, 0.0 ], [ -79.193409111268565, 42.546033486542754, 0.0 ], [ -79.193358340664716, 42.546009721528016, 0.0 ], [ -79.193300118651734, 42.545982468560574, 0.0 ], [ -79.193267448257259, 42.545934254627916, 0.0 ], [ -79.19326361276822, 42.545928596125933, 0.0 ], [ -79.193270006679072, 42.545861620760341, 0.0 ], [ -79.193271900274581, 42.545841785567781, 0.0 ], [ -79.193280540905064, 42.545800504401292, 0.0 ], [ -79.193234117499344, 42.545751910824386, 0.0 ], [ -79.193189512545558, 42.545705218881288, 0.0 ], [ -79.193183058089872, 42.545698462425214, 0.0 ], [ -79.193142189362263, 42.545676535922723, 0.0 ], [ -79.193065042778855, 42.545661534682786, 0.0 ], [ -79.193036991707899, 42.545656080643788, 0.0 ], [ -79.193036488977341, 42.545655935042127, 0.0 ], [ -79.192970663458738, 42.545636870520504, 0.0 ], [ -79.192953350158049, 42.545631856246523, 0.0 ], [ -79.192929122892622, 42.545624839163381, 0.0 ], [ -79.192928978580397, 42.545624797365669, 0.0 ], [ -79.192905571635535, 42.545618017694963, 0.0 ], [ -79.192739369422739, 42.545593687775678, 0.0 ], [ -79.192736968476709, 42.545593336267963, 0.0 ], [ -79.192710353692775, 42.545589439749214, 0.0 ], [ -79.192691678255258, 42.545570789089979, 0.0 ], [ -79.192616347097456, 42.545495554172831, 0.0 ], [ -79.192579380729853, 42.545464221541323, 0.0 ], [ -79.192535139363116, 42.545426722575144, 0.0 ], [ -79.192439071284085, 42.545387362904087, 0.0 ], [ -79.192389109347374, 42.545357335284962, 0.0 ], [ -79.192352281716907, 42.545335201480626, 0.0 ], [ -79.192209210044453, 42.545238332777238, 0.0 ], [ -79.192168067067911, 42.545210476252336, 0.0 ], [ -79.192106103804605, 42.545192488513194, 0.0 ], [ -79.192027845328766, 42.54516420986026, 0.0 ], [ -79.192008803308937, 42.545183336787396, 0.0 ], [ -79.191981917447393, 42.545210342503673, 0.0 ], [ -79.191901052846831, 42.545232507267542, 0.0 ], [ -79.191890662979617, 42.545231539736328, 0.0 ], [ -79.191883239206192, 42.545230848140633, 0.0 ], [ -79.191858045656488, 42.545228500781697, 0.0 ], [ -79.191808125253431, 42.545195853287872, 0.0 ], [ -79.19180303260184, 42.545192522735682, 0.0 ], [ -79.191801664209422, 42.545190776272072, 0.0 ], [ -79.19176308375296, 42.545141493149806, 0.0 ], [ -79.191734050244335, 42.545053511529936, 0.0 ], [ -79.191722472546445, 42.545031396656306, 0.0 ], [ -79.191690065428531, 42.544969494855216, 0.0 ], [ -79.191652814818227, 42.544959849031819, 0.0 ], [ -79.191600872199544, 42.54494639741079, 0.0 ], [ -79.191543968114814, 42.544950971077462, 0.0 ], [ -79.191382972939181, 42.544963910907981, 0.0 ], [ -79.191303330531056, 42.544968517769135, 0.0 ], [ -79.191270649554781, 42.544970408160822, 0.0 ], [ -79.191161624917243, 42.54498813220917, 0.0 ], [ -79.191066105324495, 42.545002198924642, 0.0 ], [ -79.190989353243864, 42.545013501774484, 0.0 ], [ -79.190861485275704, 42.545066396474027, 0.0 ], [ -79.190844930568261, 42.545063810028651, 0.0 ], [ -79.190835503333091, 42.545062337150604, 0.0 ], [ -79.190834936301698, 42.545062248432217, 0.0 ] ] } },
{ "type": "Feature", "properties": { "CalShoreTy": 3, "CalLandcov": 2, "CalSlope": 2, "CalSedi": 2, "CalRetreat": 2 }, "geometry": { "type": "LineString", "coordinates": [ [ -79.19083493630157, 42.54506224843265, 0.0 ], [ -79.190791467665363, 42.545055455744986, 0.0 ], [ -79.190779799304522, 42.545056732067586, 0.0 ], [ -79.190761637567874, 42.545058718014175, 0.0 ], [ -79.190718459527233, 42.545063441948166, 0.0 ], [ -79.190638180817658, 42.54508415417763, 0.0 ], [ -79.190611453855823, 42.545091050416453, 0.0 ], [ -79.190573835892437, 42.545100756796728, 0.0 ], [ -79.190570619031519, 42.545101377309869, 0.0 ], [ -79.19047719807601, 42.545119397606108, 0.0 ] ] } },
{ "type": "Feature", "properties": { "CalShoreTy": 2, "CalLandcov": 1, "CalSlope": 2, "CalSedi": 2, "CalRetreat": 2 }, "geometry": { "type": "LineString", "coordinates": [ [ -79.176133802285847, 42.548905908438222, 0.0 ], [ -79.176114082567736, 42.54890595993119, 0.0 ], [ -79.176099638954781, 42.548905997644852, 0.0 ], [ -79.176099047344081, 42.548905999189564, 0.0 ], [ -79.176098535698642, 42.548906000529158, 0.0 ], [ -79.176031664522611, 42.548906175592833, 0.0 ] ] } },
{ "type": "Feature", "properties": { "CalShoreTy": 2, "CalLandcov": 2, "CalSlope": 2, "CalSedi": 2, "CalRetreat": 2 }, "geometry": { "type": "LineString", "coordinates": [ [ -79.19047719807601, 42.545119397606108, 0.0 ], [ -79.190456224928226, 42.545123443122982, 0.0 ], [ -79.190455486720268, 42.545123585516059, 0.0 ], [ -79.190377685577857, 42.54513612784362, 0.0 ], [ -79.190308105307707, 42.54514734483346, 0.0 ], [ -79.19030249770897, 42.54514824870094, 0.0 ], [ -79.190299093745665, 42.545152037972642, 0.0 ], [ -79.190248421912145, 42.545208425746686, 0.0 ], [ -79.190192855840223, 42.545235892522641, 0.0 ], [ -79.19009327134853, 42.545285117843051, 0.0 ], [ -79.189990081283227, 42.545332952839189, 0.0 ], [ -79.189944323862605, 42.545354164187586, 0.0 ], [ -79.189942183049197, 42.54535507510932, 0.0 ], [ -79.189894482188549, 42.545375371933723, 0.0 ], [ -79.189781716989458, 42.545423353523461, 0.0 ], [ -79.1897622835899, 42.545431622419265, 0.0 ], [ -79.189756321984532, 42.545434159075555, 0.0 ], [ -79.189621404248925, 42.545474126674542, 0.0 ], [ -79.189562541924744, 42.545497855615629, 0.0 ], [ -79.18951232662171, 42.545518098676872, 0.0 ], [ -79.189360922030275, 42.54559590580805, 0.0 ], [ -79.189275032902316, 42.545640044231575, 0.0 ], [ -79.189186758637803, 42.545717348383803, 0.0 ], [ -79.189182944288504, 42.545720688705337, 0.0 ], [ -79.189134736723702, 42.545722454231125, 0.0 ], [ -79.18905106965029, 42.54570905213366, 0.0 ], [ -79.189028563085358, 42.545705446673381, 0.0 ], [ -79.188996595838333, 42.545710345671473, 0.0 ], [ -79.188983471705797, 42.54571860481623, 0.0 ], [ -79.188961357336339, 42.545732520260131, 0.0 ], [ -79.18892742934969, 42.545753869387681, 0.0 ], [ -79.188872317533978, 42.545748740093863, 0.0 ], [ -79.188799042291663, 42.54571861255328, 0.0 ], [ -79.188778962343235, 42.545710355118537, 0.0 ], [ -79.188746206937964, 42.545718614426633, 0.0 ], [ -79.188746072896649, 42.545718648226298, 0.0 ], [ -79.188684481880799, 42.545734178532783, 0.0 ], [ -79.188601718159759, 42.545749120012665, 0.0 ], [ -79.188527004228831, 42.545739945634956, 0.0 ], [ -79.188511392376896, 42.545738225263129, 0.0 ], [ -79.188445862859595, 42.545731004110138, 0.0 ], [ -79.188366530913086, 42.545716028351144, 0.0 ], [ -79.188336628969722, 42.545710383073185, 0.0 ], [ -79.188323547451148, 42.545719912201761, 0.0 ], [ -79.188291960068028, 42.545742924688653, 0.0 ], [ -79.188223287602966, 42.545792954832223, 0.0 ], [ -79.18818204589185, 42.545802971093821, 0.0 ], [ -79.188081295902322, 42.545813909017966, 0.0 ], [ -79.187936056782306, 42.545829676741121, 0.0 ], [ -79.187860940539238, 42.545872565672674, 0.0 ], [ -79.187706145385093, 42.545960948327703, 0.0 ], [ -79.187660409738996, 42.545964589403923, 0.0 ], [ -79.187571971572495, 42.545971630030131, 0.0 ], [ -79.187487211881731, 42.545978377947868, 0.0 ], [ -79.187438272310331, 42.546012772524506, 0.0 ], [ -79.187263280831445, 42.546135755501851, 0.0 ], [ -79.187169670619667, 42.546201543896487, 0.0 ], [ -79.187079404905489, 42.546250975930938, 0.0 ], [ -79.186996255323621, 42.546296510838332, 0.0 ], [ -79.186870070874008, 42.546338104189765, 0.0 ], [ -79.18685378812269, 42.546343471351094, 0.0 ], [ -79.186752964101714, 42.546400819413172, 0.0 ], [ -79.186697617713492, 42.54641675321227, 0.0 ] ] } },
{ "type": "Feature", "properties": { "CalShoreTy": 2, "CalLandcov": 2, "CalSlope": 2, "CalSedi": 2, "CalRetreat": 2 }, "geometry": { "type": "LineString", "coordinates": [ [ -79.178794495429145, 42.551942496116816, 0.0 ], [ -79.178718138728087, 42.551937512763004, 0.0 ], [ -79.178590113664981, 42.551911485741577, 0.0 ], [ -79.178561823840198, 42.55189985337325, 0.0 ], [ -79.178537428854739, 42.551889822496562, 0.0 ], [ -79.178444109874164, 42.551851450562864, 0.0 ], [ -79.178358702460685, 42.551803901440778, 0.0 ], [ -79.178214050900252, 42.551723368836925, 0.0 ], [ -79.178198103214228, 42.551714486721977, 0.0 ], [ -79.17817939789613, 42.551687977164498, 0.0 ], [ -79.178120984010746, 42.551605191651234, 0.0 ], [ -79.178113131759204, 42.551594061839658, 0.0 ], [ -79.178031065583454, 42.551554356091188, 0.0 ], [ -79.177878894272638, 42.551480731365366, 0.0 ], [ -79.177853206331889, 42.551440944702421, 0.0 ], [ -79.177749322263224, 42.551280043703862, 0.0 ], [ -79.177736390163787, 42.551260013736652, 0.0 ], [ -79.177669775815389, 42.55111194039663, 0.0 ], [ -79.177593690196034, 42.550942812977866, 0.0 ], [ -79.177517604990868, 42.55077368550829, 0.0 ], [ -79.177492840534399, 42.550718637148549, 0.0 ], [ -79.177431024737643, 42.55060741822949, 0.0 ], [ -79.177356205251769, 42.550472802507393, 0.0 ], [ -79.177351431879359, 42.550440281454428, 0.0 ], [ -79.1773412330394, 42.550370796498981, 0.0 ], [ -79.17734120740694, 42.550262513159097, 0.0 ], [ -79.177341197531632, 42.550220796085803, 0.0 ], [ -79.177322197160677, 42.550096787600495, 0.0 ], [ -79.1773178450795, 42.550085576744692, 0.0 ], [ -79.177277187466672, 42.54998084352011, 0.0 ], [ -79.177251152708351, 42.549914311454842, 0.0 ], [ -79.17719171485254, 42.549762416907939, 0.0 ], [ -79.17717874493448, 42.549744740700007, 0.0 ], [ -79.177134511256355, 42.549684456240385, 0.0 ], [ -79.177063737741165, 42.549588000669381, 0.0 ], [ -79.176948731226744, 42.549431260483139, 0.0 ], [ -79.176833725257822, 42.549274520194722, 0.0 ], [ -79.176718719853412, 42.549117779796497, 0.0 ], [ -79.176674205581136, 42.549057111236074, 0.0 ], [ -79.17656843700567, 42.548980592520088, 0.0 ], [ -79.17650493325192, 42.548934650328, 0.0 ], [ -79.176465423459561, 42.548928938388201, 0.0 ] ] } },
{ "type": "Feature", "properties": { "CalShoreTy": 2, "CalLandcov": 2, "CalSlope": 3, "CalSedi": 2, "CalRetreat": 2 }, "geometry": { "type": "LineString", "coordinates": [ [ -79.186697617713506, 42.546416753212277, 0.0 ], [ -79.186662963016971, 42.546426730173359, 0.0 ], [ -79.186615401690048, 42.546440422883336, 0.0 ], [ -79.186514371740756, 42.546477431966657, 0.0 ], [ -79.186455971546323, 42.546515469261038, 0.0 ], [ -79.186405395521192, 42.546548410443648, 0.0 ], [ -79.18627683844467, 42.54662189647518, 0.0 ], [ -79.186269301799925, 42.546628414275155, 0.0 ], [ -79.186199177753267, 42.546689058471195, 0.0 ], [ -79.186173842783759, 42.546785781094705, 0.0 ], [ -79.186172914767369, 42.546789324022917, 0.0 ], [ -79.186051560756084, 42.546844675532043, 0.0 ], [ -79.185981102726458, 42.546890759144951, 0.0 ], [ -79.18598035051356, 42.546891251133985, 0.0 ], [ -79.185913496123263, 42.546903226128933, 0.0 ], [ -79.18583795140934, 42.54692981318351, 0.0 ], [ -79.185773540079481, 42.546960731383891, 0.0 ], [ -79.185765701196473, 42.546966868619485, 0.0 ], [ -79.185613704974401, 42.54708586947384, 0.0 ], [ -79.185601812514591, 42.547097760740549, 0.0 ], [ -79.185534725896446, 42.547164840513616, 0.0 ], [ -79.185455793815123, 42.547220851608849, 0.0 ], [ -79.185443938802138, 42.547231937637008, 0.0 ], [ -79.185294272798401, 42.547371894981133, 0.0 ], [ -79.18522304931497, 42.547438497990534, 0.0 ], [ -79.185150401069194, 42.547501550205645, 0.0 ], [ -79.18513850165516, 42.547507648626983, 0.0 ], [ -79.184992418395211, 42.547582515740231, 0.0 ], [ -79.184953243197711, 42.547619701926685, 0.0 ], [ -79.184804959687128, 42.547760456232709, 0.0 ], [ -79.184656675509274, 42.547901210348428, 0.0 ], [ -79.184508390663339, 42.548041964273267, 0.0 ], [ -79.184360105148727, 42.548182718007084, 0.0 ], [ -79.184301920607069, 42.54823794698806, 0.0 ], [ -79.184199121196116, 42.548315310153782, 0.0 ], [ -79.184160608265742, 42.548344293535656, 0.0 ], [ -79.184160158512825, 42.548344742480147, 0.0 ], [ -79.184049708288711, 42.548455030317669, 0.0 ], [ -79.183912960984301, 42.548591575793672, 0.0 ], [ -79.183906623867614, 42.548598662459291, 0.0 ], [ -79.183773572421345, 42.548747450646204, 0.0 ], [ -79.183697133569808, 42.548832929958472, 0.0 ], [ -79.18362818880675, 42.548889212064203, 0.0 ], [ -79.183568820683206, 42.548937676296369, 0.0 ], [ -79.183443610426693, 42.549002760301995, 0.0 ], [ -79.183332185935384, 42.549060678268035, 0.0 ], [ -79.18326994111041, 42.549123418036871, 0.0 ], [ -79.183175230001368, 42.549218881939012, 0.0 ], [ -79.183120729554929, 42.54926337301805, 0.0 ], [ -79.183034697499892, 42.549333604533373, 0.0 ], [ -79.182965747451675, 42.549399968090434, 0.0 ], [ -79.182818747159118, 42.549541453420233, 0.0 ], [ -79.182671746201237, 42.549682938562825, 0.0 ], [ -79.182524744577336, 42.549824423517727, 0.0 ], [ -79.182411001418174, 42.549933897559661, 0.0 ], [ -79.182377742557392, 42.549965908437301, 0.0 ], [ -79.182309355334894, 42.550031729407195, 0.0 ], [ -79.182221086830452, 42.550101376638402, 0.0 ], [ -79.182114320094755, 42.550185619382766, 0.0 ], [ -79.182111784311473, 42.550187620199331, 0.0 ], [ -79.182056032323672, 42.550231610308693, 0.0 ], [ -79.181890977052547, 42.550361843690446, 0.0 ], [ -79.181789404100968, 42.550441987344342, 0.0 ], [ -79.181725920963999, 42.550492076746224, 0.0 ], [ -79.181592590673787, 42.550597276805263, 0.0 ], [ -79.181591076898513, 42.550598471198107, 0.0 ], [ -79.181555371985965, 42.550617753138702, 0.0 ], [ -79.181360309915121, 42.550723093282194, 0.0 ], [ -79.181230021332695, 42.550793453158732, 0.0 ], [ -79.181172281665951, 42.550834578595115, 0.0 ], [ -79.180998402117623, 42.550958424879539, 0.0 ], [ -79.180824521879629, 42.551082270901375, 0.0 ], [ -79.180772386627126, 42.551119404033756, 0.0 ], [ -79.180761110116919, 42.55112743563253, 0.0 ], [ -79.180642748925791, 42.551199620421279, 0.0 ], [ -79.180456445134567, 42.551313240692018, 0.0 ], [ -79.180270140665428, 42.551426860661444, 0.0 ], [ -79.180083835518218, 42.551540480329166, 0.0 ], [ -79.179897529692767, 42.55165409969517, 0.0 ], [ -79.179728058843423, 42.551757451559979, 0.0 ], [ -79.179710862681716, 42.551767389236851, 0.0 ], [ -79.179631093833535, 42.551813487643827, 0.0 ], [ -79.179514072085041, 42.551855487432988, 0.0 ], [ -79.179504161375746, 42.5518575746935, 0.0 ], [ -79.179271613485099, 42.551906550503844, 0.0 ], [ -79.179139041217951, 42.551934470675391, 0.0 ], [ -79.179035444183953, 42.551941050010193, 0.0 ], [ -79.178902091891274, 42.551949518927778, 0.0 ], [ -79.178898725462986, 42.551949298752973, 0.0 ], [ -79.178794495429145, 42.551942496116816, 0.0 ] ] } },
{ "type": "Feature", "properties": { "CalShoreTy": 2, "CalLandcov": 3, "CalSlope": 2, "CalSedi": 2, "CalRetreat": 2 }, "geometry": { "type": "LineString", "coordinates": [ [ -79.176465423459547, 42.548928938388215, 0.0 ], [ -79.176354944936691, 42.548912966883414, 0.0 ], [ -79.176303058663336, 42.548905465820916, 0.0 ], [ -79.176300227494139, 42.548905473226682, 0.0 ], [ -79.176133802285847, 42.548905908438222, 0.0 ] ] } },
{ "type": "Feature", "properties": { "CalShoreTy": 3, "CalLandcov": 2, "CalSlope": 2, "CalSedi": 2, "CalRetreat": 2 }, "geometry": { "type": "LineString", "coordinates": [ [ -79.155568880202551, 42.552358335099981, 0.0 ], [ -79.155379068970873, 42.552316884452871, 0.0 ], [ -79.155377090899592, 42.552316452483147, 0.0 ], [ -79.155376671981657, 42.552316426399486, 0.0 ], [ -79.155253177081534, 42.552308736793719, 0.0 ], [ -79.155135665065671, 42.552301419596958, 0.0 ], [ -79.154894658265619, 42.552286412288424, 0.0 ], [ -79.154653651581697, 42.552271404473629, 0.0 ], [ -79.154412645013736, 42.552256396153311, 0.0 ], [ -79.154171638561593, 42.552241387327896, 0.0 ], [ -79.154153099238997, 42.552240232759424, 0.0 ], [ -79.153930632225354, 42.552226377998132, 0.0 ], [ -79.153689626005132, 42.552211368162517, 0.0 ], [ -79.153514086079014, 42.552200435235861, 0.0 ], [ -79.153448487890145, 42.552203125282979, 0.0 ], [ -79.153206995797973, 42.552213028050687, 0.0 ], [ -79.152990197831031, 42.552221917760207, 0.0 ], [ -79.15296550362217, 42.552222930218946, 0.0 ], [ -79.152724011309061, 42.552232831077568, 0.0 ], [ -79.152666307060542, 42.552235196797326, 0.0 ], [ -79.152655716134234, 42.552238963939352, 0.0 ], [ -79.152500545905909, 42.552294157103525, 0.0 ], [ -79.152282739980407, 42.552371628908169, 0.0 ], [ -79.152064933514012, 42.55244910029991, 0.0 ], [ -79.151980104392763, 42.552479272931315, 0.0 ], [ -79.151848087161, 42.552528009769418, 0.0 ], [ -79.151843526582041, 42.552529693388607, 0.0 ] ] } },
{ "type": "Feature", "properties": { "CalShoreTy": 3, "CalLandcov": 1, "CalSlope": 2, "CalSedi": 2, "CalRetreat": 2 }, "geometry": { "type": "LineString", "coordinates": [ [ -79.176031664522611, 42.548906175592833, 0.0 ], [ -79.175917566827351, 42.548906473679878, 0.0 ], [ -79.175916714484245, 42.548906475906236, 0.0 ], [ -79.175915651759652, 42.548906370668547, 0.0 ], [ -79.175872633028547, 42.548902078088993, 0.0 ], [ -79.175636886952532, 42.548878554110296, 0.0 ] ] } },
{ "type": "Feature", "properties": { "CalShoreTy": 2, "CalLandcov": 2, "CalSlope": 2, "CalSedi": 2, "CalRetreat": 2 }, "geometry": { "type": "LineString", "coordinates": [ [ -79.167622201944837, 42.55011986208779, 0.0 ], [ -79.167429752386965, 42.550213060135498, 0.0 ], [ -79.167283253035862, 42.550284005354847, 0.0 ], [ -79.16722765045175, 42.550310931919157, 0.0 ], [ -79.167118826078024, 42.550363631967478, 0.0 ], [ -79.16702554780025, 42.550408803254726, 0.0 ], [ -79.166952922039258, 42.550443973221377, 0.0 ], [ -79.166949969104891, 42.550445403215519, 0.0 ], [ -79.166844991274957, 42.550525784788114, 0.0 ], [ -79.166757983067626, 42.550592406781426, 0.0 ], [ -79.166665873990198, 42.550644792297923, 0.0 ], [ -79.166513681740824, 42.550731348769744, 0.0 ], [ -79.166474605185783, 42.550753841311, 0.0 ], [ -79.166319324907349, 42.550843220646243, 0.0 ], [ -79.166288535787871, 42.550867195931723, 0.0 ], [ -79.16616493549617, 42.55096344239557, 0.0 ], [ -79.16611739607022, 42.550992773395222, 0.0 ], [ -79.165976970217713, 42.551079413426606, 0.0 ], [ -79.165932678568041, 42.551107781447882, 0.0 ], [ -79.165750155232743, 42.551224683973373, 0.0 ], [ -79.16556763121423, 42.551341586209539, 0.0 ], [ -79.165385106511948, 42.551458488156143, 0.0 ], [ -79.165376024094783, 42.551464305169318, 0.0 ], [ -79.165223084204484, 42.551590682975203, 0.0 ], [ -79.165062134867284, 42.551723678402951, 0.0 ], [ -79.164901184844368, 42.551856673605577, 0.0 ], [ -79.164870506880646, 42.551882023135128, 0.0 ], [ -79.164716534761155, 42.551971084070502, 0.0 ], [ -79.164622501274962, 42.552025474925159, 0.0 ], [ -79.164526302469142, 42.552081117229804, 0.0 ], [ -79.164450987940484, 42.552124679742853, 0.0 ], [ -79.164450528910109, 42.552125045536698, 0.0 ], [ -79.164364435763119, 42.552193651657944, 0.0 ], [ -79.164351806151643, 42.552203715706618, 0.0 ], [ -79.164187622563688, 42.552334549225172, 0.0 ], [ -79.164023438348934, 42.55246538255151, 0.0 ], [ -79.164022036265592, 42.552466499823844, 0.0 ], [ -79.163841201072586, 42.552582516964655, 0.0 ], [ -79.163658807624088, 42.552699533099748, 0.0 ], [ -79.163476413491622, 42.552816548945692, 0.0 ], [ -79.163425123667409, 42.552849454050609, 0.0 ], [ -79.163286257825419, 42.552926509795221, 0.0 ], [ -79.163093065351163, 42.553033710435756, 0.0 ], [ -79.162978141498343, 42.553097480243551, 0.0 ], [ -79.162895247097026, 42.553135973279986, 0.0 ], [ -79.162690637075471, 42.553230986003214, 0.0 ], [ -79.162640060850009, 42.553254471480969, 0.0 ], [ -79.162478157259542, 42.553315847119123, 0.0 ], [ -79.162392040727383, 42.553348492682424, 0.0 ], [ -79.162311867521979, 42.553368554332216, 0.0 ], [ -79.162280041923623, 42.553376517787157, 0.0 ], [ -79.162254781783489, 42.553382971065048, 0.0 ], [ -79.162065101461607, 42.553431428995076, 0.0 ], [ -79.162024682596865, 42.553436948222426, 0.0 ], [ -79.162006922859192, 42.55343937332249, 0.0 ], [ -79.161786862386236, 42.553469419391099, 0.0 ], [ -79.161735149660814, 42.553476479948067, 0.0 ], [ -79.161719796916586, 42.553476966166059, 0.0 ], [ -79.161546047211161, 42.553482473513874, 0.0 ], [ -79.161389047067942, 42.553487449722155, 0.0 ], [ -79.161304325819032, 42.553486824585399, 0.0 ], [ -79.161229907643133, 42.553486275419715, 0.0 ], [ -79.161062467052858, 42.5534850396282, 0.0 ], [ -79.160856117606002, 42.553483516332186, 0.0 ], [ -79.16082073385698, 42.553481302995756, 0.0 ], [ -79.16080386653897, 42.553480247900495, 0.0 ], [ -79.160802131580667, 42.553480139608588, 0.0 ], [ -79.160579730252081, 42.553466228289523, 0.0 ], [ -79.160552106052904, 42.553464500350174, 0.0 ], [ -79.160499053623852, 42.553461477989281, 0.0 ], [ -79.160341952662975, 42.553435750248902, 0.0 ], [ -79.160105846306521, 42.553397083694037, 0.0 ], [ -79.159869740242996, 42.553358416653339, 0.0 ], [ -79.159650126410298, 42.553322450062417, 0.0 ], [ -79.15963378949273, 42.553319278835922, 0.0 ], [ -79.159399903379935, 42.553273877937734, 0.0 ], [ -79.159353056818361, 42.553264784232347, 0.0 ], [ -79.159166017435055, 42.553228477045856, 0.0 ], [ -79.159068049548281, 42.553209459850784, 0.0 ], [ -79.158969861341191, 42.553135370636682, 0.0 ], [ -79.158800900853521, 42.553007878649112, 0.0 ], [ -79.158755569290449, 42.552973672821778, 0.0 ], [ -79.158585171756627, 42.552938458068191, 0.0 ], [ -79.158352293898034, 42.552890330510259, 0.0 ], [ -79.158119416399032, 42.552842202479603, 0.0 ], [ -79.157934583332363, 42.552804003244944, 0.0 ], [ -79.157908098072753, 42.552793645185687, 0.0 ], [ -79.157890510404314, 42.552786766639215, 0.0 ], [ -79.157829683513569, 42.552762977174879, 0.0 ], [ -79.15782857638402, 42.552762383761134, 0.0 ], [ -79.157749971297207, 42.552720251922914, 0.0 ], [ -79.157718107577722, 42.552703173029052, 0.0 ], [ -79.157717673751137, 42.552702940498698, 0.0 ], [ -79.157687642373105, 42.552690463726734, 0.0 ], [ -79.157563629835792, 42.552638941604336, 0.0 ], [ -79.157469128308279, 42.55261602048585, 0.0 ], [ -79.15739058941368, 42.552596970992383, 0.0 ], [ -79.15730963128901, 42.552589913290554, 0.0 ], [ -79.157232511858965, 42.552583188496527, 0.0 ], [ -79.157183585272563, 42.552578922082311, 0.0 ], [ -79.156991004632644, 42.552580892567605, 0.0 ], [ -79.15688360364075, 42.552581991353144, 0.0 ], [ -79.15688005836472, 42.552582447530725, 0.0 ], [ -79.156751148493569, 42.552599015438311, 0.0 ], [ -79.156673624416527, 42.552608979004731, 0.0 ], [ -79.156510720456154, 42.552615871165919, 0.0 ], [ -79.156507616830709, 42.552616002471517, 0.0 ], [ -79.156506866165515, 42.552615937805726, 0.0 ], [ -79.156391266883858, 42.552576243220976, 0.0 ], [ -79.156295655987478, 42.552535491142137, 0.0 ], [ -79.156249940861912, 42.552516006009654, 0.0 ], [ -79.156149122620704, 42.55248852328593, 0.0 ], [ -79.156084982577525, 42.552471038322487, 0.0 ], [ -79.156079759579541, 42.552469897770408, 0.0 ], [ -79.156072364550795, 42.552468282908997, 0.0 ], [ -79.155840471912143, 42.552417643945986, 0.0 ], [ -79.155608579651513, 42.552367004510977, 0.0 ], [ -79.15556888020194, 42.552358335101516, 0.0 ] ] } },
{ "type": "Feature", "properties": { "CalShoreTy": 2, "CalLandcov": 3, "CalSlope": 2, "CalSedi": 2, "CalRetreat": 2 }, "geometry": { "type": "LineString", "coordinates": [ [ -79.168011419548733, 42.549935665047954, 0.0 ], [ -79.167932822299804, 42.549969473039155, 0.0 ], [ -79.167932143414646, 42.549969765055899, 0.0 ], [ -79.167833954522607, 42.550017315690724, 0.0 ], [ -79.167631853697173, 42.550115188006487, 0.0 ], [ -79.167622201937817, 42.55011986207986, 0.0 ] ] } },
{ "type": "Feature", "properties": { "CalShoreTy": 2, "CalLandcov": 2, "CalSlope": 2, "CalSedi": 2, "CalRetreat": 2 }, "geometry": { "type": "LineString", "coordinates": [ [ -79.16823373635566, 42.549848183545578, 0.0 ], [ -79.168091174628344, 42.549901415014453, 0.0 ], [ -79.168090179207312, 42.549901786696189, 0.0 ], [ -79.16808950387933, 42.549902077187909, 0.0 ], [ -79.16803953073547, 42.549923573072554, 0.0 ], [ -79.168011419550368, 42.549935665050036, 0.0 ] ] } },
{ "type": "Feature", "properties": { "CalShoreTy": 3, "CalLandcov": 3, "CalSlope": 2, "CalSedi": 2, "CalRetreat": 2 }, "geometry": { "type": "LineString", "coordinates": [ [ -79.175098637060572, 42.548897659406762, 0.0 ], [ -79.175032180273945, 42.548900742189204, 0.0 ] ] } },
{ "type": "Feature", "properties": { "CalShoreTy": 3, "CalLandcov": 1, "CalSlope": 2, "CalSedi": 2, "CalRetreat": 2 }, "geometry": { "type": "LineString", "coordinates": [ [ -79.175636886952532, 42.548878554110352, 0.0 ], [ -79.175632968419578, 42.548878163163415, 0.0 ], [ -79.175629267488318, 42.548877793925534, 0.0 ], [ -79.175391440013811, 42.548886461994591, 0.0 ], [ -79.175151544483995, 42.548895204934823, 0.0 ], [ -79.175150930205632, 42.548895233432461, 0.0 ], [ -79.175149883575727, 42.548895281987775, 0.0 ], [ -79.175098637060572, 42.548897659406791, 0.0 ] ] } },
{ "type": "Feature", "properties": { "CalShoreTy": 3, "CalLandcov": 3, "CalSlope": 2, "CalSedi": 2, "CalRetreat": 2 }, "geometry": { "type": "LineString", "coordinates": [ [ -79.175032180273945, 42.548900742189204, 0.0 ], [ -79.174908508491455, 42.548906479067114, 0.0 ], [ -79.174679968313441, 42.54891708021966, 0.0 ], [ -79.174669753621586, 42.548917554031568, 0.0 ], [ -79.174667494156495, 42.548916568933969, 0.0 ], [ -79.174459358893344, 42.548825824269009, 0.0 ], [ -79.17437607814702, 42.548789514607094, 0.0 ], [ -79.174339808261948, 42.548806347710673, 0.0 ], [ -79.174338694972889, 42.548806864418374, 0.0 ], [ -79.174299295380592, 42.548825150827085, 0.0 ] ] } },
{ "type": "Feature", "properties": { "CalShoreTy": 1, "CalLandcov": 1, "CalSlope": 2, "CalSedi": 2, "CalRetreat": 2 }, "geometry": { "type": "LineString", "coordinates": [ [ -79.170887052747148, 42.549279737866058, 0.0 ], [ -79.170759701610066, 42.549289352941599, 0.0 ], [ -79.170753281085169, 42.549289837689891, 0.0 ], [ -79.170735107282965, 42.549290606057291, 0.0 ], [ -79.170544725384659, 42.549298657966702, 0.0 ], [ -79.170519210588822, 42.549293380396286, 0.0 ], [ -79.170483387397979, 42.549285970582723, 0.0 ], [ -79.170423722020274, 42.549273629232488, 0.0 ], [ -79.170291500649228, 42.549308716785831, 0.0 ], [ -79.170289509815603, 42.549309286179771, 0.0 ], [ -79.170064049712011, 42.549373769142804, 0.0 ], [ -79.170032503729487, 42.549382791439193, 0.0 ], [ -79.169834748243474, 42.549430324444756, 0.0 ], [ -79.169604821526306, 42.549485589688643, 0.0 ], [ -79.169588550395005, 42.549489500599897, 0.0 ], [ -79.169398555923365, 42.549539305943419, 0.0 ], [ -79.169375792500418, 42.549542093572619, 0.0 ], [ -79.169232374522323, 42.549559656551786, 0.0 ], [ -79.169140964691607, 42.549582370726725, 0.0 ], [ -79.169105305979059, 42.549591231435826, 0.0 ], [ -79.168969361550324, 42.549594205784452, 0.0 ], [ -79.168903833366883, 42.549608181114969, 0.0 ], [ -79.168880801147026, 42.549613093232452, 0.0 ], [ -79.16873547672391, 42.549683213412955, 0.0 ], [ -79.168694293196737, 42.549694949390897, 0.0 ], [ -79.168482414582186, 42.549755327659426, 0.0 ], [ -79.168469321880792, 42.549760216441975, 0.0 ], [ -79.168264840036045, 42.549836569153896, 0.0 ], [ -79.168253593721474, 42.549840768641211, 0.0 ], [ -79.168251903037586, 42.549841399946224, 0.0 ], [ -79.16823373635566, 42.549848183545578, 0.0 ] ] } },
{ "type": "Feature", "properties": { "CalShoreTy": 1, "CalLandcov": 1, "CalSlope": 2, "CalSedi": 2, "CalRetreat": 2 }, "geometry": { "type": "LineString", "coordinates": [ [ -79.171554285825536, 42.549280962908306, 0.0 ], [ -79.171476290584579, 42.549272165863513, 0.0 ], [ -79.171257510083691, 42.549247489422093, 0.0 ], [ -79.171237221829116, 42.54924520096656, 0.0 ], [ -79.171194605103153, 42.549240393910694, 0.0 ], [ -79.171000258507007, 42.549271012813747, 0.0 ], [ -79.170998087393585, 42.549271354865368, 0.0 ], [ -79.170887052747148, 42.549279737866044, 0.0 ] ] } },
{ "type": "Feature", "properties": { "CalShoreTy": 1, "CalLandcov": 1, "CalSlope": 2, "CalSedi": 2, "CalRetreat": 2 }, "geometry": { "type": "LineString", "coordinates": [ [ -79.17174313153852, 42.549302263028117, 0.0 ], [ -79.17171535947594, 42.549299130606379, 0.0 ], [ -79.171698809342729, 42.549297263907135, 0.0 ], [ -79.171554285825536, 42.549280962908306, 0.0 ] ] } },
{ "type": "Feature", "properties": { "CalShoreTy": 1, "CalLandcov": 1, "CalSlope": 2, "CalSedi": 2, "CalRetreat": 2 }, "geometry": { "type": "LineString", "coordinates": [ [ -79.174299295380592, 42.548825150827085, 0.0 ], [ -79.174253326598119, 42.548846486065933, 0.0 ], [ -79.174215344413014, 42.54886411450525, 0.0 ] ] } },
{ "type": "Feature", "properties": { "CalShoreTy": 1, "CalLandcov": 1, "CalSlope": 2, "CalSedi": 2, "CalRetreat": 2 }, "geometry": { "type": "LineString", "coordinates": [ [ -79.174215344412431, 42.548864114504568, 0.0 ], [ -79.174198758274599, 42.548871812463958, 0.0 ], [ -79.174198241716127, 42.548872052209042, 0.0 ], [ -79.174196131210422, 42.548872146085287, 0.0 ], [ -79.174077525584636, 42.548877421654218, 0.0 ], [ -79.174021815117428, 42.548879899506716, 0.0 ], [ -79.173967804707644, 42.548882301759676, 0.0 ], [ -79.173965866866638, 42.548882387948964, 0.0 ], [ -79.173963097680172, 42.5488829255452, 0.0 ], [ -79.173802796577036, 42.548914045483059, 0.0 ] ] } },
{ "type": "Feature", "properties": { "CalShoreTy": 3, "CalLandcov": 3, "CalSlope": 2, "CalSedi": 2, "CalRetreat": 2 }, "geometry": { "type": "LineString", "coordinates": [ [ -79.173802796577036, 42.548914045483059, 0.0 ], [ -79.173786197471117, 42.548917267897558, 0.0 ], [ -79.173712947801363, 42.548931487956033, 0.0 ], [ -79.173711367805382, 42.548931794682233, 0.0 ], [ -79.173696596483126, 42.548935439688321, 0.0 ], [ -79.17355541577426, 42.548970280212771, 0.0 ], [ -79.173379891175415, 42.549013595647153, 0.0 ], [ -79.173326086666407, 42.549026873313537, 0.0 ], [ -79.173109172345093, 42.549080402171917, 0.0 ], [ -79.17309736826374, 42.549084575851289, 0.0 ], [ -79.172879327019743, 42.549161670399002, 0.0 ], [ -79.17277491095453, 42.549198589388894, 0.0 ], [ -79.172654489342335, 42.549225990265519, 0.0 ], [ -79.17242580070679, 42.549278025933368, 0.0 ], [ -79.172423410611529, 42.549278581287261, 0.0 ], [ -79.172279856921335, 42.549311936747472, 0.0 ], [ -79.172189911155442, 42.549323606605206, 0.0 ], [ -79.172022622834646, 42.549345310937738, 0.0 ], [ -79.171952594390291, 42.549333008666245, 0.0 ], [ -79.171839364419313, 42.549313116848978, 0.0 ], [ -79.171837813221245, 42.549312941894627, 0.0 ], [ -79.17174313153852, 42.549302263028117, 0.0 ] ] } },
{ "type": "Feature", "properties": { "CalShoreTy": 3, "CalLandcov": 3, "CalSlope": 2, "CalSedi": 2, "CalRetreat": 2 }, "geometry": { "type": "LineString", "coordinates": [ [ -79.325924899412527, 42.493033845753963, 0.0 ], [ -79.325730934066286, 42.49314010214475, 0.0 ], [ -79.325536968063489, 42.493246358210968, 0.0 ], [ -79.32534300140108, 42.493352613949654, 0.0 ], [ -79.325149034079402, 42.493458869360936, 0.0 ], [ -79.324955066098511, 42.493565124445034, 0.0 ], [ -79.324809529743803, 42.493644848375112, 0.0 ], [ -79.324761521508876, 42.493671794975455, 0.0 ], [ -79.324569250509271, 42.493779714561569, 0.0 ], [ -79.324376978846473, 42.493887633826851, 0.0 ], [ -79.324280480375364, 42.493941796741417, 0.0 ], [ -79.324279067823753, 42.493942952035987, 0.0 ], [ -79.324199884668786, 42.494007714083367, 0.0 ], [ -79.324038082091974, 42.494140047728905, 0.0 ], [ -79.323876279037322, 42.494272381024487, 0.0 ], [ -79.323714475310894, 42.494404714101123, 0.0 ], [ -79.323629607055665, 42.494474124288097, 0.0 ], [ -79.323618368698092, 42.494483315651451, 0.0 ], [ -79.3235581227718, 42.494540415165361, 0.0 ], [ -79.323409744893965, 42.494681043259419, 0.0 ], [ -79.323261366349897, 42.494821671162754, 0.0 ], [ -79.323216028014912, 42.494864641057802, 0.0 ], [ -79.323124786949933, 42.494968484205813, 0.0 ], [ -79.322993398886453, 42.495118018666147, 0.0 ], [ -79.322873280308869, 42.495254726421386, 0.0 ], [ -79.322859205123606, 42.495265945546961, 0.0 ], [ -79.322695113748736, 42.495396739962388, 0.0 ], [ -79.322547591245524, 42.495514326948189, 0.0 ], [ -79.322535173700629, 42.495529814414809, 0.0 ], [ -79.322425508927566, 42.495666590608458, 0.0 ], [ -79.322413474504671, 42.495683711505066, 0.0 ], [ -79.322302281132934, 42.495841901397768, 0.0 ], [ -79.32219108720119, 42.496000091183895, 0.0 ], [ -79.322079892707805, 42.496158280862858, 0.0 ], [ -79.322072358719495, 42.496168998978192, 0.0 ], [ -79.322071906592498, 42.496169624214389, 0.0 ], [ -79.322036334038785, 42.49621881665049, 0.0 ], [ -79.321966369605121, 42.496315568045397, 0.0 ], [ -79.321852676653648, 42.496472789500324, 0.0 ], [ -79.321738983151178, 42.496630010851128, 0.0 ], [ -79.321644038469302, 42.496761304667174, 0.0 ], [ -79.32163860200005, 42.496768822442498, 0.0 ], [ -79.321622300106995, 42.496785875120246, 0.0 ], [ -79.321483079107423, 42.496931507471622, 0.0 ], [ -79.321343857461542, 42.497077139655715, 0.0 ], [ -79.321204635168002, 42.49722277167168, 0.0 ], [ -79.321120967685658, 42.497310290753262, 0.0 ], [ -79.321080812489512, 42.497350469371028, 0.0 ], [ -79.321062724074508, 42.497366935098221, 0.0 ], [ -79.320939464715934, 42.497479136708485, 0.0 ], [ -79.320910957594933, 42.497500023868078, 0.0 ], [ -79.320906963703891, 42.497502950483486, 0.0 ], [ -79.320868468307552, 42.497531158837752, 0.0 ], [ -79.320759422345304, 42.497587142107847, 0.0 ], [ -79.320747251386322, 42.49760771526671, 0.0 ] ] } },
{ "type": "Feature", "properties": { "CalShoreTy": 1, "CalLandcov": 1, "CalSlope": 2, "CalSedi": 2, "CalRetreat": 2 }, "geometry": { "type": "LineString", "coordinates": [ [ -79.320747251386365, 42.497607715266724, 0.0 ], [ -79.320737631361311, 42.497623976589573, 0.0 ], [ -79.320702459538111, 42.497683429616089, 0.0 ], [ -79.320598540728056, 42.497766908607346, 0.0 ], [ -79.320589145855109, 42.497774455583539, 0.0 ], [ -79.320520663105384, 42.49785782519956, 0.0 ], [ -79.320482283744411, 42.497922354956607, 0.0 ], [ -79.320464732929295, 42.49795186425208, 0.0 ], [ -79.320377333349882, 42.498082819751886, 0.0 ], [ -79.32027063798003, 42.498242686353855, 0.0 ], [ -79.320163942064767, 42.49840255285693, 0.0 ], [ -79.320081867785362, 42.498525527184299, 0.0 ], [ -79.320057245631759, 42.498562419271202, 0.0 ], [ -79.319950548665403, 42.498722285590958, 0.0 ], [ -79.319939545648552, 42.49873877158776, 0.0 ], [ -79.319834485113958, 42.498878542010296, 0.0 ], [ -79.319717344070057, 42.499034383255164, 0.0 ], [ -79.319600202443908, 42.499190224381557, 0.0 ], [ -79.319483060234589, 42.499346065388877, 0.0 ], [ -79.319365917441559, 42.499501906276983, 0.0 ], [ -79.319320310187365, 42.499562579633661, 0.0 ], [ -79.31929062980204, 42.499637706633145, 0.0 ], [ -79.319279039678179, 42.499667043610891, 0.0 ], [ -79.319267374606483, 42.499696570265087, 0.0 ], [ -79.319254799313285, 42.49973669355758, 0.0 ], [ -79.319225810318855, 42.499829189652125, 0.0 ], [ -79.319220015538576, 42.499839657041981, 0.0 ], [ -79.319157510365088, 42.499952562882385, 0.0 ], [ -79.319151673766527, 42.500008622777983, 0.0 ], [ -79.319140080343999, 42.500119976041042, 0.0 ], [ -79.319139725017848, 42.500121363867031, 0.0 ], [ -79.319123351639647, 42.500185314623835, 0.0 ], [ -79.319120931516863, 42.500194767079968, 0.0 ] ] } },
{ "type": "Feature", "properties": { "CalShoreTy": 2, "CalLandcov": 2, "CalSlope": 2, "CalSedi": 2, "CalRetreat": 2 }, "geometry": { "type": "LineString", "coordinates": [ [ -79.319137104178253, 42.500457083284651, 0.0 ], [ -79.31913148422322, 42.500523533228396, 0.0 ], [ -79.319131462696859, 42.500523787754332, 0.0 ], [ -79.319129918359337, 42.500525085415489, 0.0 ], [ -79.319058888679777, 42.500584769427988, 0.0 ], [ -79.319080397925987, 42.500615821447695, 0.0 ], [ -79.31911076835047, 42.500659668031929, 0.0 ], [ -79.319113278722483, 42.500674222620873, 0.0 ], [ -79.31912389265743, 42.500735759832303, 0.0 ], [ -79.319170885881661, 42.500800126827066, 0.0 ], [ -79.319185668026719, 42.500841765511623, 0.0 ], [ -79.319189557611111, 42.500852721772645, 0.0 ], [ -79.319149093664819, 42.500907849880562, 0.0 ], [ -79.319027719775605, 42.500945188465536, 0.0 ], [ -79.319027261543823, 42.500945330050747, 0.0 ], [ -79.319027500329156, 42.500946395345522, 0.0 ], [ -79.319028774176033, 42.500952075177516, 0.0 ], [ -79.319034839512597, 42.500979119226173, 0.0 ], [ -79.319057858606016, 42.501081756999781, 0.0 ], [ -79.319054279380055, 42.501128413084686, 0.0 ], [ -79.319049720752929, 42.501187835792322, 0.0 ], [ -79.318991589357751, 42.50129722893297, 0.0 ], [ -79.318990819085982, 42.501298247968712, 0.0 ], [ -79.318920782114617, 42.501390903539594, 0.0 ], [ -79.318865202191674, 42.501450228773479, 0.0 ], [ -79.318817123111884, 42.501501547597854, 0.0 ], [ -79.318777242259245, 42.501549602849735, 0.0 ], [ -79.318720330312942, 42.501591741521679, 0.0 ], [ -79.318694116418698, 42.501611150750442, 0.0 ], [ -79.31863081669924, 42.501663839598358, 0.0 ], [ -79.318560920096715, 42.50172555125296, 0.0 ], [ -79.318460660347441, 42.501814070217065, 0.0 ], [ -79.318398658661323, 42.501857205832302, 0.0 ], [ -79.318368702557095, 42.501878046762918, 0.0 ], [ -79.318264726062097, 42.501930051000748, 0.0 ], [ -79.318213096768062, 42.501969993315846, 0.0 ], [ -79.318171740577128, 42.502001987926427, 0.0 ], [ -79.318171618820614, 42.502002084136507, 0.0 ], [ -79.318141396460291, 42.502043090182099, 0.0 ], [ -79.318115650877587, 42.502078025756767, 0.0 ], [ -79.318096675300893, 42.502123333109324, 0.0 ], [ -79.318071665613189, 42.502183047799882, 0.0 ], [ -79.317956691110581, 42.502261762426286, 0.0 ], [ -79.317939405521642, 42.502273596575662, 0.0 ], [ -79.317873434651375, 42.50231876140235, 0.0 ], [ -79.31786041880288, 42.502326565602374, 0.0 ], [ -79.317774089897995, 42.502378331952109, 0.0 ], [ -79.317703418967639, 42.502420709024989, 0.0 ], [ -79.317566741465541, 42.502467296060402, 0.0 ], [ -79.317347377750039, 42.502542066513811, 0.0 ], [ -79.317339174450353, 42.502544862608424, 0.0 ], [ -79.317249755029437, 42.502555385149861, 0.0 ], [ -79.317143859057111, 42.502563178151469, 0.0 ], [ -79.317108239026851, 42.502561893466051, 0.0 ], [ -79.317027862085723, 42.502558994517891, 0.0 ], [ -79.316905285555819, 42.502508829820265, 0.0 ], [ -79.316884294151876, 42.502508277478391, 0.0 ], [ -79.316642774357632, 42.502501922139615, 0.0 ], [ -79.316573753919897, 42.502500105845172, 0.0 ], [ -79.316573253714409, 42.502500143325101, 0.0 ], [ -79.316512998874742, 42.502504658147771, 0.0 ], [ -79.316509714191199, 42.502504904072666, 0.0 ], [ -79.31647301255758, 42.502555136093989, 0.0 ], [ -79.31645839673493, 42.502575158022296, 0.0 ], [ -79.316427381416744, 42.502617645245095, 0.0 ], [ -79.316410969522366, 42.502640128414761, 0.0 ], [ -79.316384320770638, 42.502727934542882, 0.0 ], [ -79.316380051505291, 42.502742001042748, 0.0 ], [ -79.316373084114105, 42.502764957387384, 0.0 ], [ -79.31630014796724, 42.502884232548439, 0.0 ], [ -79.316272055590957, 42.502895986218029, 0.0 ], [ -79.316268976810008, 42.502897274358538, 0.0 ], [ -79.316168720468326, 42.502939218410049, 0.0 ], [ -79.316109020829714, 42.502981880758711, 0.0 ], [ -79.316091701518872, 42.503008232309391, 0.0 ], [ -79.316055938308509, 42.503062646404771, 0.0 ], [ -79.315942471178488, 42.503095454985193, 0.0 ], [ -79.315908373651979, 42.503107446039131, 0.0 ], [ -79.315843832957114, 42.503130142978577, 0.0 ], [ -79.315741305209471, 42.503184038846094, 0.0 ], [ -79.315710061059434, 42.503207137014648, 0.0 ], [ -79.315602674552068, 42.50328652549009, 0.0 ], [ -79.31552157201051, 42.503308492778302, 0.0 ], [ -79.315518526215129, 42.503309206602864, 0.0 ], [ -79.315324867174354, 42.503354593044648, 0.0 ], [ -79.31529520265552, 42.503372648685541, 0.0 ], [ -79.315119637279281, 42.503479508137666, 0.0 ], [ -79.315106278941499, 42.503482620657152, 0.0 ], [ -79.314902331054029, 42.503530140679743, 0.0 ], [ -79.314874651327486, 42.503531932816813, 0.0 ], [ -79.314726045711993, 42.503541554237657, 0.0 ], [ -79.314633546020701, 42.503541731587227, 0.0 ], [ -79.314527007287253, 42.503541935759912, 0.0 ], [ -79.314519595004981, 42.503541816500949, 0.0 ], [ -79.314404946144734, 42.503539967735364, 0.0 ], [ -79.314392034287039, 42.503538580911517, 0.0 ], [ -79.314152881522475, 42.503512893945029, 0.0 ], [ -79.314059982974342, 42.503502915738828, 0.0 ], [ -79.313915129354243, 42.503481274257595, 0.0 ], [ -79.313678266954739, 42.503445886014561, 0.0 ], [ -79.31362499793741, 42.50343792732474, 0.0 ], [ -79.313480975419409, 42.503397980533776, 0.0 ], [ -79.313480749589772, 42.503397958152938, 0.0 ], [ -79.313466251072924, 42.503396521277104, 0.0 ], [ -79.313447826386323, 42.503394695132805, 0.0 ], [ -79.313281834843465, 42.503378243311964, 0.0 ], [ -79.313278946681834, 42.503377957056422, 0.0 ], [ -79.313207677878296, 42.503378800750752, 0.0 ], [ -79.313198945573674, 42.503378904121689, 0.0 ], [ -79.313195479654553, 42.503379360128569, 0.0 ], [ -79.312974830986533, 42.503354329420461, 0.0 ], [ -79.312969216284017, 42.503356228243696, 0.0 ], [ -79.312850007384952, 42.503396543115137, 0.0 ], [ -79.312748188009394, 42.50342823923306, 0.0 ], [ -79.312671940228569, 42.503451974895782, 0.0 ], [ -79.312567641982554, 42.503475249969206, 0.0 ], [ -79.312541674727314, 42.503483053150617, 0.0 ], [ -79.312521396679088, 42.503489146354646, 0.0 ], [ -79.312367193044707, 42.503535481726466, 0.0 ], [ -79.312297875166777, 42.503556895713977, 0.0 ], [ -79.312175329741748, 42.503594752852003, 0.0 ], [ -79.312090692191603, 42.503645164830495, 0.0 ], [ -79.31193903175982, 42.503735496744021, 0.0 ], [ -79.31190284270042, 42.503757264876924, 0.0 ], [ -79.311821018474987, 42.503806482983123, 0.0 ], [ -79.311750134095462, 42.503892115412171, 0.0 ], [ -79.311715085220271, 42.503934456375823, 0.0 ], [ -79.311579224447229, 42.504015068188799, 0.0 ], [ -79.3115742966841, 42.50401799202649, 0.0 ], [ -79.311390946910763, 42.504126778787366, 0.0 ], [ -79.311291999463634, 42.504185486910039, 0.0 ], [ -79.311196581483401, 42.504232369750731, 0.0 ], [ -79.311180063980643, 42.504240485473794, 0.0 ], [ -79.310981962304751, 42.504292564094811, 0.0 ], [ -79.310971522407073, 42.504296138330908, 0.0 ], [ -79.31075232474835, 42.504371183198153, 0.0 ], [ -79.310729369606349, 42.504379042122494, 0.0 ], [ -79.310650286817619, 42.504388054363822, 0.0 ], [ -79.310645301631965, 42.504387397290266, 0.0 ], [ -79.310582257570758, 42.504379093500894, 0.0 ], [ -79.310521311958468, 42.504358148006972, 0.0 ], [ -79.310302263865182, 42.504282866230731, 0.0 ], [ -79.310234864620455, 42.50425970253994, 0.0 ], [ -79.310228583324232, 42.504257543855957, 0.0 ], [ -79.310130548554682, 42.504224595202814, 0.0 ], [ -79.310078453558134, 42.504218998005129, 0.0 ], [ -79.309999625938516, 42.504210528548747, 0.0 ], [ -79.30985168554929, 42.504161826606101, 0.0 ], [ -79.309752263162238, 42.504129096627651, 0.0 ], [ -79.309631007419156, 42.5040891794158, 0.0 ], [ -79.309625516403941, 42.504087371776805, 0.0 ], [ -79.309476027152584, 42.504006221916669, 0.0 ], [ -79.309450570722234, 42.503992402810596, 0.0 ], [ -79.309436946318201, 42.503983275013994, 0.0 ], [ -79.309280634062944, 42.503878551846363, 0.0 ], [ -79.309250586892887, 42.503882257295331, 0.0 ], [ -79.309135295824873, 42.503896475031794, 0.0 ], [ -79.309085622516662, 42.503870895847889, 0.0 ], [ -79.309023144976408, 42.503860021881565, 0.0 ], [ -79.3090027662289, 42.503856475032919, 0.0 ], [ -79.308966580335778, 42.503854794671916, 0.0 ], [ -79.308895828761365, 42.503851501081655, 0.0 ], [ -79.308784677627472, 42.503834242036767, 0.0 ], [ -79.308734826827958, 42.503826501391231, 0.0 ], [ -79.308659947592474, 42.503860725817361, 0.0 ], [ -79.308578754755928, 42.503907007802631, 0.0 ], [ -79.308498851739031, 42.503952554433376, 0.0 ], [ -79.30842934905408, 42.503971846903831, 0.0 ], [ -79.308375158842495, 42.503964420366749, 0.0 ], [ -79.308368125275877, 42.50397093390638, 0.0 ], [ -79.308289420151553, 42.504043819830237, 0.0 ], [ -79.308237824867106, 42.504119846839373, 0.0 ], [ -79.30822803479991, 42.504134272736145, 0.0 ], [ -79.308082844448862, 42.504255930456026, 0.0 ], [ -79.308062656943918, 42.504272845892217, 0.0 ], [ -79.307972348746461, 42.504348773735508, 0.0 ], [ -79.307911161633555, 42.504379642160572, 0.0 ], [ -79.307844775111477, 42.504413133574211, 0.0 ], [ -79.307692703474288, 42.504452643139309, 0.0 ], [ -79.307464762589461, 42.504511863739047, 0.0 ], [ -79.307451442733026, 42.50451532431051, 0.0 ], [ -79.307330413259393, 42.504544282950356, 0.0 ], [ -79.307232739857923, 42.504561140825679, 0.0 ], [ -79.307069827423973, 42.504589258378665, 0.0 ], [ -79.307011548357266, 42.504599316944834, 0.0 ], [ -79.30699829678106, 42.504603673276577, 0.0 ], [ -79.306777565822372, 42.504676236187301, 0.0 ] ] } },
{ "type": "Feature", "properties": { "CalShoreTy": 2, "CalLandcov": 3, "CalSlope": 2, "CalSedi": 2, "CalRetreat": 2 }, "geometry": { "type": "LineString", "coordinates": [ [ -79.319120467387208, 42.500196579625189, 0.0 ], [ -79.319100854383507, 42.500273183208776, 0.0 ], [ -79.319157666869714, 42.500337462863762, 0.0 ], [ -79.319157159570381, 42.500349487488805, 0.0 ], [ -79.319155726638954, 42.500383452485742, 0.0 ], [ -79.319140709425696, 42.500414450924083, 0.0 ], [ -79.319140695264878, 42.500414618377064, 0.0 ], [ -79.319137104178253, 42.500457083284651, 0.0 ] ] } },
{ "type": "Feature", "properties": { "CalShoreTy": 2, "CalLandcov": 1, "CalSlope": 2, "CalSedi": 2, "CalRetreat": 2 }, "geometry": { "type": "LineString", "coordinates": [ [ -79.319120931514746, 42.50019476707967, 0.0 ], [ -79.319120478051914, 42.500196537976528, 0.0 ], [ -79.319120467387208, 42.500196579625189, 0.0 ] ] } },
{ "type": "Feature", "properties": { "CalShoreTy": 2, "CalLandcov": 2, "CalSlope": 2, "CalSedi": 2, "CalRetreat": 2 }, "geometry": { "type": "LineString", "coordinates": [ [ -79.241026772962059, 42.531016621901294, 0.0 ], [ -79.240944697157531, 42.531019589740048, 0.0 ], [ -79.24087466224573, 42.531022122136115, 0.0 ], [ -79.240706327085874, 42.531046916350753, 0.0 ], [ -79.240624887657688, 42.531058911529762, 0.0 ], [ -79.240552924090252, 42.531069510877096, 0.0 ], [ -79.240485592209083, 42.531079427318772, 0.0 ], [ -79.240470871871125, 42.531085213350629, 0.0 ], [ -79.240448403210692, 42.531094044959673, 0.0 ], [ -79.240448009676882, 42.531094199640705, 0.0 ], [ -79.240427695724307, 42.53110218416969, 0.0 ] ] } },
{ "type": "Feature", "properties": { "CalShoreTy": 2, "CalLandcov": 3, "CalSlope": 2, "CalSedi": 2, "CalRetreat": 2 }, "geometry": { "type": "LineString", "coordinates": [ [ -79.241697525963332, 42.530937752315459, 0.0 ], [ -79.241658476032342, 42.530943164616481, 0.0 ], [ -79.2415659025542, 42.530955995196919, 0.0 ], [ -79.241424062660869, 42.530986049861333, 0.0 ], [ -79.24133185088661, 42.531005588639609, 0.0 ], [ -79.241186190429374, 42.531010856832509, 0.0 ], [ -79.241089519288607, 42.531014353094449, 0.0 ], [ -79.241026772962059, 42.53101662190128, 0.0 ] ] } },
{ "type": "Feature", "properties": { "CalShoreTy": 2, "CalLandcov": 2, "CalSlope": 2, "CalSedi": 2, "CalRetreat": 2 }, "geometry": { "type": "LineString", "coordinates": [ [ -79.242070305308474, 42.530930624979284, 0.0 ], [ -79.241981299214828, 42.530894054347335, 0.0 ], [ -79.241979996265826, 42.530893518993622, 0.0 ], [ -79.241929154307456, 42.53090167059549, 0.0 ], [ -79.241895234089128, 42.530907108604723, 0.0 ], [ -79.241745960769961, 42.530931039615915, 0.0 ], [ -79.241737922936139, 42.530932153522734, 0.0 ], [ -79.241697525963318, 42.530937752315438, 0.0 ] ] } },
{ "type": "Feature", "properties": { "CalShoreTy": 2, "CalLandcov": 3, "CalSlope": 2, "CalSedi": 2, "CalRetreat": 2 }, "geometry": { "type": "LineString", "coordinates": [ [ -79.242104762360285, 42.530953847652206, 0.0 ], [ -79.242104568478638, 42.53094470281853, 0.0 ], [ -79.242104054701599, 42.530944491720334, 0.0 ], [ -79.242070305308474, 42.530930624979284, 0.0 ] ] } },
{ "type": "Feature", "properties": { "CalShoreTy": 3, "CalLandcov": 3, "CalSlope": 2, "CalSedi": 2, "CalRetreat": 2 }, "geometry": { "type": "LineString", "coordinates": [ [ -79.24034414101834, 42.531135025423033, 0.0 ], [ -79.24026633961634, 42.53116560522551, 0.0 ], [ -79.240263933231304, 42.53116655105265, 0.0 ], [ -79.240261981188183, 42.531166910724799, 0.0 ], [ -79.240256900323629, 42.5311678468953, 0.0 ], [ -79.2400403803762, 42.531207741364902, 0.0 ], [ -79.240026981316575, 42.531210209979903, 0.0 ], [ -79.24002233670204, 42.531211065693711, 0.0 ], [ -79.240014960133649, 42.531212424731919, 0.0 ] ] } },
{ "type": "Feature", "properties": { "CalShoreTy": 3, "CalLandcov": 2, "CalSlope": 2, "CalSedi": 2, "CalRetreat": 2 }, "geometry": { "type": "LineString", "coordinates": [ [ -79.240427695724307, 42.53110218416969, 0.0 ], [ -79.24034414101834, 42.531135025423033, 0.0 ] ] } },
{ "type": "Feature", "properties": { "CalShoreTy": 3, "CalLandcov": 1, "CalSlope": 2, "CalSedi": 2, "CalRetreat": 2 }, "geometry": { "type": "LineString", "coordinates": [ [ -79.223539099295508, 42.535949747858979, 0.0 ], [ -79.223525315677421, 42.535954652995471, 0.0 ] ] } },
{ "type": "Feature", "properties": { "CalShoreTy": 3, "CalLandcov": 2, "CalSlope": 2, "CalSedi": 2, "CalRetreat": 2 }, "geometry": { "type": "LineString", "coordinates": [ [ -79.223891961012171, 42.535813236757697, 0.0 ], [ -79.223755979685549, 42.535872567452671, 0.0 ], [ -79.223753807813623, 42.535873340351515, 0.0 ], [ -79.223721813593627, 42.535884726050718, 0.0 ], [ -79.22353909929555, 42.535949747859057, 0.0 ] ] } },
{ "type": "Feature", "properties": { "CalShoreTy": 3, "CalLandcov": 1, "CalSlope": 2, "CalSedi": 2, "CalRetreat": 2 }, "geometry": { "type": "LineString", "coordinates": [ [ -79.225780770287045, 42.535367178771686, 0.0 ], [ -79.22576595377474, 42.535369524178257, 0.0 ], [ -79.225529546488971, 42.535406946372269, 0.0 ], [ -79.225293138932201, 42.535444368123429, 0.0 ], [ -79.225056731097325, 42.535481789406262, 0.0 ], [ -79.224924177125885, 42.535502771306469, 0.0 ], [ -79.224913037632064, 42.535504534562264, 0.0 ], [ -79.224821754064465, 42.535523464579377, 0.0 ], [ -79.224772837221636, 42.535533608720662, 0.0 ], [ -79.224768040253593, 42.535534603480365, 0.0 ], [ -79.224614076680538, 42.535566535313386, 0.0 ], [ -79.224589898135548, 42.535573689320842, 0.0 ], [ -79.224465712124641, 42.535610433672595, 0.0 ], [ -79.224365510338572, 42.535640080748806, 0.0 ], [ -79.224330000846848, 42.535650587045751, 0.0 ], [ -79.224144779880575, 42.535712764834727, 0.0 ], [ -79.224047023360285, 42.535745581057753, 0.0 ], [ -79.22393139472068, 42.535796031356647, 0.0 ], [ -79.223891961010054, 42.535813236755047, 0.0 ] ] } },
{ "type": "Feature", "properties": { "CalShoreTy": 2, "CalLandcov": 2, "CalSlope": 3, "CalSedi": 2, "CalRetreat": 2 }, "geometry": { "type": "LineString", "coordinates": [ [ -79.215712485777075, 42.539901506676756, 0.0 ], [ -79.215570062436441, 42.53993328611034, 0.0 ], [ -79.215560463873302, 42.539935427864819, 0.0 ], [ -79.21533321892565, 42.539969080357501, 0.0 ], [ -79.2150961412882, 42.540004188445572, 0.0 ], [ -79.215067530190439, 42.540008425337298, 0.0 ], [ -79.214857931453295, 42.540034808960385, 0.0 ], [ -79.214619566034557, 42.540064813149321, 0.0 ], [ -79.214381200386626, 42.540094816843592, 0.0 ], [ -79.21415168960668, 42.540123705457738, 0.0 ], [ -79.214142899731968, 42.540125071867131, 0.0 ], [ -79.213906289290833, 42.540161853293718, 0.0 ], [ -79.213749997358363, 42.540186148802881, 0.0 ], [ -79.213669500430612, 42.540197995054008, 0.0 ] ] } },
{ "type": "Feature", "properties": { "CalShoreTy": 2, "CalLandcov": 2, "CalSlope": 2, "CalSedi": 2, "CalRetreat": 2 }, "geometry": { "type": "LineString", "coordinates": [ [ -79.220830682958976, 42.53747599144581, 0.0 ], [ -79.220729387647992, 42.537547682616477, 0.0 ], [ -79.220652851564097, 42.537595275594796, 0.0 ], [ -79.220468054808435, 42.537710188567857, 0.0 ], [ -79.220283257373083, 42.537825101244444, 0.0 ], [ -79.220098459257656, 42.537940013624109, 0.0 ], [ -79.220097429108378, 42.537940654195332, 0.0 ], [ -79.219917780788137, 42.538053620194042, 0.0 ], [ -79.219917392486366, 42.538053864365516, 0.0 ], [ -79.219914519098907, 42.538055671205704, 0.0 ], [ -79.219880878139861, 42.538076825266863, 0.0 ], [ -79.219771219093658, 42.538145780016883, 0.0 ], [ -79.219770048303587, 42.53814651622055, 0.0 ], [ -79.219733591899342, 42.538173716900701, 0.0 ], [ -79.219648370046741, 42.538237302086316, 0.0 ], [ -79.219563679684768, 42.538300491288766, 0.0 ], [ -79.219481995688227, 42.538361437198908, 0.0 ], [ -79.219429351411478, 42.538418750034403, 0.0 ], [ -79.219411618202614, 42.538438056549182, 0.0 ], [ -79.219393791621073, 42.538457464703718, 0.0 ], [ -79.219369535605026, 42.538483872007276, 0.0 ], [ -79.21927608455708, 42.538585612808291, 0.0 ], [ -79.219187098921779, 42.538682491703902, 0.0 ], [ -79.219134697828608, 42.538729965738611, 0.0 ], [ -79.219123073751746, 42.538740496837299, 0.0 ], [ -79.219053075923298, 42.538751452589992, 0.0 ], [ -79.219048288242206, 42.538750279986807, 0.0 ], [ -79.218992043082096, 42.538736505429277, 0.0 ], [ -79.218974518785799, 42.538724373328982, 0.0 ], [ -79.218940062356751, 42.538700518160773, 0.0 ], [ -79.21892431994516, 42.538697736417902, 0.0 ], [ -79.218838035959024, 42.538682490686384, 0.0 ], [ -79.218833324282755, 42.538685090697015, 0.0 ], [ -79.218715501167893, 42.538750101054831, 0.0 ], [ -79.21869306932922, 42.538762478068584, 0.0 ], [ -79.218565030607337, 42.538871465552681, 0.0 ], [ -79.2185586983626, 42.538884002253994, 0.0 ], [ -79.218521100268902, 42.538958439571438, 0.0 ], [ -79.218437507455079, 42.539035624613874, 0.0 ], [ -79.218430095267976, 42.539042468609708, 0.0 ], [ -79.218368048898043, 42.539068436040182, 0.0 ], [ -79.218263524690968, 42.539138432586057, 0.0 ], [ -79.218250700315537, 42.53914702102864, 0.0 ], [ -79.218178429491147, 42.539195420487829, 0.0 ], [ -79.218051604060605, 42.539245909800201, 0.0 ], [ -79.21783943805417, 42.539330372771573, 0.0 ], [ -79.217838797141525, 42.539330495706551, 0.0 ], [ -79.217667434291926, 42.539363364860776, 0.0 ], [ -79.217610612914825, 42.53938622807825, 0.0 ], [ -79.217478486317091, 42.53943939168115, 0.0 ], [ -79.217394817573364, 42.539466264183702, 0.0 ], [ -79.217173145295902, 42.539537459882602, 0.0 ], [ -79.217148499978123, 42.539545375316941, 0.0 ], [ -79.21695850111287, 42.539582360453473, 0.0 ], [ -79.21694161497129, 42.539587772025207, 0.0 ], [ -79.216719864924102, 42.539658836853974, 0.0 ], [ -79.216652451342625, 42.539680440946398, 0.0 ], [ -79.21649265363358, 42.539719364545817, 0.0 ], [ -79.216263056692753, 42.539775289399508, 0.0 ], [ -79.216098436424303, 42.539815386994746, 0.0 ], [ -79.216069083478118, 42.539821936762735, 0.0 ], [ -79.216032938576049, 42.539830002064328, 0.0 ], [ -79.215801500702611, 42.539881644332326, 0.0 ], [ -79.215712485777104, 42.539901506676848, 0.0 ] ] } },
{ "type": "Feature", "properties": { "CalShoreTy": 2, "CalLandcov": 3, "CalSlope": 2, "CalSedi": 2, "CalRetreat": 2 }, "geometry": { "type": "LineString", "coordinates": [ [ -79.240014960135056, 42.531212424736104, 0.0 ], [ -79.239970921562474, 42.5312205390344, 0.0 ], [ -79.23980599231929, 42.531288233685608, 0.0 ], [ -79.239700187809916, 42.531331660586311, 0.0 ], [ -79.239594518161894, 42.531374607507374, 0.0 ], [ -79.239382798594562, 42.531460655430507, 0.0 ], [ -79.239359304564516, 42.531470203929722, 0.0 ], [ -79.239160816193419, 42.531531007293964, 0.0 ], [ -79.239049344302359, 42.531565154511689, 0.0 ], [ -79.238935833895141, 42.53159617833736, 0.0 ], [ -79.23870913756862, 42.531658136873119, 0.0 ], [ -79.2385843950603, 42.53169223009354, 0.0 ], [ -79.23849129846586, 42.531733638272165, 0.0 ], [ -79.238284296298971, 42.531825709729461, 0.0 ], [ -79.238085333464369, 42.531914204804458, 0.0 ], [ -79.238077695398275, 42.531918230873238, 0.0 ], [ -79.237917080591401, 42.532002891609075, 0.0 ] ] } },
{ "type": "Feature", "properties": { "CalShoreTy": 3, "CalLandcov": 3, "CalSlope": 2, "CalSedi": 2, "CalRetreat": 2 }, "geometry": { "type": "LineString", "coordinates": [ [ -79.237917080591444, 42.532002891609118, 0.0 ], [ -79.237881039129363, 42.532021889293908, 0.0 ], [ -79.237770279712123, 42.532080271146029, 0.0 ], [ -79.237694043235038, 42.53213412756142, 0.0 ], [ -79.237519503506832, 42.532257428679472, 0.0 ], [ -79.237429175180665, 42.532321239549695, 0.0 ], [ -79.237419991464392, 42.53232641812837, 0.0 ], [ -79.237415400635896, 42.532329006868608, 0.0 ], [ -79.237336530272955, 42.532373481324107, 0.0 ], [ -79.237261002417384, 42.532416070852939, 0.0 ] ] } },
{ "type": "Feature", "properties": { "CalShoreTy": 2, "CalLandcov": 2, "CalSlope": 2, "CalSedi": 2, "CalRetreat": 2 }, "geometry": { "type": "LineString", "coordinates": [ [ -79.236540761110618, 42.53294770568467, 0.0 ], [ -79.236486812612739, 42.533000046517593, 0.0 ], [ -79.236407850346836, 42.53307665550485, 0.0 ], [ -79.236406558012234, 42.533077909322571, 0.0 ], [ -79.23637144536184, 42.533115251115582, 0.0 ], [ -79.236344418352871, 42.533143993663366, 0.0 ], [ -79.23620670734708, 42.533290445359349, 0.0 ], [ -79.236068995696854, 42.533436896891111, 0.0 ], [ -79.235983708116152, 42.53352759682744, 0.0 ], [ -79.235930430851226, 42.533582907671118, 0.0 ], [ -79.235790478376458, 42.533728201508694, 0.0 ], [ -79.235748708853848, 42.533771565023102, 0.0 ], [ -79.235638540566526, 42.533866611815256, 0.0 ], [ -79.235507615921961, 42.53397956547095, 0.0 ], [ -79.235482629233644, 42.534002776452681, 0.0 ], [ -79.235332361472032, 42.534142364786959, 0.0 ], [ -79.235182093039938, 42.534281952925831, 0.0 ], [ -79.23503182393668, 42.534421540868507, 0.0 ], [ -79.234990316225591, 42.534460098056819, 0.0 ], [ -79.234865239741495, 42.534550296417308, 0.0 ], [ -79.234753284584428, 42.534631032052467, 0.0 ], [ -79.234718239757626, 42.534688215814541, 0.0 ], [ -79.234649344024973, 42.534800634831605, 0.0 ], [ -79.234618723449145, 42.534850599303468, 0.0 ], [ -79.234568153160538, 42.534933115933555, 0.0 ], [ -79.234505058002497, 42.535007398948224, 0.0 ], [ -79.234376773856198, 42.535158429427931, 0.0 ], [ -79.234376125628444, 42.535159192591017, 0.0 ], [ -79.234274152351574, 42.535309186659582, 0.0 ], [ -79.234265617624501, 42.535316320973543, 0.0 ], [ -79.234105723695194, 42.53544997841361, 0.0 ], [ -79.234018592980533, 42.535522811789804, 0.0 ], [ -79.233961496024421, 42.535592124153176, 0.0 ], [ -79.233917387133388, 42.535645669639237, 0.0 ], [ -79.233845334697165, 42.535748283774716, 0.0 ], [ -79.23377457706755, 42.535849053526441, 0.0 ], [ -79.233734218245161, 42.535906530227457, 0.0 ], [ -79.233625165856495, 42.536061835731132, 0.0 ], [ -79.233623459163809, 42.536064898649734, 0.0 ], [ -79.233531618490773, 42.536229720102853, 0.0 ], [ -79.233467110471423, 42.536345488568202, 0.0 ], [ -79.233439777844097, 42.536394541637279, 0.0 ], [ -79.233347937916889, 42.536559363462814, 0.0 ], [ -79.233296060640754, 42.536652465333923, 0.0 ], [ -79.233247854275447, 42.536721379278248, 0.0 ], [ -79.233196040242234, 42.536795450410352, 0.0 ], [ -79.233193189484751, 42.536836330874436, 0.0 ], [ -79.233191285292378, 42.536863659560623, 0.0 ], [ -79.233168120381805, 42.536883986007901, 0.0 ], [ -79.233078005958689, 42.536963058276207, 0.0 ], [ -79.233010818883784, 42.537019290273506, 0.0 ], [ -79.23285103386857, 42.537153021242005, 0.0 ], [ -79.232838742427674, 42.537163308414236, 0.0 ], [ -79.232691248237188, 42.537286752032976, 0.0 ], [ -79.232655023161584, 42.537317070089323, 0.0 ], [ -79.232646369873351, 42.537323499356894, 0.0 ], [ -79.232523355850091, 42.537414900976358, 0.0 ], [ -79.232371017376238, 42.537528090632698, 0.0 ], [ -79.232356130756372, 42.53754118119241, 0.0 ], [ -79.232354662508016, 42.537542472357167, 0.0 ], [ -79.232269275565315, 42.537617560701193, 0.0 ], [ -79.232204074818711, 42.537681792374968, 0.0 ], [ -79.232076178792255, 42.537807787001192, 0.0 ], [ -79.232052046833957, 42.537818645913958, 0.0 ], [ -79.231934734775919, 42.537871433931976, 0.0 ], [ -79.231905340857537, 42.537884661461042, 0.0 ], [ -79.231848324800154, 42.537914469788674, 0.0 ], [ -79.231651112782501, 42.538017572942529, 0.0 ], [ -79.231620299083261, 42.538033682393376, 0.0 ], [ -79.231436659894257, 42.538099191831314, 0.0 ], [ -79.231281248057812, 42.538154631413988, 0.0 ], [ -79.231217707023333, 42.538174721742607, 0.0 ], [ -79.230995490052052, 42.538244981659489, 0.0 ], [ -79.230993258655616, 42.538245687172143, 0.0 ], [ -79.230757050486488, 42.538274322001911, 0.0 ], [ -79.230729274865254, 42.538277689125252, 0.0 ], [ -79.2307227658426, 42.538277125416286, 0.0 ], [ -79.230559619038786, 42.538265619635347, 0.0 ], [ -79.230516598910057, 42.53826258592823, 0.0 ], [ -79.230434695157115, 42.538256810165926, 0.0 ], [ -79.230428623431607, 42.538254266971478, 0.0 ], [ -79.230296002957431, 42.538198719839968, 0.0 ], [ -79.23029306369105, 42.538197488745944, 0.0 ], [ -79.230212218679597, 42.538165815309007, 0.0 ], [ -79.230191010342168, 42.538157506674253, 0.0 ], [ -79.230139832123271, 42.538126012321435, 0.0 ], [ -79.230108057871973, 42.538106459481085, 0.0 ], [ -79.230100130079862, 42.538097276747052, 0.0 ], [ -79.230064068353983, 42.538055506532757, 0.0 ], [ -79.229986801731187, 42.537940119589955, 0.0 ], [ -79.229950212767989, 42.537885478899859, 0.0 ], [ -79.229937419460768, 42.537866373514397, 0.0 ], [ -79.229879807206956, 42.537780336983026, 0.0 ], [ -79.229772813242931, 42.537620554272252, 0.0 ], [ -79.229762475115535, 42.537605115460586, 0.0 ], [ -79.229695457172156, 42.537451920051865, 0.0 ], [ -79.229653925603969, 42.537356983202628, 0.0 ], [ -79.229621270821056, 42.537282339203685, 0.0 ], [ -79.229608925578162, 42.537254119746763, 0.0 ] ] } },
{ "type": "Feature", "properties": { "CalShoreTy": 2, "CalLandcov": 3, "CalSlope": 2, "CalSedi": 2, "CalRetreat": 2 }, "geometry": { "type": "LineString", "coordinates": [ [ -79.237261002417213, 42.532416070852761, 0.0 ], [ -79.237172869641611, 42.532465767957341, 0.0 ], [ -79.237170262551032, 42.532467238064875, 0.0 ], [ -79.237148354635252, 42.532484854199076, 0.0 ], [ -79.237065565285945, 42.532551424904177, 0.0 ], [ -79.23698499476734, 42.532616211244999, 0.0 ], [ -79.236966258827451, 42.532631276689628, 0.0 ], [ -79.236965968063657, 42.532631536419458, 0.0 ], [ -79.23693656265435, 42.532657803298143, 0.0 ], [ -79.236830040301641, 42.53275295502057, 0.0 ], [ -79.236788681445233, 42.532789898999383, 0.0 ], [ -79.236787177684775, 42.532791242237828, 0.0 ], [ -79.236649394974236, 42.532870070448055, 0.0 ], [ -79.236598939906045, 42.532898936696967, 0.0 ], [ -79.236579657719162, 42.532909967837767, 0.0 ], [ -79.23657928770308, 42.532910326831022, 0.0 ], [ -79.236540761110618, 42.53294770568467, 0.0 ] ] } },
{ "type": "Feature", "properties": { "CalShoreTy": 2, "CalLandcov": 2, "CalSlope": 2, "CalSedi": 2, "CalRetreat": 2 }, "geometry": { "type": "LineString", "coordinates": [ [ -79.229608925574041, 42.53725411974775, 0.0 ], [ -79.229588093942638, 42.537206502024866, 0.0 ], [ -79.229488511004888, 42.537140799404085, 0.0 ], [ -79.229453118722972, 42.537117448304102, 0.0 ], [ -79.22943962328084, 42.537104231863559, 0.0 ], [ -79.229409176775391, 42.537074414528703, 0.0 ], [ -79.229407793099014, 42.537062058878256, 0.0 ], [ -79.229399200340382, 42.53698540334539, 0.0 ], [ -79.229397085433277, 42.536966536347478, 0.0 ], [ -79.229387097559282, 42.536877420600788, 0.0 ], [ -79.229366306333048, 42.536840791367098, 0.0 ], [ -79.229350535768631, 42.536813004251933, 0.0 ], [ -79.229333190872495, 42.536782443194859, 0.0 ], [ -79.229232985341483, 42.53665759509714, 0.0 ], [ -79.229109895527259, 42.536504234201239, 0.0 ], [ -79.229071520177811, 42.536456421143548, 0.0 ], [ -79.228986313220233, 42.536351088897916, 0.0 ], [ -79.228932779991297, 42.536284911278855, 0.0 ], [ -79.228825962161025, 42.536221409284664, 0.0 ], [ -79.228816714885753, 42.536215911872581, 0.0 ], [ -79.228790673743845, 42.536190854504021, 0.0 ], [ -79.228776780166243, 42.536166014097148, 0.0 ], [ -79.22875771512183, 42.536131928200589, 0.0 ], [ -79.228756343476078, 42.536080534821252, 0.0 ], [ -79.228755737394721, 42.536057819349985, 0.0 ], [ -79.228754698001055, 42.53601886366279, 0.0 ], [ -79.22872874121326, 42.535960848601214, 0.0 ], [ -79.228663370398081, 42.535899341953737, 0.0 ], [ -79.228514282271775, 42.535759066057985, 0.0 ], [ -79.228478746160505, 42.535725630275707, 0.0 ], [ -79.228418731576554, 42.535597333361544, 0.0 ], [ -79.228401136084329, 42.535559718275181, 0.0 ], [ -79.228401061340705, 42.535559670980533, 0.0 ], [ -79.228293473004072, 42.535492078157432, 0.0 ], [ -79.228288762146875, 42.535486322327657, 0.0 ], [ -79.228269549485816, 42.535462849868445, 0.0 ], [ -79.228212984989, 42.535393743237528, 0.0 ], [ -79.228162496431864, 42.535332060635461, 0.0 ], [ -79.228131594574208, 42.535320722453775, 0.0 ], [ -79.228079918636325, 42.535301762038074, 0.0 ], [ -79.227902431050964, 42.535265807524354, 0.0 ], [ -79.227880583325003, 42.535261381702824, 0.0 ], [ -79.227826812549381, 42.535250409108798, 0.0 ], [ -79.227738619464574, 42.535232414374597, 0.0 ], [ -79.227666908726619, 42.535229294669996, 0.0 ], [ -79.227605342031168, 42.535226616234588, 0.0 ] ] } },
{ "type": "Feature", "properties": { "CalShoreTy": 1, "CalLandcov": 1, "CalSlope": 2, "CalSedi": 2, "CalRetreat": 2 }, "geometry": { "type": "LineString", "coordinates": [ [ -79.223525315677421, 42.535954652995471, 0.0 ], [ -79.223504074210723, 42.535962212049697, 0.0 ], [ -79.223286334107769, 42.536039697360039, 0.0 ], [ -79.223205962591109, 42.536068298368477, 0.0 ], [ -79.223203397120685, 42.536069211314597, 0.0 ], [ -79.223074083451266, 42.536124785507504, 0.0 ], [ -79.223061806217785, 42.536130061790949, 0.0 ], [ -79.222933406629892, 42.536185244166461, 0.0 ], [ -79.222870790544164, 42.536220673835324, 0.0 ], [ -79.222679006761823, 42.536329189191356, 0.0 ], [ -79.22248722231312, 42.536437704227943, 0.0 ], [ -79.222417430480874, 42.536477193508354, 0.0 ], [ -79.222294310463298, 42.53654512407573, 0.0 ], [ -79.222100753349906, 42.536651917228497, 0.0 ], [ -79.222091747144603, 42.536656886292171, 0.0 ], [ -79.221911600444969, 42.536762906500535, 0.0 ], [ -79.221722661829119, 42.536874100251964, 0.0 ], [ -79.221606391913213, 42.536942526820049, 0.0 ], [ -79.221533722548884, 42.536985293701015, 0.0 ], [ -79.221521679270012, 42.53699238131729, 0.0 ], [ -79.221357231551735, 42.537107033376984, 0.0 ], [ -79.221181587404217, 42.53722949080268, 0.0 ], [ -79.221006408706046, 42.537351622975144, 0.0 ], [ -79.221005945892415, 42.537351950529668, 0.0 ], [ -79.22083155305981, 42.537475375640916, 0.0 ], [ -79.220830682885335, 42.537475991388881, 0.0 ] ] } },
{ "type": "Feature", "properties": { "CalShoreTy": 1, "CalLandcov": 1, "CalSlope": 2, "CalSedi": 2, "CalRetreat": 2 }, "geometry": { "type": "LineString", "coordinates": [ [ -79.227605342031097, 42.535226616235406, 0.0 ], [ -79.227425528885746, 42.535218793646585, 0.0 ], [ -79.22732456636804, 42.535214401249497, 0.0 ], [ -79.227309535466802, 42.535215039387673, 0.0 ], [ -79.227184137863546, 42.535220368342308, 0.0 ], [ -79.227156468058169, 42.535221544191721, 0.0 ], [ -79.226944929884255, 42.535245801797672, 0.0 ], [ -79.22692422391134, 42.535248176180041, 0.0 ], [ -79.226875570926651, 42.535253923083594, 0.0 ], [ -79.226822165220156, 42.535260231417624, 0.0 ], [ -79.226711404387359, 42.535289095303192, 0.0 ], [ -79.226513836051836, 42.535340580586912, 0.0 ], [ -79.226481825966999, 42.535337742693009, 0.0 ], [ -79.226241756827918, 42.535316458766879, 0.0 ], [ -79.226198942021469, 42.535312662858793, 0.0 ], [ -79.226071226190214, 42.535321199949152, 0.0 ], [ -79.226067488609232, 42.535321791608858, 0.0 ], [ -79.226002360731812, 42.535332101341496, 0.0 ], [ -79.225780770287045, 42.535367178771764, 0.0 ] ] } },
{ "type": "Feature", "properties": { "CalShoreTy": 2, "CalLandcov": 3, "CalSlope": 2, "CalSedi": 2, "CalRetreat": 3 }, "geometry": { "type": "LineString", "coordinates": [ [ -79.242411184175708, 42.531158710306492, 0.0 ], [ -79.242330986684323, 42.531134496708177, 0.0 ], [ -79.242203203140775, 42.531090859231441, 0.0 ], [ -79.242169977523517, 42.531079512805874, 0.0 ], [ -79.242106796277454, 42.531049781681716, 0.0 ], [ -79.242104762360242, 42.530953847652206, 0.0 ] ] } },
{ "type": "Feature", "properties": { "CalShoreTy": 2, "CalLandcov": 2, "CalSlope": 2, "CalSedi": 2, "CalRetreat": 3 }, "geometry": { "type": "LineString", "coordinates": [ [ -79.306777565822387, 42.504676236187329, 0.0 ], [ -79.3067495421476, 42.504685448624478, 0.0 ], [ -79.306548148235279, 42.504731846045019, 0.0 ], [ -79.306502332458109, 42.504742401090098, 0.0 ], [ -79.30646922254833, 42.504749320682095, 0.0 ], [ -79.306460211248961, 42.504748452058365, 0.0 ], [ -79.306397317357735, 42.504742393910846, 0.0 ], [ -79.30631887264029, 42.504715086227456, 0.0 ], [ -79.306302319361265, 42.50470932379308, 0.0 ], [ -79.306232327882512, 42.504698362408291, 0.0 ], [ -79.306163332521479, 42.50469835016743, 0.0 ], [ -79.306161554591128, 42.504698957364717, 0.0 ], [ -79.306090217474463, 42.504727036246265, 0.0 ], [ -79.306070392841605, 42.504734839372922, 0.0 ], [ -79.3060279225285, 42.504709423205014, 0.0 ], [ -79.305973018091933, 42.504676567214808, 0.0 ], [ -79.305891284882065, 42.504642651558072, 0.0 ], [ -79.305883537707416, 42.504639436818678, 0.0 ], [ -79.305813706181681, 42.50465397631352, 0.0 ], [ -79.305741645667936, 42.504682893734632, 0.0 ], [ -79.305665268127001, 42.504670574241636, 0.0 ], [ -79.305659407084931, 42.504669628868186, 0.0 ], [ -79.30554942004855, 42.504625601699836, 0.0 ], [ -79.305543068970778, 42.504628365961885, 0.0 ], [ -79.305462893517117, 42.50466326087021, 0.0 ], [ -79.305457391649, 42.504664540621448, 0.0 ], [ -79.30545559960153, 42.504667404602387, 0.0 ], [ -79.305428088194247, 42.504711372211467, 0.0 ], [ -79.305352050902442, 42.504739840900037, 0.0 ], [ -79.3053751862209, 42.504784829620029, 0.0 ], [ -79.305391040432397, 42.504799514852138, 0.0 ], [ -79.30545427171036, 42.504858083802887, 0.0 ], [ -79.305418676845974, 42.504902302816568, 0.0 ], [ -79.305349046567542, 42.504909947492109, 0.0 ], [ -79.305319618454632, 42.504913178376469, 0.0 ], [ -79.305175617914202, 42.505027811393042, 0.0 ], [ -79.305102890035329, 42.50508570689199, 0.0 ], [ -79.305002318699209, 42.505151709020573, 0.0 ], [ -79.304821799245772, 42.505270178270742, 0.0 ], [ -79.304810232414653, 42.505277769192986, 0.0 ], [ -79.304614681004153, 42.505361583095251, 0.0 ], [ -79.30445683069469, 42.505429237788491, 0.0 ], [ -79.304404924918373, 42.505450065204315, 0.0 ], [ -79.304312704101079, 42.505487069109208, 0.0 ], [ -79.30431023471094, 42.505487270122963, 0.0 ], [ -79.304176840684747, 42.505498128607407, 0.0 ], [ -79.304158362215702, 42.505499632802355, 0.0 ], [ -79.304096005737421, 42.505504708493994, 0.0 ], [ -79.304094989503227, 42.505504791213617, 0.0 ], [ -79.303936106356772, 42.505513646689053, 0.0 ], [ -79.303831991685811, 42.505519449479245, 0.0 ], [ -79.303709058623269, 42.505564482660304, 0.0 ], [ -79.303643557677745, 42.505588477067278, 0.0 ], [ -79.303498936802654, 42.505652286616638, 0.0 ], [ -79.303431068665034, 42.505682231253211, 0.0 ], [ -79.303270096333648, 42.50569910340014, 0.0 ], [ -79.303041084116771, 42.505723106670466, 0.0 ], [ -79.303030785992249, 42.505722203291022, 0.0 ], [ -79.3028425024916, 42.505705686370291, 0.0 ], [ -79.302830112974192, 42.505705944210817, 0.0 ], [ -79.302791493336969, 42.505712660625157, 0.0 ], [ -79.302556263985593, 42.505753569491688, 0.0 ], [ -79.302541099467518, 42.505756206742255, 0.0 ], [ -79.302347495289396, 42.505796839305823, 0.0 ], [ -79.302322810409194, 42.505798663567511, 0.0 ], [ -79.302107503135261, 42.505814574965662, 0.0 ], [ -79.302083490581367, 42.505820448922911, 0.0 ], [ -79.301854102548802, 42.505876561567831, 0.0 ], [ -79.301626036941016, 42.505932350167939, 0.0 ], [ -79.301624765903085, 42.505932771748192, 0.0 ], [ -79.301404359272382, 42.506005876185689, 0.0 ], [ -79.301241364951153, 42.506059937734534, 0.0 ], [ -79.301188728578296, 42.506085399255845, 0.0 ], [ -79.300986657602635, 42.506183145588217, 0.0 ], [ -79.300784585995103, 42.506280891565872, 0.0 ], [ -79.300733978163564, 42.506305371456641, 0.0 ], [ -79.300732373127403, 42.506306156197972, 0.0 ], [ -79.300691460463767, 42.506326159382901, 0.0 ], [ -79.300583004636167, 42.506379185759137, 0.0 ], [ -79.300381586635595, 42.506477662865016, 0.0 ], [ -79.300366690156096, 42.506484946012492, 0.0 ], [ -79.300353942574205, 42.506491178522388, 0.0 ], [ -79.300166166658741, 42.506558016099952, 0.0 ], [ -79.300039658030968, 42.506603045742722, 0.0 ], [ -79.299945986376073, 42.506631294779424, 0.0 ], [ -79.299865984005649, 42.506655421418486, 0.0 ], [ -79.29971652848603, 42.506644114714717, 0.0 ], [ -79.299711516957643, 42.506644114593158, 0.0 ], [ -79.299707633996832, 42.506644114497526, 0.0 ], [ -79.299488377539546, 42.506644056125246, 0.0 ], [ -79.299474802995917, 42.506644659512617, 0.0 ], [ -79.299469852134365, 42.506644682073492, 0.0 ], [ -79.299228167159526, 42.506645783127041, 0.0 ], [ -79.299218364299421, 42.50664582777484, 0.0 ], [ -79.299087626729474, 42.506617389893208, 0.0 ], [ -79.298995092871095, 42.506599753034486, 0.0 ], [ -79.29898323088247, 42.506597492144756, 0.0 ], [ -79.29890246489505, 42.506523970320565, 0.0 ], [ -79.298863364982594, 42.506488378037297, 0.0 ], [ -79.298835856179139, 42.506468022270852, 0.0 ], [ -79.298822076465981, 42.506457825649676, 0.0 ], [ -79.298790418309608, 42.506434398233672, 0.0 ], [ -79.298759606508852, 42.506427897225961, 0.0 ], [ -79.298712086335087, 42.506417871256168, 0.0 ] ] } },
{ "type": "Feature", "properties": { "CalShoreTy": 1, "CalLandcov": 1, "CalSlope": 2, "CalSedi": 2, "CalRetreat": 3 }, "geometry": { "type": "LineString", "coordinates": [ [ -79.298712086334106, 42.506417871258705, 0.0 ], [ -79.298661075482855, 42.506407108912093, 0.0 ], [ -79.298623229444274, 42.506421799923729, 0.0 ], [ -79.29849799920359, 42.506470411446635, 0.0 ], [ -79.298419227124654, 42.506516015141429, 0.0 ], [ -79.298330782965991, 42.506567218169529, 0.0 ], [ -79.298226985357601, 42.506623973513214, 0.0 ], [ -79.29817639929837, 42.506651633318597, 0.0 ], [ -79.29806095993159, 42.506720663629295, 0.0 ], [ -79.298038992527651, 42.506735796663044, 0.0 ], [ -79.297897010617234, 42.50683360570779, 0.0 ], [ -79.297896277704197, 42.506834039794128, 0.0 ], [ -79.297860085849067, 42.506855475324755, 0.0 ], [ -79.297816615135716, 42.506881221941555, 0.0 ], [ -79.297671670908471, 42.506967067795443, 0.0 ], [ -79.297670663819503, 42.506967664261552, 0.0 ], [ -79.297669314650662, 42.506968463329642, 0.0 ], [ -79.297534651539962, 42.507078949138211, 0.0 ], [ -79.297509799693415, 42.507099339052857, 0.0 ], [ -79.297504968373545, 42.507103302947492, 0.0 ], [ -79.297502918116592, 42.507105394985629, 0.0 ], [ -79.297459798585038, 42.507149393188534, 0.0 ] ] } },
{ "type": "Feature", "properties": { "CalShoreTy": 2, "CalLandcov": 2, "CalSlope": 3, "CalSedi": 2, "CalRetreat": 3 }, "geometry": { "type": "LineString", "coordinates": [ [ -79.286139193788841, 42.511081975269725, 0.0 ], [ -79.286109871303708, 42.511068048622747, 0.0 ], [ -79.285957538496618, 42.511095466352089, 0.0 ], [ -79.285923492173168, 42.511101594172096, 0.0 ], [ -79.285781987230294, 42.511097835104835, 0.0 ], [ -79.285778231583308, 42.511098445105418, 0.0 ], [ -79.285720605726937, 42.511113675332098, 0.0 ], [ -79.285493080712399, 42.511173808703127, 0.0 ], [ -79.285405570941094, 42.511196936797276, 0.0 ], [ -79.285265555285577, 42.511233941677006, 0.0 ], [ -79.285171401385782, 42.511258825562379, 0.0 ], [ -79.285039525658959, 42.511297010911449, 0.0 ], [ -79.284968884178454, 42.511317465461801, 0.0 ], [ -79.284858756816192, 42.511359440734346, 0.0 ], [ -79.284817409614234, 42.511354751299955, 0.0 ], [ -79.284736839537743, 42.511345613317076, 0.0 ], [ -79.28457888119442, 42.511365253485536, 0.0 ], [ -79.284548023328682, 42.511369090252167, 0.0 ], [ -79.284431269774956, 42.511378287888533, 0.0 ], [ -79.284370570539664, 42.511368016152041, 0.0 ], [ -79.28434043561748, 42.511363626852798, 0.0 ], [ -79.284312605331579, 42.511359573226272, 0.0 ], [ -79.284227156800384, 42.51131163219123, 0.0 ], [ -79.284149243525519, 42.511364564140678, 0.0 ], [ -79.284112035812583, 42.511389841896865, 0.0 ], [ -79.283932394544763, 42.511437905783765, 0.0 ], [ -79.283846096009739, 42.511460995245479, 0.0 ], [ -79.283700468701724, 42.511434798333674, 0.0 ], [ -79.283639538289108, 42.511423837492949, 0.0 ], [ -79.283486399972219, 42.511355533804675, 0.0 ], [ -79.283348132149911, 42.511293862440759, 0.0 ], [ -79.283299112685526, 42.511247166194828, 0.0 ], [ -79.283259015857055, 42.511208969639497, 0.0 ], [ -79.28315119430755, 42.511106252807167, 0.0 ], [ -79.283144435603376, 42.511099814073233, 0.0 ], [ -79.282940360926105, 42.511020562397576, 0.0 ], [ -79.2828620843989, 42.510990163835665, 0.0 ], [ -79.282747839434478, 42.510945796008038, 0.0 ], [ -79.282723911541694, 42.51094366752465, 0.0 ], [ -79.282562238203525, 42.510929285883869, 0.0 ], [ -79.282483381262168, 42.510929791293933, 0.0 ], [ -79.28232260484441, 42.510930821572373, 0.0 ], [ -79.282242152322695, 42.510924393955712, 0.0 ], [ -79.282105242030013, 42.510913455607394, 0.0 ], [ -79.282090510252246, 42.510914264754085, 0.0 ], [ -79.282090315009185, 42.510914275477411, 0.0 ], [ -79.282057160030888, 42.510916096443687, 0.0 ], [ -79.28200153539477, 42.510919150902829, 0.0 ], [ -79.281833648421923, 42.510928370126983, 0.0 ], [ -79.281832329490072, 42.510928442552121, 0.0 ], [ -79.281763686605515, 42.510912348486301, 0.0 ], [ -79.281638255410144, 42.510882939658131, 0.0 ], [ -79.281538285338726, 42.510916914544879, 0.0 ], [ -79.281318783566846, 42.510991511913453, 0.0 ], [ -79.281140916575467, 42.511051959321463, 0.0 ], [ -79.281096510499623, 42.511060365613574, 0.0 ], [ -79.280862400208321, 42.511104683536885, 0.0 ], [ -79.28062828958484, 42.511149000983053, 0.0 ], [ -79.280394178629223, 42.511193317952497, 0.0 ], [ -79.280160067341555, 42.51123763444523, 0.0 ], [ -79.280105495000228, 42.511247964730636, 0.0 ], [ -79.279930720235072, 42.511293487632464, 0.0 ], [ -79.279702820918899, 42.511352847179538, 0.0 ], [ -79.279571483054653, 42.511387055695835, 0.0 ], [ -79.279469482916866, 42.511393822671998, 0.0 ], [ -79.279375467716946, 42.511400059821938, 0.0 ], [ -79.279373856292523, 42.511399702296444, 0.0 ], [ -79.279230525827288, 42.511418703824006, 0.0 ], [ -79.27922495654812, 42.511419442146803, 0.0 ], [ -79.279224594250749, 42.511419419539621, 0.0 ], [ -79.279187363975936, 42.511417096381969, 0.0 ], [ -79.279161172106683, 42.511415461765026, 0.0 ], [ -79.279160915685964, 42.511415445761962, 0.0 ], [ -79.279157505674902, 42.511416835787074, 0.0 ], [ -79.27915628044903, 42.511417335191069, 0.0 ], [ -79.27912373501195, 42.511430600754913, 0.0 ] ] } },
{ "type": "Feature", "properties": { "CalShoreTy": 2, "CalLandcov": 3, "CalSlope": 3, "CalSedi": 2, "CalRetreat": 3 }, "geometry": { "type": "LineString", "coordinates": [ [ -79.286231590991378, 42.511170276573154, 0.0 ], [ -79.286242449910517, 42.511131190405422, 0.0 ], [ -79.286242492547544, 42.511131036932717, 0.0 ], [ -79.286181239303758, 42.511101944774119, 0.0 ], [ -79.286139193789126, 42.511081975269377, 0.0 ] ] } },
{ "type": "Feature", "properties": { "CalShoreTy": 2, "CalLandcov": 2, "CalSlope": 2, "CalSedi": 2, "CalRetreat": 3 }, "geometry": { "type": "LineString", "coordinates": [ [ -79.297459798585038, 42.507149393188534, 0.0 ], [ -79.297367661269419, 42.507243407646058, 0.0 ], [ -79.297336391844922, 42.50727531405127, 0.0 ], [ -79.297330448482811, 42.507281378479334, 0.0 ], [ -79.297238026488941, 42.507393652063875, 0.0 ], [ -79.297128111279903, 42.507527175660584, 0.0 ], [ -79.297110281736693, 42.507544801609775, 0.0 ], [ -79.296965798854757, 42.507687634178836, 0.0 ], [ -79.296821315314006, 42.507830466567327, 0.0 ], [ -79.29671226417031, 42.507938270925848, 0.0 ], [ -79.296666600907955, 42.507966129410747, 0.0 ], [ -79.296480400595314, 42.508079727035657, 0.0 ], [ -79.296341923863778, 42.508164208856527, 0.0 ], [ -79.296298865434309, 42.508197040230542, 0.0 ], [ -79.296214788375934, 42.508261147514311, 0.0 ], [ -79.296155775686358, 42.508316216293004, 0.0 ], [ -79.296134984315358, 42.508327145590336, 0.0 ], [ -79.296079778730231, 42.508356165197711, 0.0 ], [ -79.295966777687028, 42.508433160071455, 0.0 ], [ -79.295959092312714, 42.5084467843824, 0.0 ], [ -79.295903625109673, 42.508545114124736, 0.0 ], [ -79.295847279255455, 42.508603533522773, 0.0 ], [ -79.295707222730968, 42.508748743574955, 0.0 ], [ -79.295627076633963, 42.508831838351504, 0.0 ], [ -79.295559839559758, 42.508889735622439, 0.0 ], [ -79.295402655335906, 42.509025085043817, 0.0 ], [ -79.295377451674227, 42.509046787534558, 0.0 ], [ -79.295283164632437, 42.50914408461972, 0.0 ], [ -79.29527919904001, 42.509145207335841, 0.0 ], [ -79.295245134578536, 42.509154851466455, 0.0 ], [ -79.295193066170881, 42.509169592748819, 0.0 ], [ -79.295019503025927, 42.509218730512245, 0.0 ], [ -79.295011538502706, 42.509220985354354, 0.0 ], [ -79.294852884910796, 42.50928017696657, 0.0 ], [ -79.294837660853204, 42.509319407266617, 0.0 ], [ -79.294787215279101, 42.509449398194327, 0.0 ], [ -79.294752566191519, 42.509483950219789, 0.0 ], [ -79.2946088878316, 42.509627225573489, 0.0 ], [ -79.294468710155002, 42.509767009257544, 0.0 ], [ -79.294464747803843, 42.509770221846416, 0.0 ], [ -79.294410723917366, 42.509814023187332, 0.0 ], [ -79.294332956751802, 42.509918275204946, 0.0 ], [ -79.294311478092311, 42.50994706869367, 0.0 ], [ -79.294145413283076, 42.510025365082292, 0.0 ], [ -79.294137663974979, 42.51002901872161, 0.0 ], [ -79.294110939196955, 42.510041178859154, 0.0 ], [ -79.294082669716218, 42.510054042683628, 0.0 ], [ -79.294062467529486, 42.510056683347628, 0.0 ], [ -79.293998723892159, 42.510065026295344, 0.0 ], [ -79.293947691719737, 42.510054834723128, 0.0 ], [ -79.293945078164711, 42.510054313464337, 0.0 ], [ -79.293938755845033, 42.510053049967794, 0.0 ], [ -79.293919286042382, 42.51004834663572, 0.0 ], [ -79.293689602026092, 42.509992861417281, 0.0 ], [ -79.293494692330583, 42.50994577626183, 0.0 ], [ -79.293458384064067, 42.509942414378465, 0.0 ], [ -79.293218566245031, 42.509920208677507, 0.0 ], [ -79.293115615853921, 42.509910675925347, 0.0 ], [ -79.292977718529571, 42.509913287628677, 0.0 ], [ -79.292960655443437, 42.509913610782242, 0.0 ], [ -79.292763691928513, 42.509873641708339, 0.0 ], [ -79.292745858570115, 42.509866425803182, 0.0 ], [ -79.292548657629254, 42.509786632156192, 0.0 ], [ -79.292532553770371, 42.509783246049651, 0.0 ], [ -79.292358633210085, 42.509746676158272, 0.0 ], [ -79.292356813418749, 42.509746925168912, 0.0 ], [ -79.2922988109069, 42.509754861910523, 0.0 ], [ -79.292152569969033, 42.509774872569679, 0.0 ] ] } },
{ "type": "Feature", "properties": { "CalShoreTy": 2, "CalLandcov": 2, "CalSlope": 3, "CalSedi": 2, "CalRetreat": 3 }, "geometry": { "type": "LineString", "coordinates": [ [ -79.292152569968977, 42.509774872569473, 0.0 ], [ -79.292061168543057, 42.509787379092664, 0.0 ], [ -79.291941311543241, 42.509803779094902, 0.0 ], [ -79.291939458749965, 42.509804032611079, 0.0 ], [ -79.291823885306286, 42.509821261959928, 0.0 ], [ -79.291586979150722, 42.509856578837812, 0.0 ], [ -79.291512367584161, 42.509867701476047, 0.0 ], [ -79.291350661257425, 42.509893949469621, 0.0 ], [ -79.291154551758694, 42.509925781411759, 0.0 ], [ -79.291113868148571, 42.509928841435524, 0.0 ], [ -79.290873414211788, 42.509946926909087, 0.0 ], [ -79.290822575818211, 42.509950750595344, 0.0 ], [ -79.290632863501159, 42.509964295513875, 0.0 ], [ -79.2903922867484, 42.50998147154818, 0.0 ], [ -79.290186489685098, 42.509996164070067, 0.0 ], [ -79.290154282085439, 42.510006153939202, 0.0 ], [ -79.289931497287583, 42.510075255022521, 0.0 ], [ -79.28982870421197, 42.510107138117071, 0.0 ], [ -79.289722680637638, 42.510162822409313, 0.0 ], [ -79.289640178332419, 42.510206153035618, 0.0 ], [ -79.289540485515502, 42.510279032072539, 0.0 ], [ -79.289498081110111, 42.510310031139966, 0.0 ], [ -79.289469130212709, 42.510356176739762, 0.0 ], [ -79.28937316681521, 42.510400178669059, 0.0 ], [ -79.289191205927779, 42.510483612485395, 0.0 ], [ -79.289166946459062, 42.510493024072424, 0.0 ], [ -79.288953055027889, 42.510576004015881, 0.0 ], [ -79.288739162852707, 42.510658983497663, 0.0 ], [ -79.288713006483292, 42.510669131099405, 0.0 ], [ -79.288504261248704, 42.510697025617688, 0.0 ], [ -79.288325219127955, 42.510720950600785, 0.0 ], [ -79.288270963544093, 42.510739391526421, 0.0 ], [ -79.288051466770682, 42.510813995890018, 0.0 ], [ -79.28792522820838, 42.510856902616524, 0.0 ], [ -79.287829519447655, 42.510884345971377, 0.0 ], [ -79.287604255190814, 42.51094893742107, 0.0 ], [ -79.287378990468312, 42.511013528429487, 0.0 ], [ -79.287153725280106, 42.511078118996608, 0.0 ], [ -79.286928459626353, 42.511142709122531, 0.0 ], [ -79.286703193506852, 42.511207298807165, 0.0 ], [ -79.286674750432141, 42.511215454138423, 0.0 ], [ -79.286589403158573, 42.511234213909411, 0.0 ], [ -79.286474772825855, 42.511259412910924, 0.0 ], [ -79.286472264207475, 42.511259414271144, 0.0 ], [ -79.286461414372781, 42.511259420149678, 0.0 ], [ -79.286386786951269, 42.511259466576128, 0.0 ], [ -79.286309380860402, 42.511282478039817, 0.0 ], [ -79.286260795530794, 42.511242546783258, 0.0 ], [ -79.286220673545728, 42.511209571315561, 0.0 ], [ -79.286220716506705, 42.511209416685219, 0.0 ], [ -79.286231590991378, 42.511170276573154, 0.0 ] ] } },
{ "type": "Feature", "properties": { "CalShoreTy": 1, "CalLandcov": 1, "CalSlope": 2, "CalSedi": 2, "CalRetreat": 3 }, "geometry": { "type": "LineString", "coordinates": [ [ -79.278681943422498, 42.511754220009799, 0.0 ], [ -79.278536091267938, 42.511859908325384, 0.0 ], [ -79.278431825641007, 42.511935461614833, 0.0 ], [ -79.278363719570038, 42.511984812703055, 0.0 ], [ -79.278322593560233, 42.512014613415801, 0.0 ] ] } },
{ "type": "Feature", "properties": { "CalShoreTy": 1, "CalLandcov": 1, "CalSlope": 3, "CalSedi": 2, "CalRetreat": 3 }, "geometry": { "type": "LineString", "coordinates": [ [ -79.27912373501195, 42.511430600754913, 0.0 ], [ -79.279081513716051, 42.511447810084299, 0.0 ], [ -79.279079928158936, 42.511448456354231, 0.0 ], [ -79.279009681906217, 42.511475477798697, 0.0 ], [ -79.278956827429838, 42.511495809148329, 0.0 ], [ -79.278902238427619, 42.511511843111052, 0.0 ], [ -79.278850527882213, 42.511594375415271, 0.0 ], [ -79.278807283703827, 42.51166339483882, 0.0 ], [ -79.278708462297189, 42.51173500370448, 0.0 ], [ -79.278681943421404, 42.511754220008974, 0.0 ] ] } },
{ "type": "Feature", "properties": { "CalShoreTy": 2, "CalLandcov": 2, "CalSlope": 2, "CalSedi": 2, "CalRetreat": 3 }, "geometry": { "type": "LineString", "coordinates": [ [ -79.271985158335937, 42.518799985982554, 0.0 ], [ -79.271975461642242, 42.518838160073912, 0.0 ], [ -79.271941365709836, 42.518889340037688, 0.0 ], [ -79.271929962173672, 42.518906457381512, 0.0 ], [ -79.271928094338577, 42.518909472823616, 0.0 ], [ -79.271911983423934, 42.518935488555115, 0.0 ], [ -79.27188922537276, 42.518973263106808, 0.0 ], [ -79.271875962082177, 42.518995278005022, 0.0 ], [ -79.271802448910194, 42.51902427550597, 0.0 ], [ -79.271802117840167, 42.519024478752783, 0.0 ], [ -79.271706045478155, 42.519083458047852, 0.0 ], [ -79.271705347757688, 42.519085751638954, 0.0 ], [ -79.271691031025341, 42.519132875218105, 0.0 ], [ -79.271681412537305, 42.519164535355479, 0.0 ], [ -79.271677532873028, 42.51916518500343, 0.0 ], [ -79.271608182731001, 42.519176797613255, 0.0 ], [ -79.271510551063059, 42.519202722196376, 0.0 ], [ -79.27144569746757, 42.519214662788166, 0.0 ], [ -79.271370190730508, 42.519228564741404, 0.0 ], [ -79.27135197502119, 42.519348627353644, 0.0 ], [ -79.271350198930961, 42.519360333816586, 0.0 ], [ -79.271201984808371, 42.519406365164869, 0.0 ], [ -79.271139139980676, 42.519418372517187, 0.0 ], [ -79.271126678610372, 42.519420753424541, 0.0 ], [ -79.271078009136176, 42.519430052773366, 0.0 ], [ -79.271065122851113, 42.51943987108622, 0.0 ], [ -79.270989234001419, 42.519497687526751, 0.0 ], [ -79.270940683484909, 42.519508976911943, 0.0 ], [ -79.270745140581283, 42.519554445982983, 0.0 ], [ -79.27070844987125, 42.519554907536779, 0.0 ], [ -79.270648563684645, 42.519555660852866, 0.0 ], [ -79.270639353141931, 42.519589840125981, 0.0 ], [ -79.270662049824651, 42.519620439393009, 0.0 ], [ -79.270693678744081, 42.519680372857351, 0.0 ], [ -79.270696077040213, 42.519684917370398, 0.0 ], [ -79.270612530995052, 42.519744256840568, 0.0 ], [ -79.270593616853375, 42.519743982255051, 0.0 ], [ -79.270539034964756, 42.51974318963709, 0.0 ], [ -79.270509745900554, 42.519768938891552, 0.0 ], [ -79.270503152659586, 42.5197747352832, 0.0 ], [ -79.270493564924763, 42.519783165333642, 0.0 ], [ -79.270436120133056, 42.519800768950986, 0.0 ], [ -79.270396041157994, 42.519817511293482, 0.0 ], [ -79.27030302827032, 42.519820373614806, 0.0 ], [ -79.270288386369614, 42.519823322257167, 0.0 ], [ -79.270255127666289, 42.519830020012463, 0.0 ], [ -79.270254866362293, 42.519830040976281, 0.0 ], [ -79.270222713004827, 42.519832620561147, 0.0 ] ] } },
{ "type": "Feature", "properties": { "CalShoreTy": 2, "CalLandcov": 3, "CalSlope": 2, "CalSedi": 2, "CalRetreat": 3 }, "geometry": { "type": "LineString", "coordinates": [ [ -79.272107134554787, 42.518607359278093, 0.0 ], [ -79.272068623370274, 42.518681996623727, 0.0 ], [ -79.272019570076495, 42.518723981852936, 0.0 ], [ -79.272000268580413, 42.518740502183519, 0.0 ], [ -79.271994144249888, 42.518764611464874, 0.0 ], [ -79.27198515833436, 42.518799985982334, 0.0 ] ] } },
{ "type": "Feature", "properties": { "CalShoreTy": 2, "CalLandcov": 2, "CalSlope": 2, "CalSedi": 2, "CalRetreat": 3 }, "geometry": { "type": "LineString", "coordinates": [ [ -79.270222713004827, 42.519832620561147, 0.0 ], [ -79.27019141147413, 42.519835131434867, 0.0 ], [ -79.270191149548054, 42.519835152445431, 0.0 ], [ -79.270174815661846, 42.519825452649506, 0.0 ], [ -79.270174626976271, 42.519825340601628, 0.0 ], [ -79.270147589364839, 42.519809284745328, 0.0 ] ] } },
{ "type": "Feature", "properties": { "CalShoreTy": 2, "CalLandcov": 2, "CalSlope": 3, "CalSedi": 2, "CalRetreat": 3 }, "geometry": { "type": "LineString", "coordinates": [ [ -79.249186790449457, 42.532069837930216, 0.0 ], [ -79.249139831358164, 42.53209204532466, 0.0 ], [ -79.249116570581819, 42.532103045549988, 0.0 ], [ -79.249080332437416, 42.53212018303055, 0.0 ], [ -79.248929606348611, 42.532179838467705, 0.0 ], [ -79.248888279384886, 42.53219619509013, 0.0 ], [ -79.248702788132661, 42.532240226673281, 0.0 ], [ -79.248673345223381, 42.532247215744519, 0.0 ], [ -79.248466427357442, 42.532277104966752, 0.0 ], [ -79.248229154117581, 42.532311378518749, 0.0 ], [ -79.248187872684113, 42.532317341468371, 0.0 ], [ -79.248176939318611, 42.532317343683026, 0.0 ], [ -79.24804190811102, 42.532317359088786, 0.0 ], [ -79.248033783157908, 42.532317954484512, 0.0 ], [ -79.247988414900391, 42.532321280713539, 0.0 ], [ -79.247895880352743, 42.532328064937673, 0.0 ], [ -79.24774781367212, 42.532338919324644, 0.0 ], [ -79.247700913049329, 42.532342357446943, 0.0 ], [ -79.247687757356815, 42.532342740711009, 0.0 ], [ -79.247565807692681, 42.532346293412992, 0.0 ], [ -79.247565076494951, 42.532346443495676, 0.0 ], [ -79.24753125249336, 42.532341838389748, 0.0 ], [ -79.24750925295659, 42.532349426921407, 0.0 ], [ -79.247331174068449, 42.532410853315483, 0.0 ], [ -79.247322694936315, 42.532414097517439, 0.0 ], [ -79.247289043094725, 42.532422683715573, 0.0 ], [ -79.247060561932003, 42.532480979885662, 0.0 ], [ -79.246849645082378, 42.532534794081933, 0.0 ], [ -79.24683124163171, 42.532536718401211, 0.0 ], [ -79.246691543398811, 42.532551325555417, 0.0 ], [ -79.246682745047323, 42.532552246151262, 0.0 ], [ -79.246628326273509, 42.532556852757672, 0.0 ], [ -79.246591297334874, 42.532556859663892, 0.0 ], [ -79.24654362825882, 42.532556868535387, 0.0 ], [ -79.246350333014504, 42.532570046890882, 0.0 ], [ -79.246303649258664, 42.532573229614627, 0.0 ], [ -79.246303420132548, 42.532573203031717, 0.0 ], [ -79.246147815942265, 42.532555192013895, 0.0 ], [ -79.246117342911717, 42.532539517507765, 0.0 ], [ -79.246086333716647, 42.532523567195561, 0.0 ], [ -79.245980509138619, 42.532469133756955, 0.0 ], [ -79.245918511728007, 42.532500126259556, 0.0 ], [ -79.245884392253288, 42.532517182554592, 0.0 ], [ -79.245882796148166, 42.532518265167994, 0.0 ], [ -79.245736827837149, 42.532617272962987, 0.0 ], [ -79.245709458619729, 42.53263583698083, 0.0 ] ] } },
{ "type": "Feature", "properties": { "CalShoreTy": 2, "CalLandcov": 2, "CalSlope": 2, "CalSedi": 2, "CalRetreat": 3 }, "geometry": { "type": "LineString", "coordinates": [ [ -79.268747145909714, 42.520681831014357, 0.0 ], [ -79.26874878423375, 42.520691435262918, 0.0 ], [ -79.268627394167169, 42.520738884620904, 0.0 ], [ -79.268631792529817, 42.520792729528971, 0.0 ], [ -79.268632145574443, 42.520797049993369, 0.0 ], [ -79.268637255917739, 42.520859615547188, 0.0 ], [ -79.2686177740988, 42.520952979836238, 0.0 ], [ -79.268607974570529, 42.520968041918721, 0.0 ], [ -79.268591776773349, 42.520992938255063, 0.0 ], [ -79.268521469303252, 42.521043007919594, 0.0 ], [ -79.26850550531617, 42.52104355350653, 0.0 ], [ -79.26845152890067, 42.521028548135398, 0.0 ], [ -79.268420795235485, 42.521020003963741, 0.0 ], [ -79.268335647414034, 42.520996332222296, 0.0 ], [ -79.268302033299477, 42.520997482935726, 0.0 ], [ -79.268268652980083, 42.521023380802006, 0.0 ], [ -79.268246356577535, 42.521055443216895, 0.0 ], [ -79.268237351535333, 42.521068391681979, 0.0 ], [ -79.268198615934438, 42.521124090021281, 0.0 ], [ -79.268073338868561, 42.521128764745569, 0.0 ], [ -79.268057121201139, 42.521147542354512, 0.0 ], [ -79.268056484111, 42.521148279893133, 0.0 ], [ -79.268002046572192, 42.52121130029127, 0.0 ], [ -79.268030861330899, 42.521271723839391, 0.0 ], [ -79.268048595044078, 42.521308911717746, 0.0 ], [ -79.268052318622267, 42.521316720114342, 0.0 ], [ -79.268032366445851, 42.521325748449605, 0.0 ], [ -79.268021313337201, 42.521324082360799, 0.0 ], [ -79.267945646982696, 42.521312671500645, 0.0 ], [ -79.267899302437442, 42.521305684039305, 0.0 ], [ -79.267891372651633, 42.521307509452207, 0.0 ], [ -79.267877372914427, 42.521310732339337, 0.0 ], [ -79.26786833847396, 42.521340690740658, 0.0 ], [ -79.267871753846919, 42.521344913220396, 0.0 ], [ -79.267879418264855, 42.521354388859237, 0.0 ], [ -79.267880216053186, 42.521356997567786, 0.0 ], [ -79.267888262970871, 42.521383305073002, 0.0 ], [ -79.267899952448175, 42.521421523037347, 0.0 ], [ -79.267907447981543, 42.521434878853782, 0.0 ], [ -79.267929263062811, 42.521473744842126, 0.0 ], [ -79.267901370380429, 42.521487749595714, 0.0 ], [ -79.267885609682125, 42.521488198452857, 0.0 ], [ -79.267878410655428, 42.521488403278347, 0.0 ], [ -79.267656637809011, 42.52149471287688, 0.0 ], [ -79.267639844862899, 42.521502456651476, 0.0 ], [ -79.267594014664283, 42.521523590423804, 0.0 ], [ -79.267546189418297, 42.521564281220456, 0.0 ], [ -79.267575871485789, 42.521645894105056, 0.0 ], [ -79.267588645674792, 42.521681017547394, 0.0 ], [ -79.267521091392183, 42.521702807825434, 0.0 ], [ -79.267474890503905, 42.521717710420425, 0.0 ], [ -79.267425551180111, 42.521752451563671, 0.0 ], [ -79.267386853586302, 42.52177969953545, 0.0 ], [ -79.267277247351515, 42.521831483960696, 0.0 ], [ -79.267228388360863, 42.521854567483196, 0.0 ], [ -79.267088360413382, 42.521920723738909, 0.0 ], [ -79.267026561582611, 42.521952587849825, 0.0 ], [ -79.267018731131628, 42.521956625304938, 0.0 ], [ -79.266965234666088, 42.522003097045292, 0.0 ], [ -79.266882223910898, 42.521985539908314, 0.0 ], [ -79.266829297148163, 42.521960162877598, 0.0 ], [ -79.266822295727593, 42.521956805871241, 0.0 ], [ -79.266629773288045, 42.521996201250403, 0.0 ], [ -79.26660279956792, 42.522010956155754, 0.0 ], [ -79.266482658598221, 42.522076674348952, 0.0 ], [ -79.26643861047846, 42.522136315447838, 0.0 ], [ -79.26640305187972, 42.522184461648727, 0.0 ], [ -79.266246492662489, 42.522228082543037, 0.0 ], [ -79.266222093755459, 42.522234880597829, 0.0 ], [ -79.266172233224438, 42.522330208922092, 0.0 ], [ -79.266102618354211, 42.522354537300394, 0.0 ], [ -79.266080261797214, 42.522362350254618, 0.0 ], [ -79.265967917230441, 42.522457037931716, 0.0 ], [ -79.265921575982247, 42.522456950385539, 0.0 ], [ -79.265748523604415, 42.522456623292669, 0.0 ], [ -79.265683565081929, 42.522473099752027, 0.0 ], [ -79.265547511892095, 42.522507608928684, 0.0 ], [ -79.265523067163443, 42.522559964087897, 0.0 ], [ -79.265523521347902, 42.522576720907693, 0.0 ], [ -79.265524535113371, 42.52261412308421, 0.0 ], [ -79.265511052747812, 42.522619967803379, 0.0 ], [ -79.265486216699486, 42.522718921706257, 0.0 ], [ -79.265468455077766, 42.52274435331055, 0.0 ], [ -79.265417390104901, 42.522817469478596, 0.0 ], [ -79.26540743964982, 42.522831716996762, 0.0 ], [ -79.265339344003849, 42.522882693414843, 0.0 ], [ -79.265329635446633, 42.522887055120073, 0.0 ], [ -79.265241435489884, 42.522926680110807, 0.0 ], [ -79.265115158596586, 42.522968531568424, 0.0 ], [ -79.265066340589058, 42.522984711076724, 0.0 ], [ -79.264909010206054, 42.523060862588551, 0.0 ], [ -79.264706938254605, 42.523158669457594, 0.0 ], [ -79.264504865670872, 42.523256475972083, 0.0 ], [ -79.264302792454529, 42.52335428213177, 0.0 ], [ -79.264100718605633, 42.523452087936491, 0.0 ], [ -79.263898644124083, 42.523549893386225, 0.0 ], [ -79.263696569009753, 42.523647698480929, 0.0 ], [ -79.263542012934764, 42.52372250373935, 0.0 ], [ -79.263490097906285, 42.523739579602804, 0.0 ], [ -79.263269330478508, 42.523812193938447, 0.0 ], [ -79.263048562537492, 42.52388480785033, 0.0 ], [ -79.262827794083222, 42.523957421338395, 0.0 ], [ -79.26260702511577, 42.524030034402699, 0.0 ], [ -79.262470777641695, 42.524074847227666, 0.0 ], [ -79.262384261540504, 42.524099087201357, 0.0 ], [ -79.262193048983434, 42.524152660597075, 0.0 ], [ -79.262158283069994, 42.524162401208201, 0.0 ], [ -79.261932304154371, 42.524225714796273, 0.0 ], [ -79.26170632477556, 42.524289027930095, 0.0 ], [ -79.261480344936444, 42.524352340615735, 0.0 ], [ -79.261424381369295, 42.524368019817409, 0.0 ], [ -79.261250279616334, 42.524406818986847, 0.0 ], [ -79.261056065894721, 42.524450099807403, 0.0 ], [ -79.26101736716447, 42.52445270590237, 0.0 ], [ -79.260776611642541, 42.524468918838785, 0.0 ], [ -79.26067002623823, 42.524476096338617, 0.0 ], [ -79.260666755481452, 42.524475833884956, 0.0 ], [ -79.260535361437761, 42.52447836876128, 0.0 ], [ -79.260293685634792, 42.524483030817777, 0.0 ], [ -79.260246559080414, 42.524483939854257, 0.0 ], [ -79.260056822029654, 42.524515854244122, 0.0 ], [ -79.259949335517859, 42.524533933670739, 0.0 ], [ -79.259832091068816, 42.524490033759427, 0.0 ], [ -79.25977875574452, 42.524470063319995, 0.0 ], [ -79.259762646987213, 42.524465287921217, 0.0 ], [ -79.259627313236322, 42.524396276183687, 0.0 ], [ -79.259428505834919, 42.524294896291984, 0.0 ], [ -79.259319086500099, 42.524239098683331, 0.0 ], [ -79.259213639739883, 42.52421964898744, 0.0 ], [ -79.25913997638807, 42.524206061687735, 0.0 ], [ -79.259020092608864, 42.524199091973394, 0.0 ], [ -79.259004170993634, 42.524199699006715, 0.0 ], [ -79.258984109876707, 42.524215762646818, 0.0 ], [ -79.2589549912976, 42.524239078891334, 0.0 ], [ -79.258879029897159, 42.52426405739471, 0.0 ], [ -79.258878732208402, 42.524264718588114, 0.0 ], [ -79.258842630002007, 42.524344904713764, 0.0 ], [ -79.258825059946759, 42.524383929252338, 0.0 ] ] } },
{ "type": "Feature", "properties": { "CalShoreTy": 2, "CalLandcov": 2, "CalSlope": 2, "CalSedi": 2, "CalRetreat": 3 }, "geometry": { "type": "LineString", "coordinates": [ [ -79.253103032280976, 42.527572342578374, 0.0 ], [ -79.253036557388128, 42.527612851848794, 0.0 ], [ -79.252922948124535, 42.527691111286011, 0.0 ], [ -79.252746322437304, 42.52781277880559, 0.0 ], [ -79.252660146177803, 42.527872140521126, 0.0 ], [ -79.252590252356825, 42.527938126509525, 0.0 ], [ -79.252585132993715, 42.527944646661119, 0.0 ], [ -79.252510151177646, 42.528040145216814, 0.0 ], [ -79.252452941400719, 42.528093293989947, 0.0 ], [ -79.252354721917342, 42.528184541139225, 0.0 ], [ -79.252333630776732, 42.528244254773384, 0.0 ], [ -79.252273388665415, 42.528414812721422, 0.0 ], [ -79.252271935748752, 42.528416421128028, 0.0 ], [ -79.252254990440917, 42.528435179887381, 0.0 ], [ -79.252137961716329, 42.528564738090118, 0.0 ], [ -79.252115343341572, 42.528589777985275, 0.0 ], [ -79.252056652086168, 42.528731414070194, 0.0 ], [ -79.251998317000016, 42.528872189968737, 0.0 ], [ -79.251976997423498, 42.52889889027152, 0.0 ], [ -79.251867396835763, 42.529036151897962, 0.0 ], [ -79.251852799740888, 42.529051706012936, 0.0 ], [ -79.251761374132684, 42.529149125474838, 0.0 ], [ -79.251730781450476, 42.529204432475517, 0.0 ], [ -79.251639516873439, 42.52936942457076, 0.0 ], [ -79.251610353383498, 42.52942214740402, 0.0 ], [ -79.251515183257709, 42.529521041407705, 0.0 ], [ -79.251508360688348, 42.529528130918806, 0.0 ], [ -79.251455872354981, 42.529629073179002, 0.0 ], [ -79.251404902558534, 42.529677621923028, 0.0 ], [ -79.251272363223521, 42.529803865211569, 0.0 ], [ -79.251270762535825, 42.529806114462509, 0.0 ], [ -79.251260667350394, 42.52982029998951, 0.0 ], [ -79.25121747818126, 42.529880988358443, 0.0 ], [ -79.251148374453734, 42.529978090787125, 0.0 ], [ -79.251036080966912, 42.530135881466265, 0.0 ], [ -79.250923786923039, 42.530293672039726, 0.0 ], [ -79.250887251076747, 42.53034501038492, 0.0 ], [ -79.250875164095277, 42.530361994383803, 0.0 ], [ -79.250805069084464, 42.530448815744009, 0.0 ], [ -79.250681445551521, 42.530601938123134, 0.0 ], [ -79.25058458913108, 42.530721905647496, 0.0 ], [ -79.250569772955814, 42.530758907318756, 0.0 ], [ -79.250501345513186, 42.530929796287751, 0.0 ], [ -79.250432917698419, 42.531100685216487, 0.0 ], [ -79.250408102865748, 42.531162656559914, 0.0 ], [ -79.250356345966495, 42.531269620489844, 0.0 ], [ -79.250317720628331, 42.531349445688683, 0.0 ], [ -79.250254448197026, 42.531430404416255, 0.0 ], [ -79.2501873315707, 42.5315162816228, 0.0 ], [ -79.250101090312796, 42.531563330368286, 0.0 ], [ -79.250013331270196, 42.531611206997411, 0.0 ], [ -79.249935696868334, 42.531690417547793, 0.0 ], [ -79.249918269966756, 42.531708198217629, 0.0 ], [ -79.249780359793164, 42.531789131007173, 0.0 ], [ -79.249750295237931, 42.531803349074586, 0.0 ], [ -79.249546807895896, 42.531899581507389, 0.0 ], [ -79.249343319929181, 42.531995813582952, 0.0 ], [ -79.249186790449357, 42.532069837930095, 0.0 ] ] } },
{ "type": "Feature", "properties": { "CalShoreTy": 2, "CalLandcov": 2, "CalSlope": 2, "CalSedi": 2, "CalRetreat": 3 }, "geometry": { "type": "LineString", "coordinates": [ [ -79.245709458617142, 42.532635836978749, 0.0 ], [ -79.245704879512843, 42.532638942680215, 0.0 ], [ -79.245704838280346, 42.532638970645479, 0.0 ], [ -79.24560228931125, 42.532680260218989, 0.0 ], [ -79.245547803013636, 42.532724877106681, 0.0 ], [ -79.245386063771164, 42.53285731908003, 0.0 ], [ -79.245364468722713, 42.532875002364371, 0.0 ], [ -79.245235062655865, 42.532980967567973, 0.0 ], [ -79.245222520761416, 42.532988351854016, 0.0 ], [ -79.245211347978767, 42.532994930044346, 0.0 ], [ -79.245095181443034, 42.533045762390664, 0.0 ], [ -79.245014995416994, 42.533079573979421, 0.0 ], [ -79.244979638794305, 42.533094482576189, 0.0 ], [ -79.244920399530301, 42.533106402118037, 0.0 ], [ -79.244823360231052, 42.533125925680231, 0.0 ], [ -79.244812301857266, 42.533125515070097, 0.0 ], [ -79.24480510536155, 42.533124478083316, 0.0 ], [ -79.244784837715187, 42.533121557186362, 0.0 ], [ -79.244568974310411, 42.533090447517182, 0.0 ], [ -79.244550627545152, 42.533081718156907, 0.0 ], [ -79.244485065476084, 42.533050523787509, 0.0 ], [ -79.2443969811047, 42.532988516065615, 0.0 ], [ -79.244372915572356, 42.532963212442944, 0.0 ], [ -79.244234146996106, 42.532817304189827, 0.0 ], [ -79.244177439010869, 42.532757678319221, 0.0 ], [ -79.244095379114754, 42.532671395745218, 0.0 ], [ -79.243956611915181, 42.532525487115983, 0.0 ], [ -79.243928995783122, 42.532496449662446, 0.0 ], [ -79.243804197853962, 42.53238731511707, 0.0 ], [ -79.243648393656542, 42.532251065169419, 0.0 ], [ -79.243526876558775, 42.532144798548806, 0.0 ], [ -79.24349259014032, 42.532114815009614, 0.0 ], [ -79.243491058193612, 42.532113475317956, 0.0 ], [ -79.243356100644192, 42.531967755774993, 0.0 ], [ -79.243219803584367, 42.531820589039945, 0.0 ], [ -79.243146412942181, 42.531741345169038, 0.0 ], [ -79.24312707012453, 42.531720459492824, 0.0 ], [ -79.243078791874723, 42.531675992086981, 0.0 ], [ -79.242927743051794, 42.531536865759939, 0.0 ], [ -79.242776694904236, 42.531397739233128, 0.0 ], [ -79.242745518298761, 42.531369023169319, 0.0 ], [ -79.242720001609626, 42.531345520299602, 0.0 ], [ -79.242616060911857, 42.531264769565134, 0.0 ], [ -79.24252299886011, 42.531192470109652, 0.0 ], [ -79.242424396958228, 42.531162699601779, 0.0 ], [ -79.242411184178152, 42.531158710302059, 0.0 ] ] } },
{ "type": "Feature", "properties": { "CalShoreTy": 2, "CalLandcov": 2, "CalSlope": 3, "CalSedi": 2, "CalRetreat": 3 }, "geometry": { "type": "LineString", "coordinates": [ [ -79.258825059945408, 42.524383929252004, 0.0 ], [ -79.258824764078668, 42.524384585846683, 0.0 ], [ -79.258697153233598, 42.52448332929356, 0.0 ], [ -79.258598360454641, 42.524559772811827, 0.0 ], [ -79.258520190106736, 42.524603959180993, 0.0 ], [ -79.258402374963893, 42.524670554844199, 0.0 ], [ -79.258348462669986, 42.524726657162233, 0.0 ], [ -79.258208736382329, 42.524872058820719, 0.0 ], [ -79.258206399519892, 42.524874490593056, 0.0 ], [ -79.258048464384387, 42.525005428838966, 0.0 ], [ -79.258025382118646, 42.52502456543634, 0.0 ], [ -79.25788152144132, 42.525134276125179, 0.0 ], [ -79.25771351703473, 42.525262398532391, 0.0 ], [ -79.257713290223307, 42.525262571500299, 0.0 ], [ -79.257538879021268, 42.525385609005589, 0.0 ], [ -79.25740432749086, 42.525480527193345, 0.0 ], [ -79.25736737446185, 42.525495587377108, 0.0 ], [ -79.257358495296515, 42.525502862643783, 0.0 ], [ -79.257223366919462, 42.525613581635085, 0.0 ], [ -79.25719333045565, 42.525632711470628, 0.0 ], [ -79.25715430043708, 42.52565756915353, 0.0 ], [ -79.257092254622563, 42.525722544863882, 0.0 ], [ -79.257041189419297, 42.525770175279824, 0.0 ], [ -79.256891306176897, 42.525909976407327, 0.0 ], [ -79.256866620591964, 42.525933001400723, 0.0 ], [ -79.25671800450732, 42.526033768599916, 0.0 ], [ -79.256653801799814, 42.526077300247927, 0.0 ], [ -79.256633670937163, 42.526090950552529, 0.0 ], [ -79.256529788337687, 42.526145006521013, 0.0 ], [ -79.256397333499834, 42.526213929961152, 0.0 ], [ -79.256321717339688, 42.526232304922075, 0.0 ], [ -79.256180421219938, 42.526266640144577, 0.0 ], [ -79.256092111646211, 42.526288099576938, 0.0 ], [ -79.255998336183467, 42.526310887074317, 0.0 ], [ -79.255867167882812, 42.526352905417369, 0.0 ], [ -79.255720400741055, 42.526399920434031, 0.0 ], [ -79.255692874851391, 42.526405344042445, 0.0 ], [ -79.255641503102254, 42.526415648564381, 0.0 ], [ -79.255408223373436, 42.526462441187093, 0.0 ], [ -79.255174943294918, 42.526509233336114, 0.0 ], [ -79.255025204900676, 42.526539268109296, 0.0 ], [ -79.254941561298224, 42.526555747526814, 0.0 ], [ -79.25470799690676, 42.526601763887157, 0.0 ], [ -79.254548736813604, 42.526633140660429, 0.0 ], [ -79.254476885573922, 42.526653365732223, 0.0 ], [ -79.254342700918059, 42.526691136590287, 0.0 ], [ -79.254260555156705, 42.526730693764641, 0.0 ], [ -79.254236736939148, 42.5267421633719, 0.0 ], [ -79.254085300714991, 42.526852880634969, 0.0 ], [ -79.253913665142207, 42.526978365225681, 0.0 ], [ -79.253767244051673, 42.527085414638833, 0.0 ], [ -79.253733444832264, 42.527093459382129, 0.0 ], [ -79.253503377490645, 42.527148218686101, 0.0 ], [ -79.253491556614534, 42.527151032207115, 0.0 ], [ -79.253359866682842, 42.527252976887119, 0.0 ], [ -79.253347346208898, 42.527279694345758, 0.0 ], [ -79.253268423482851, 42.52744810710908, 0.0 ], [ -79.253253043160484, 42.527480926979877, 0.0 ], [ -79.253103032280976, 42.527572342578374, 0.0 ] ] } },
{ "type": "Feature", "properties": { "CalShoreTy": 2, "CalLandcov": 1, "CalSlope": 2, "CalSedi": 2, "CalRetreat": 3 }, "geometry": { "type": "LineString", "coordinates": [ [ -79.27371872773719, 42.515967602364171, 0.0 ], [ -79.273679387534969, 42.515982947889626, 0.0 ], [ -79.273627617221138, 42.516003142025227, 0.0 ], [ -79.273543938461827, 42.516123228441074, 0.0 ], [ -79.273433498538481, 42.516281718695552, 0.0 ], [ -79.273342033627856, 42.516412977577808, 0.0 ], [ -79.273328456677021, 42.516441908865083, 0.0 ], [ -79.273321543567874, 42.516456640079269, 0.0 ], [ -79.273249436688076, 42.516610293362731, 0.0 ], [ -79.273246451161995, 42.516616655231914, 0.0 ], [ -79.27323666231861, 42.516646220696188, 0.0 ], [ -79.27321234631124, 42.516719670221036, 0.0 ], [ -79.273180884339624, 42.516780824835323, 0.0 ], [ -79.273095175238083, 42.516947422359422, 0.0 ], [ -79.273071368977625, 42.516993695735671, 0.0 ], [ -79.272988728555021, 42.517107051113754, 0.0 ], [ -79.272958412179676, 42.517148635053374, 0.0 ], [ -79.27291039359794, 42.517274727779224, 0.0 ], [ -79.272903292175755, 42.517293375459658, 0.0 ] ] } },
{ "type": "Feature", "properties": { "CalShoreTy": 2, "CalLandcov": 2, "CalSlope": 2, "CalSedi": 2, "CalRetreat": 3 }, "geometry": { "type": "LineString", "coordinates": [ [ -79.278322593559992, 42.512014613415616, 0.0 ], [ -79.278275687643031, 42.512048602251603, 0.0 ], [ -79.278273449709971, 42.512050223895088, 0.0 ], [ -79.278193839957524, 42.512111530066505, 0.0 ], [ -79.278103845964679, 42.512180832739169, 0.0 ], [ -79.278063686222524, 42.512211759295688, 0.0 ], [ -79.278029852147725, 42.512242295815746, 0.0 ], [ -79.277876953483883, 42.512380292088494, 0.0 ], [ -79.27783274656646, 42.512420190190895, 0.0 ], [ -79.277724054521101, 42.512518288384598, 0.0 ], [ -79.277645140939924, 42.512589510263389, 0.0 ], [ -79.277536242742968, 42.512620966794643, 0.0 ], [ -79.277512520646255, 42.51262781918377, 0.0 ], [ -79.277428600979903, 42.51264284174318, 0.0 ], [ -79.277415924747515, 42.512642835693292, 0.0 ], [ -79.277298725582725, 42.512642790660195, 0.0 ], [ -79.277297524940607, 42.512642790197518, 0.0 ], [ -79.277124851074817, 42.512626434266117, 0.0 ], [ -79.277067946031309, 42.512651682677379, 0.0 ], [ -79.276971521755499, 42.512694465411343, 0.0 ], [ -79.276961745636086, 42.512695918210476, 0.0 ], [ -79.276885084342581, 42.512763197658394, 0.0 ], [ -79.27688188082054, 42.512766009126558, 0.0 ], [ -79.27683147836747, 42.512819217074998, 0.0 ], [ -79.276758298589044, 42.512914630412546, 0.0 ], [ -79.276732186193058, 42.512948676221711, 0.0 ], [ -79.276682230082045, 42.513082775292396, 0.0 ], [ -79.276677068838183, 42.513096629778147, 0.0 ], [ -79.276673445199933, 42.513102375657077, 0.0 ], [ -79.276636787020806, 42.513134227738114, 0.0 ], [ -79.276543402159035, 42.513215370070981, 0.0 ], [ -79.276532438973845, 42.513219957735977, 0.0 ], [ -79.276322234115, 42.513307919914382, 0.0 ], [ -79.276305503524966, 42.513314920957399, 0.0 ], [ -79.276244943355209, 42.513472720530835, 0.0 ], [ -79.27621188175506, 42.51355886766882, 0.0 ], [ -79.276218526697576, 42.513554730499642, 0.0 ], [ -79.276221018599244, 42.513553179409641, 0.0 ], [ -79.276150128780344, 42.513613530888463, 0.0 ], [ -79.2761400487625, 42.513622112416542, 0.0 ], [ -79.275965978073458, 42.513728724261142, 0.0 ], [ -79.275944032270559, 42.513742165206395, 0.0 ], [ -79.275923810668615, 42.513758653536904, 0.0 ], [ -79.27579302228375, 42.513853034439649, 0.0 ], [ -79.275778430405836, 42.5138635643576, 0.0 ], [ -79.275629321960494, 42.513984097937268, 0.0 ], [ -79.27548024545483, 42.514104605039556, 0.0 ], [ -79.275471154290258, 42.514118122957754, 0.0 ], [ -79.275363795159905, 42.514277757876776, 0.0 ], [ -79.275256435482873, 42.514437392696344, 0.0 ], [ -79.275251349179214, 42.514444955578561, 0.0 ], [ -79.275168156415859, 42.514603223164379, 0.0 ], [ -79.27512977555331, 42.514676239398142, 0.0 ], [ -79.27505278532314, 42.514758416422978, 0.0 ], [ -79.274915427355097, 42.514905027466938, 0.0 ], [ -79.274816848925994, 42.515010246075228, 0.0 ], [ -79.274778633794497, 42.515051922901854, 0.0 ], [ -79.274643275945877, 42.515199541509993, 0.0 ], [ -79.274595862192015, 42.515251249814277, 0.0 ], [ -79.274501518000605, 42.515343796856371, 0.0 ], [ -79.274356309248844, 42.515486238869698, 0.0 ], [ -79.27421109983662, 42.515628680700615, 0.0 ], [ -79.274077059407759, 42.515760165653163, 0.0 ], [ -79.274070730278027, 42.515766374243341, 0.0 ], [ -79.274064549505638, 42.515770184645675, 0.0 ], [ -79.27387912962034, 42.515884494291775, 0.0 ], [ -79.273878697063481, 42.515884760957263, 0.0 ], [ -79.273792685785722, 42.515938753786862, 0.0 ], [ -79.273718727737176, 42.515967602364171, 0.0 ] ] } },
{ "type": "Feature", "properties": { "CalShoreTy": 1, "CalLandcov": 1, "CalSlope": 2, "CalSedi": 2, "CalRetreat": 3 }, "geometry": { "type": "LineString", "coordinates": [ [ -79.272903292178313, 42.517293375460184, 0.0 ], [ -79.272854679557796, 42.51742102811626, 0.0 ], [ -79.272835983937355, 42.517443333755132, 0.0 ], [ -79.272708935468899, 42.517594914055145, 0.0 ], [ -79.272695062437904, 42.517611465780291, 0.0 ], [ -79.272601270730689, 42.51775433720681, 0.0 ], [ -79.272568102697178, 42.517804861372895, 0.0 ], [ -79.272523379482507, 42.517922370680509, 0.0 ], [ -79.272513050683855, 42.517949509315351, 0.0 ], [ -79.27246269395998, 42.518060971850211, 0.0 ], [ -79.272435179294035, 42.518086377390141, 0.0 ], [ -79.272388776272152, 42.518129223332799, 0.0 ], [ -79.272369609683125, 42.518146920891851, 0.0 ], [ -79.272308927727806, 42.518237149601838, 0.0 ], [ -79.272262650064491, 42.518305960203413, 0.0 ], [ -79.27221376034602, 42.518400711961966, 0.0 ], [ -79.272127830986221, 42.518567248456925, 0.0 ], [ -79.272107134552485, 42.518607359277446, 0.0 ] ] } },
{ "type": "Feature", "properties": { "CalShoreTy": 1, "CalLandcov": 1, "CalSlope": 2, "CalSedi": 2, "CalRetreat": 3 }, "geometry": { "type": "LineString", "coordinates": [ [ -79.270147589364839, 42.519809284745328, 0.0 ], [ -79.270142090131571, 42.519806018933011, 0.0 ], [ -79.27013778935131, 42.519803464841729, 0.0 ], [ -79.27009263672096, 42.51977665149488, 0.0 ], [ -79.270076341848096, 42.51977799694518, 0.0 ], [ -79.269916275929234, 42.519791213283291, 0.0 ], [ -79.269840115764907, 42.519810821990887, 0.0 ], [ -79.269782091542467, 42.519825761253472, 0.0 ], [ -79.269728042643692, 42.519884120337395, 0.0 ], [ -79.269724502818136, 42.519887943401599, 0.0 ], [ -79.269678162950186, 42.519934306245617, 0.0 ], [ -79.269661401567916, 42.519951075915507, 0.0 ], [ -79.269509669072221, 42.51999601520528, 0.0 ], [ -79.26947873176843, 42.520003064142827, 0.0 ], [ -79.26946194132978, 42.520006889694479, 0.0 ], [ -79.269300566549859, 42.520043657340771, 0.0 ], [ -79.269268880159345, 42.520091990991283, 0.0 ], [ -79.269175452432094, 42.520234502888457, 0.0 ], [ -79.269163708539693, 42.520252418726407, 0.0 ], [ -79.269152363758337, 42.520269725689054, 0.0 ], [ -79.269006778731324, 42.52038699547338, 0.0 ], [ -79.268849382912165, 42.520513778232498, 0.0 ], [ -79.26884513770807, 42.520519276763686, 0.0 ], [ -79.268802037915052, 42.520575100989568, 0.0 ], [ -79.268737014718084, 42.520622434755509, 0.0 ], [ -79.268744898623524, 42.520668655832182, 0.0 ], [ -79.268747145909728, 42.520681831014357, 0.0 ] ] } },
{ "type": "Feature", "properties": { "CalShoreTy": 2, "CalLandcov": 2, "CalSlope": 3, "CalSedi": 2, "CalRetreat": 3 }, "geometry": { "type": "LineString", "coordinates": [ [ -79.213669500430612, 42.540197995053994, 0.0 ], [ -79.213432364659113, 42.540232892552716, 0.0 ], [ -79.213195228622354, 42.540267789562101, 0.0 ], [ -79.213188592929271, 42.540268766064273, 0.0 ], [ -79.212960841915816, 42.540311598303248, 0.0 ], [ -79.21291944378882, 42.540319383830742, 0.0 ], [ -79.212730710617862, 42.540366090534562, 0.0 ], [ -79.212501475205144, 42.540422820024403, 0.0 ], [ -79.212272239374116, 42.540479549053728, 0.0 ], [ -79.212095903450646, 42.540523186522123, 0.0 ] ] } },
{ "type": "Feature", "properties": { "CalShoreTy": 2, "CalLandcov": 2, "CalSlope": 2, "CalSedi": 2, "CalRetreat": 3 }, "geometry": { "type": "LineString", "coordinates": [ [ -79.208944291871646, 42.541208627518223, 0.0 ], [ -79.208881414957077, 42.541266289266936, 0.0 ], [ -79.208814155679747, 42.541327968965518, 0.0 ], [ -79.208790853850999, 42.541349337720945, 0.0 ], [ -79.208783050913624, 42.541356493360439, 0.0 ], [ -79.20866995489709, 42.541470958088802, 0.0 ], [ -79.208614110869178, 42.541527477755935, 0.0 ], [ -79.208494052915086, 42.541589898026608, 0.0 ], [ -79.208467998556202, 42.541603444118152, 0.0 ], [ -79.208328999585177, 42.541658436554066, 0.0 ], [ -79.208280619313086, 42.541672811686603, 0.0 ], [ -79.208056344283222, 42.541739449717191, 0.0 ], [ -79.207949505017126, 42.541771194278084, 0.0 ], [ -79.207888044397251, 42.541789456404217, 0.0 ], [ -79.207829957201014, 42.541801532831492, 0.0 ], [ -79.2075972194841, 42.541849919055714, 0.0 ], [ -79.207556028700935, 42.541858482571136, 0.0 ], [ -79.20735940303436, 42.541881191433355, 0.0 ], [ -79.207270050587269, 42.541891510885996, 0.0 ], [ -79.20713343228357, 42.541864303911019, 0.0 ], [ -79.20712365817603, 42.541865269638791, 0.0 ], [ -79.206979820435677, 42.541879481371787, 0.0 ], [ -79.206898475328771, 42.541918005946641, 0.0 ], [ -79.206815095144478, 42.541957494211765, 0.0 ], [ -79.206672438285352, 42.541960264369557, 0.0 ], [ -79.206663031717781, 42.541960447022362, 0.0 ], [ -79.206497467410273, 42.541892455937791, 0.0 ], [ -79.206462936857477, 42.541873735547675, 0.0 ], [ -79.206390477683243, 42.541834452466759, 0.0 ], [ -79.206256564690648, 42.541872852417384, 0.0 ], [ -79.206250592075321, 42.541868748439938, 0.0 ], [ -79.206173009515908, 42.541815438866145, 0.0 ], [ -79.206102110967848, 42.541789503826976, 0.0 ], [ -79.206047145529894, 42.541779604276925, 0.0 ], [ -79.205941023169103, 42.541760491024121, 0.0 ], [ -79.205847118630032, 42.541756471925446, 0.0 ], [ -79.205842292385924, 42.541757543360568, 0.0 ], [ -79.205810242289218, 42.541764662777069, 0.0 ], [ -79.205748028263827, 42.541778482595532, 0.0 ], [ -79.205745898674465, 42.541779584375604, 0.0 ], [ -79.205603300118526, 42.541853360040541, 0.0 ], [ -79.205496734259242, 42.541908493402019, 0.0 ], [ -79.205431590438138, 42.54194219608317, 0.0 ], [ -79.205431040143566, 42.541942480782389, 0.0 ], [ -79.205400609437234, 42.541948000607633, 0.0 ], [ -79.205271052973117, 42.541971500747145, 0.0 ], [ -79.205255752972846, 42.54197195289813, 0.0 ], [ -79.205165284214075, 42.541955794469153, 0.0 ], [ -79.20502580129677, 42.541930881569627, 0.0 ], [ -79.204939367485636, 42.541965382685987, 0.0 ], [ -79.20479847689974, 42.542021620669118, 0.0 ], [ -79.204749716452383, 42.542041083419427, 0.0 ], [ -79.204725876078854, 42.542048968013574, 0.0 ], [ -79.204522811503281, 42.542116126142282, 0.0 ], [ -79.204505105603815, 42.542121677980461, 0.0 ], [ -79.204390337670773, 42.54215766436387, 0.0 ], [ -79.204282590728099, 42.542191448494592, 0.0 ], [ -79.204241055433229, 42.542204471878058, 0.0 ], [ -79.204142049030423, 42.542299353278935, 0.0 ], [ -79.204118820634619, 42.542317896608232, 0.0 ], [ -79.204007380376709, 42.542406859626588, 0.0 ], [ -79.203942974511506, 42.542438639758856, 0.0 ], [ -79.203934431636767, 42.5424428551093, 0.0 ], [ -79.20387771838422, 42.542452625909654, 0.0 ], [ -79.203847405601039, 42.542457848691043, 0.0 ], [ -79.203834768434589, 42.542457848700444, 0.0 ], [ -79.203705232920541, 42.542457841836985, 0.0 ], [ -79.203672739907262, 42.542457840091529, 0.0 ], [ -79.203599893941515, 42.54249108357147, 0.0 ], [ -79.203598712770727, 42.542491674242001, 0.0 ], [ -79.203514426850489, 42.542556884736456, 0.0 ], [ -79.203499756156148, 42.542568235166364, 0.0 ], [ -79.203435523670194, 42.542582553206834, 0.0 ], [ -79.203344128761927, 42.542602927570861, 0.0 ], [ -79.203311868492165, 42.542638405322549, 0.0 ], [ -79.203257392485057, 42.542698314386072, 0.0 ], [ -79.203221231708639, 42.542738080591008, 0.0 ], [ -79.203166245838588, 42.542759562344393, 0.0 ], [ -79.203151447841407, 42.542765343750631, 0.0 ], [ -79.203023930521383, 42.542815163160284, 0.0 ], [ -79.202980467459142, 42.542879460721863, 0.0 ], [ -79.202974347986768, 42.542888513617697, 0.0 ], [ -79.2029551902354, 42.542916853361199, 0.0 ], [ -79.20280994676942, 42.542993798102358, 0.0 ], [ -79.202804017976874, 42.542995231005065, 0.0 ] ] } },
{ "type": "Feature", "properties": { "CalShoreTy": 2, "CalLandcov": 3, "CalSlope": 2, "CalSedi": 2, "CalRetreat": 3 }, "geometry": { "type": "LineString", "coordinates": [ [ -79.209224339495975, 42.541040067893597, 0.0 ], [ -79.209185331262674, 42.541050970751101, 0.0 ], [ -79.209174096556794, 42.541054110142873, 0.0 ], [ -79.209133708360625, 42.541064912163577, 0.0 ], [ -79.209103052273221, 42.541073111270784, 0.0 ], [ -79.209044041444258, 42.541117151655932, 0.0 ], [ -79.208965616146983, 42.541189072011051, 0.0 ], [ -79.20894429186923, 42.541208627516781, 0.0 ] ] } },
{ "type": "Feature", "properties": { "CalShoreTy": 2, "CalLandcov": 2, "CalSlope": 2, "CalSedi": 2, "CalRetreat": 3 }, "geometry": { "type": "LineString", "coordinates": [ [ -79.212095903450816, 42.540523186522506, 0.0 ], [ -79.212043003153582, 42.540536277685632, 0.0 ], [ -79.211986096045692, 42.540550360374546, 0.0 ], [ -79.211817516572964, 42.540600486841669, 0.0 ], [ -79.211593267829443, 42.540667165846628, 0.0 ], [ -79.211583663816143, 42.54067002152798, 0.0 ], [ -79.211415574583128, 42.5407572062037, 0.0 ], [ -79.211389737810549, 42.540755845829587, 0.0 ], [ -79.211223018333627, 42.540747067463471, 0.0 ], [ -79.21114853141944, 42.540743145033431, 0.0 ], [ -79.211089677019999, 42.540740045765183, 0.0 ], [ -79.211077045105938, 42.540740049245059, 0.0 ], [ -79.21092843411472, 42.540698908741071, 0.0 ], [ -79.210917941304601, 42.540702249426069, 0.0 ], [ -79.210779143134857, 42.540746439641097, 0.0 ], [ -79.210690048322277, 42.540734243643406, 0.0 ], [ -79.210655095786109, 42.540729459044627, 0.0 ], [ -79.210553040997155, 42.540725474014017, 0.0 ], [ -79.210548520191367, 42.540726516067132, 0.0 ], [ -79.210496251845214, 42.54077508557986, 0.0 ], [ -79.210486802845821, 42.540783866150882, 0.0 ], [ -79.210468485052289, 42.540800888119477, 0.0 ], [ -79.210359414197924, 42.540851900270404, 0.0 ], [ -79.210321681687915, 42.540873706977195, 0.0 ], [ -79.210290020978078, 42.54088503029174, 0.0 ], [ -79.210191531283471, 42.54092025461533, 0.0 ], [ -79.210072474598377, 42.540962836521324, 0.0 ], [ -79.210023036295411, 42.540980518608535, 0.0 ], [ -79.209917040520594, 42.541017461161559, 0.0 ], [ -79.209849737752563, 42.541030558584772, 0.0 ], [ -79.209804068974009, 42.541039445908858, 0.0 ], [ -79.209792065601007, 42.541039246850595, 0.0 ], [ -79.209609530680467, 42.541036212015435, 0.0 ], [ -79.20956308699121, 42.541035439792964, 0.0 ], [ -79.209367739881273, 42.541033378060256, 0.0 ], [ -79.209347042982401, 42.541033159600751, 0.0 ], [ -79.20933569537479, 42.5410331612741, 0.0 ], [ -79.209296421244588, 42.541033163354442, 0.0 ], [ -79.209249028114002, 42.54103316655587, 0.0 ], [ -79.209246915699723, 42.54103375786994, 0.0 ], [ -79.209224339495961, 42.541040067893583, 0.0 ] ] } },
{ "type": "Feature", "properties": { "CalShoreTy": 3, "CalLandcov": 3, "CalSlope": 2, "CalSedi": 1, "CalRetreat": 1 }, "geometry": { "type": "LineString", "coordinates": [ [ -79.34345758025205, 42.491646286058973, 0.0 ], [ -79.343296256913547, 42.491513639205031, 0.0 ], [ -79.343134934262324, 42.491380992122792, 0.0 ], [ -79.343120950154557, 42.491369493693419, 0.0 ], [ -79.34311967698325, 42.491368497298943, 0.0 ], [ -79.34300785167737, 42.491280981702346, 0.0 ], [ -79.342969613048524, 42.491251055605019, 0.0 ], [ -79.342928242202532, 42.491218678185547, 0.0 ], [ -79.342927312420287, 42.491217950523563, 0.0 ], [ -79.342876927764053, 42.491178519163007, 0.0 ], [ -79.342810863646022, 42.491116948481874, 0.0 ], [ -79.342731006074843, 42.491042522312675, 0.0 ], [ -79.3427273303856, 42.49102737427846, 0.0 ], [ -79.342725132087338, 42.49101831043825, 0.0 ], [ -79.34272299663634, 42.491009514464388, 0.0 ], [ -79.34272736730378, 42.490978238641567, 0.0 ], [ -79.342748005226767, 42.490968082456625, 0.0 ], [ -79.342752362541077, 42.490965938164727, 0.0 ], [ -79.342922674519173, 42.490882124322816, 0.0 ], [ -79.342949702259276, 42.490870004798133, 0.0 ], [ -79.342999227540247, 42.490847797107698, 0.0 ] ] } },
{ "type": "Feature", "properties": { "CalShoreTy": 3, "CalLandcov": 3, "CalSlope": 2, "CalSedi": 1, "CalRetreat": 1 }, "geometry": { "type": "LineString", "coordinates": [ [ -79.342999227540247, 42.490847797107698, 0.0 ], [ -79.343156154594951, 42.490777429170059, 0.0 ], [ -79.343362606359463, 42.490684853220351, 0.0 ], [ -79.343569057498911, 42.490592276883199, 0.0 ], [ -79.343707766582796, 42.490530076911575, 0.0 ], [ -79.343772623139259, 42.49049645037276, 0.0 ], [ -79.343970280994029, 42.490393969157097, 0.0 ] ] } },
{ "type": "Feature", "properties": { "CalShoreTy": 3, "CalLandcov": 3, "CalSlope": 2, "CalSedi": 1, "CalRetreat": 1 }, "geometry": { "type": "LineString", "coordinates": [ [ -79.344097564653097, 42.490067502798965, 0.0 ], [ -79.344103056705521, 42.489991057799074, 0.0 ], [ -79.344108915588706, 42.489909499589345, 0.0 ], [ -79.344116310231513, 42.489890310730324, 0.0 ], [ -79.344182356290275, 42.489718922787787, 0.0 ], [ -79.344238609484606, 42.489572946328785, 0.0 ], [ -79.344248401834662, 42.489547534775248, 0.0 ], [ -79.344296977865412, 42.489421477641116, 0.0 ], [ -79.344318083708544, 42.48937699607081, 0.0 ], [ -79.344397880601932, 42.489208819705709, 0.0 ], [ -79.344408958924646, 42.489185471451329, 0.0 ], [ -79.34441043917677, 42.489183029165382, 0.0 ], [ -79.344465945673392, 42.4890914703264, 0.0 ], [ -79.344502960575156, 42.489049017098296, 0.0 ], [ -79.344540885597496, 42.489005519958098, 0.0 ], [ -79.344651979277103, 42.488909179831317, 0.0 ] ] } },
{ "type": "Feature", "properties": { "CalShoreTy": 3, "CalLandcov": 3, "CalSlope": 2, "CalSedi": 1, "CalRetreat": 1 }, "geometry": { "type": "LineString", "coordinates": [ [ -79.328267366668285, 42.491354046178934, 0.0 ], [ -79.328139207002252, 42.491416212723855, 0.0 ], [ -79.327937338276243, 42.491514132853489, 0.0 ], [ -79.327796789042267, 42.49158230846124, 0.0 ], [ -79.327779349970072, 42.491590767533211, 0.0 ], [ -79.327746587232326, 42.491621039460611, 0.0 ], [ -79.327595865682028, 42.49176030179779, 0.0 ], [ -79.327445143461986, 42.491899563938361, 0.0 ], [ -79.327320456361605, 42.492014769906447, 0.0 ], [ -79.327293643781104, 42.492038357387052, 0.0 ], [ -79.327138423323532, 42.492174906977638, 0.0 ], [ -79.327042902830769, 42.492258937237942, 0.0 ], [ -79.326983202317734, 42.492311456439467, 0.0 ], [ -79.326827980668867, 42.492448005713378, 0.0 ], [ -79.32667275830137, 42.492584554752405, 0.0 ], [ -79.32663150607101, 42.492620844177345, 0.0 ], [ -79.32655251660816, 42.492676773090281, 0.0 ], [ -79.3264993015286, 42.492707879159902, 0.0 ], [ -79.326309946281057, 42.492818563451983, 0.0 ], [ -79.326191525849467, 42.49288778368205, 0.0 ], [ -79.32611886410082, 42.492927589037343, 0.0 ], [ -79.325924899412527, 42.49303384575397, 0.0 ] ] } },
{ "type": "Feature", "properties": { "CalShoreTy": 2, "CalLandcov": 3, "CalSlope": 2, "CalSedi": 1, "CalRetreat": 1 }, "geometry": { "type": "LineString", "coordinates": [ [ -79.345223498038806, 42.487302996585697, 0.0 ], [ -79.345129210139135, 42.487256012517513, 0.0 ] ] } },
{ "type": "Feature", "properties": { "CalShoreTy": 1, "CalLandcov": 1, "CalSlope": 3, "CalSedi": 1, "CalRetreat": 1 }, "geometry": { "type": "LineString", "coordinates": [ [ -79.330873902301818, 42.489282572535807, 0.0 ], [ -79.330877926596827, 42.489296074387809, 0.0 ], [ -79.330901365682578, 42.489374714254254, 0.0 ], [ -79.330900053706387, 42.489450935920381, 0.0 ], [ -79.330899685179872, 42.489472362835073, 0.0 ], [ -79.330898771091313, 42.489525487369711, 0.0 ], [ -79.330963930792777, 42.489640931920007, 0.0 ], [ -79.330999496150511, 42.489703943472001, 0.0 ], [ -79.331031497181101, 42.489811302632837, 0.0 ], [ -79.331035018094511, 42.489823114801773, 0.0 ], [ -79.331083366496017, 42.489985322180047, 0.0 ], [ -79.331088067573646, 42.490001094102865, 0.0 ], [ -79.331125641481222, 42.490160732478742, 0.0 ], [ -79.331133638874803, 42.490194710494862, 0.0 ], [ -79.331244450961165, 42.49031290188416, 0.0 ], [ -79.331258739507348, 42.49032814190587, 0.0 ], [ -79.331379569550748, 42.49039979782421, 0.0 ], [ -79.331441009999637, 42.490399366692593, 0.0 ], [ -79.331533997115343, 42.490398714131558, 0.0 ], [ -79.331641826101375, 42.490377899802191, 0.0 ] ] } },
{ "type": "Feature", "properties": { "CalShoreTy": 1, "CalLandcov": 1, "CalSlope": 2, "CalSedi": 1, "CalRetreat": 1 }, "geometry": { "type": "LineString", "coordinates": [ [ -79.331641826101276, 42.490377899801878, 0.0 ], [ -79.331677787497526, 42.490370958242544, 0.0 ], [ -79.331685247933109, 42.490369518166503, 0.0 ], [ -79.331902460236492, 42.490327588874344, 0.0 ], [ -79.331911816741467, 42.490328110498609, 0.0 ], [ -79.3321527557042, 42.490341542538353, 0.0 ], [ -79.332309599450198, 42.490350286101453, 0.0 ], [ -79.332387792134327, 42.490373585172954, 0.0 ], [ -79.332487579474105, 42.490403318699457, 0.0 ], [ -79.332501579679217, 42.490437684446057, 0.0 ], [ -79.332509333915326, 42.490456717917404, 0.0 ] ] } },
{ "type": "Feature", "properties": { "CalShoreTy": 3, "CalLandcov": 3, "CalSlope": 1, "CalSedi": 1, "CalRetreat": 1 }, "geometry": { "type": "LineString", "coordinates": [ [ -79.336294286293864, 42.488948734708572, 0.0 ], [ -79.336309705229809, 42.489002364889998, 0.0 ], [ -79.336359817064078, 42.489176664127996, 0.0 ], [ -79.33640992915916, 42.489350963347036, 0.0 ], [ -79.336460041547753, 42.489525262542109, 0.0 ], [ -79.336475250390365, 42.489578161212386, 0.0 ], [ -79.336510154778196, 42.489699561627326, 0.0 ], [ -79.336560268530903, 42.489873860652835, 0.0 ], [ -79.336603006865303, 42.490022506677427, 0.0 ], [ -79.336605580542084, 42.490048661107032, 0.0 ], [ -79.336607923543497, 42.490072471334706, 0.0 ], [ -79.336606736349282, 42.490078456087559, 0.0 ], [ -79.33659998588081, 42.490112477871392, 0.0 ], [ -79.336572943555339, 42.490129528629829, 0.0 ], [ -79.336454450899126, 42.490136216595701, 0.0 ], [ -79.33643200794917, 42.490137483306512, 0.0 ], [ -79.336423865853902, 42.490137644842889, 0.0 ], [ -79.336281973382256, 42.490140469533273, 0.0 ], [ -79.336251996537513, 42.490127468388053, 0.0 ], [ -79.33624480498743, 42.49010277526957, 0.0 ], [ -79.336203964327098, 42.489962543192554, 0.0 ], [ -79.336195203285527, 42.4899284051751, 0.0 ], [ -79.336150275186398, 42.489753339061131, 0.0 ], [ -79.336111861043278, 42.489603654323282, 0.0 ], [ -79.33610534731325, 42.489578272933016, 0.0 ], [ -79.33606041952568, 42.489403206810572, 0.0 ], [ -79.336015491994388, 42.489228140669901, 0.0 ], [ -79.335970564716504, 42.489053074511411, 0.0 ], [ -79.3359429534284, 42.488945482316979, 0.0 ], [ -79.335928762599607, 42.488877612771311, 0.0 ], [ -79.335925930439444, 42.488864067559888, 0.0 ] ] } },
{ "type": "Feature", "properties": { "CalShoreTy": 3, "CalLandcov": 3, "CalSlope": 2, "CalSedi": 1, "CalRetreat": 1 }, "geometry": { "type": "LineString", "coordinates": [ [ -79.335925930437924, 42.488864067560073, 0.0 ], [ -79.33589695085918, 42.488725469069607, 0.0 ], [ -79.335866785158188, 42.488715858580854, 0.0 ], [ -79.335846944340304, 42.488709537489271, 0.0 ], [ -79.335786928362282, 42.488654459959683, 0.0 ], [ -79.335733386721287, 42.488571827789208, 0.0 ], [ -79.335696903499056, 42.488515522167866, 0.0 ], [ -79.335679943824246, 42.488502482227901, 0.0 ], [ -79.335624974074832, 42.488504472573737, 0.0 ], [ -79.335624742169998, 42.488504508306576, 0.0 ], [ -79.335582496341587, 42.488510993928443, 0.0 ], [ -79.335549906802498, 42.488518317941001, 0.0 ], [ -79.335318782146715, 42.488570259438653, 0.0 ], [ -79.335087657106882, 42.488622200471404, 0.0 ], [ -79.335071633806493, 42.488625801387492, 0.0 ], [ -79.334875935778499, 42.4886697796858, 0.0 ], [ -79.334856005257222, 42.488672565646432, 0.0 ], [ -79.334618612463174, 42.488705748979363, 0.0 ], [ -79.334454049503293, 42.488728751674351, 0.0 ], [ -79.334381219393663, 42.488738931730467, 0.0 ], [ -79.334143826019272, 42.488772113785345, 0.0 ], [ -79.334024934421961, 42.488788731858193, 0.0 ], [ -79.333906661416194, 42.488806162765648, 0.0 ], [ -79.333881117557169, 42.488809927365068, 0.0 ], [ -79.333733027580251, 42.488831752956855, 0.0 ], [ -79.333669739194789, 42.488841128876274, 0.0 ], [ -79.333432851490315, 42.488876222499698, 0.0 ], [ -79.333195963520524, 42.488911315636912, 0.0 ], [ -79.332959075284691, 42.488946408285507, 0.0 ], [ -79.332722186781893, 42.488981500441717, 0.0 ], [ -79.332612853048389, 42.488997696724084, 0.0 ] ] } },
{ "type": "Feature", "properties": { "CalShoreTy": 3, "CalLandcov": 3, "CalSlope": 3, "CalSedi": 1, "CalRetreat": 1 }, "geometry": { "type": "LineString", "coordinates": [ [ -79.332612853048445, 42.488997696724269, 0.0 ], [ -79.332485298015101, 42.489016592116933, 0.0 ], [ -79.33224840898977, 42.489051683331262, 0.0 ], [ -79.332011519694731, 42.489086774043116, 0.0 ], [ -79.331774630132244, 42.489121864261115, 0.0 ], [ -79.331707937379662, 42.489131743296554, 0.0 ], [ -79.33153836662882, 42.48915915307478, 0.0 ], [ -79.331302348270057, 42.489197303128897, 0.0 ], [ -79.33106632962317, 42.489235452698239, 0.0 ], [ -79.330869347562526, 42.489267292067069, 0.0 ], [ -79.330873902294968, 42.489282572536929, 0.0 ] ] } },
{ "type": "Feature", "properties": { "CalShoreTy": 3, "CalLandcov": 3, "CalSlope": 2, "CalSedi": 1, "CalRetreat": 1 }, "geometry": { "type": "LineString", "coordinates": [ [ -79.345129210139135, 42.487256012517513, 0.0 ], [ -79.345115700893658, 42.487249280851366, 0.0 ], [ -79.345070148576141, 42.487226581597902, 0.0 ], [ -79.345069943678283, 42.487226479494836, 0.0 ], [ -79.34501546359887, 42.487216040458655, 0.0 ], [ -79.344991903090815, 42.487211525972889, 0.0 ], [ -79.34485589549422, 42.487211468278076, 0.0 ], [ -79.344847253263026, 42.48721208117442, 0.0 ], [ -79.344775004554322, 42.487217203828351, 0.0 ], [ -79.344621072440262, 42.487228117928368, 0.0 ], [ -79.344534499054106, 42.487234255698269, 0.0 ], [ -79.344431964041775, 42.487241525007668, 0.0 ], [ -79.344429562223127, 42.487241167342219, 0.0 ], [ -79.344330922906437, 42.48722645639571, 0.0 ], [ -79.344301496526398, 42.487211786059405, 0.0 ], [ -79.344261806642834, 42.487191998893827, 0.0 ], [ -79.344101329166435, 42.487111999945256, 0.0 ], [ -79.343977990089797, 42.487050514409859, 0.0 ], [ -79.343963593402464, 42.486982956716773, 0.0 ], [ -79.343952206456734, 42.486929522390433, 0.0 ], [ -79.343892837933765, 42.486813419265651, 0.0 ], [ -79.343858822158765, 42.486746896636873, 0.0 ], [ -79.343768168453991, 42.486762250143983, 0.0 ], [ -79.343717302270576, 42.486770864625562, 0.0 ], [ -79.343481819407486, 42.486810744679303, 0.0 ], [ -79.343246336243894, 42.486850624250337, 0.0 ], [ -79.343010852780083, 42.486890503339005, 0.0 ], [ -79.34278522807071, 42.48692871234816, 0.0 ], [ -79.342775326009644, 42.486930237274862, 0.0 ], [ -79.342538814753667, 42.486966659937188, 0.0 ], [ -79.342302303222098, 42.487003082112558, 0.0 ], [ -79.342065791414967, 42.487039503801256, 0.0 ], [ -79.341954235341078, 42.487056682719434, 0.0 ], [ -79.341846984011624, 42.487071291136147, 0.0 ], [ -79.341828707229382, 42.487073780578292, 0.0 ], [ -79.341591112047553, 42.487106142438321, 0.0 ], [ -79.341353516618312, 42.487138503801624, 0.0 ], [ -79.341115920942613, 42.487170864671612, 0.0 ], [ -79.340878325020924, 42.487203225049754, 0.0 ], [ -79.340680275408289, 42.487230198849751, 0.0 ], [ -79.340640819372453, 42.487235934596278, 0.0 ], [ -79.340403766790899, 42.487270394754262, 0.0 ], [ -79.340166713948022, 42.48730485442298, 0.0 ], [ -79.339929660843907, 42.48733931360281, 0.0 ], [ -79.339779290781522, 42.487361171844761, 0.0 ], [ -79.339693067639587, 42.487375385872106, 0.0 ], [ -79.339457272396999, 42.487414256742056, 0.0 ], [ -79.339221476861269, 42.48745312712812, 0.0 ], [ -79.338985681032383, 42.487491997030467, 0.0 ], [ -79.338893213240951, 42.487507239792031, 0.0 ], [ -79.338749113109415, 42.487528158307953, 0.0 ], [ -79.338512046994211, 42.487562571948366, 0.0 ], [ -79.338279227711354, 42.487596368584683, 0.0 ], [ -79.33827848150078, 42.487596476908486, 0.0 ], [ -79.338274980621748, 42.48759698511428, 0.0 ], [ -79.338202036759469, 42.487607574000172, 0.0 ], [ -79.338037914104106, 42.487631398224686, 0.0 ], [ -79.337800847299746, 42.487665810749036, 0.0 ], [ -79.337563780241297, 42.487700222810368, 0.0 ], [ -79.337326712924678, 42.487734634393433, 0.0 ], [ -79.337310932408542, 42.487736925000853, 0.0 ], [ -79.33730220744502, 42.487738191463059, 0.0 ], [ -79.337090629016373, 42.487772525837912, 0.0 ], [ -79.336854658224254, 42.487810818034909, 0.0 ], [ -79.33661868714303, 42.487849109747359, 0.0 ], [ -79.336382715772856, 42.487887400975488, 0.0 ], [ -79.336287008690633, 42.487902931273894, 0.0 ], [ -79.336295427355168, 42.487976765458725, 0.0 ], [ -79.336299041290061, 42.488008467402146, 0.0 ], [ -79.336302696179445, 42.488040528574622, 0.0 ], [ -79.336330149261173, 42.48811001988927, 0.0 ], [ -79.336358070762401, 42.488180700950984, 0.0 ], [ -79.336362725787978, 42.488192484762166, 0.0 ], [ -79.336460694784904, 42.488284479711361, 0.0 ], [ -79.336474230429005, 42.488332379337251, 0.0 ], [ -79.336475673242802, 42.488337485129485, 0.0 ], [ -79.336346251831841, 42.488413942776496, 0.0 ], [ -79.336292623932053, 42.488445623760335, 0.0 ], [ -79.336280971503129, 42.488452507489647, 0.0 ], [ -79.336276966792369, 42.488468505648093, 0.0 ], [ -79.336288507585849, 42.488481856585061, 0.0 ], [ -79.336289929821206, 42.488483501052428, 0.0 ], [ -79.336424993140099, 42.488545456685031, 0.0 ], [ -79.336435726948267, 42.488559150352124, 0.0 ], [ -79.336439936682027, 42.488564520922203, 0.0 ], [ -79.336430356674427, 42.488586151855692, 0.0 ], [ -79.336424891019035, 42.488598493682751, 0.0 ], [ -79.336405982312925, 42.488613527450198, 0.0 ], [ -79.336320282669277, 42.48863683428943, 0.0 ], [ -79.336280965309484, 42.488647527737193, 0.0 ], [ -79.336264948319979, 42.488660397521215, 0.0 ], [ -79.336234984263896, 42.488684473866023, 0.0 ], [ -79.336234980221619, 42.488742456351744, 0.0 ], [ -79.336236761094341, 42.488748647572628, 0.0 ], [ -79.336259593813693, 42.48882806560826, 0.0 ], [ -79.336294286343957, 42.488948734700692, 0.0 ] ] } },
{ "type": "Feature", "properties": { "CalShoreTy": 3, "CalLandcov": 1, "CalSlope": 2, "CalSedi": 1, "CalRetreat": 1 }, "geometry": { "type": "LineString", "coordinates": [ [ -79.332509333915326, 42.490456717917404, 0.0 ], [ -79.332516608742694, 42.490474575948909, 0.0 ], [ -79.332484116326285, 42.4904792313285, 0.0 ], [ -79.332246924940819, 42.490513214824766, 0.0 ], [ -79.332009733297681, 42.490547197831994, 0.0 ], [ -79.331772541396532, 42.490581180349373, 0.0 ], [ -79.331535349237527, 42.490615162377367, 0.0 ], [ -79.331298156820907, 42.490649143916478, 0.0 ], [ -79.331153864348266, 42.490669815821107, 0.0 ], [ -79.331150887230152, 42.490668550549593, 0.0 ], [ -79.331071870676226, 42.490634968922016, 0.0 ], [ -79.331052493242922, 42.490626733598127, 0.0 ], [ -79.330930694951121, 42.490502583891306, 0.0 ] ] } },
{ "type": "Feature", "properties": { "CalShoreTy": 1, "CalLandcov": 1, "CalSlope": 2, "CalSedi": 1, "CalRetreat": 1 }, "geometry": { "type": "LineString", "coordinates": [ [ -79.330930694951121, 42.490502583891306, 0.0 ], [ -79.330923977364193, 42.490495736588308, 0.0 ], [ -79.330894271645661, 42.490465457231949, 0.0 ], [ -79.330864442357523, 42.490469363648977, 0.0 ], [ -79.330706267224187, 42.490490075994806, 0.0 ], [ -79.330691410527862, 42.490492021401842, 0.0 ], [ -79.330465343136652, 42.49050278389619, 0.0 ], [ -79.330412369609817, 42.490505305765481, 0.0 ], [ -79.330236445775412, 42.490555314918851, 0.0 ], [ -79.330103005223435, 42.490593247288011, 0.0 ], [ -79.330097870836795, 42.490594546315897, 0.0 ], [ -79.330009728076604, 42.49061684687188, 0.0 ], [ -79.329956985957494, 42.490630190860713, 0.0 ], [ -79.329781178804765, 42.490674670491416, 0.0 ], [ -79.329713333090197, 42.490691835541561, 0.0 ], [ -79.329704402900489, 42.490694094886351, 0.0 ], [ -79.329560282825383, 42.490746112841421, 0.0 ], [ -79.329365229777281, 42.490816513853417, 0.0 ], [ -79.329344478020587, 42.490826065332975, 0.0 ], [ -79.329139503162182, 42.490920409421634, 0.0 ], [ -79.32907198437708, 42.490951486252008, 0.0 ], [ -79.329070594094262, 42.490952097904781, 0.0 ], [ -79.328992942456878, 42.49098626057669, 0.0 ], [ -79.328932832844359, 42.491012705471363, 0.0 ], [ -79.328767029058071, 42.49108564979673, 0.0 ], [ -79.328762951332166, 42.491087443760364, 0.0 ], [ -79.328731271329701, 42.491109756451877, 0.0 ], [ -79.328649152464166, 42.491167593858314, 0.0 ], [ -79.328542397820314, 42.491219763054112, 0.0 ], [ -79.328340983739153, 42.491318190214415, 0.0 ], [ -79.328300414971309, 42.491338015304429, 0.0 ], [ -79.328299294962605, 42.491338558591885, 0.0 ], [ -79.328267366668285, 42.491354046178934, 0.0 ] ] } },
{ "type": "Feature", "properties": { "CalShoreTy": 3, "CalLandcov": 3, "CalSlope": 2, "CalSedi": 3, "CalRetreat": 1 }, "geometry": { "type": "LineString", "coordinates": [ [ -79.343970280994043, 42.490393969157111, 0.0 ], [ -79.344004758695931, 42.490376093164052, 0.0 ], [ -79.344023514897813, 42.490358519475741, 0.0 ], [ -79.344052737718641, 42.490331140699553, 0.0 ], [ -79.344082722513534, 42.490274092683087, 0.0 ], [ -79.34408478198992, 42.490245426615836, 0.0 ], [ -79.344097564653097, 42.490067502798965, 0.0 ] ] } },
{ "type": "Feature", "properties": { "CalShoreTy": 1, "CalLandcov": 1, "CalSlope": 1, "CalSedi": 2, "CalRetreat": 1 }, "geometry": { "type": "LineString", "coordinates": [ [ -79.36910691017043, 42.476757894085125, 0.0 ], [ -79.368964076993336, 42.476865742593425, 0.0 ], [ -79.368795273654911, 42.476993199589209, 0.0 ], [ -79.36878839629739, 42.476998392402599, 0.0 ], [ -79.368767926815664, 42.477013848075487, 0.0 ], [ -79.368709248295076, 42.477058153730752, 0.0 ], [ -79.368699645756124, 42.477065404190732, 0.0 ], [ -79.368699252625618, 42.477066007562591, 0.0 ], [ -79.36865428667943, 42.477135020657514, 0.0 ], [ -79.368623308988646, 42.477182564763687, 0.0 ], [ -79.368577843790561, 42.477252342952141, 0.0 ], [ -79.368577606394382, 42.477252707298398, 0.0 ], [ -79.368535940434739, 42.477289062044157, 0.0 ], [ -79.368480530162259, 42.477337409006395, 0.0 ], [ -79.368368608512256, 42.477399509057442, 0.0 ], [ -79.368353217114773, 42.477401745074552, 0.0 ], [ -79.368116194702665, 42.477436178703293, 0.0 ], [ -79.368107761046772, 42.477437403899174, 0.0 ], [ -79.368028324992011, 42.477461291158136, 0.0 ], [ -79.367892022422723, 42.477502278635129, 0.0 ], [ -79.367668323781771, 42.477569546473397, 0.0 ], [ -79.36750886613936, 42.477617496212652, 0.0 ], [ -79.367439906376021, 42.477623090723192, 0.0 ], [ -79.367199777153047, 42.477642571394462, 0.0 ], [ -79.367176060223699, 42.477644495420286, 0.0 ], [ -79.366960230352049, 42.477623396137616, 0.0 ], [ -79.36681037831633, 42.477608746524766, 0.0 ], [ -79.366720084435826, 42.477612193181223, 0.0 ], [ -79.366615125364262, 42.477616199529642, 0.0 ], [ -79.366560030128355, 42.477618302680966, 0.0 ], [ -79.366485214894325, 42.477641786424535, 0.0 ], [ -79.366373934440247, 42.47767671608878, 0.0 ], [ -79.366262930671823, 42.477711559068062, 0.0 ], [ -79.366241504437909, 42.477718284512918, 0.0 ], [ -79.366133163770598, 42.477765631138801, 0.0 ], [ -79.366122000010435, 42.477770509738114, 0.0 ], [ -79.36605370407058, 42.477800355244774, 0.0 ], [ -79.365941792967661, 42.477849260544176, 0.0 ] ] } },
{ "type": "Feature", "properties": { "CalShoreTy": 1, "CalLandcov": 1, "CalSlope": 2, "CalSedi": 2, "CalRetreat": 1 }, "geometry": { "type": "LineString", "coordinates": [ [ -79.370367880974484, 42.47522138661347, 0.0 ], [ -79.370223792199852, 42.475364394585753, 0.0 ], [ -79.370178579291832, 42.475409268181714, 0.0 ], [ -79.370082400238275, 42.475508850068948, 0.0 ], [ -79.369942241092573, 42.475653967362533, 0.0 ], [ -79.369866623656165, 42.475732259424511, 0.0 ], [ -79.369819222409731, 42.475806484994877, 0.0 ], [ -79.36971628563677, 42.475967672926409, 0.0 ], [ -79.369613348335704, 42.476128860766472, 0.0 ], [ -79.369531494487688, 42.476257033712876, 0.0 ], [ -79.369510488490576, 42.476290075546075, 0.0 ], [ -79.369407930880101, 42.476451395178046, 0.0 ], [ -79.369311087076952, 42.476603726340301, 0.0 ], [ -79.369301681803108, 42.476610828000823, 0.0 ], [ -79.369132879672421, 42.476738285370494, 0.0 ], [ -79.369106910168, 42.476757894083356, 0.0 ] ] } },
{ "type": "Feature", "properties": { "CalShoreTy": 1, "CalLandcov": 1, "CalSlope": 2, "CalSedi": 2, "CalRetreat": 1 }, "geometry": { "type": "LineString", "coordinates": [ [ -79.365941792967632, 42.477849260544133, 0.0 ], [ -79.365904646390661, 42.477865493571834, 0.0 ], [ -79.365902374232988, 42.477866486502471, 0.0 ], [ -79.365898891381804, 42.477867099066849, 0.0 ], [ -79.365838482253892, 42.477877710018802, 0.0 ], [ -79.365771397988581, 42.477889493425394, 0.0 ], [ -79.365643410755169, 42.477934443025831, 0.0 ], [ -79.365616691591427, 42.477945832721893, 0.0 ], [ -79.365407534111085, 42.478034990842119, 0.0 ], [ -79.365198376034826, 42.478124148582296, 0.0 ], [ -79.36516543838799, 42.478138188842792, 0.0 ], [ -79.364992156552262, 42.478216937573336, 0.0 ], [ -79.364786485825007, 42.478310404989102, 0.0 ], [ -79.364702081536606, 42.47834876247498, 0.0 ], [ -79.364595216318918, 42.478418219212323, 0.0 ], [ -79.364437302486195, 42.478520854383127, 0.0 ], [ -79.364413339303127, 42.478535474193983, 0.0 ], [ -79.364304437511137, 42.478601914445491, 0.0 ], [ -79.364227193058454, 42.478649041928726, 0.0 ], [ -79.364174903694078, 42.478680944033769, 0.0 ], [ -79.364050672432029, 42.47877050201528, 0.0 ], [ -79.363877911043673, 42.478895044585101, 0.0 ], [ -79.363822498914345, 42.478934990670659, 0.0 ], [ -79.36371349949745, 42.479025459723118, 0.0 ], [ -79.36355303036018, 42.479158647761331, 0.0 ], [ -79.363445686105322, 42.479247742150633, 0.0 ], [ -79.363393437438688, 42.479292401879967, 0.0 ], [ -79.363235615680807, 42.479427300043362, 0.0 ], [ -79.363151049085545, 42.479499583020214, 0.0 ], [ -79.36315037808177, 42.479500112549893, 0.0 ], [ -79.363087172213596, 42.479549992068286, 0.0 ], [ -79.363074483180228, 42.479560005591637, 0.0 ], [ -79.362909528668823, 42.479690179872122, 0.0 ], [ -79.362744573502169, 42.479820353937711, 0.0 ], [ -79.362724438262177, 42.479836243573466, 0.0 ], [ -79.362720457473515, 42.479839384992097, 0.0 ], [ -79.362588923027445, 42.479956565733673, 0.0 ], [ -79.362434865242122, 42.480093811205847, 0.0 ], [ -79.362362875037277, 42.480157944847718, 0.0 ], [ -79.362276463400448, 42.480228281766671, 0.0 ], [ -79.362114250859804, 42.480360318130892, 0.0 ], [ -79.361952037635916, 42.480492354267362, 0.0 ], [ -79.361789823728046, 42.480624390175493, 0.0 ], [ -79.361627609135624, 42.480756425854914, 0.0 ], [ -79.361607529906422, 42.480772769425428, 0.0 ], [ -79.361483876787332, 42.480899484105137, 0.0 ], [ -79.361342754833174, 42.481044099348694, 0.0 ], [ -79.361201632226994, 42.481188714419211, 0.0 ] ] } },
{ "type": "Feature", "properties": { "CalShoreTy": 3, "CalLandcov": 3, "CalSlope": 2, "CalSedi": 3, "CalRetreat": 1 }, "geometry": { "type": "LineString", "coordinates": [ [ -79.347458707566844, 42.492191951527637, 0.0 ], [ -79.347439359069654, 42.492195021513837, 0.0 ], [ -79.347203132276022, 42.492232502809422, 0.0 ], [ -79.346966905218764, 42.492269983687173, 0.0 ], [ -79.346956702154444, 42.4922716025414, 0.0 ], [ -79.346951549310049, 42.492272420109408, 0.0 ], [ -79.347073177694313, 42.492257347435697, 0.0 ], [ -79.346988668549415, 42.492284297729817, 0.0 ], [ -79.346979203594529, 42.492287680654719, 0.0 ], [ -79.346761766419021, 42.492365395813806, 0.0 ], [ -79.346658815540451, 42.492402191719854, 0.0 ], [ -79.34654644296684, 42.492446181913913, 0.0 ], [ -79.346333020179614, 42.49252972949396, 0.0 ], [ -79.346297952616439, 42.492543457162157, 0.0 ], [ -79.346116552445892, 42.4926088733529, 0.0 ], [ -79.345899485593648, 42.492687151039384, 0.0 ], [ -79.345854672030541, 42.492703311431598, 0.0 ], [ -79.34568241783343, 42.492765427765995, 0.0 ], [ -79.34559893011469, 42.492795533989437, 0.0 ], [ -79.345542977032451, 42.492815711233149, 0.0 ], [ -79.345469398587085, 42.492849124961801, 0.0 ], [ -79.345263651875754, 42.492942559014296, 0.0 ], [ -79.345234564184281, 42.492955768313955, 0.0 ], [ -79.345203211989428, 42.492972738117004, 0.0 ], [ -79.345147258140571, 42.493009708174249, 0.0 ], [ -79.345070720509, 42.49297244395315, 0.0 ], [ -79.345069661946482, 42.492971430824554, 0.0 ], [ -79.344981123158462, 42.492886691973581, 0.0 ], [ -79.344980873970428, 42.492886522782918, 0.0 ], [ -79.3449394755188, 42.492858414544877, 0.0 ], [ -79.344910087789614, 42.492838460977929, 0.0 ], [ -79.344759330121789, 42.492736100205967, 0.0 ], [ -79.344758234416233, 42.492735356246214, 0.0 ], [ -79.344735722274351, 42.492715393467627, 0.0 ], [ -79.344581229166636, 42.49257839530047, 0.0 ], [ -79.34450434656793, 42.492510218655127, 0.0 ], [ -79.344453907538536, 42.492465491079351, 0.0 ], [ -79.344442320255538, 42.492455963901534, 0.0 ], [ -79.344425534534594, 42.492442162509668, 0.0 ], [ -79.344264207104047, 42.49230951700423, 0.0 ], [ -79.344102880362769, 42.492176871269223, 0.0 ], [ -79.34394155430796, 42.492044225306508, 0.0 ], [ -79.343780228938357, 42.491911579116916, 0.0 ], [ -79.343618904253375, 42.491778932700797, 0.0 ], [ -79.343479822139159, 42.491664574218348, 0.0 ], [ -79.343466480714028, 42.491653604371194, 0.0 ], [ -79.34345758025205, 42.491646286058973, 0.0 ] ] } },
{ "type": "Feature", "properties": { "CalShoreTy": 2, "CalLandcov": 3, "CalSlope": 2, "CalSedi": 3, "CalRetreat": 1 }, "geometry": { "type": "LineString", "coordinates": [ [ -79.353632305772194, 42.494064728817548, 0.0 ], [ -79.353456879267583, 42.494089507019829, 0.0 ], [ -79.353397451123499, 42.494104981365567, 0.0 ], [ -79.353326661381743, 42.494123414077421, 0.0 ], [ -79.353283959516745, 42.494134532211348, 0.0 ], [ -79.353283507498901, 42.494134379115643, 0.0 ], [ -79.353250253523669, 42.494123116188362, 0.0 ] ] } },
{ "type": "Feature", "properties": { "CalShoreTy": 2, "CalLandcov": 3, "CalSlope": 2, "CalSedi": 3, "CalRetreat": 1 }, "geometry": { "type": "LineString", "coordinates": [ [ -79.353250253523669, 42.494123116188362, 0.0 ], [ -79.353215017231875, 42.494111181662753, 0.0 ], [ -79.353214541602767, 42.494111020567154, 0.0 ], [ -79.353170755031542, 42.494103727018832, 0.0 ], [ -79.353148525324542, 42.494100024198758, 0.0 ], [ -79.353130164893727, 42.494101641987974, 0.0 ], [ -79.353128800093842, 42.494100957941519, 0.0 ], [ -79.353108947599168, 42.494091018981763, 0.0 ], [ -79.353092223708927, 42.494082645293219, 0.0 ], [ -79.353040144450432, 42.494028051133107, 0.0 ], [ -79.35300960702267, 42.493986599711178, 0.0 ], [ -79.352971600393474, 42.493935009526105, 0.0 ], [ -79.352927111088363, 42.493871282339981, 0.0 ], [ -79.352882965505245, 42.493836294196534, 0.0 ], [ -79.352828974431986, 42.493793502806732, 0.0 ], [ -79.352807857920808, 42.493674792512117, 0.0 ], [ -79.352776433271075, 42.493498132292068, 0.0 ], [ -79.352772397061671, 42.493475441826341, 0.0 ], [ -79.352725204910399, 42.49332410226252, 0.0 ], [ -79.352672557793127, 42.493155268380413, 0.0 ], [ -79.35266950871754, 42.493150876343798, 0.0 ], [ -79.352559403510583, 42.492992274984431, 0.0 ], [ -79.352449298890974, 42.492833673508798, 0.0 ], [ -79.352339194787888, 42.492675071943658, 0.0 ], [ -79.35233040401009, 42.492662409090642, 0.0 ] ] } },
{ "type": "Feature", "properties": { "CalShoreTy": 1, "CalLandcov": 1, "CalSlope": 2, "CalSedi": 3, "CalRetreat": 1 }, "geometry": { "type": "LineString", "coordinates": [ [ -79.352330404019909, 42.492662409086911, 0.0 ], [ -79.352278562069401, 42.492587731463686, 0.0 ] ] } },
{ "type": "Feature", "properties": { "CalShoreTy": 1, "CalLandcov": 1, "CalSlope": 2, "CalSedi": 3, "CalRetreat": 1 }, "geometry": { "type": "LineString", "coordinates": [ [ -79.351732056280184, 42.492163630116401, 0.0 ], [ -79.351717382952771, 42.492159196067952, 0.0 ], [ -79.351591660885433, 42.492121204736286, 0.0 ], [ -79.351491244898327, 42.492096720465334, 0.0 ], [ -79.351261829169943, 42.492040781988294, 0.0 ], [ -79.351148622257583, 42.492013178520324, 0.0 ], [ -79.351028793287213, 42.491994787065742, 0.0 ], [ -79.350792230664922, 42.491958478828003, 0.0 ], [ -79.350731632743674, 42.49194917801772, 0.0 ], [ -79.350552166821245, 42.491941914739463, 0.0 ], [ -79.350434561328257, 42.491937154899283, 0.0 ], [ -79.350310718870418, 42.491938178445132, 0.0 ], [ -79.350069101287687, 42.491940175005027, 0.0 ], [ -79.349950638928576, 42.491941153709078, 0.0 ], [ -79.349940814247987, 42.491941712780303, 0.0 ], [ -79.349829031813513, 42.491955381771014, 0.0 ], [ -79.349590654461636, 42.491984530669285, 0.0 ], [ -79.349352276887515, 42.492013679072862, 0.0 ], [ -79.349235184491192, 42.492027996739715, 0.0 ], [ -79.349219932557517, 42.492030226544834, 0.0 ], [ -79.349114590282383, 42.492045627329965, 0.0 ], [ -79.348877570996777, 42.492080278611283, 0.0 ], [ -79.348640550889073, 42.492114929422861, 0.0 ], [ -79.348630190170226, 42.492116444081908, 0.0 ], [ -79.348619273368925, 42.49211804003415, 0.0 ], [ -79.348399749661795, 42.492128034908468, 0.0 ], [ -79.34815857542894, 42.492139015040074, 0.0 ], [ -79.347917401111317, 42.492149994664992, 0.0 ], [ -79.347680650849199, 42.492160772385489, 0.0 ], [ -79.347676226711471, 42.492160973813789, 0.0 ], [ -79.347644973196992, 42.492162396756491, 0.0 ], [ -79.347643054682337, 42.492162701168944, 0.0 ], [ -79.347458707566844, 42.492191951527637, 0.0 ] ] } },
{ "type": "Feature", "properties": { "CalShoreTy": 1, "CalLandcov": 1, "CalSlope": 2, "CalSedi": 3, "CalRetreat": 1 }, "geometry": { "type": "LineString", "coordinates": [ [ -79.352278562069401, 42.492587731463686, 0.0 ], [ -79.352271439171432, 42.492577471072195, 0.0 ], [ -79.352247530607485, 42.492543031125344, 0.0 ], [ -79.352226715139736, 42.492517442741502, 0.0 ], [ -79.352120431303689, 42.49238678799383, 0.0 ], [ -79.352102421739247, 42.492364648604678, 0.0 ], [ -79.3520865236041, 42.492345104806844, 0.0 ], [ -79.351926927303623, 42.492243639995934, 0.0 ], [ -79.351863606030463, 42.492203382762945, 0.0 ], [ -79.351732056280184, 42.492163630116394, 0.0 ] ] } },
{ "type": "Feature", "properties": { "CalShoreTy": 2, "CalLandcov": 3, "CalSlope": 2, "CalSedi": 3, "CalRetreat": 1 }, "geometry": { "type": "LineString", "coordinates": [ [ -79.345557519225963, 42.487535776933207, 0.0 ], [ -79.345532497330368, 42.487510034078063, 0.0 ], [ -79.345464939745384, 42.487440527186024, 0.0 ], [ -79.345417698963914, 42.487408330944945, 0.0 ], [ -79.345370963078778, 42.487376478755522, 0.0 ], [ -79.345369400455908, 42.487375700098845, 0.0 ], [ -79.345223498038806, 42.487302996585697, 0.0 ] ] } },
{ "type": "Feature", "properties": { "CalShoreTy": 3, "CalLandcov": 3, "CalSlope": 2, "CalSedi": 3, "CalRetreat": 1 }, "geometry": { "type": "LineString", "coordinates": [ [ -79.344651979277344, 42.488909179831467, 0.0 ], [ -79.344653918034297, 42.488907498542936, 0.0 ], [ -79.344824872325816, 42.48878472953426, 0.0 ], [ -79.344997970026014, 42.488660420509099, 0.0 ], [ -79.345118948928217, 42.488573539823506, 0.0 ], [ -79.345179368798853, 42.488543658900475, 0.0 ], [ -79.345380037295058, 42.488444416943373, 0.0 ], [ -79.345573894149737, 42.488348543098091, 0.0 ], [ -79.345580571657237, 42.488345032299243, 0.0 ], [ -79.345753688090014, 42.488254013463859, 0.0 ], [ -79.345777305873938, 42.488241596211921, 0.0 ], [ -79.345959313401593, 42.488145903862502, 0.0 ] ] } },
{ "type": "Feature", "properties": { "CalShoreTy": 2, "CalLandcov": 2, "CalSlope": 2, "CalSedi": 3, "CalRetreat": 1 }, "geometry": { "type": "LineString", "coordinates": [ [ -79.345988447517158, 42.488051593884855, 0.0 ], [ -79.345973510435485, 42.487972033263901, 0.0 ], [ -79.345972074819201, 42.487964386612759, 0.0 ], [ -79.3459037445013, 42.487814520842129, 0.0 ], [ -79.345893753113799, 42.487804616963324, 0.0 ], [ -79.345854386394308, 42.487765594996617, 0.0 ], [ -79.345817928995174, 42.4877294572889, 0.0 ], [ -79.345753972646946, 42.48770352621343, 0.0 ], [ -79.345724513865676, 42.487681869149725, 0.0 ], [ -79.345636938040741, 42.487617486336411, 0.0 ], [ -79.345623540039853, 42.487603702156093, 0.0 ], [ -79.345606911094734, 42.487586593127034, 0.0 ], [ -79.345568221989581, 42.487546788343892, 0.0 ], [ -79.345557519234248, 42.487535776928809, 0.0 ] ] } },
{ "type": "Feature", "properties": { "CalShoreTy": 2, "CalLandcov": 3, "CalSlope": 2, "CalSedi": 3, "CalRetreat": 1 }, "geometry": { "type": "LineString", "coordinates": [ [ -79.345959313401593, 42.488145903862502, 0.0 ], [ -79.345974040539488, 42.488138160925139, 0.0 ], [ -79.346001945779065, 42.488123489459603, 0.0 ], [ -79.345988447517158, 42.488051593884855, 0.0 ] ] } },
{ "type": "Feature", "properties": { "CalShoreTy": 1, "CalLandcov": 1, "CalSlope": 2, "CalSedi": 2, "CalRetreat": 2 }, "geometry": { "type": "LineString", "coordinates": [ [ -79.36120163222698, 42.481188714419204, 0.0 ], [ -79.361090825598424, 42.481302262673893, 0.0 ], [ -79.361071260868655, 42.48133771463992, 0.0 ], [ -79.360980187009915, 42.481502743042455, 0.0 ], [ -79.360889112673121, 42.481667771373559, 0.0 ], [ -79.360867900871312, 42.481706207402297, 0.0 ], [ -79.360867857545315, 42.481706307735543, 0.0 ], [ -79.360862418087706, 42.48171890428997, 0.0 ], [ -79.360811662687112, 42.481836438207992, 0.0 ], [ -79.360738348952481, 42.482006209710541, 0.0 ], [ -79.360665034847457, 42.482175981172894, 0.0 ], [ -79.360591720355913, 42.4823457525913, 0.0 ], [ -79.360538363985867, 42.482469307189596, 0.0 ], [ -79.3605352885548, 42.482476428788409, 0.0 ], [ -79.360520078644655, 42.482515895707259, 0.0 ], [ -79.36045402917027, 42.482687281340212, 0.0 ], [ -79.36044003036119, 42.482723605420624, 0.0 ], [ -79.360386858919782, 42.482858429356121, 0.0 ], [ -79.360327703146595, 42.483008426727729, 0.0 ], [ -79.360321718743748, 42.483029939169022, 0.0 ], [ -79.360273164975808, 42.483204477335732, 0.0 ], [ -79.360224610940847, 42.483379015482619, 0.0 ], [ -79.360176056636533, 42.483553553609248, 0.0 ], [ -79.360162932449995, 42.483600730941831, 0.0 ], [ -79.360125665062512, 42.483727806258734, 0.0 ], [ -79.360074592742905, 42.483901953146933, 0.0 ], [ -79.36004847459688, 42.483991010670174, 0.0 ], [ -79.360038178639741, 42.484077735615863, 0.0 ], [ -79.360017106482488, 42.484255229956695, 0.0 ], [ -79.360005859229219, 42.484349967062123, 0.0 ], [ -79.359998777161209, 42.484377731066651, 0.0 ], [ -79.359985034295221, 42.484431608977253, 0.0 ], [ -79.359940369821345, 42.484606711240481, 0.0 ], [ -79.359922408385387, 42.484677126788206, 0.0 ], [ -79.35990881962546, 42.484783177142766, 0.0 ], [ -79.359901549934108, 42.484839911628939, 0.0 ], [ -79.359898890149921, 42.48496108185352, 0.0 ], [ -79.359895374372059, 42.485121247437768, 0.0 ], [ -79.359889184712912, 42.485138645362191, 0.0 ], [ -79.359827870938702, 42.485310985869255, 0.0 ], [ -79.359766556829939, 42.485483326344173, 0.0 ], [ -79.359733849337388, 42.485575259510433, 0.0 ], [ -79.359704398537346, 42.485655500939444, 0.0 ], [ -79.359641275096308, 42.485827485880812, 0.0 ], [ -79.359578151310899, 42.485999470788116, 0.0 ], [ -79.359522803959706, 42.486150267482842, 0.0 ], [ -79.359517081395964, 42.486171808589873, 0.0 ], [ -79.359470631085557, 42.486346658168571, 0.0 ], [ -79.359424180518616, 42.48652150772898, 0.0 ], [ -79.35941197398509, 42.486567455484398, 0.0 ], [ -79.359406205508449, 42.486578959048238, 0.0 ], [ -79.35935019576003, 42.486690654114568, 0.0 ], [ -79.35926639595607, 42.486857767523233, 0.0 ], [ -79.35918259571234, 42.487024880873101, 0.0 ], [ -79.359176149702606, 42.487037735442165, 0.0 ], [ -79.359117704301852, 42.487154285646554, 0.0 ], [ -79.359116468387342, 42.487156750269392, 0.0 ], [ -79.359101621249764, 42.48719269624128, 0.0 ], [ -79.359031221439665, 42.487363138579532, 0.0 ], [ -79.35896082124944, 42.487533580875372, 0.0 ], [ -79.358890420676886, 42.487704023128551, 0.0 ], [ -79.35886854498375, 42.487756984748827, 0.0 ], [ -79.358814290568958, 42.48787309453995, 0.0 ], [ -79.358735577277827, 42.488041547927828, 0.0 ], [ -79.3587136771594, 42.488088415941746, 0.0 ], [ -79.358647021202501, 42.488207252663528, 0.0 ], [ -79.358554670675645, 42.488371897814737, 0.0 ], [ -79.358539797110467, 42.488398414741532, 0.0 ], [ -79.358469293574984, 42.488538559555124, 0.0 ], [ -79.358385254830566, 42.488705608379426, 0.0 ], [ -79.358341856108012, 42.488791874234813, 0.0 ], [ -79.358305693003601, 42.488873806336343, 0.0 ], [ -79.358258439516646, 42.488980864765132, 0.0 ], [ -79.358229202099466, 42.489042806845994, 0.0 ], [ -79.358149775538408, 42.489211078456648, 0.0 ], [ -79.358146226894462, 42.489218596522853, 0.0 ], [ -79.358080773634242, 42.489381822939116, 0.0 ], [ -79.358012258914826, 42.489552683034191, 0.0 ], [ -79.357987133877643, 42.489615338905729, 0.0 ], [ -79.357987058632617, 42.489615484102664, 0.0 ], [ -79.357978954636977, 42.489631122011637, 0.0 ], [ -79.35793251083274, 42.489720740418782, 0.0 ], [ -79.357846257688692, 42.489887174813767, 0.0 ], [ -79.357760004111171, 42.49005360915136, 0.0 ], [ -79.357673750085411, 42.490220043427264, 0.0 ], [ -79.357587495604875, 42.490386477639746, 0.0 ], [ -79.357566341956016, 42.490427294979391, 0.0 ], [ -79.357561446420078, 42.49043674122295, 0.0 ], [ -79.357491802315195, 42.490529126487736, 0.0 ], [ -79.357479504370289, 42.490545440625944, 0.0 ], [ -79.357466644274467, 42.490562500486703, 0.0 ], [ -79.357469089176007, 42.490576100678595, 0.0 ], [ -79.357475716048882, 42.490612966417302, 0.0 ], [ -79.35743959926009, 42.490637087552791, 0.0 ], [ -79.357409129164097, 42.490657437303881, 0.0 ] ] } },
{ "type": "Feature", "properties": { "CalShoreTy": 2, "CalLandcov": 3, "CalSlope": 2, "CalSedi": 2, "CalRetreat": 2 }, "geometry": { "type": "LineString", "coordinates": [ [ -79.35371817911421, 42.494069232191158, 0.0 ], [ -79.353640968653949, 42.494063504082298, 0.0 ], [ -79.353632605056092, 42.494064686544831, 0.0 ], [ -79.353632305772337, 42.494064728818152, 0.0 ] ] } },
{ "type": "Feature", "properties": { "CalShoreTy": 2, "CalLandcov": 3, "CalSlope": 2, "CalSedi": 2, "CalRetreat": 2 }, "geometry": { "type": "LineString", "coordinates": [ [ -79.353808231884415, 42.494075913364874, 0.0 ], [ -79.353741358069357, 42.494070951885597, 0.0 ], [ -79.35371817911421, 42.494069232191173, 0.0 ] ] } },
{ "type": "Feature", "properties": { "CalShoreTy": 2, "CalLandcov": 2, "CalSlope": 2, "CalSedi": 2, "CalRetreat": 2 }, "geometry": { "type": "LineString", "coordinates": [ [ -79.357353866905441, 42.490694212300781, 0.0 ], [ -79.357289637193901, 42.490736634919777, 0.0 ], [ -79.357314896086407, 42.490807816779061, 0.0 ], [ -79.357301518278277, 42.490833618373848, 0.0 ], [ -79.3572715139574, 42.490891487206973, 0.0 ], [ -79.357177010775558, 42.490910656678537, 0.0 ], [ -79.357144658767368, 42.490947563390819, 0.0 ], [ -79.357109101294739, 42.490988126788537, 0.0 ], [ -79.357041699904414, 42.491058473127964, 0.0 ], [ -79.357041398220204, 42.491062519213784, 0.0 ], [ -79.357038436812815, 42.491102148377188, 0.0 ], [ -79.357035833570762, 42.49113698456992, 0.0 ], [ -79.356982341421599, 42.491200958431456, 0.0 ], [ -79.356968219616547, 42.491264030911317, 0.0 ], [ -79.356966790147112, 42.491268098064587, 0.0 ], [ -79.356948065317397, 42.491321374227866, 0.0 ], [ -79.35688951143301, 42.491348445604928, 0.0 ], [ -79.356843982099534, 42.491369493512508, 0.0 ], [ -79.356830098633168, 42.491390222488796, 0.0 ], [ -79.356820417947517, 42.491396387122094, 0.0 ], [ -79.356740117609448, 42.491447522063609, 0.0 ], [ -79.356706032197465, 42.491469227313871, 0.0 ], [ -79.356678597426082, 42.491497175217958, 0.0 ], [ -79.356656917265028, 42.49151926128684, 0.0 ], [ -79.356652970726955, 42.491523281628389, 0.0 ], [ -79.356650022521919, 42.491526284965019, 0.0 ], [ -79.356643018433473, 42.491540923031749, 0.0 ], [ -79.35662707726047, 42.491574245452135, 0.0 ], [ -79.356582030232147, 42.491612247637377, 0.0 ], [ -79.356541824449408, 42.491633047940503, 0.0 ], [ -79.356500837786854, 42.491654253175788, 0.0 ], [ -79.356466125789467, 42.491672212068494, 0.0 ], [ -79.35643336606546, 42.491710309558435, 0.0 ], [ -79.356359444309888, 42.491796281461568, 0.0 ], [ -79.356343133990165, 42.491815250522826, 0.0 ], [ -79.356342150571351, 42.491816394207078, 0.0 ], [ -79.356342163485976, 42.491816991039606, 0.0 ], [ -79.356344897198525, 42.49194332567712, 0.0 ], [ -79.356344987754198, 42.491947517212765, 0.0 ], [ -79.356341882668048, 42.491963258358659, 0.0 ], [ -79.356340453495662, 42.491970494082857, 0.0 ], [ -79.356336890134529, 42.491988534926584, 0.0 ], [ -79.356310858975576, 42.492007113983817, 0.0 ], [ -79.35623187787202, 42.492063483699411, 0.0 ], [ -79.356201920047383, 42.492101539718028, 0.0 ], [ -79.356193032244462, 42.492106426529666, 0.0 ], [ -79.356141924661813, 42.492134527155507, 0.0 ], [ -79.356002958778873, 42.492179522852084, 0.0 ], [ -79.355983951664314, 42.492192720932842, 0.0 ], [ -79.355964688367379, 42.492206096889589, 0.0 ], [ -79.355953978822328, 42.492213533362921, 0.0 ], [ -79.355934949125952, 42.492270528606838, 0.0 ], [ -79.35590089858799, 42.492307480487092, 0.0 ], [ -79.355852721485007, 42.492334186861314, 0.0 ], [ -79.355825666691075, 42.492349184327558, 0.0 ], [ -79.35582021930243, 42.492389315822052, 0.0 ], [ -79.355815454623254, 42.492424428166444, 0.0 ], [ -79.355761955251737, 42.492467046904416, 0.0 ], [ -79.355742885429095, 42.492480588848245, 0.0 ], [ -79.355697549489918, 42.492512782959345, 0.0 ], [ -79.355678503150003, 42.49256380492664, 0.0 ], [ -79.355678537694345, 42.492595876192759, 0.0 ], [ -79.355678570774842, 42.492627729601288, 0.0 ], [ -79.355671547127116, 42.492641719977811, 0.0 ], [ -79.355663501717558, 42.492657745586463, 0.0 ], [ -79.355629545377269, 42.492676775818275, 0.0 ], [ -79.355614599073292, 42.492706785567968, 0.0 ], [ -79.355621508208401, 42.492804318769032, 0.0 ], [ -79.355626572346722, 42.492875806771217, 0.0 ], [ -79.355626737376696, 42.492880222422109, 0.0 ], [ -79.355620542673634, 42.492887609533327, 0.0 ], [ -79.355611681610895, 42.492898175487213, 0.0 ], [ -79.355579099243926, 42.492907869566551, 0.0 ], [ -79.355549035505462, 42.492916813839827, 0.0 ], [ -79.355515145331921, 42.492926898430881, 0.0 ], [ -79.355512642472291, 42.492927645419861, 0.0 ], [ -79.355510725045917, 42.492928219212125, 0.0 ], [ -79.355510167460068, 42.492928890097616, 0.0 ], [ -79.355491639816606, 42.492951182448401, 0.0 ], [ -79.355485932403965, 42.49296703338193, 0.0 ], [ -79.355468486704467, 42.493015487737445, 0.0 ], [ -79.355443610949266, 42.493067526638228, 0.0 ], [ -79.355411251267384, 42.493086230872578, 0.0 ], [ -79.355398583927226, 42.493093552720772, 0.0 ], [ -79.355391225234214, 42.493095519886005, 0.0 ], [ -79.355312583361425, 42.493116544469778, 0.0 ], [ -79.355280572840726, 42.493136447363412, 0.0 ], [ -79.355260288430557, 42.493149059141373, 0.0 ], [ -79.355210092287322, 42.493180267332903, 0.0 ], [ -79.35518396404882, 42.49319651188663, 0.0 ], [ -79.35517572988671, 42.493214836679627, 0.0 ], [ -79.355161941112712, 42.493245520083384, 0.0 ], [ -79.355168096491127, 42.493271926988662, 0.0 ], [ -79.355185221454406, 42.493345400163335, 0.0 ], [ -79.355185792194249, 42.493347848870776, 0.0 ], [ -79.355158716049914, 42.493395881887366, 0.0 ], [ -79.355127895684646, 42.493409502686625, 0.0 ], [ -79.355106780107747, 42.493418834920924, 0.0 ], [ -79.355031376306613, 42.493474991909586, 0.0 ], [ -79.354980981786198, 42.493512523148659, 0.0 ], [ -79.354943003354805, 42.493515350949508, 0.0 ], [ -79.354918937887817, 42.493553396662122, 0.0 ], [ -79.354897238692189, 42.493587698389447, 0.0 ], [ -79.354908599637938, 42.493602929543407, 0.0 ], [ -79.354932102810267, 42.49363443925467, 0.0 ], [ -79.354934725884561, 42.493763899535914, 0.0 ], [ -79.35492548852072, 42.49377466306084, 0.0 ], [ -79.354896364232403, 42.493808599116448, 0.0 ], [ -79.354886989112529, 42.493819524983763, 0.0 ], [ -79.354841936963112, 42.493857523807385, 0.0 ], [ -79.354759117661004, 42.493900393815501, 0.0 ], [ -79.354723359299129, 42.493918903487646, 0.0 ], [ -79.354646872512461, 42.493958495739108, 0.0 ], [ -79.35456383699406, 42.493991936298293, 0.0 ], [ -79.354555162622987, 42.49399542988747, 0.0 ], [ -79.35450622368586, 42.494015139934099, 0.0 ], [ -79.354477990587043, 42.494026511155063, 0.0 ], [ -79.354375388112814, 42.494018919841047, 0.0 ], [ -79.354325011523613, 42.494022335418769, 0.0 ], [ -79.354275267570728, 42.494025708079612, 0.0 ], [ -79.354162390430517, 42.494088244400039, 0.0 ], [ -79.35411284939677, 42.494095458234334, 0.0 ], [ -79.354098956959945, 42.494097481153005, 0.0 ], [ -79.354091102088304, 42.494096898384157, 0.0 ], [ -79.35408934943284, 42.494096768363789, 0.0 ], [ -79.353872619340152, 42.494080690077467, 0.0 ], [ -79.353808231884202, 42.49407591336648, 0.0 ] ] } },
{ "type": "Feature", "properties": { "CalShoreTy": 2, "CalLandcov": 2, "CalSlope": 2, "CalSedi": 2, "CalRetreat": 2 }, "geometry": { "type": "LineString", "coordinates": [ [ -79.357409129164097, 42.490657437303881, 0.0 ], [ -79.357371898461594, 42.490682303047478, 0.0 ], [ -79.357367391670863, 42.490685279636828, 0.0 ], [ -79.357353866903793, 42.49069421229941, 0.0 ] ] } },
{ "type": "Feature", "properties": { "CalShoreTy": 3, "CalLandcov": 3, "CalSlope": 2, "CalSedi": 2, "CalRetreat": 1 }, "geometry": { "type": "LineString", "coordinates": [ [ -79.400575482478445, 42.456750249728145, 0.0 ], [ -79.400571837894759, 42.456753961713702, 0.0 ], [ -79.400508123605803, 42.456818854225013, 0.0 ], [ -79.400426141522047, 42.456896017135321, 0.0 ], [ -79.400423151248575, 42.456898831625011, 0.0 ], [ -79.400333114287349, 42.456982876527519, 0.0 ], [ -79.400292561358583, 42.457009890473046, 0.0 ], [ -79.400273679492614, 42.457022469662249, 0.0 ], [ -79.400265239558664, 42.457028092915081, 0.0 ], [ -79.400234145103624, 42.457048810118231, 0.0 ], [ -79.400086086114612, 42.457147571501167, 0.0 ], [ -79.400081171293422, 42.457150849877728, 0.0 ], [ -79.400026705818703, 42.45719957054758, 0.0 ], [ -79.399939185216795, 42.457277861507777, 0.0 ], [ -79.399938883600996, 42.457278162118087, 0.0 ], [ -79.399932211607606, 42.457284811868156, 0.0 ], [ -79.399876345603971, 42.45734049155314, 0.0 ] ] } },
{ "type": "Feature", "properties": { "CalShoreTy": 3, "CalLandcov": 2, "CalSlope": 2, "CalSedi": 2, "CalRetreat": 1 }, "geometry": { "type": "LineString", "coordinates": [ [ -79.401235168901295, 42.456196311314386, 0.0 ], [ -79.40119302581374, 42.45621570696472, 0.0 ], [ -79.40108365189873, 42.456266044348787, 0.0 ], [ -79.401009306498054, 42.45632842314933, 0.0 ], [ -79.400897746094429, 42.456422026518901, 0.0 ], [ -79.400855183402498, 42.456465376567948, 0.0 ], [ -79.400713510974441, 42.456609669227667, 0.0 ], [ -79.400575482477947, 42.456750249727882, 0.0 ] ] } },
{ "type": "Feature", "properties": { "CalShoreTy": 3, "CalLandcov": 3, "CalSlope": 2, "CalSedi": 2, "CalRetreat": 1 }, "geometry": { "type": "LineString", "coordinates": [ [ -79.404950273172005, 42.453459812795103, 0.0 ], [ -79.404767033923008, 42.453575860579804, 0.0 ], [ -79.404680633626114, 42.45363057875371, 0.0 ], [ -79.404582837611088, 42.453691076276215, 0.0 ], [ -79.404397787339178, 42.453805549549962, 0.0 ], [ -79.404369318079972, 42.453823160652462, 0.0 ], [ -79.404298468692403, 42.45386698874286, 0.0 ], [ -79.404216153094993, 42.453922891773665, 0.0 ], [ -79.404038475867068, 42.454043557252724, 0.0 ], [ -79.403860797955247, 42.454164222457962, 0.0 ], [ -79.403793896869146, 42.454209656350088, 0.0 ], [ -79.40368040945647, 42.454282655484668, 0.0 ], [ -79.403498383701702, 42.454399740325869, 0.0 ], [ -79.403482459078603, 42.454409983522034, 0.0 ], [ -79.403331328052403, 42.454528306856083, 0.0 ], [ -79.403205529322491, 42.45462679656422, 0.0 ], [ -79.403163941185738, 42.454656692608907, 0.0 ], [ -79.40299097537941, 42.45478103032444, 0.0 ], [ -79.402982142747092, 42.454787379704598, 0.0 ], [ -79.402825919343258, 42.45491107568904, 0.0 ], [ -79.402661288314462, 42.455041427982344, 0.0 ], [ -79.402539682962995, 42.455137712711853, 0.0 ], [ -79.402496656610609, 42.455171780047102, 0.0 ], [ -79.402332024250583, 42.45530213189636, 0.0 ], [ -79.402167391206305, 42.455432483510783, 0.0 ], [ -79.402099739270938, 42.455486048101946, 0.0 ], [ -79.40200017875172, 42.455561016881354, 0.0 ], [ -79.401902113646941, 42.455634859357183, 0.0 ], [ -79.40190055811253, 42.455636030670625, 0.0 ], [ -79.40183116696646, 42.455688281961528, 0.0 ], [ -79.401740160389366, 42.455756809403979, 0.0 ], [ -79.401734785201086, 42.45576085666756, 0.0 ], [ -79.401734734262618, 42.455760895021832, 0.0 ], [ -79.40166215420733, 42.455815546585143, 0.0 ], [ -79.40152866587438, 42.455916060688608, 0.0 ], [ -79.40149779679372, 42.455945790338895, 0.0 ], [ -79.401448717275201, 42.455993058170968, 0.0 ], [ -79.401379682857097, 42.456080078871054, 0.0 ], [ -79.401364733308668, 42.456094048457466, 0.0 ], [ -79.401274830651616, 42.456178057701493, 0.0 ], [ -79.40123516890128, 42.456196311314365, 0.0 ] ] } },
{ "type": "Feature", "properties": { "CalShoreTy": 3, "CalLandcov": 2, "CalSlope": 2, "CalSedi": 2, "CalRetreat": 1 }, "geometry": { "type": "LineString", "coordinates": [ [ -79.399468796048353, 42.45770172115099, 0.0 ], [ -79.399440269729126, 42.457718316696351, 0.0 ], [ -79.399439929730534, 42.457718514494701, 0.0 ], [ -79.39943971764724, 42.457718744507737, 0.0 ], [ -79.399428302524356, 42.457731124673863, 0.0 ] ] } },
{ "type": "Feature", "properties": { "CalShoreTy": 3, "CalLandcov": 1, "CalSlope": 2, "CalSedi": 2, "CalRetreat": 1 }, "geometry": { "type": "LineString", "coordinates": [ [ -79.399841162482161, 42.457375557020868, 0.0 ], [ -79.3997885254674, 42.457428017578124, 0.0 ], [ -79.399774239499905, 42.457442255634696, 0.0 ], [ -79.399773917069837, 42.457442576983368, 0.0 ], [ -79.399710952564206, 42.457501024374416, 0.0 ], [ -79.399638931833437, 42.457567879857599, 0.0 ], [ -79.399538324302185, 42.45766127161145, 0.0 ], [ -79.399537511941361, 42.457661744220175, 0.0 ], [ -79.399475659340283, 42.457697728289212, 0.0 ], [ -79.399468796055388, 42.457701721157619, 0.0 ] ] } },
{ "type": "Feature", "properties": { "CalShoreTy": 3, "CalLandcov": 3, "CalSlope": 2, "CalSedi": 2, "CalRetreat": 1 }, "geometry": { "type": "LineString", "coordinates": [ [ -79.39987634560373, 42.457340491552991, 0.0 ], [ -79.399841162482161, 42.457375557020868, 0.0 ] ] } },
{ "type": "Feature", "properties": { "CalShoreTy": 3, "CalLandcov": 3, "CalSlope": 2, "CalSedi": 2, "CalRetreat": 1 }, "geometry": { "type": "LineString", "coordinates": [ [ -79.392832339719007, 42.462169595178111, 0.0 ], [ -79.392785962278808, 42.462219568552612, 0.0 ], [ -79.392751882831547, 42.462256290330686, 0.0 ], [ -79.392748251004505, 42.462260203746311, 0.0 ], [ -79.392648401842138, 42.462366016103047, 0.0 ], [ -79.392510412721521, 42.462512245484973, 0.0 ], [ -79.392372422957664, 42.462658474701939, 0.0 ], [ -79.392276369548128, 42.462760263017572, 0.0 ], [ -79.392228464975133, 42.462801289840684, 0.0 ], [ -79.39207083803278, 42.462936285463741, 0.0 ], [ -79.392017945847044, 42.462981583463929, 0.0 ], [ -79.391928404989997, 42.46305148738098, 0.0 ], [ -79.391907726480923, 42.463067630536344, 0.0 ], [ -79.391836004845345, 42.463123621588977, 0.0 ], [ -79.39183268862692, 42.463125761544234, 0.0 ], [ -79.391732806436536, 42.463190202307018, 0.0 ], [ -79.391660907915508, 42.463236588773185, 0.0 ], [ -79.391542194044149, 42.463299294125093, 0.0 ], [ -79.391480484801221, 42.463331889204099, 0.0 ], [ -79.391428020641982, 42.463359599772808, 0.0 ], [ -79.391336102248133, 42.463390657438822, 0.0 ], [ -79.391319210665301, 42.463396364745037, 0.0 ], [ -79.391219369006137, 42.463430099793356, 0.0 ], [ -79.391116515982119, 42.463464851540976, 0.0 ], [ -79.391060951985963, 42.463483625323072, 0.0 ], [ -79.390998950773877, 42.463504691305801, 0.0 ], [ -79.390935552447488, 42.463526231644792, 0.0 ], [ -79.390893234009042, 42.463525067038105, 0.0 ], [ -79.390886691726664, 42.463524886991785, 0.0 ], [ -79.390838907483726, 42.463523572545498, 0.0 ], [ -79.390724919302215, 42.463533453124363, 0.0 ], [ -79.390652828505125, 42.463528631898001, 0.0 ], [ -79.3905636946849, 42.463522670817802, 0.0 ], [ -79.390414547054888, 42.463544382485424, 0.0 ], [ -79.390177593073034, 42.463578875839168, 0.0 ], [ -79.389940638829771, 42.463613368704294, 0.0 ], [ -79.389863962059579, 42.463624530245653, 0.0 ], [ -79.389702466123282, 42.463642723769254, 0.0 ], [ -79.38947101565708, 42.463668797690602, 0.0 ], [ -79.389468611483537, 42.463669068520204, 0.0 ], [ -79.389463710409487, 42.463669620624891, 0.0 ], [ -79.389366545113916, 42.463680566224262, 0.0 ] ] } },
{ "type": "Feature", "properties": { "CalShoreTy": 3, "CalLandcov": 1, "CalSlope": 2, "CalSedi": 2, "CalRetreat": 1 }, "geometry": { "type": "LineString", "coordinates": [ [ -79.394404888723457, 42.460803745359307, 0.0 ], [ -79.394306649272522, 42.460848751109467, 0.0 ], [ -79.39416832274317, 42.460912121418886, 0.0 ], [ -79.39413346904108, 42.460932126472905, 0.0 ], [ -79.394107300409047, 42.460947148237544, 0.0 ], [ -79.394106487724642, 42.460947960517451, 0.0 ], [ -79.394011276423456, 42.461043124111832, 0.0 ], [ -79.393956559459539, 42.46108737197671, 0.0 ], [ -79.393818290469781, 42.461199185304949, 0.0 ], [ -79.393795683391431, 42.461220190700139, 0.0 ], [ -79.393691713867057, 42.46131679386346, 0.0 ], [ -79.393645504940011, 42.461359728983112, 0.0 ], [ -79.393495325927518, 42.461499267134066, 0.0 ], [ -79.393495117538933, 42.461499460755682, 0.0 ], [ -79.393345146685149, 42.461638805346048, 0.0 ], [ -79.393198364865768, 42.46177518607341, 0.0 ], [ -79.393195277728921, 42.461778512633273, 0.0 ], [ -79.393179793157145, 42.461795198099452, 0.0 ], [ -79.393058839891523, 42.461925531437601, 0.0 ], [ -79.392922401414296, 42.462072550080407, 0.0 ], [ -79.392832339719092, 42.46216959517816, 0.0 ] ] } },
{ "type": "Feature", "properties": { "CalShoreTy": 3, "CalLandcov": 3, "CalSlope": 2, "CalSedi": 2, "CalRetreat": 1 }, "geometry": { "type": "LineString", "coordinates": [ [ -79.394636691277682, 42.460697551160784, 0.0 ], [ -79.394511821173168, 42.460754757193435, 0.0 ], [ -79.394475146631081, 42.460771558647721, 0.0 ], [ -79.394404888723457, 42.460803745359307, 0.0 ] ] } },
{ "type": "Feature", "properties": { "CalShoreTy": 3, "CalLandcov": 2, "CalSlope": 2, "CalSedi": 2, "CalRetreat": 1 }, "geometry": { "type": "LineString", "coordinates": [ [ -79.396327703757038, 42.459905987025195, 0.0 ], [ -79.396148900977082, 42.460000305186831, 0.0 ], [ -79.395952443528117, 42.460103935540111, 0.0 ], [ -79.3958150336546, 42.460176418127205, 0.0 ], [ -79.3957529902506, 42.460204216696695, 0.0 ], [ -79.395546566437702, 42.460296704539459, 0.0 ], [ -79.395507091611947, 42.460314391094656, 0.0 ], [ -79.39536416947702, 42.460370603660763, 0.0 ], [ -79.395334729494792, 42.460382182034579, 0.0 ], [ -79.395146058610763, 42.460456383627779, 0.0 ], [ -79.395122778420443, 42.460467465140368, 0.0 ], [ -79.394919842321286, 42.46056406358872, 0.0 ], [ -79.394716905596269, 42.460660661679412, 0.0 ], [ -79.394709024468028, 42.460664413090498, 0.0 ], [ -79.394708522126081, 42.460664643229144, 0.0 ], [ -79.394636691277682, 42.460697551160784, 0.0 ] ] } },
{ "type": "Feature", "properties": { "CalShoreTy": 3, "CalLandcov": 3, "CalSlope": 2, "CalSedi": 2, "CalRetreat": 1 }, "geometry": { "type": "LineString", "coordinates": [ [ -79.396589218987387, 42.459723981628571, 0.0 ], [ -79.396548067032668, 42.45975740389698, 0.0 ], [ -79.396522531927786, 42.459776273138104, 0.0 ], [ -79.396395115815963, 42.459870427389895, 0.0 ], [ -79.39634535783928, 42.459896674563929, 0.0 ], [ -79.396327703753471, 42.459905987021493, 0.0 ] ] } },
{ "type": "Feature", "properties": { "CalShoreTy": 3, "CalLandcov": 2, "CalSlope": 2, "CalSedi": 2, "CalRetreat": 1 }, "geometry": { "type": "LineString", "coordinates": [ [ -79.399428302524356, 42.457731124673863, 0.0 ], [ -79.399340136042127, 42.457826743854199, 0.0 ], [ -79.399329687176163, 42.457838075743396, 0.0 ], [ -79.399302540422298, 42.45786751697522, 0.0 ], [ -79.399302236976254, 42.457867846067586, 0.0 ], [ -79.39919385103461, 42.457985393175058, 0.0 ], [ -79.399168906486352, 42.458012446047334, 0.0 ], [ -79.399024602501385, 42.458111554377105, 0.0 ], [ -79.398847837468082, 42.458232956361087, 0.0 ], [ -79.398689805440625, 42.458341491913124, 0.0 ], [ -79.398669730458806, 42.458353205372795, 0.0 ], [ -79.398533863179239, 42.458432481738527, 0.0 ], [ -79.398490785499035, 42.458471565690616, 0.0 ], [ -79.39836524829569, 42.45858546397713, 0.0 ], [ -79.398338420907507, 42.458609804088226, 0.0 ], [ -79.398317798625726, 42.458628514374759, 0.0 ], [ -79.398292042863645, 42.45864859644972, 0.0 ], [ -79.398190867223164, 42.458727481008729, 0.0 ], [ -79.398172166973325, 42.458738741888396, 0.0 ], [ -79.397985072673578, 42.458851405567131, 0.0 ], [ -79.397803879864256, 42.458960514833976, 0.0 ], [ -79.397797719039332, 42.458963821398441, 0.0 ], [ -79.397602423971506, 42.459068637457143, 0.0 ], [ -79.397407128250478, 42.459173453184924, 0.0 ], [ -79.397315811305305, 42.459222462994838, 0.0 ], [ -79.397217172216386, 42.459283317000462, 0.0 ], [ -79.39703190552089, 42.459397614147129, 0.0 ], [ -79.396862022637293, 42.459502419882497, 0.0 ], [ -79.396857291391115, 42.45950626246276, 0.0 ], [ -79.396848538278675, 42.459513371483823, 0.0 ], [ -79.39668615254115, 42.459645256002212, 0.0 ], [ -79.396636188007463, 42.45968583545443, 0.0 ], [ -79.396622131528915, 42.459697251509816, 0.0 ], [ -79.396589218987401, 42.459723981628585, 0.0 ] ] } },
{ "type": "Feature", "properties": { "CalShoreTy": 2, "CalLandcov": 3, "CalSlope": 2, "CalSedi": 2, "CalRetreat": 1 }, "geometry": { "type": "LineString", "coordinates": [ [ -79.388773970385657, 42.463747317002408, 0.0 ], [ -79.38874744143331, 42.463750305300955, 0.0 ], [ -79.388621192609421, 42.463764526248049, 0.0 ], [ -79.388621137201298, 42.463764536141916, 0.0 ], [ -79.388615840161791, 42.463765481999616, 0.0 ] ] } },
{ "type": "Feature", "properties": { "CalShoreTy": 2, "CalLandcov": 3, "CalSlope": 2, "CalSedi": 2, "CalRetreat": 1 }, "geometry": { "type": "LineString", "coordinates": [ [ -79.389366545113916, 42.463680566224241, 0.0 ], [ -79.389224954298925, 42.463696516059542, 0.0 ], [ -79.388986197967597, 42.463723410923095, 0.0 ], [ -79.388773970385657, 42.463747317002408, 0.0 ] ] } },
{ "type": "Feature", "properties": { "CalShoreTy": 3, "CalLandcov": 3, "CalSlope": 2, "CalSedi": 2, "CalRetreat": 1 }, "geometry": { "type": "LineString", "coordinates": [ [ -79.388615840161791, 42.463765481999616, 0.0 ], [ -79.388510574167555, 42.463784275612845, 0.0 ], [ -79.388275826734159, 42.463826185724166, 0.0 ], [ -79.388150066967171, 42.463848637775293, 0.0 ], [ -79.388145223401395, 42.463849502499407, 0.0 ], [ -79.388044383262098, 42.463876228887408, 0.0 ] ] } },
{ "type": "Feature", "properties": { "CalShoreTy": 3, "CalLandcov": 3, "CalSlope": 2, "CalSedi": 3, "CalRetreat": 1 }, "geometry": { "type": "LineString", "coordinates": [ [ -79.407414053746237, 42.452167826400469, 0.0 ], [ -79.407354246175004, 42.45218846410642, 0.0 ], [ -79.407352407408368, 42.452189098606077, 0.0 ], [ -79.407352158606358, 42.452189205219909, 0.0 ], [ -79.407344180759665, 42.452192623796122, 0.0 ], [ -79.407295992116147, 42.452213272660991, 0.0 ], [ -79.407087172571309, 42.452302751692677, 0.0 ], [ -79.406878352436706, 42.45239223035405, 0.0 ], [ -79.406702917183523, 42.452467403229385, 0.0 ], [ -79.406681851057044, 42.452476429897182, 0.0 ], [ -79.406669531690341, 42.452481708617356, 0.0 ], [ -79.406546630944959, 42.452534370174575, 0.0 ], [ -79.406466019660954, 42.452577227926291, 0.0 ], [ -79.406270101814272, 42.452681389021905, 0.0 ], [ -79.406074183316449, 42.452785549784288, 0.0 ], [ -79.405963656046453, 42.452844311697419, 0.0 ], [ -79.405881928598376, 42.45289324443597, 0.0 ], [ -79.405694416292377, 42.453005513316057, 0.0 ], [ -79.405506903315057, 42.453117781891251, 0.0 ], [ -79.405319389665692, 42.453230050161146, 0.0 ], [ -79.405203628891712, 42.453299358157551, 0.0 ], [ -79.405133511743841, 42.453343764720195, 0.0 ], [ -79.40495027317202, 42.453459812795103, 0.0 ] ] } },
{ "type": "Feature", "properties": { "CalShoreTy": 3, "CalLandcov": 3, "CalSlope": 2, "CalSedi": 3, "CalRetreat": 1 }, "geometry": { "type": "LineString", "coordinates": [ [ -79.414434415974029, 42.452610193005121, 0.0 ], [ -79.414383890641645, 42.452570628541011, 0.0 ], [ -79.414287449316546, 42.452469306917699, 0.0 ], [ -79.414148665191988, 42.452323499150246, 0.0 ], [ -79.414009881836662, 42.452177691055297, 0.0 ], [ -79.413987936582927, 42.452154634942659, 0.0 ], [ -79.413863154997529, 42.452036215737657, 0.0 ], [ -79.413830948474398, 42.452005651269722, 0.0 ], [ -79.413721851567061, 42.451918653317051, 0.0 ], [ -79.413700612617504, 42.451904776022921, 0.0 ], [ -79.413597851738757, 42.451837633058439, 0.0 ], [ -79.413509319207336, 42.451797063765227, 0.0 ], [ -79.413313632064813, 42.451707391334502, 0.0 ], [ -79.413303322313936, 42.45170431255611, 0.0 ], [ -79.413079483222816, 42.451637467660419, 0.0 ], [ -79.413031052162182, 42.451623004652951, 0.0 ], [ -79.412851729908937, 42.451578418824376, 0.0 ], [ -79.412782225845575, 42.451561137572604, 0.0 ], [ -79.412717535542754, 42.451540223071731, 0.0 ], [ -79.41262822702511, 42.451511350722463, 0.0 ], [ -79.412518896353987, 42.45147600532384, 0.0 ], [ -79.412400509517823, 42.451453920506445, 0.0 ], [ -79.412166399628916, 42.451410247387834, 0.0 ], [ -79.412038928285995, 42.451386467425728, 0.0 ], [ -79.411928957005046, 42.451384824306025, 0.0 ], [ -79.411839104829312, 42.451383481713435, 0.0 ], [ -79.4118385470113, 42.45138344170028, 0.0 ], [ -79.411761422227798, 42.451377909391574, 0.0 ] ] } },
{ "type": "Feature", "properties": { "CalShoreTy": 3, "CalLandcov": 1, "CalSlope": 2, "CalSedi": 3, "CalRetreat": 1 }, "geometry": { "type": "LineString", "coordinates": [ [ -79.408225967545931, 42.451885468692488, 0.0 ], [ -79.408167226084728, 42.451905929870676, 0.0 ], [ -79.407948857940625, 42.451981992825218, 0.0 ], [ -79.407730489243988, 42.452058055330419, 0.0 ], [ -79.407552418474339, 42.452120080744869, 0.0 ], [ -79.407548195003187, 42.452121538145825, 0.0 ], [ -79.407512051715472, 42.452134010167555, 0.0 ], [ -79.40741405374628, 42.452167826400547, 0.0 ] ] } },
{ "type": "Feature", "properties": { "CalShoreTy": 3, "CalLandcov": 3, "CalSlope": 2, "CalSedi": 3, "CalRetreat": 1 }, "geometry": { "type": "LineString", "coordinates": [ [ -79.411761422227798, 42.451377909391574, 0.0 ], [ -79.411754907885964, 42.451377441897804, 0.0 ], [ -79.411754859818231, 42.451377438448276, 0.0 ], [ -79.411688210604993, 42.451372657708099, 0.0 ], [ -79.41157509346624, 42.451364543736901, 0.0 ], [ -79.411496484867158, 42.451366932116862, 0.0 ], [ -79.411447375923032, 42.451368423929843, 0.0 ], [ -79.411206104106142, 42.451375752884573, 0.0 ], [ -79.411138547559247, 42.45137780491325, 0.0 ], [ -79.411136740877978, 42.451378048109881, 0.0 ], [ -79.410967508060139, 42.451400828335352, 0.0 ], [ -79.410876140599683, 42.451413127133307, 0.0 ], [ -79.410729952336112, 42.451432804679932, 0.0 ], [ -79.410636711666911, 42.451445355242747, 0.0 ], [ -79.41063506976991, 42.451445576247252, 0.0 ], [ -79.410490129358323, 42.451449294551196, 0.0 ], [ -79.410302726388068, 42.451454101916994, 0.0 ], [ -79.410249768702727, 42.451461741368206, 0.0 ], [ -79.410012778839544, 42.451495928196238, 0.0 ], [ -79.41000975523896, 42.451496364359734, 0.0 ], [ -79.409777616352343, 42.451536400010717, 0.0 ], [ -79.409542477179798, 42.451576952573092, 0.0 ], [ -79.409307337702586, 42.451617504654394, 0.0 ], [ -79.409226033233622, 42.451631526272998, 0.0 ], [ -79.409074461309885, 42.451664392265833, 0.0 ], [ -79.408842780796121, 42.451714628095445, 0.0 ], [ -79.408723065523859, 42.451740586023497, 0.0 ], [ -79.408613984197629, 42.451771188218899, 0.0 ], [ -79.408388271089521, 42.451834510425648, 0.0 ], [ -79.40830600749419, 42.45185758874922, 0.0 ], [ -79.408225967545931, 42.451885468692481, 0.0 ] ] } },
{ "type": "Feature", "properties": { "CalShoreTy": 3, "CalLandcov": 3, "CalSlope": 2, "CalSedi": 1, "CalRetreat": 2 }, "geometry": { "type": "LineString", "coordinates": [ [ -79.415330151376182, 42.453520786717029, 0.0 ], [ -79.415292372970356, 42.453468319504523, 0.0 ], [ -79.415260341308425, 42.453423833376199, 0.0 ], [ -79.415158076955862, 42.453320686050887, 0.0 ], [ -79.415098399417175, 42.453260493043338, 0.0 ], [ -79.415043962874904, 42.453205586172288, 0.0 ], [ -79.415012992377783, 42.453178333181924, 0.0 ], [ -79.414893885969306, 42.453073523269062, 0.0 ], [ -79.414863085422979, 42.45303892312895, 0.0 ], [ -79.414730516326642, 42.452889999608161, 0.0 ], [ -79.414597947863982, 42.452741075933119, 0.0 ], [ -79.414589639867316, 42.452731742934958, 0.0 ], [ -79.414452121039474, 42.452624057150572, 0.0 ], [ -79.414434415974014, 42.452610193005128, 0.0 ] ] } },
{ "type": "Feature", "properties": { "CalShoreTy": 3, "CalLandcov": 2, "CalSlope": 2, "CalSedi": 1, "CalRetreat": 2 }, "geometry": { "type": "LineString", "coordinates": [ [ -79.415412415399828, 42.45370671723829, 0.0 ], [ -79.415372841839087, 42.453671826022386, 0.0 ], [ -79.415372720386074, 42.453671718938672, 0.0 ], [ -79.415364067141113, 42.453636294356336, 0.0 ], [ -79.415338778603598, 42.453532768116887, 0.0 ], [ -79.415330151376182, 42.453520786717036, 0.0 ] ] } },
{ "type": "Feature", "properties": { "CalShoreTy": 3, "CalLandcov": 3, "CalSlope": 2, "CalSedi": 1, "CalRetreat": 2 }, "geometry": { "type": "LineString", "coordinates": [ [ -79.419149798343994, 42.450622394236781, 0.0 ], [ -79.419141328727747, 42.450651396634314, 0.0 ], [ -79.419132278230435, 42.450682388103367, 0.0 ], [ -79.419066575075632, 42.450820602959837, 0.0 ], [ -79.418986650426504, 42.450988733655493, 0.0 ], [ -79.418906725350368, 42.451156864296216, 0.0 ], [ -79.41882889657937, 42.45132058422233, 0.0 ], [ -79.41882700488064, 42.451325045066163, 0.0 ], [ -79.418754894720351, 42.451495088594406, 0.0 ], [ -79.41868278417229, 42.451665132078347, 0.0 ], [ -79.41861281125253, 42.45183013390907, 0.0 ], [ -79.418610259361358, 42.451835069604563, 0.0 ], [ -79.418535766425975, 42.451979148400532, 0.0 ], [ -79.418524331177053, 42.452001580528162, 0.0 ], [ -79.41843931804307, 42.452168347272021, 0.0 ], [ -79.418421426914918, 42.452203443435252, 0.0 ], [ -79.418420791033668, 42.452204598399121, 0.0 ], [ -79.41839050881434, 42.452259600549446, 0.0 ] ] } },
{ "type": "Feature", "properties": { "CalShoreTy": 3, "CalLandcov": 1, "CalSlope": 2, "CalSedi": 1, "CalRetreat": 2 }, "geometry": { "type": "LineString", "coordinates": [ [ -79.420270813356083, 42.44708790864825, 0.0 ], [ -79.420270739930018, 42.447088662927207, 0.0 ], [ -79.420268718694118, 42.447109426331984, 0.0 ], [ -79.420259404599534, 42.447205119563066, 0.0 ], [ -79.420252203496531, 42.447279102722248, 0.0 ], [ -79.420182266010059, 42.447369394788595, 0.0 ], [ -79.42014087227443, 42.447422835597692, 0.0 ], [ -79.420122629478215, 42.447538675552373, 0.0 ], [ -79.420119156508036, 42.447560728519058, 0.0 ], [ -79.420025863758909, 42.44767246224805, 0.0 ], [ -79.420016753608479, 42.447696265200214, 0.0 ], [ -79.419951127684286, 42.447867731701216, 0.0 ], [ -79.419885501404082, 42.448039198165475, 0.0 ], [ -79.419857434829709, 42.448112529408199, 0.0 ], [ -79.419826157579763, 42.448211857135007, 0.0 ], [ -79.419771508258975, 42.448385407200568, 0.0 ], [ -79.419720747817109, 42.448546606457938, 0.0 ], [ -79.419718198194204, 42.448559145914992, 0.0 ], [ -79.41968237143459, 42.448735347141763, 0.0 ], [ -79.419650243452921, 42.448893356398791, 0.0 ], [ -79.419647092267425, 42.448911604424829, 0.0 ], [ -79.419616570844582, 42.449088348679041, 0.0 ], [ -79.419599294478445, 42.449188392672241, 0.0 ], [ -79.419577271942316, 42.449263986241675, 0.0 ], [ -79.41952652410626, 42.449438180283344, 0.0 ], [ -79.419475775991017, 42.449612374303122, 0.0 ], [ -79.41944431415628, 42.449720367243948, 0.0 ], [ -79.419444079333502, 42.449721607343328, 0.0 ], [ -79.419436756064286, 42.449760281512795, 0.0 ], [ -79.419431615383431, 42.449787429175885, 0.0 ], [ -79.41942670235251, 42.449813374686322, 0.0 ], [ -79.419426369698741, 42.449815131413558, 0.0 ], [ -79.419415339177959, 42.449873377373784, 0.0 ], [ -79.419382607715988, 42.449961518496416, 0.0 ], [ -79.419318794493776, 42.450133357597089, 0.0 ], [ -79.419291007605011, 42.450208183069151, 0.0 ], [ -79.419254981238595, 42.450305196726454, 0.0 ], [ -79.419196238825279, 42.450463380660146, 0.0 ], [ -79.419192196495203, 42.450477221482657, 0.0 ], [ -79.419160936018784, 42.450584256234244, 0.0 ], [ -79.41914979834398, 42.450622394236781, 0.0 ] ] } },
{ "type": "Feature", "properties": { "CalShoreTy": 1, "CalLandcov": 1, "CalSlope": 2, "CalSedi": 1, "CalRetreat": 2 }, "geometry": { "type": "LineString", "coordinates": [ [ -79.420375402188355, 42.446682447127166, 0.0 ], [ -79.420295155846958, 42.446837816665195, 0.0 ], [ -79.420294000315408, 42.446849688508799, 0.0 ], [ -79.420276702538459, 42.447027404038863, 0.0 ], [ -79.420270813356126, 42.44708790864825, 0.0 ] ] } },
{ "type": "Feature", "properties": { "CalShoreTy": 2, "CalLandcov": 3, "CalSlope": 2, "CalSedi": 1, "CalRetreat": 2 }, "geometry": { "type": "LineString", "coordinates": [ [ -79.41744868821533, 42.453678930226033, 0.0 ], [ -79.417401310084429, 42.453705508186268, 0.0 ], [ -79.417359158893234, 42.453738375060091, 0.0 ], [ -79.417282380397097, 42.453798242019673, 0.0 ], [ -79.417315502213299, 42.45386754695442, 0.0 ], [ -79.417325045196392, 42.453888669762492, 0.0 ], [ -79.417329402644356, 42.453898314701313, 0.0 ], [ -79.417339808056596, 42.45391764457807, 0.0 ], [ -79.41733687492399, 42.453940857202376, 0.0 ], [ -79.417332859407836, 42.45397265379345, 0.0 ], [ -79.417327234120322, 42.453979793453634, 0.0 ], [ -79.417321808470973, 42.453986677781245, 0.0 ], [ -79.41730227730406, 42.453992052336993, 0.0 ], [ -79.417281853401931, 42.453997672860098, 0.0 ], [ -79.41722207494513, 42.454001541179693, 0.0 ], [ -79.417219765718443, 42.454001690610504, 0.0 ], [ -79.417218156782013, 42.454001376413849, 0.0 ], [ -79.417185879257488, 42.453995067987464, 0.0 ], [ -79.417113911051928, 42.453965523903754, 0.0 ], [ -79.417065477767665, 42.453948589894658, 0.0 ], [ -79.416997382884134, 42.453950770296935, 0.0 ], [ -79.416849522899028, 42.45395550464081, 0.0 ], [ -79.416759785067683, 42.453974842599173, 0.0 ], [ -79.416687912924374, 42.453990330549566, 0.0 ], [ -79.416647628108322, 42.454004705665419, 0.0 ], [ -79.416597649905597, 42.454022539044054, 0.0 ] ] } },
{ "type": "Feature", "properties": { "CalShoreTy": 2, "CalLandcov": 2, "CalSlope": 2, "CalSedi": 1, "CalRetreat": 2 }, "geometry": { "type": "LineString", "coordinates": [ [ -79.417647999594806, 42.453505301231651, 0.0 ], [ -79.417684572120862, 42.453553473851684, 0.0 ], [ -79.417692492348451, 42.453563906466108, 0.0 ], [ -79.417713459542895, 42.453591524674742, 0.0 ], [ -79.417698491134004, 42.453627578326319, 0.0 ], [ -79.417673530920439, 42.453642587679184, 0.0 ], [ -79.4175588810281, 42.453651430546095, 0.0 ], [ -79.417487959102772, 42.453656900645449, 0.0 ], [ -79.41744868821533, 42.453678930226033, 0.0 ] ] } },
{ "type": "Feature", "properties": { "CalShoreTy": 2, "CalLandcov": 3, "CalSlope": 2, "CalSedi": 1, "CalRetreat": 2 }, "geometry": { "type": "LineString", "coordinates": [ [ -79.41839050881434, 42.452259600549446, 0.0 ], [ -79.418366502497207, 42.452303203358525, 0.0 ], [ -79.418349669859339, 42.45233377653485, 0.0 ], [ -79.418328696438721, 42.452371870547942, 0.0 ], [ -79.418258785930689, 42.452498849262803, 0.0 ], [ -79.418167901546951, 42.452663921926131, 0.0 ], [ -79.418160344256947, 42.45267764813201, 0.0 ], [ -79.418074924555, 42.452828358228253, 0.0 ], [ -79.418052371121192, 42.452868150205767, 0.0 ], [ -79.418032796120883, 42.452902692566909, 0.0 ], [ -79.417993081654004, 42.452972760896714, 0.0 ], [ -79.417976776817781, 42.452990764279022, 0.0 ], [ -79.41788106199067, 42.453096449876277, 0.0 ], [ -79.417873630798795, 42.453147218497328, 0.0 ], [ -79.417866563099508, 42.453195503718923, 0.0 ], [ -79.417806025273492, 42.453224627489419, 0.0 ], [ -79.417719419031442, 42.453266293849175, 0.0 ], [ -79.417658248946182, 42.453295722771351, 0.0 ], [ -79.417586417975784, 42.453408150367395, 0.0 ], [ -79.417580854401749, 42.45341685828096, 0.0 ], [ -79.417647999594806, 42.453505301231665, 0.0 ] ] } },
{ "type": "Feature", "properties": { "CalShoreTy": 2, "CalLandcov": 2, "CalSlope": 2, "CalSedi": 1, "CalRetreat": 2 }, "geometry": { "type": "LineString", "coordinates": [ [ -79.416597649905597, 42.454022539044054, 0.0 ], [ -79.416548965123084, 42.454039910972121, 0.0 ], [ -79.416538188091678, 42.454044234647071, 0.0 ], [ -79.416425824172464, 42.454089314215572, 0.0 ], [ -79.416425721080117, 42.454089355577331, 0.0 ], [ -79.416407633650905, 42.454096612445795, 0.0 ], [ -79.416362385359804, 42.454114765464787, 0.0 ], [ -79.416362122829838, 42.454114870788274, 0.0 ], [ -79.416326319333649, 42.454129725400691, 0.0 ], [ -79.416318416741021, 42.45413300412585, 0.0 ], [ -79.416213090586339, 42.454176700418273, 0.0 ], [ -79.416202018848296, 42.454176331631047, 0.0 ], [ -79.416152392392732, 42.454174673799606, 0.0 ], [ -79.416101618887993, 42.45417297769859, 0.0 ], [ -79.416093046687195, 42.454172691339124, 0.0 ], [ -79.416079939608565, 42.454173408664403, 0.0 ], [ -79.415983918601313, 42.454178662593165, 0.0 ], [ -79.41589072034283, 42.454158204572614, 0.0 ], [ -79.415865567379711, 42.454152682823789, 0.0 ], [ -79.415855112439672, 42.454150387681729, 0.0 ], [ -79.415790826200322, 42.454148235685786, 0.0 ], [ -79.415744718867614, 42.454137454762517, 0.0 ], [ -79.415713813986457, 42.454130228466774, 0.0 ], [ -79.415666388232438, 42.454077792901074, 0.0 ], [ -79.415572497203129, 42.453973983389183, 0.0 ], [ -79.415516882751277, 42.453939853945414, 0.0 ], [ -79.415444997164315, 42.4538957391444, 0.0 ], [ -79.415477713534841, 42.453815652849109, 0.0 ], [ -79.415469404318117, 42.453790858367817, 0.0 ], [ -79.415453281109819, 42.453742747085172, 0.0 ], [ -79.415453149155695, 42.453742630745438, 0.0 ], [ -79.415412415399828, 42.45370671723829, 0.0 ] ] } },
{ "type": "Feature", "properties": { "CalShoreTy": 1, "CalLandcov": 1, "CalSlope": 2, "CalSedi": 2, "CalRetreat": 2 }, "geometry": { "type": "LineString", "coordinates": [ [ -79.371772794706018, 42.473771706351599, 0.0 ], [ -79.371772230588689, 42.473772224728847, 0.0 ], [ -79.371660248176298, 42.473875127097045, 0.0 ], [ -79.371651179771945, 42.473883460174399, 0.0 ], [ -79.371623773755303, 42.473912687578817, 0.0 ], [ -79.371486365575265, 42.474059227312566, 0.0 ], [ -79.371348956753721, 42.474205766883166, 0.0 ], [ -79.371211547289462, 42.474352306290058, 0.0 ], [ -79.371105847393835, 42.47446502866336, 0.0 ], [ -79.371074137181125, 42.47449884553248, 0.0 ], [ -79.37093672642672, 42.47464538460958, 0.0 ], [ -79.370799315030055, 42.474791923523057, 0.0 ], [ -79.370782262382932, 42.474810108827697, 0.0 ], [ -79.370656056555134, 42.474935370131313, 0.0 ], [ -79.370511969094025, 42.475078378462626, 0.0 ], [ -79.370367880974499, 42.47522138661347, 0.0 ] ] } },
{ "type": "Feature", "properties": { "CalShoreTy": 3, "CalLandcov": 3, "CalSlope": 2, "CalSedi": 2, "CalRetreat": 2 }, "geometry": { "type": "LineString", "coordinates": [ [ -79.388044383262098, 42.463876228887408, 0.0 ], [ -79.38781708312861, 42.463936471470149, 0.0 ], [ -79.387712174807035, 42.463964275671223, 0.0 ], [ -79.387589782623209, 42.463996713739114, 0.0 ], [ -79.387549530872548, 42.464007381750854, 0.0 ], [ -79.3873633508518, 42.464058705259738, 0.0 ], [ -79.387137105668259, 42.464121072853871, 0.0 ], [ -79.386962978052466, 42.46416907313553, 0.0 ], [ -79.386920395857032, 42.464195489883188, 0.0 ], [ -79.386735544915012, 42.464310165552604, 0.0 ], [ -79.386702031120905, 42.464330956371263, 0.0 ], [ -79.386508593522152, 42.464300703037736, 0.0 ], [ -79.386453400857562, 42.46429207092654, 0.0 ], [ -79.386425254098143, 42.464287668613387, 0.0 ], [ -79.386286683864981, 42.46433551197493, 0.0 ] ] } },
{ "type": "Feature", "properties": { "CalShoreTy": 3, "CalLandcov": 3, "CalSlope": 2, "CalSedi": 2, "CalRetreat": 2 }, "geometry": { "type": "LineString", "coordinates": [ [ -79.385665117103088, 42.464589404010482, 0.0 ], [ -79.385651196820191, 42.464595711394395, 0.0 ], [ -79.385445391116832, 42.464688963293021, 0.0 ], [ -79.385239584728225, 42.464782214736175, 0.0 ], [ -79.385033777695028, 42.464875465773083, 0.0 ], [ -79.384827970034905, 42.464968716425133, 0.0 ], [ -79.384622161754294, 42.465061966699935, 0.0 ], [ -79.384555893413633, 42.465091992275021, 0.0 ] ] } },
{ "type": "Feature", "properties": { "CalShoreTy": 3, "CalLandcov": 2, "CalSlope": 2, "CalSedi": 2, "CalRetreat": 2 }, "geometry": { "type": "LineString", "coordinates": [ [ -79.386286683864981, 42.464335511974937, 0.0 ], [ -79.386283660714682, 42.464336555767652, 0.0 ], [ -79.386064908135879, 42.46441208343461, 0.0 ], [ -79.386029415494249, 42.464424337731202, 0.0 ], [ -79.385857002384967, 42.464502459700498, 0.0 ], [ -79.385759036062581, 42.464546848941175, 0.0 ], [ -79.385665117103088, 42.464589404010475, 0.0 ] ] } },
{ "type": "Feature", "properties": { "CalShoreTy": 3, "CalLandcov": 3, "CalSlope": 2, "CalSedi": 2, "CalRetreat": 2 }, "geometry": { "type": "LineString", "coordinates": [ [ -79.384555893413761, 42.46509199227517, 0.0 ], [ -79.384547651517465, 42.465095726623062, 0.0 ], [ -79.384448016125745, 42.46514087066852, 0.0 ], [ -79.384416352910407, 42.465155216666879, 0.0 ], [ -79.384394978792969, 42.465164900963849, 0.0 ], [ -79.384390338971116, 42.465167003184582, 0.0 ] ] } },
{ "type": "Feature", "properties": { "CalShoreTy": 3, "CalLandcov": 3, "CalSlope": 2, "CalSedi": 2, "CalRetreat": 2 }, "geometry": { "type": "LineString", "coordinates": [ [ -79.381558422167842, 42.466863666894625, 0.0 ], [ -79.381431521542538, 42.466952886730525, 0.0 ], [ -79.381373796702221, 42.466993471117846, 0.0 ], [ -79.38125667923012, 42.467075814003955, 0.0 ], [ -79.381255725773087, 42.467076484357648, 0.0 ], [ -79.381090135445532, 42.46720485797497, 0.0 ], [ -79.381015774237753, 42.467262506124094, 0.0 ], [ -79.380916412513074, 42.467328455758633, 0.0 ], [ -79.380736858673018, 42.467447630959988, 0.0 ], [ -79.380557304150358, 42.467566805881908, 0.0 ], [ -79.380377748944383, 42.467685980523996, 0.0 ], [ -79.380198193054852, 42.467805154885845, 0.0 ], [ -79.38014538687348, 42.467840203124673, 0.0 ], [ -79.380139640870581, 42.4678443593616, 0.0 ], [ -79.380023645009899, 42.467928262078537, 0.0 ], [ -79.379851182908155, 42.468053007604254, 0.0 ], [ -79.379678720133512, 42.468177752882347, 0.0 ], [ -79.379678351405204, 42.468178019651326, 0.0 ] ] } },
{ "type": "Feature", "properties": { "CalShoreTy": 3, "CalLandcov": 2, "CalSlope": 2, "CalSedi": 2, "CalRetreat": 2 }, "geometry": { "type": "LineString", "coordinates": [ [ -79.381925534282203, 42.466639786994151, 0.0 ], [ -79.3818406795409, 42.466700449349922, 0.0 ], [ -79.381798317156239, 42.466722418043474, 0.0 ], [ -79.381649719422654, 42.466799479038826, 0.0 ], [ -79.381606364713008, 42.466829960387948, 0.0 ], [ -79.381566016007213, 42.466858328264244, 0.0 ], [ -79.381558422165085, 42.466863666892486, 0.0 ] ] } },
{ "type": "Feature", "properties": { "CalShoreTy": 3, "CalLandcov": 3, "CalSlope": 2, "CalSedi": 2, "CalRetreat": 2 }, "geometry": { "type": "LineString", "coordinates": [ [ -79.384390338971087, 42.46516700318454, 0.0 ], [ -79.384370054916346, 42.465176193664092, 0.0 ], [ -79.384225453287328, 42.465263890904779, 0.0 ], [ -79.384038880620594, 42.465377041890797, 0.0 ], [ -79.383852307280122, 42.465490192574791, 0.0 ], [ -79.383665733265389, 42.46560334295642, 0.0 ], [ -79.383510970133941, 42.465697200648712, 0.0 ], [ -79.383477919552362, 42.465715324202897, 0.0 ], [ -79.38328407731656, 42.46582161875655, 0.0 ], [ -79.38317386132691, 42.465882056048763, 0.0 ], [ -79.383090234283117, 42.46592791284538, 0.0 ], [ -79.382896390408092, 42.466034206425711, 0.0 ], [ -79.382880057773789, 42.466043162333705, 0.0 ], [ -79.382731665141833, 42.466164153106327, 0.0 ], [ -79.382665165033558, 42.466218373235108, 0.0 ], [ -79.382541466207599, 42.466270431872985, 0.0 ], [ -79.382499546340952, 42.466288073793486, 0.0 ], [ -79.382422253379318, 42.466320602408793, 0.0 ], [ -79.382342877216729, 42.466370496367908, 0.0 ], [ -79.382159033673531, 42.466486055509684, 0.0 ], [ -79.382006160081744, 42.46658214721802, 0.0 ], [ -79.381976941517763, 42.466603036307092, 0.0 ], [ -79.381971664996897, 42.466606808621698, 0.0 ], [ -79.381925534282203, 42.466639786994143, 0.0 ] ] } },
{ "type": "Feature", "properties": { "CalShoreTy": 2, "CalLandcov": 3, "CalSlope": 2, "CalSedi": 2, "CalRetreat": 2 }, "geometry": { "type": "LineString", "coordinates": [ [ -79.379678351363211, 42.468178019619515, 0.0 ], [ -79.379594945070593, 42.468238348351093, 0.0 ], [ -79.379593918591127, 42.468239090814407, 0.0 ], [ -79.37958917898753, 42.468242298562025, 0.0 ], [ -79.379503452979847, 42.468300317542415, 0.0 ], [ -79.379423685238436, 42.468354303841309, 0.0 ] ] } },
{ "type": "Feature", "properties": { "CalShoreTy": 2, "CalLandcov": 3, "CalSlope": 2, "CalSedi": 2, "CalRetreat": 2 }, "geometry": { "type": "LineString", "coordinates": [ [ -79.379423685238265, 42.468354303841167, 0.0 ], [ -79.37937952020684, 42.46838419430216, 0.0 ], [ -79.379378285690521, 42.468385029810079, 0.0 ], [ -79.379327109977567, 42.468422045797467, 0.0 ], [ -79.379154645713101, 42.468546790719095, 0.0 ], [ -79.378982180767139, 42.468671535386711, 0.0 ], [ -79.378876048373513, 42.468748300977829, 0.0 ], [ -79.378809715238575, 42.468796279875157, 0.0 ], [ -79.37866732304758, 42.468899271751795, 0.0 ], [ -79.378638788100019, 42.468922124462843, 0.0 ], [ -79.378475147272709, 42.469053178613862, 0.0 ], [ -79.378333670543043, 42.4691664816932, 0.0 ], [ -79.378311505719765, 42.469184232504603, 0.0 ], [ -79.378147863218544, 42.469315285983882, 0.0 ], [ -79.377984220033255, 42.469446339231155, 0.0 ], [ -79.37793931766349, 42.469482299047243, 0.0 ], [ -79.377888317339369, 42.469504326885904, 0.0 ], [ -79.377881794378851, 42.469504507148578, 0.0 ], [ -79.377872697970943, 42.469504758367691, 0.0 ], [ -79.377871143162324, 42.469506215190627, 0.0 ], [ -79.377810508610992, 42.469563028420289, 0.0 ], [ -79.377803683727834, 42.46956942318122, 0.0 ] ] } },
{ "type": "Feature", "properties": { "CalShoreTy": 2, "CalLandcov": 2, "CalSlope": 2, "CalSedi": 2, "CalRetreat": 2 }, "geometry": { "type": "LineString", "coordinates": [ [ -79.377798116936859, 42.469574639237287, 0.0 ], [ -79.377661095271847, 42.469703024578806, 0.0 ], [ -79.377630510916319, 42.469731681142484, 0.0 ], [ -79.377628805384674, 42.469733279170121, 0.0 ], [ -79.377489816267882, 42.469828127654999, 0.0 ], [ -79.377402291163804, 42.469887856006963, 0.0 ], [ -79.377321813939247, 42.469955796250225, 0.0 ], [ -79.377162882275599, 42.470089968468933, 0.0 ], [ -79.377003949931904, 42.470224140468986, 0.0 ], [ -79.376845016907353, 42.470358312249886, 0.0 ], [ -79.37675201741159, 42.470436822359773, 0.0 ], [ -79.376691751152592, 42.4704958764436, 0.0 ], [ -79.376625522664952, 42.47056077266717, 0.0 ], [ -79.376502424297001, 42.470594738262982, 0.0 ], [ -79.376379522875496, 42.470628649347034, 0.0 ], [ -79.376279335514454, 42.470662736851359, 0.0 ], [ -79.376100852633414, 42.47072346371737, 0.0 ], [ -79.37607410787659, 42.470750154118996, 0.0 ], [ -79.375932871719002, 42.47089110274711, 0.0 ], [ -79.375929196707588, 42.470892141149463, 0.0 ], [ -79.375819876796641, 42.470923030224398, 0.0 ], [ -79.375703628512895, 42.470955876685956, 0.0 ], [ -79.375694385043133, 42.47095848846142, 0.0 ], [ -79.375494611073165, 42.471031742429879, 0.0 ], [ -79.375487640301998, 42.471035402143244, 0.0 ], [ -79.375325976940161, 42.471120276504443, 0.0 ], [ -79.375294218700105, 42.471141791747577, 0.0 ], [ -79.375137901091506, 42.471247691831756, 0.0 ], [ -79.375121250581429, 42.471258971244062, 0.0 ], [ -79.37511458291263, 42.471259465437164, 0.0 ], [ -79.375013325604584, 42.471266970348026, 0.0 ], [ -79.374993247419951, 42.471268346922251, 0.0 ], [ -79.374902863371418, 42.471274543035577, 0.0 ], [ -79.374882493715333, 42.471289610131599, 0.0 ], [ -79.374711928778638, 42.471415773746671, 0.0 ], [ -79.374563048198183, 42.471525897236546, 0.0 ], [ -79.374541363044699, 42.471541937028263, 0.0 ], [ -79.374370795866298, 42.471668099500249, 0.0 ], [ -79.374311805298461, 42.471711732546012, 0.0 ], [ -79.374296074193012, 42.471723230562915, 0.0 ], [ -79.37419956449061, 42.471793770751148, 0.0 ], [ -79.374027981736489, 42.471919182251362, 0.0 ], [ -79.373856398320157, 42.472044593514674, 0.0 ], [ -79.373684814202861, 42.472170004512002, 0.0 ], [ -79.373513229322597, 42.472295415197031, 0.0 ], [ -79.373447234747019, 42.472343649839864, 0.0 ], [ -79.373341643848363, 42.472420825696261, 0.0 ], [ -79.373170057515537, 42.472546235811457, 0.0 ], [ -79.373135876071743, 42.472571218368998, 0.0 ] ] } },
{ "type": "Feature", "properties": { "CalShoreTy": 2, "CalLandcov": 3, "CalSlope": 2, "CalSedi": 2, "CalRetreat": 2 }, "geometry": { "type": "LineString", "coordinates": [ [ -79.377803683724366, 42.46956942317918, 0.0 ], [ -79.377798116936859, 42.469574639237287, 0.0 ] ] } },
{ "type": "Feature", "properties": { "CalShoreTy": 2, "CalLandcov": 1, "CalSlope": 2, "CalSedi": 2, "CalRetreat": 2 }, "geometry": { "type": "LineString", "coordinates": [ [ -79.373135876085811, 42.472571218379571, 0.0 ], [ -79.372998471080024, 42.472671646109191, 0.0 ], [ -79.37285883306356, 42.472773705422227, 0.0 ], [ -79.372830679342073, 42.472799577451852, 0.0 ], [ -79.372679474386928, 42.472938527656382, 0.0 ], [ -79.372528268762565, 42.473077477663374, 0.0 ], [ -79.372377062467649, 42.473216427472288, 0.0 ], [ -79.372225855501782, 42.473355377082598, 0.0 ], [ -79.372183607398583, 42.473394200263506, 0.0 ], [ -79.372074647866725, 42.473494326495569, 0.0 ], [ -79.371923439561826, 42.473633275710654, 0.0 ], [ -79.371772794706033, 42.473771706351606, 0.0 ] ] } },
{ "type": "Feature", "properties": { "CalShoreTy": 2, "CalLandcov": 2, "CalSlope": 2, "CalSedi": 2, "CalRetreat": 2 }, "geometry": { "type": "LineString", "coordinates": [ [ -79.518237686943209, 42.378451380126279, 0.0 ], [ -79.518178995679662, 42.378466072446074, 0.0 ], [ -79.518137305140911, 42.378505666805729, 0.0 ], [ -79.517989220253668, 42.378646305533131, 0.0 ], [ -79.517841134704753, 42.378786944070903, 0.0 ], [ -79.51781977065157, 42.378807233687574, 0.0 ], [ -79.517644917558073, 42.378888246989639, 0.0 ], [ -79.517621163880776, 42.378899252555662, 0.0 ], [ -79.517460775877069, 42.378973565127836, 0.0 ], [ -79.517442730879736, 42.378985064711699, 0.0 ], [ -79.517260101290233, 42.379101449156195, 0.0 ], [ -79.517077471026013, 42.379217833312822, 0.0 ], [ -79.51689484008574, 42.37933421718045, 0.0 ], [ -79.516712208468917, 42.379450600758567, 0.0 ], [ -79.516529576175188, 42.37956698404691, 0.0 ], [ -79.51634983697015, 42.379681522995604, 0.0 ], [ -79.516347536061389, 42.379683777107104, 0.0 ], [ -79.516226311937913, 42.379802535352447, 0.0 ], [ -79.516202319084229, 42.379826039881806, 0.0 ], [ -79.516057100769657, 42.379968302094703, 0.0 ], [ -79.515996899841994, 42.380027277313594, 0.0 ], [ -79.515893112165585, 42.380098008951407, 0.0 ], [ -79.515870826257199, 42.380113196836113, 0.0 ], [ -79.515706101745337, 42.380210458420343, 0.0 ], [ -79.515697941958535, 42.38021527635135, 0.0 ], [ -79.515532615936323, 42.380289758735692, 0.0 ], [ -79.515524903048558, 42.380293233544343, 0.0 ], [ -79.515499363938602, 42.380301845407551, 0.0 ], [ -79.515279941799989, 42.380375834862107, 0.0 ], [ -79.515257886107761, 42.380383272038983, 0.0 ], [ -79.515220348556937, 42.38036055221761, 0.0 ], [ -79.515110087378417, 42.38029381673423, 0.0 ], [ -79.515085623471521, 42.380300059384766, 0.0 ], [ -79.51497756727295, 42.380327632866475, 0.0 ], [ -79.514933520340747, 42.380415529215107, 0.0 ], [ -79.514905430681949, 42.38047158243419, 0.0 ], [ -79.514904495303057, 42.380473447336989, 0.0 ], [ -79.514816946976552, 42.380570245899243, 0.0 ], [ -79.514682952608098, 42.380718397222935, 0.0 ], [ -79.514676172844801, 42.380725893267204, 0.0 ], [ -79.514649911712013, 42.38074624613639, 0.0 ], [ -79.514531932593002, 42.38080123102128, 0.0 ], [ -79.514484802652674, 42.380816453409786, 0.0 ], [ -79.514434710858424, 42.380832632409614, 0.0 ], [ -79.514398883405903, 42.380844204947579, 0.0 ], [ -79.514256543956776, 42.380872577753024, 0.0 ], [ -79.514202892838895, 42.380883272083622, 0.0 ], [ -79.514054303891214, 42.380888446101878, 0.0 ], [ -79.514017463982654, 42.380889728725897, 0.0 ], [ -79.513776526477088, 42.380898116946483, 0.0 ], [ -79.513707779485685, 42.380900510273776, 0.0 ], [ -79.513546799246825, 42.380943503718335, 0.0 ], [ -79.513545753815222, 42.380943943073113, 0.0 ], [ -79.513377750770317, 42.381014547960241, 0.0 ], [ -79.513341978687961, 42.381038095796782, 0.0 ], [ -79.513161901473978, 42.381156635528505, 0.0 ], [ -79.5129818235811, 42.381275174979329, 0.0 ], [ -79.51289940809427, 42.381329426183783, 0.0 ], [ -79.512894993652381, 42.381332332063032, 0.0 ], [ -79.512801745190927, 42.381393714299989, 0.0 ], [ -79.5126216662769, 42.381512253468344, 0.0 ] ] } },
{ "type": "Feature", "properties": { "CalShoreTy": 2, "CalLandcov": 2, "CalSlope": 3, "CalSedi": 2, "CalRetreat": 2 }, "geometry": { "type": "LineString", "coordinates": [ [ -79.522305162346555, 42.376392749055981, 0.0 ], [ -79.522234153993438, 42.376438062049523, 0.0 ], [ -79.522108456648297, 42.376494870661112, 0.0 ], [ -79.521902716854157, 42.37658785374564, 0.0 ], [ -79.521887177645098, 42.376594876587447, 0.0 ], [ -79.521703521541212, 42.376664240427687, 0.0 ], [ -79.521688647682041, 42.376669858167261, 0.0 ], [ -79.521684568246641, 42.376671398936317, 0.0 ], [ -79.521473896961794, 42.37675096449442, 0.0 ], [ -79.521424832635773, 42.376769494843849, 0.0 ], [ -79.521318783031106, 42.376836530451975, 0.0 ], [ -79.52129550335944, 42.376866274929405, 0.0 ], [ -79.521240634272345, 42.376936381125041, 0.0 ], [ -79.521174779738516, 42.377020522607104, 0.0 ], [ -79.521172587542765, 42.377023323541394, 0.0 ], [ -79.521161524988202, 42.377029868392789, 0.0 ], [ -79.521043152040079, 42.3770999033365, 0.0 ], [ -79.520990080317361, 42.377134721399301, 0.0 ], [ -79.520877430638834, 42.377208625771594, 0.0 ], [ -79.520788242137129, 42.377197154951126, 0.0 ], [ -79.520721112952003, 42.377188521200708, 0.0 ], [ -79.520708650372299, 42.377186918849652, 0.0 ], [ -79.520679771791023, 42.377203808577576, 0.0 ], [ -79.520582891046459, 42.377260470473679, 0.0 ], [ -79.520506741963786, 42.377305007071719, 0.0 ], [ -79.520367965587255, 42.377333579221791, 0.0 ], [ -79.520279679022053, 42.377351756111139, 0.0 ], [ -79.520273899878703, 42.377352945813684, 0.0 ], [ -79.52027298765222, 42.377354230783588, 0.0 ], [ -79.520207232140308, 42.377446851691317, 0.0 ], [ -79.520197791237834, 42.377460149788682, 0.0 ], [ -79.51998843768682, 42.37745945127957, 0.0 ], [ -79.519978426893786, 42.377459417832924, 0.0 ], [ -79.519977290480696, 42.377460139071175, 0.0 ], [ -79.519964325225871, 42.377468367612025, 0.0 ], [ -79.519836477716098, 42.377549502951219, 0.0 ], [ -79.519800416802198, 42.377580718670224, 0.0 ], [ -79.519667681648144, 42.377695618974727, 0.0 ], [ -79.519632150341266, 42.3777024482768, 0.0 ], [ -79.519398729103372, 42.377747312738421, 0.0 ], [ -79.519363914843893, 42.377754004126338, 0.0 ], [ -79.519266961928167, 42.377887618454473, 0.0 ], [ -79.519234847016349, 42.377931877034612, 0.0 ], [ -79.519074577374468, 42.37798041632135, 0.0 ], [ -79.518982035565955, 42.37800844340974, 0.0 ], [ -79.518877200206489, 42.378078291487483, 0.0 ], [ -79.518698093127199, 42.378197623594801, 0.0 ], [ -79.518641940592858, 42.378235035701167, 0.0 ], [ -79.518535353129963, 42.378328636281751, 0.0 ], [ -79.518458534228643, 42.378396095141412, 0.0 ], [ -79.518343119216638, 42.378424987195103, 0.0 ], [ -79.518237686943067, 42.378451380125966, 0.0 ] ] } },
{ "type": "Feature", "properties": { "CalShoreTy": 1, "CalLandcov": 1, "CalSlope": 2, "CalSedi": 2, "CalRetreat": 2 }, "geometry": { "type": "LineString", "coordinates": [ [ -79.427460477692918, 42.429249371807892, 0.0 ], [ -79.427414619305253, 42.429333095869822, 0.0 ], [ -79.427324142061224, 42.429498280269847, 0.0 ], [ -79.427308277500813, 42.429527244110261, 0.0 ], [ -79.427306839027338, 42.429528938739857, 0.0 ], [ -79.427202586264713, 42.429651756020071, 0.0 ], [ -79.427074421884413, 42.429802742094616, 0.0 ], [ -79.426994534638411, 42.429896854142477, 0.0 ] ] } },
{ "type": "Feature", "properties": { "CalShoreTy": 3, "CalLandcov": 1, "CalSlope": 2, "CalSedi": 2, "CalRetreat": 2 }, "geometry": { "type": "LineString", "coordinates": [ [ -79.427818444981767, 42.42868930829087, 0.0 ], [ -79.427785968100935, 42.428709556568364, 0.0 ], [ -79.427702566731085, 42.428842819334307, 0.0 ], [ -79.427624697787451, 42.428967241542473, 0.0 ], [ -79.427601337002187, 42.429004568453252, 0.0 ], [ -79.427547073219884, 42.429091273090279, 0.0 ], [ -79.42750509611497, 42.429167911411568, 0.0 ], [ -79.427460477692776, 42.429249371807849, 0.0 ] ] } },
{ "type": "Feature", "properties": { "CalShoreTy": 1, "CalLandcov": 1, "CalSlope": 2, "CalSedi": 2, "CalRetreat": 2 }, "geometry": { "type": "LineString", "coordinates": [ [ -79.426994534637387, 42.429896854142008, 0.0 ], [ -79.426946256706657, 42.429953727942589, 0.0 ], [ -79.42690850819217, 42.429998197481837, 0.0 ], [ -79.426908122525006, 42.429998651815644, 0.0 ], [ -79.426818755601516, 42.430105019460179, 0.0 ], [ -79.426691535593406, 42.430256440448602, 0.0 ], [ -79.426611751509498, 42.430351401335749, 0.0 ] ] } },
{ "type": "Feature", "properties": { "CalShoreTy": 1, "CalLandcov": 1, "CalSlope": 2, "CalSedi": 2, "CalRetreat": 2 }, "geometry": { "type": "LineString", "coordinates": [ [ -79.424779398015573, 42.433377215403219, 0.0 ], [ -79.424695406428143, 42.433477351415803, 0.0 ], [ -79.424591690579661, 42.433601002459248, 0.0 ] ] } },
{ "type": "Feature", "properties": { "CalShoreTy": 3, "CalLandcov": 1, "CalSlope": 2, "CalSedi": 2, "CalRetreat": 2 }, "geometry": { "type": "LineString", "coordinates": [ [ -79.426611751510038, 42.430351401336011, 0.0 ], [ -79.426564315091085, 42.430407861352023, 0.0 ], [ -79.426540857325378, 42.430435781328164, 0.0 ], [ -79.426466870639999, 42.430523841802419, 0.0 ] ] } },
{ "type": "Feature", "properties": { "CalShoreTy": 3, "CalLandcov": 1, "CalSlope": 2, "CalSedi": 2, "CalRetreat": 2 }, "geometry": { "type": "LineString", "coordinates": [ [ -79.426466870639999, 42.430523841802419, 0.0 ], [ -79.42643709415276, 42.430559282197024, 0.0 ], [ -79.426309872351212, 42.430710702786776, 0.0 ], [ -79.42623915925968, 42.430794865884913, 0.0 ] ] } },
{ "type": "Feature", "properties": { "CalShoreTy": 1, "CalLandcov": 1, "CalSlope": 2, "CalSedi": 2, "CalRetreat": 2 }, "geometry": { "type": "LineString", "coordinates": [ [ -79.426239159258756, 42.430794865884479, 0.0 ], [ -79.426182649814749, 42.430862123180468, 0.0 ], [ -79.426170351768405, 42.430876760239236, 0.0 ], [ -79.426169908570628, 42.43087728773034, 0.0 ], [ -79.426063463506225, 42.431017047886087, 0.0 ], [ -79.42594517111921, 42.43117236251873, 0.0 ], [ -79.425875844045649, 42.43126338658287, 0.0 ] ] } },
{ "type": "Feature", "properties": { "CalShoreTy": 3, "CalLandcov": 1, "CalSlope": 2, "CalSedi": 2, "CalRetreat": 2 }, "geometry": { "type": "LineString", "coordinates": [ [ -79.425875844046629, 42.431263386583282, 0.0 ], [ -79.425826878360766, 42.431327677119562, 0.0 ], [ -79.425810517197846, 42.431349158820332, 0.0 ], [ -79.425810502643898, 42.431349186208394, 0.0 ], [ -79.42580914792363, 42.431351735562565, 0.0 ], [ -79.42573455808126, 42.43149208628342, 0.0 ], [ -79.425646406160098, 42.43165795512779, 0.0 ], [ -79.425568315364174, 42.431804891961953, 0.0 ], [ -79.425565538660365, 42.431810116634608, 0.0 ], [ -79.425559712606855, 42.431824198849483, 0.0 ], [ -79.425489212595295, 42.431994604626631, 0.0 ], [ -79.425418712203737, 42.432165010361345, 0.0 ], [ -79.425379657848865, 42.432259407803201, 0.0 ], [ -79.425379516744954, 42.432259743796109, 0.0 ], [ -79.425365403177878, 42.432293350631745, 0.0 ] ] } },
{ "type": "Feature", "properties": { "CalShoreTy": 1, "CalLandcov": 1, "CalSlope": 2, "CalSedi": 2, "CalRetreat": 2 }, "geometry": { "type": "LineString", "coordinates": [ [ -79.425365403177878, 42.432293350631745, 0.0 ], [ -79.42534777842954, 42.43233531772912, 0.0 ], [ -79.425276306194363, 42.432505502867777, 0.0 ], [ -79.425204833622544, 42.432675687974012, 0.0 ], [ -79.425170786093744, 42.432756759066315, 0.0 ], [ -79.425168562073807, 42.43276205470422, 0.0 ], [ -79.425131258494517, 42.43284537627278, 0.0 ], [ -79.425112475541553, 42.432887329934502, 0.0 ], [ -79.425055009743161, 42.433014428361375, 0.0 ], [ -79.425053606006998, 42.433017533028732, 0.0 ], [ -79.424979606060006, 42.433138522930214, 0.0 ], [ -79.424949543050047, 42.433174364856413, 0.0 ], [ -79.424822475039718, 42.433325858203276, 0.0 ], [ -79.424779398015318, 42.433377215403091, 0.0 ] ] } },
{ "type": "Feature", "properties": { "CalShoreTy": 2, "CalLandcov": 1, "CalSlope": 2, "CalSedi": 2, "CalRetreat": 2 }, "geometry": { "type": "LineString", "coordinates": [ [ -79.424591690579817, 42.433601002459312, 0.0 ], [ -79.424568337216854, 42.433628844494727, 0.0 ], [ -79.424441267417137, 42.433780337445206, 0.0 ], [ -79.424432626496127, 42.433790639139488, 0.0 ], [ -79.42443203821864, 42.433791436327411, 0.0 ], [ -79.424378304113887, 42.433864252511036, 0.0 ], [ -79.424325011600871, 42.433936469731826, 0.0 ], [ -79.424209544182673, 42.43409294037555, 0.0 ], [ -79.42420471088866, 42.434099489985599, 0.0 ], [ -79.424202790667593, 42.434102092080209, 0.0 ], [ -79.424160462673399, 42.43426690974735, 0.0 ], [ -79.424129187143251, 42.434388690527015, 0.0 ], [ -79.424114354412254, 42.434441798171974, 0.0 ], [ -79.424111650335547, 42.434451479933614, 0.0 ], [ -79.424088133398698, 42.434535685977991, 0.0 ], [ -79.424053129967774, 42.434613838528364, 0.0 ], [ -79.423977360711859, 42.434783008690928, 0.0 ], [ -79.4239015910495, 42.434952178804281, 0.0 ], [ -79.423860298219438, 42.435044372457469, 0.0 ], [ -79.42383690503172, 42.435123585863508, 0.0 ], [ -79.423785493923504, 42.435297672113336, 0.0 ], [ -79.423734082532704, 42.435471758340668, 0.0 ], [ -79.423702308358799, 42.435579349684275, 0.0 ], [ -79.423686345277005, 42.435646378179612, 0.0 ], [ -79.423677984788654, 42.435681483556394, 0.0 ], [ -79.423644553132334, 42.435821861443266, 0.0 ], [ -79.423628675693351, 42.43588852981005, 0.0 ] ] } },
{ "type": "Feature", "properties": { "CalShoreTy": 2, "CalLandcov": 1, "CalSlope": 2, "CalSedi": 2, "CalRetreat": 2 }, "geometry": { "type": "LineString", "coordinates": [ [ -79.423628675693337, 42.43588852981005, 0.0 ], [ -79.423616410160434, 42.435940031883725, 0.0 ], [ -79.423614029179788, 42.435950029437286, 0.0 ], [ -79.423598115545232, 42.435996612236146, 0.0 ], [ -79.423539094706669, 42.436169378925676, 0.0 ], [ -79.423480073545846, 42.436342145585442, 0.0 ], [ -79.423450557814022, 42.436428543625446, 0.0 ], [ -79.423409512295564, 42.436497553396272, 0.0 ], [ -79.423402048061973, 42.436510103318504, 0.0 ], [ -79.423349605127029, 42.436598276036129, 0.0 ], [ -79.423332500805216, 42.436650050744447, 0.0 ], [ -79.42332654906798, 42.436668067667036, 0.0 ] ] } },
{ "type": "Feature", "properties": { "CalShoreTy": 3, "CalLandcov": 2, "CalSlope": 2, "CalSedi": 2, "CalRetreat": 2 }, "geometry": { "type": "LineString", "coordinates": [ [ -79.423238267081416, 42.436778147984036, 0.0 ], [ -79.423192333699348, 42.436826140047025, 0.0 ], [ -79.423152682532901, 42.436867568257817, 0.0 ], [ -79.423126971832232, 42.436901420994495, 0.0 ], [ -79.423079019978601, 42.436982694372674, 0.0 ], [ -79.423070888618398, 42.436996476153737, 0.0 ], [ -79.423069831689361, 42.437040477229196, 0.0 ], [ -79.423066968591712, 42.437159592159986, 0.0 ] ] } },
{ "type": "Feature", "properties": { "CalShoreTy": 3, "CalLandcov": 1, "CalSlope": 2, "CalSedi": 2, "CalRetreat": 2 }, "geometry": { "type": "LineString", "coordinates": [ [ -79.423326549068008, 42.436668067667043, 0.0 ], [ -79.423323325688557, 42.436677825643976, 0.0 ], [ -79.423320410279587, 42.436686651312741, 0.0 ], [ -79.423317548254502, 42.436695314123689, 0.0 ], [ -79.423238267081416, 42.436778147984036, 0.0 ] ] } },
{ "type": "Feature", "properties": { "CalShoreTy": 3, "CalLandcov": 1, "CalSlope": 2, "CalSedi": 2, "CalRetreat": 3 }, "geometry": { "type": "LineString", "coordinates": [ [ -79.428163804487482, 42.428473986512891, 0.0 ], [ -79.428002852154933, 42.428574336002953, 0.0 ], [ -79.427818444982265, 42.428689308291311, 0.0 ] ] } },
{ "type": "Feature", "properties": { "CalShoreTy": 2, "CalLandcov": 2, "CalSlope": 2, "CalSedi": 2, "CalRetreat": 3 }, "geometry": { "type": "LineString", "coordinates": [ [ -79.512621666276999, 42.381512253468415, 0.0 ], [ -79.512580109753955, 42.381539608459313, 0.0 ], [ -79.512441586579058, 42.381630792268233, 0.0 ], [ -79.512261506227233, 42.381749330807885, 0.0 ], [ -79.512198334672178, 42.381790913546467, 0.0 ], [ -79.512192839613874, 42.381794530668344, 0.0 ], [ -79.512056280571272, 42.381838987286571, 0.0 ], [ -79.512023857063667, 42.381849542683121, 0.0 ], [ -79.511852258360875, 42.381866882228906, 0.0 ], [ -79.511819979840027, 42.381870143432117, 0.0 ], [ -79.511627790657627, 42.381889560726002, 0.0 ], [ -79.511581854627607, 42.381897671721454, 0.0 ], [ -79.511497797505228, 42.381912513761712, 0.0 ], [ -79.511479889294534, 42.381958079363358, 0.0 ], [ -79.511454644343772, 42.382022314168864, 0.0 ], [ -79.511449948611627, 42.382034262261719, 0.0 ], [ -79.511331760497015, 42.382080191308603, 0.0 ], [ -79.511253781048083, 42.382114581212846, 0.0 ], [ -79.511180152071987, 42.382147052419974, 0.0 ], [ -79.511146661825606, 42.382161822666774, 0.0 ], [ -79.5111466741036, 42.382167934646972, 0.0 ], [ -79.511146836003817, 42.382247840780046, 0.0 ], [ -79.511146919788644, 42.382289192930848, 0.0 ], [ -79.511020162646432, 42.382388959090022, 0.0 ], [ -79.511013095231846, 42.382394521592971, 0.0 ], [ -79.510816751628127, 42.382470464439578, 0.0 ], [ -79.5108100425185, 42.382475169078916, 0.0 ], [ -79.510635105532131, 42.382597840002632, 0.0 ], [ -79.510563959458437, 42.382647729493513, 0.0 ], [ -79.510562430585622, 42.382648237680357, 0.0 ], [ -79.510433451969746, 42.382691109185359, 0.0 ], [ -79.510316287663358, 42.382730053529073, 0.0 ] ] } },
{ "type": "Feature", "properties": { "CalShoreTy": 2, "CalLandcov": 2, "CalSlope": 2, "CalSedi": 2, "CalRetreat": 3 }, "geometry": { "type": "LineString", "coordinates": [ [ -79.509089140210818, 42.383239830929888, 0.0 ], [ -79.508995416083721, 42.383293526466822, 0.0 ], [ -79.508974505907986, 42.383302897774932, 0.0 ], [ -79.508768281851772, 42.383395320796495, 0.0 ], [ -79.508562057189138, 42.383487743449358, 0.0 ], [ -79.508355831919616, 42.383580165732951, 0.0 ], [ -79.508162848463542, 42.383666652959796, 0.0 ], [ -79.508152627745559, 42.383675249634969, 0.0 ], [ -79.507993458644719, 42.383809126786211, 0.0 ], [ -79.507930583571166, 42.383862010800186, 0.0 ], [ -79.507818520444047, 42.383931056506064, 0.0 ], [ -79.507784616283672, 42.383951945899923, 0.0 ], [ -79.507657002863496, 42.384062865127412, 0.0 ], [ -79.507639653665905, 42.384077944687306, 0.0 ], [ -79.507495593667443, 42.38419525919101, 0.0 ], [ -79.507333533510732, 42.384327231291827, 0.0 ], [ -79.507171472673463, 42.384459203164859, 0.0 ], [ -79.507147812455457, 42.384478470450915, 0.0 ], [ -79.506997317615486, 42.384582374821299, 0.0 ], [ -79.506821094303817, 42.38470404189502, 0.0 ], [ -79.506644870584154, 42.384825708553208, 0.0 ], [ -79.506582862753177, 42.384868519212013, 0.0 ], [ -79.50645400094632, 42.38493391053877, 0.0 ], [ -79.50625517987379, 42.385034802363286, 0.0 ], [ -79.506119860618611, 42.385103469785172, 0.0 ], [ -79.506062326754844, 42.3851413184641, 0.0 ], [ -79.505882191640964, 42.385259819949432, 0.0 ], [ -79.505850715275926, 42.385280526530636, 0.0 ], [ -79.505687892202559, 42.385365124835744, 0.0 ], [ -79.505517711671658, 42.385453545378802, 0.0 ], [ -79.505491435426961, 42.385468480576129, 0.0 ], [ -79.505300263502747, 42.385577140696022, 0.0 ], [ -79.505109090918282, 42.385685800499864, 0.0 ], [ -79.504917917672628, 42.385794459986684, 0.0 ], [ -79.504726743765531, 42.385903119156083, 0.0 ], [ -79.50453556919652, 42.386011778007969, 0.0 ], [ -79.504521415705455, 42.386019822470345, 0.0 ], [ -79.504346081399802, 42.38612203581917, 0.0 ], [ -79.504214339924147, 42.386198835781457, 0.0 ], [ -79.504158636719652, 42.386234134297013, 0.0 ], [ -79.503975556381889, 42.386350149856256, 0.0 ], [ -79.503905140557805, 42.386394771194055, 0.0 ], [ -79.503892416808682, 42.386402834434342, 0.0 ], [ -79.503794139923329, 42.386467570661566, 0.0 ], [ -79.503614107046431, 42.386586160031015, 0.0 ], [ -79.503434073490311, 42.386704749119595, 0.0 ], [ -79.503254039254301, 42.386823337926685, 0.0 ], [ -79.503248414864672, 42.386827042707417, 0.0 ], [ -79.503100942676156, 42.386960940745936, 0.0 ], [ -79.502948714139151, 42.387099156537971, 0.0 ], [ -79.502813534975871, 42.387221891684021, 0.0 ], [ -79.502789916449686, 42.387231582610589, 0.0 ], [ -79.502579040619437, 42.387318106799206, 0.0 ], [ -79.502368164208107, 42.387404630601594, 0.0 ], [ -79.502364007834757, 42.387406335978341, 0.0 ], [ -79.502151382884122, 42.387482777967037, 0.0 ], [ -79.502125915881535, 42.387491933712276, 0.0 ], [ -79.5019203597775, 42.387532897563887, 0.0 ], [ -79.50179496679668, 42.387557886054239, 0.0 ], [ -79.501700315175, 42.387601210607457, 0.0 ], [ -79.501495266485108, 42.387695066348783, 0.0 ], [ -79.501290217182174, 42.38778892172499, 0.0 ], [ -79.501282256968523, 42.387792565268207, 0.0 ], [ -79.501117222820625, 42.38785559978075, 0.0 ], [ -79.501078326292514, 42.387873836935633, 0.0 ], [ -79.500925194712252, 42.387945635844368, 0.0 ], [ -79.500922078842109, 42.387947695918911, 0.0 ], [ -79.50088059790869, 42.387975117316358, 0.0 ], [ -79.500749403983107, 42.388061844598774, 0.0 ], [ -79.500748245488708, 42.388062610432407, 0.0 ], [ -79.500699103138913, 42.388092441819914, 0.0 ], [ -79.500512737662532, 42.388205572726882, 0.0 ], [ -79.5003263715152, 42.388318703332686, 0.0 ], [ -79.500281016081772, 42.388346235518938, 0.0 ], [ -79.50019800412818, 42.388393647975839, 0.0 ], [ -79.500136626904364, 42.388428704572682, 0.0 ], [ -79.500094878898977, 42.388452549580499, 0.0 ], [ -79.49999470832978, 42.388570453215031, 0.0 ], [ -79.499866486130898, 42.388721373652615, 0.0 ], [ -79.499739784208543, 42.388870503837765, 0.0 ], [ -79.499737813217777, 42.388872035869028, 0.0 ], [ -79.499571642893017, 42.389001197912762, 0.0 ], [ -79.499507363673771, 42.389051161110814, 0.0 ], [ -79.499501293153997, 42.389056216142812, 0.0 ], [ -79.499409214023629, 42.389132897123481, 0.0 ], [ -79.499389760618371, 42.389149097352664, 0.0 ], [ -79.499219437882942, 42.389193909888938, 0.0 ], [ -79.499192707968035, 42.389182434966273, 0.0 ], [ -79.499192539575773, 42.389182362680664, 0.0 ], [ -79.499066930146824, 42.389128441891891, 0.0 ], [ -79.498995974782702, 42.389176148721475, 0.0 ], [ -79.498817583144188, 42.389296089801256, 0.0 ], [ -79.498798813539892, 42.389308709444421, 0.0 ], [ -79.498739460004387, 42.389348617046402, 0.0 ], [ -79.498676163025834, 42.389361614903294, 0.0 ], [ -79.498608824422433, 42.389375443673998, 0.0 ], [ -79.498502510958573, 42.389397276294019, 0.0 ], [ -79.498388805407927, 42.389445161857161, 0.0 ], [ -79.498327817117854, 42.389470846177531, 0.0 ], [ -79.498196943208981, 42.38955217018534, 0.0 ], [ -79.498189294579632, 42.389556922970776, 0.0 ], [ -79.498166516941794, 42.389567791313333, 0.0 ], [ -79.497995060354384, 42.389649602910531, 0.0 ], [ -79.497898876348216, 42.389695497465098, 0.0 ], [ -79.497897628698311, 42.389696178795639, 0.0 ], [ -79.497814163188949, 42.389741758505487, 0.0 ], [ -79.497796976626873, 42.389751143803544, 0.0 ], [ -79.497747803660843, 42.389777996494338, 0.0 ], [ -79.497746798772539, 42.389778545248838, 0.0 ], [ -79.497597295288244, 42.389851026323178, 0.0 ], [ -79.497532044193292, 42.389882660718733, 0.0 ], [ -79.49740302072685, 42.38995645467643, 0.0 ], [ -79.497336130339562, 42.389994711981451, 0.0 ], [ -79.497233577574946, 42.390068824953907, 0.0 ], [ -79.497224172372796, 42.390075621802382, 0.0 ], [ -79.497206093830968, 42.390088686595867, 0.0 ], [ -79.497085305722734, 42.390220895989849, 0.0 ], [ -79.497079091892076, 42.390227697353225, 0.0 ] ] } },
{ "type": "Feature", "properties": { "CalShoreTy": 2, "CalLandcov": 2, "CalSlope": 2, "CalSedi": 2, "CalRetreat": 3 }, "geometry": { "type": "LineString", "coordinates": [ [ -79.509828401043862, 42.382881977820098, 0.0 ], [ -79.50977270522786, 42.38290554671245, 0.0 ], [ -79.509759099066571, 42.382911304447831, 0.0 ], [ -79.509643905142312, 42.382960051090727, 0.0 ], [ -79.5096282027569, 42.382966695825168, 0.0 ], [ -79.509563405748665, 42.382994115756077, 0.0 ], [ -79.509440194693369, 42.383046254394444, 0.0 ] ] } },
{ "type": "Feature", "properties": { "CalShoreTy": 2, "CalLandcov": 3, "CalSlope": 2, "CalSedi": 2, "CalRetreat": 3 }, "geometry": { "type": "LineString", "coordinates": [ [ -79.510316287662988, 42.382730053528448, 0.0 ], [ -79.510213484684883, 42.382764223793423, 0.0 ], [ -79.510206871569494, 42.382766421895589, 0.0 ], [ -79.510206183893487, 42.382766650468945, 0.0 ], [ -79.510098147848481, 42.382794574057847, 0.0 ], [ -79.509986063830311, 42.38282354325716, 0.0 ], [ -79.509935770582047, 42.382836541988631, 0.0 ], [ -79.509828401043862, 42.382881977820091, 0.0 ] ] } },
{ "type": "Feature", "properties": { "CalShoreTy": 2, "CalLandcov": 3, "CalSlope": 2, "CalSedi": 2, "CalRetreat": 3 }, "geometry": { "type": "LineString", "coordinates": [ [ -79.50944019469371, 42.383046254394884, 0.0 ], [ -79.509389814358926, 42.383067573983091, 0.0 ], [ -79.509357295742689, 42.383086203989954, 0.0 ], [ -79.509186525793055, 42.383184038238007, 0.0 ], [ -79.50916669246601, 42.383195400866676, 0.0 ], [ -79.509089140210463, 42.38323983092954, 0.0 ] ] } },
{ "type": "Feature", "properties": { "CalShoreTy": 1, "CalLandcov": 1, "CalSlope": 2, "CalSedi": 2, "CalRetreat": 3 }, "geometry": { "type": "LineString", "coordinates": [ [ -79.497079091895856, 42.39022769735513, 0.0 ], [ -79.496952090474196, 42.39036670700267, 0.0 ], [ -79.49695032692334, 42.390368568859159, 0.0 ], [ -79.496825156924302, 42.390500715784071, 0.0 ], [ -79.496813567307882, 42.390515287398564, 0.0 ], [ -79.49669137794865, 42.390668915478756, 0.0 ], [ -79.496642860010198, 42.39072991659927, 0.0 ], [ -79.496540488544184, 42.390806230352659, 0.0 ], [ -79.496523053620109, 42.390819227348963, 0.0 ], [ -79.496386438599274, 42.390943244622299, 0.0 ], [ -79.496373609484763, 42.390954890579209, 0.0 ], [ -79.496294003347799, 42.391027156138144, 0.0 ], [ -79.496241838817113, 42.391074510909867, 0.0 ], [ -79.496233620059982, 42.391081089341711, 0.0 ], [ -79.496201855592403, 42.391106514133924, 0.0 ], [ -79.49618169843805, 42.391116120387849, 0.0 ], [ -79.496146507319111, 42.391132891332141, 0.0 ], [ -79.496140298423825, 42.391135850284229, 0.0 ], [ -79.496136787867613, 42.391137523297779, 0.0 ], [ -79.496056863010935, 42.391159572185856, 0.0 ], [ -79.496048967145271, 42.391157959610567, 0.0 ], [ -79.4960486980697, 42.39115790467401, 0.0 ], [ -79.49602636000624, 42.391153343959637, 0.0 ], [ -79.49600629645461, 42.391149247630359, 0.0 ], [ -79.496002880205381, 42.391148549909651, 0.0 ], [ -79.496001334814508, 42.391138918671096, 0.0 ], [ -79.49599584120989, 42.391104526294285, 0.0 ], [ -79.495906557304693, 42.391091115116886, 0.0 ], [ -79.495886664424233, 42.391044833764873, 0.0 ], [ -79.495883266107697, 42.391036927477586, 0.0 ], [ -79.495809786139006, 42.391018188540919, 0.0 ], [ -79.495809020517299, 42.39101818534008, 0.0 ], [ -79.495699349728412, 42.391017726787027, 0.0 ], [ -79.495661977549091, 42.391017570226992, 0.0 ], [ -79.495661718140255, 42.391017569140239, 0.0 ], [ -79.495658053486963, 42.391019092089472, 0.0 ], [ -79.495544844474253, 42.391066139141891, 0.0 ], [ -79.495543314775801, 42.391066775058285, 0.0 ], [ -79.495486261721354, 42.391093948801029, 0.0 ] ] } },
{ "type": "Feature", "properties": { "CalShoreTy": 2, "CalLandcov": 1, "CalSlope": 2, "CalSedi": 2, "CalRetreat": 3 }, "geometry": { "type": "LineString", "coordinates": [ [ -79.445634877687809, 42.416641435685072, 0.0 ], [ -79.445595413854136, 42.416687264730101, 0.0 ], [ -79.445465935560179, 42.416837626263387, 0.0 ], [ -79.445336456699621, 42.416987987676691, 0.0 ], [ -79.445326812569206, 42.416999187194598, 0.0 ], [ -79.445323138813521, 42.417003453443762, 0.0 ], [ -79.445183714196673, 42.417125749261167, 0.0 ], [ -79.445164490818982, 42.417142610928323, 0.0 ], [ -79.445044646819781, 42.417247730109025, 0.0 ], [ -79.445028351949546, 42.417262095855101, 0.0 ], [ -79.444873403916688, 42.417398699380634, 0.0 ], [ -79.444820897284686, 42.417444989498435, 0.0 ], [ -79.444801362140964, 42.417478988928757, 0.0 ], [ -79.444774918923684, 42.417525014996293, 0.0 ], [ -79.444754331700196, 42.417551884308239, 0.0 ], [ -79.444712845138525, 42.417606030202627, 0.0 ], [ -79.444593185773002, 42.417681159072906, 0.0 ], [ -79.444453416148903, 42.417768913906386, 0.0 ], [ -79.444421922086633, 42.417804751188257, 0.0 ], [ -79.444290564771208, 42.417954222926518, 0.0 ], [ -79.444242866163009, 42.418008499049186, 0.0 ], [ -79.444131583557521, 42.418086776584332, 0.0 ], [ -79.444096837307754, 42.418111217454872, 0.0 ], [ -79.444050937511435, 42.418143502695173, 0.0 ], [ -79.443980568853732, 42.418192999732618, 0.0 ], [ -79.443965718819797, 42.418203445172644, 0.0 ] ] } },
{ "type": "Feature", "properties": { "CalShoreTy": 2, "CalLandcov": 2, "CalSlope": 3, "CalSedi": 2, "CalRetreat": 3 }, "geometry": { "type": "LineString", "coordinates": [ [ -79.457344649448629, 42.409309120074269, 0.0 ], [ -79.457253019886565, 42.409355868064608, 0.0 ], [ -79.457202239318477, 42.409381775639581, 0.0 ], [ -79.457196853943515, 42.40938452318418, 0.0 ], [ -79.457130761557409, 42.40940536722421, 0.0 ], [ -79.45712388997211, 42.409407535282035, 0.0 ], [ -79.457044957373668, 42.409444818346557, 0.0 ], [ -79.456841679530996, 42.409540834253669, 0.0 ], [ -79.456725840290972, 42.409595549268474, 0.0 ], [ -79.456627033841514, 42.409619035417137, 0.0 ], [ -79.456599906210599, 42.409625483596415, 0.0 ], [ -79.456389740080212, 42.409650205854803, 0.0 ], [ -79.456369888982124, 42.409652540957111, 0.0 ], [ -79.45627780590651, 42.409671523487951, 0.0 ], [ -79.4562318131306, 42.40969456459819, 0.0 ], [ -79.456182706327468, 42.409731426755435, 0.0 ], [ -79.456155909221948, 42.409751542048056, 0.0 ], [ -79.455987955462206, 42.409835861442915, 0.0 ], [ -79.455956818158, 42.409851493541801, 0.0 ], [ -79.455773099665066, 42.409916392228986, 0.0 ], [ -79.455555414537756, 42.409993289099702, 0.0 ], [ -79.455534860226535, 42.410000549840447, 0.0 ], [ -79.455381827429576, 42.410107527743477, 0.0 ], [ -79.455375009688126, 42.410110309142482, 0.0 ], [ -79.455278861071037, 42.410149534318336, 0.0 ], [ -79.455155638969075, 42.410183369550197, 0.0 ], [ -79.454972815541737, 42.410233570240401, 0.0 ], [ -79.454928464892234, 42.410243283171901, 0.0 ], [ -79.454849824025047, 42.410260505717105, 0.0 ], [ -79.454734828682646, 42.410302528532235, 0.0 ], [ -79.454726655261837, 42.410307440901477, 0.0 ], [ -79.454710801756931, 42.410316969132133, 0.0 ], [ -79.454523650207761, 42.41042945006604, 0.0 ], [ -79.454336497982055, 42.410541930690947, 0.0 ], [ -79.454163741821759, 42.410645758511031, 0.0 ] ] } },
{ "type": "Feature", "properties": { "CalShoreTy": 2, "CalLandcov": 2, "CalSlope": 2, "CalSedi": 2, "CalRetreat": 3 }, "geometry": { "type": "LineString", "coordinates": [ [ -79.479463366734748, 42.401339910718754, 0.0 ], [ -79.479422515771802, 42.401349540970841, 0.0 ], [ -79.479421943088354, 42.401349675975759, 0.0 ], [ -79.479340638800423, 42.40138144530632, 0.0 ], [ -79.479339505711607, 42.401382331064795, 0.0 ], [ -79.47933100154782, 42.401388978940631, 0.0 ], [ -79.479190803344181, 42.401498574403774, 0.0 ], [ -79.479165312436805, 42.401518500836502, 0.0 ], [ -79.479087590048678, 42.40157925729708, 0.0 ], [ -79.47908681157206, 42.401579865839125, 0.0 ], [ -79.479022373520408, 42.401660651865001, 0.0 ], [ -79.478956786542312, 42.401742878048935, 0.0 ], [ -79.478880562982894, 42.401803528054046, 0.0 ], [ -79.478814806921534, 42.401855849083148, 0.0 ], [ -79.478724019343801, 42.401938976694609, 0.0 ], [ -79.478695748279151, 42.401964862400796, 0.0 ], [ -79.478557778822548, 42.402065878360609, 0.0 ], [ -79.478556073052872, 42.402066591153599, 0.0 ], [ -79.478346078432324, 42.402154341552766, 0.0 ], [ -79.478198801118353, 42.402215883911119, 0.0 ], [ -79.478144278159817, 42.402250679514154, 0.0 ], [ -79.477988831621445, 42.402349882432546, 0.0 ], [ -79.477967694661061, 42.402371248147794, 0.0 ], [ -79.477825362140393, 42.402515120578016, 0.0 ], [ -79.477683028968912, 42.402658992833217, 0.0 ], [ -79.477618841563796, 42.402723874038465, 0.0 ], [ -79.477542970265475, 42.40280406521682, 0.0 ], [ -79.477404779646406, 42.402950123333468, 0.0 ], [ -79.477373185592043, 42.402983515987536, 0.0 ], [ -79.477243237415763, 42.403050546700001, 0.0 ], [ -79.477218007664447, 42.403058828896143, 0.0 ], [ -79.477167264030456, 42.403075486534689, 0.0 ], [ -79.477105234549029, 42.403079536227551, 0.0 ], [ -79.477104655769864, 42.403079154516121, 0.0 ], [ -79.477061253821546, 42.403050554007486, 0.0 ], [ -79.477043154257117, 42.403021552759071, 0.0 ], [ -79.477027924910615, 42.403010562164326, 0.0 ], [ -79.477018180793976, 42.403003530103348, 0.0 ], [ -79.477002459413683, 42.403004376499041, 0.0 ], [ -79.476963238528967, 42.403006490034677, 0.0 ], [ -79.476868175356003, 42.403014396466254, 0.0 ], [ -79.476808021745711, 42.403049787361894, 0.0 ], [ -79.476690042600779, 42.40311919923893, 0.0 ], [ -79.476644947491181, 42.403177089533223, 0.0 ], [ -79.476617183692497, 42.403212730905828, 0.0 ] ] } },
{ "type": "Feature", "properties": { "CalShoreTy": 2, "CalLandcov": 2, "CalSlope": 2, "CalSedi": 2, "CalRetreat": 3 }, "geometry": { "type": "LineString", "coordinates": [ [ -79.470046338174072, 42.405633077582081, 0.0 ], [ -79.469911576183122, 42.405647487246611, 0.0 ], [ -79.469814666100262, 42.405677583597395, 0.0 ], [ -79.469674402258278, 42.405721143674128, 0.0 ], [ -79.469589892890298, 42.405742071295641, 0.0 ], [ -79.469456404712417, 42.405775127711351, 0.0 ], [ -79.469356103851709, 42.405779858994805, 0.0 ], [ -79.469223441655259, 42.405786116654859, 0.0 ], [ -79.4691307995746, 42.405787569899786, 0.0 ], [ -79.469116290425077, 42.405792008395984, 0.0 ], [ -79.468893363842895, 42.40586020358009, 0.0 ], [ -79.468670436775994, 42.40592839833235, 0.0 ], [ -79.468599355728301, 42.405950142336422, 0.0 ], [ -79.468450046532482, 42.406000879335465, 0.0 ], [ -79.46839639259467, 42.406019111498303, 0.0 ], [ -79.468221899307025, 42.406057924084202, 0.0 ], [ -79.467990852891361, 42.406109315314616, 0.0 ], [ -79.467879372939109, 42.406134111398877, 0.0 ], [ -79.467765311982731, 42.406171642672803, 0.0 ], [ -79.467657381040027, 42.406207156744735, 0.0 ], [ -79.467549971727351, 42.406251623021056, 0.0 ], [ -79.467546443478099, 42.406253083673825, 0.0 ], [ -79.467538192324284, 42.406254282582772, 0.0 ], [ -79.467446830748116, 42.40626755978829, 0.0 ], [ -79.467343825931735, 42.406310566021382, 0.0 ], [ -79.467327501185963, 42.406315017484694, 0.0 ], [ -79.467101140632082, 42.406376741604106, 0.0 ], [ -79.467079844909037, 42.406382548503487, 0.0 ], [ -79.466948391705046, 42.406432344005658, 0.0 ], [ -79.466885345573033, 42.406456226344837, 0.0 ], [ -79.466815909952629, 42.406482529006531, 0.0 ], [ -79.466719821556978, 42.406489522034818, 0.0 ], [ -79.466717948716678, 42.406489117833083, 0.0 ], [ -79.466655790907083, 42.406475704163043, 0.0 ], [ -79.466631845637366, 42.406470536756757, 0.0 ], [ -79.466571735953622, 42.40644728002443, 0.0 ], [ -79.466536585295756, 42.406433680082785, 0.0 ], [ -79.466440205515326, 42.406396389131324, 0.0 ], [ -79.466375876598718, 42.406371499125065, 0.0 ], [ -79.466252794097073, 42.406340558061494, 0.0 ], [ -79.466216623026298, 42.406350628565889, 0.0 ], [ -79.466156709576566, 42.406367309228287, 0.0 ], [ -79.466037102073813, 42.406400610094622, 0.0 ], [ -79.466035712709413, 42.406400897181825, 0.0 ], [ -79.465989493690515, 42.406410465767948, 0.0 ], [ -79.465958062546221, 42.406416972850721, 0.0 ], [ -79.465775669586591, 42.40649180749967, 0.0 ], [ -79.465564742118161, 42.406578349089266, 0.0 ], [ -79.465544529586509, 42.406586642070337, 0.0 ], [ -79.465429480437024, 42.406598605486046, 0.0 ], [ -79.465426638247862, 42.40659785941024, 0.0 ], [ -79.465333373735504, 42.406573384992484, 0.0 ], [ -79.465311499902214, 42.406567644859628, 0.0 ], [ -79.465180097047437, 42.406446575718775, 0.0 ], [ -79.465172310166082, 42.40644781732172, 0.0 ], [ -79.465166897213109, 42.4064486804048, 0.0 ], [ -79.465130003139066, 42.406454564011156, 0.0 ], [ -79.465003069148025, 42.406566787975862, 0.0 ], [ -79.464992033339982, 42.406576544848193, 0.0 ], [ -79.464923009140406, 42.40661561347158, 0.0 ], [ -79.464806986191121, 42.40666956883554, 0.0 ], [ -79.464602803384395, 42.406764521588748, 0.0 ], [ -79.464521037042545, 42.406802545857417, 0.0 ], [ -79.464395812076276, 42.406856040787147, 0.0 ], [ -79.464186944690496, 42.406945266466316, 0.0 ], [ -79.464055047092359, 42.407001611234804, 0.0 ], [ -79.463974299966296, 42.40702911358558, 0.0 ], [ -79.46384106205025, 42.407074494042483, 0.0 ], [ -79.463755182743625, 42.407103744061182, 0.0 ], [ -79.463672950972665, 42.407131751662071, 0.0 ], [ -79.463596856510989, 42.40717448664163, 0.0 ], [ -79.463545201064676, 42.407188736853207, 0.0 ], [ -79.463458871648641, 42.407212552520306, 0.0 ], [ -79.463382265781348, 42.407252085453955, 0.0 ], [ -79.463346819996843, 42.407270377653539, 0.0 ], [ -79.463336622285851, 42.407275639978771, 0.0 ], [ -79.463295239868017, 42.407296994526632, 0.0 ], [ -79.463125849986383, 42.407356011321326, 0.0 ], [ -79.463122335520765, 42.407356141870508, 0.0 ], [ -79.463076881284792, 42.407357830304726, 0.0 ], [ -79.462976808119492, 42.407361549418518, 0.0 ], [ -79.462887862406944, 42.407387414393384, 0.0 ], [ -79.462804802867879, 42.407411567615092, 0.0 ], [ -79.4626588265198, 42.407434548283241, 0.0 ], [ -79.462656050898559, 42.407434671108042, 0.0 ], [ -79.462415176058627, 42.407445329806912, 0.0 ], [ -79.462229850002316, 42.40745353012781, 0.0 ], [ -79.462228837501613, 42.407453491075714, 0.0 ], [ -79.462174278241577, 42.407451372821392, 0.0 ], [ -79.462126902755415, 42.407449533453459, 0.0 ], [ -79.461981912553142, 42.407426557658191, 0.0 ], [ -79.461993262402117, 42.407393967233588, 0.0 ], [ -79.462037441400327, 42.407267109501021, 0.0 ], [ -79.461979385410316, 42.407247381114509, 0.0 ], [ -79.461899095408711, 42.40722009717301, 0.0 ], [ -79.461795021850804, 42.407264989115653, 0.0 ], [ -79.461783187791909, 42.407287251518731, 0.0 ], [ -79.461743913112031, 42.407361135488692, 0.0 ], [ -79.461742188421312, 42.407364383442548, 0.0 ], [ -79.461647640457713, 42.407429275934504, 0.0 ], [ -79.461617487086201, 42.40744997149492, 0.0 ], [ -79.461525540793147, 42.407499926229256, 0.0 ], [ -79.461466177366916, 42.407545854519817, 0.0 ], [ -79.461441472822301, 42.40756496789966, 0.0 ], [ -79.461330517614542, 42.407632948724242, 0.0 ], [ -79.461291620194871, 42.407667974169236, 0.0 ], [ -79.461138612558116, 42.407805750423407, 0.0 ], [ -79.460985604251007, 42.407943526475243, 0.0 ], [ -79.460832595272478, 42.408081302323943, 0.0 ], [ -79.460828529345861, 42.408084963446584, 0.0 ], [ -79.460651700910276, 42.408199131303085, 0.0 ], [ -79.460623753399332, 42.408217175313673, 0.0 ], [ -79.46049265408422, 42.408301818070051, 0.0 ], [ -79.4604700448578, 42.408316415651342, 0.0 ], [ -79.460308817100454, 42.408420511551348, 0.0 ], [ -79.460287764004363, 42.408433153276945, 0.0 ], [ -79.46012889831286, 42.408528546858896, 0.0 ], [ -79.460104824706875, 42.408548845528948, 0.0 ], [ -79.460039334104778, 42.40860406658004, 0.0 ], [ -79.459963872600923, 42.408667696304896, 0.0 ], [ -79.45993906014688, 42.408676197614064, 0.0 ], [ -79.459775580010245, 42.408732209416797, 0.0 ], [ -79.459725609712393, 42.40875815432554, 0.0 ], [ -79.459626764012413, 42.40880947553628, 0.0 ], [ -79.459512480461882, 42.408837623417384, 0.0 ], [ -79.459465081123653, 42.408849297767297, 0.0 ], [ -79.459283566977319, 42.408894001413586, 0.0 ], [ -79.459246191870818, 42.408903206180874, 0.0 ], [ -79.459221838772635, 42.408910540554857, 0.0 ], [ -79.459050495916699, 42.408938957535767, 0.0 ], [ -79.458815049502462, 42.408978005545734, 0.0 ], [ -79.458600899824759, 42.409013521100405, 0.0 ], [ -79.458579505185057, 42.409016715326359, 0.0 ], [ -79.458342979083653, 42.409052028447078, 0.0 ], [ -79.458106452715683, 42.409087341080976, 0.0 ], [ -79.457957830400744, 42.40910952964947, 0.0 ], [ -79.457951441043534, 42.409108715022455, 0.0 ], [ -79.457899888086018, 42.409102143717291, 0.0 ], [ -79.457869454538979, 42.409098264165728, 0.0 ], [ -79.457839889017123, 42.40909449525715, 0.0 ], [ -79.457826126359265, 42.409095408708694, 0.0 ], [ -79.457793815240819, 42.409097553005118, 0.0 ], [ -79.457733896804839, 42.409126670763271, 0.0 ], [ -79.457682827177578, 42.409151486938747, 0.0 ], [ -79.457658855666381, 42.409167340728352, 0.0 ], [ -79.457567822476534, 42.409227546281613, 0.0 ], [ -79.457461038491999, 42.409266491783782, 0.0 ], [ -79.45734588335057, 42.409308490188408, 0.0 ], [ -79.457345839207548, 42.409308512711476, 0.0 ], [ -79.457344649251709, 42.409309119862293, 0.0 ] ] } },
{ "type": "Feature", "properties": { "CalShoreTy": 2, "CalLandcov": 2, "CalSlope": 2, "CalSedi": 2, "CalRetreat": 3 }, "geometry": { "type": "LineString", "coordinates": [ [ -79.454163741821574, 42.410645758510853, 0.0 ], [ -79.454149345073574, 42.410654411000657, 0.0 ], [ -79.45411162596271, 42.410677080282333, 0.0 ], [ -79.454110912856066, 42.410677508860957, 0.0 ], [ -79.453957443470216, 42.41076240296924, 0.0 ], [ -79.453764314322541, 42.410869234908397, 0.0 ], [ -79.453640802389188, 42.410937556804335, 0.0 ], [ -79.453585983086583, 42.410987425068605, 0.0 ], [ -79.453463887558144, 42.41109849308495, 0.0 ], [ -79.453422433699515, 42.411115729839821, 0.0 ], [ -79.453345868546734, 42.411147566007827, 0.0 ], [ -79.45322441685073, 42.411216811722376, 0.0 ], [ -79.453096893919195, 42.411289518649596, 0.0 ], [ -79.453022776300159, 42.411312142356408, 0.0 ], [ -79.452799761491022, 42.411380215143033, 0.0 ], [ -79.45262190061689, 42.411434504777183, 0.0 ], [ -79.452577646591621, 42.41144979683046, 0.0 ], [ -79.452359077791002, 42.411525323286334, 0.0 ], [ -79.452323868960548, 42.411537489642065, 0.0 ], [ -79.452153827487095, 42.411618608656497, 0.0 ], [ -79.452082819929913, 42.411652482978752, 0.0 ], [ -79.451955662987004, 42.411720199147609, 0.0 ], [ -79.45178788938226, 42.411809544876888, 0.0 ], [ -79.451758647360393, 42.411823007407918, 0.0 ], [ -79.451553872196769, 42.411917282045096, 0.0 ], [ -79.451546918478527, 42.411920483394042, 0.0 ], [ -79.451360669727649, 42.412024007650238, 0.0 ], [ -79.451251868397577, 42.412084483337296, 0.0 ], [ -79.451170388075766, 42.412133539711661, 0.0 ], [ -79.451112842171341, 42.412168185950748, 0.0 ], [ -79.451040834725703, 42.41221153885143, 0.0 ], [ -79.450988268668581, 42.412250158833693, 0.0 ], [ -79.450817206853642, 42.412375836476492, 0.0 ], [ -79.450646144354351, 42.412501513865891, 0.0 ], [ -79.450520896343448, 42.412593531466236, 0.0 ], [ -79.450479749966604, 42.412630331968153, 0.0 ], [ -79.450444909136593, 42.41266149286723, 0.0 ], [ -79.450378776977445, 42.41275597779245, 0.0 ], [ -79.450359245576422, 42.412783884265039, 0.0 ], [ -79.450302503925528, 42.41286495659201, 0.0 ], [ -79.450192846094154, 42.412895214522109, 0.0 ], [ -79.450192228540303, 42.412895384924312, 0.0 ], [ -79.450064834562014, 42.412930536599795, 0.0 ], [ -79.449976522640981, 42.412972916487185, 0.0 ], [ -79.449774181058601, 42.41307001744061, 0.0 ], [ -79.449739805857291, 42.413086513562689, 0.0 ], [ -79.449590840561854, 42.413170549627871, 0.0 ], [ -79.449581516690003, 42.413177084845763, 0.0 ], [ -79.449513863119435, 42.413224504004368, 0.0 ], [ -79.449393648090336, 42.413288294628416, 0.0 ], [ -79.449302746587023, 42.413336530220306, 0.0 ], [ -79.449199329887108, 42.413393935217272, 0.0 ], [ -79.449148117652555, 42.413422362255261, 0.0 ], [ -79.449093424314754, 42.413546846000898, 0.0 ], [ -79.449092746125359, 42.41354838957637, 0.0 ], [ -79.449008026768638, 42.413623150123478, 0.0 ], [ -79.449014162041649, 42.413702095819616, 0.0 ], [ -79.449017251553343, 42.41374185007291, 0.0 ], [ -79.448951463719794, 42.413871397861456, 0.0 ], [ -79.44894317830655, 42.413887713252066, 0.0 ], [ -79.448825157753859, 42.414022798256035, 0.0 ], [ -79.448734594338362, 42.414126455626025, 0.0 ], [ -79.448694343908073, 42.414172525772578, 0.0 ], [ -79.448654317663525, 42.414218339076236, 0.0 ], [ -79.448514762968685, 42.414286715746329, 0.0 ], [ -79.448496281320743, 42.414295771049524, 0.0 ], [ -79.448481562963224, 42.41445720291869, 0.0 ], [ -79.448473425479449, 42.414546455002707, 0.0 ], [ -79.448417172676386, 42.414624853491702, 0.0 ], [ -79.448304200748268, 42.414782299700164, 0.0 ], [ -79.448296861618005, 42.414792528033942, 0.0 ], [ -79.448173828579286, 42.414930564798603, 0.0 ], [ -79.448172508637001, 42.41493150907781, 0.0 ], [ -79.447999192921714, 42.41505549764635, 0.0 ], [ -79.447955830449345, 42.415086518666961, 0.0 ], [ -79.447812802048404, 42.415168357318173, 0.0 ], [ -79.4476392206209, 42.415267677414583, 0.0 ], [ -79.447629268111712, 42.415281935647123, 0.0 ], [ -79.447518715613356, 42.415440315626917, 0.0 ], [ -79.447470281956839, 42.415509702480207, 0.0 ], [ -79.447394106060088, 42.415592528905449, 0.0 ], [ -79.447373891116101, 42.415614508666593, 0.0 ], [ -79.447225140603493, 42.415719027804236, 0.0 ], [ -79.447188721470283, 42.415744617524425, 0.0 ], [ -79.447024278594483, 42.415816435657831, 0.0 ], [ -79.446889346596592, 42.415875365027148, 0.0 ], [ -79.446822758803648, 42.415913849990616, 0.0 ], [ -79.446677912644716, 42.415997564722751, 0.0 ], [ -79.446628195399228, 42.416018724912917, 0.0 ], [ -79.446562906474071, 42.416046512519856, 0.0 ], [ -79.446424294312521, 42.41606173490333, 0.0 ], [ -79.446399016330574, 42.416065696953495, 0.0 ], [ -79.446380856712437, 42.416068543236101, 0.0 ], [ -79.446297336096904, 42.416081634608993, 0.0 ], [ -79.446173547984529, 42.416125643619274, 0.0 ], [ -79.446148347568297, 42.416134602818019, 0.0 ], [ -79.446048245236426, 42.416203588158695, 0.0 ], [ -79.445996622879562, 42.416245200831042, 0.0 ], [ -79.445868345648634, 42.416348604492789, 0.0 ], [ -79.445843845488255, 42.416381973755136, 0.0 ], [ -79.445760200763047, 42.416495897710348, 0.0 ], [ -79.445724891233539, 42.41653690291264, 0.0 ], [ -79.44570120443403, 42.416564410519889, 0.0 ], [ -79.445700461502625, 42.416565273286423, 0.0 ], [ -79.445634877687809, 42.416641435685072, 0.0 ] ] } },
{ "type": "Feature", "properties": { "CalShoreTy": 2, "CalLandcov": 2, "CalSlope": 3, "CalSedi": 2, "CalRetreat": 3 }, "geometry": { "type": "LineString", "coordinates": [ [ -79.476617183693079, 42.403212730906084, 0.0 ], [ -79.476524637948046, 42.40333153509475, 0.0 ], [ -79.47651700650583, 42.403341331817813, 0.0 ], [ -79.476344286782208, 42.403448941887099, 0.0 ], [ -79.476212011535267, 42.403531353291498, 0.0 ], [ -79.476155590898912, 42.403559675794277, 0.0 ], [ -79.475956043018627, 42.403659846078639, 0.0 ], [ -79.47575649450178, 42.403760016017664, 0.0 ], [ -79.475556945347947, 42.403860185610881, 0.0 ], [ -79.475487037472988, 42.403895277775618, 0.0 ], [ -79.475348114580626, 42.403948905848594, 0.0 ], [ -79.475134278572654, 42.404031451945428, 0.0 ], [ -79.475044013011015, 42.404066296545359, 0.0 ], [ -79.474925324773906, 42.404120336941283, 0.0 ], [ -79.474910102860449, 42.404127267672493, 0.0 ], [ -79.474709167105047, 42.404199380277674, 0.0 ], [ -79.474492146802092, 42.404277264787233, 0.0 ], [ -79.474464107900687, 42.404287327377347, 0.0 ], [ -79.474283433083954, 42.40436653645898, 0.0 ], [ -79.474131064443398, 42.404433335541384, 0.0 ], [ -79.474073300711382, 42.404453845583319, 0.0 ], [ -79.473917069543248, 42.404509318027038, 0.0 ], [ -79.473853202016713, 42.404526427337188, 0.0 ], [ -79.473626372217339, 42.404587191838871, 0.0 ], [ -79.473486784634716, 42.404624585071062, 0.0 ], [ -79.47339954202792, 42.404647955994669, 0.0 ], [ -79.473172711412872, 42.404708719731559, 0.0 ], [ -79.472945880342451, 42.404769482988264, 0.0 ], [ -79.472771074702791, 42.404816309332979, 0.0 ], [ -79.472721792809878, 42.404834904823417, 0.0 ], [ -79.472506924491825, 42.404915980505983, 0.0 ], [ -79.472328354509585, 42.404983359369915, 0.0 ], [ -79.472290806866354, 42.404995077429646, 0.0 ], [ -79.47206854556191, 42.405064441524438, 0.0 ], [ -79.471846283765927, 42.405133805189877, 0.0 ], [ -79.47182973485512, 42.405138969765012, 0.0 ], [ -79.471624212982405, 42.405203501977908, 0.0 ], [ -79.471402157111768, 42.405273225171364, 0.0 ], [ -79.471180100747574, 42.405342947936397, 0.0 ], [ -79.470958043889908, 42.405412670272881, 0.0 ], [ -79.470735986538557, 42.405482392180858, 0.0 ], [ -79.4705424119105, 42.405543170562567, 0.0 ], [ -79.470513352403785, 42.405551038141105, 0.0 ], [ -79.470317377805259, 42.405604096106451, 0.0 ], [ -79.470285146929058, 42.405607542503681, 0.0 ], [ -79.470046338174072, 42.405633077582081, 0.0 ] ] } },
{ "type": "Feature", "properties": { "CalShoreTy": 2, "CalLandcov": 1, "CalSlope": 2, "CalSedi": 2, "CalRetreat": 3 }, "geometry": { "type": "LineString", "coordinates": [ [ -79.479851396953379, 42.400991788574657, 0.0 ], [ -79.47980200658678, 42.40104598735774, 0.0 ], [ -79.479768337749377, 42.401082933970777, 0.0 ], [ -79.479767814275846, 42.401083508405833, 0.0 ], [ -79.479677799034235, 42.401141505804489, 0.0 ], [ -79.479631326993569, 42.401170198467192, 0.0 ], [ -79.479600315774647, 42.401189345317633, 0.0 ], [ -79.479573205980302, 42.401206082084471, 0.0 ], [ -79.479567350882206, 42.401315396884009, 0.0 ], [ -79.479565919720699, 42.401315734275215, 0.0 ], [ -79.479550799953103, 42.401319298704991, 0.0 ], [ -79.479463366734791, 42.40133991071886, 0.0 ] ] } },
{ "type": "Feature", "properties": { "CalShoreTy": 2, "CalLandcov": 2, "CalSlope": 2, "CalSedi": 2, "CalRetreat": 3 }, "geometry": { "type": "LineString", "coordinates": [ [ -79.495486261721368, 42.391093948801036, 0.0 ], [ -79.495451216643346, 42.391110640413139, 0.0 ], [ -79.495366287203765, 42.391151091354367, 0.0 ], [ -79.495306375233653, 42.391191452660749, 0.0 ], [ -79.495271679047661, 42.391226782404118, 0.0 ], [ -79.495130035639207, 42.39137101171908, 0.0 ], [ -79.494988391581941, 42.391515240860876, 0.0 ], [ -79.494864545066619, 42.391641346959346, 0.0 ], [ -79.494848254495366, 42.391660227405744, 0.0 ], [ -79.494718607393636, 42.391810485311545, 0.0 ], [ -79.49458895967426, 42.391960743072588, 0.0 ], [ -79.494459311334921, 42.392111000687947, 0.0 ], [ -79.494433465840146, 42.392140954551401, 0.0 ], [ -79.494329662376202, 42.392261258158008, 0.0 ], [ -79.494317505960083, 42.392275346866953, 0.0 ], [ -79.494212078518785, 42.392416799991139, 0.0 ], [ -79.49413665370993, 42.392517997812838, 0.0 ], [ -79.494083509074002, 42.392566838182759, 0.0 ], [ -79.493932385206747, 42.392705721745166, 0.0 ], [ -79.493781260672236, 42.392844605110035, 0.0 ], [ -79.493731616400964, 42.392890227989888, 0.0 ], [ -79.493630135699618, 42.39298348841335, 0.0 ], [ -79.493605907506648, 42.393005753985896, 0.0 ], [ -79.49359254211177, 42.393019120085029, 0.0 ], [ -79.493485565470053, 42.39312610210483, 0.0 ], [ -79.493353271209102, 42.393258402377668, 0.0 ], [ -79.493342246161632, 42.393269427869555, 0.0 ], [ -79.493240058018827, 42.39337162008735, 0.0 ], [ -79.493233990457242, 42.39337768787663, 0.0 ], [ -79.49320027912303, 42.393413469802411, 0.0 ], [ -79.493062488454697, 42.393559723214082, 0.0 ], [ -79.493028788087955, 42.393595493239808, 0.0 ], [ -79.492910868550595, 42.393698118922437, 0.0 ], [ -79.492898889390133, 42.393708544390627, 0.0 ], [ -79.492743761202576, 42.393826589916927, 0.0 ], [ -79.492680813455536, 42.393874490114925, 0.0 ], [ -79.492566812835349, 42.393947474154132, 0.0 ], [ -79.492405884180513, 42.394050501385593, 0.0 ], [ -79.492381195968818, 42.394060684892978, 0.0 ], [ -79.49219480160329, 42.394137569415619, 0.0 ], [ -79.492169357755046, 42.394145765914899, 0.0 ], [ -79.492003885659969, 42.394199071017212, 0.0 ], [ -79.491952153351065, 42.394222559767499, 0.0 ], [ -79.491776924812555, 42.394302120947032, 0.0 ], [ -79.491746631387116, 42.39431587513419, 0.0 ], [ -79.491708252855005, 42.394333300197133, 0.0 ], [ -79.49154359153053, 42.394373920524686, 0.0 ], [ -79.491522155186686, 42.394379208918309, 0.0 ], [ -79.491455602163029, 42.394395627662746, 0.0 ], [ -79.491368737343436, 42.39444765750158, 0.0 ], [ -79.491322723619916, 42.394475219118902, 0.0 ], [ -79.491276850948921, 42.394502696203439, 0.0 ], [ -79.491110600376871, 42.394557740191495, 0.0 ], [ -79.491103487755524, 42.394560095104588, 0.0 ], [ -79.490950339289597, 42.394610801192265, 0.0 ], [ -79.490898281996039, 42.394640315013739, 0.0 ], [ -79.490822978712274, 42.394683008029283, 0.0 ], [ -79.49071559738789, 42.394743889384799, 0.0 ], [ -79.490706477860485, 42.394748362958474, 0.0 ], [ -79.490505513297094, 42.394846945530198, 0.0 ], [ -79.490443677889985, 42.394877278553665, 0.0 ], [ -79.490398886859055, 42.394899250675927, 0.0 ], [ -79.490294266814956, 42.394931280547219, 0.0 ], [ -79.490099749924497, 42.394990832378276, 0.0 ], [ -79.490071399187144, 42.394999512033806, 0.0 ], [ -79.489848531214662, 42.395067743338082, 0.0 ], [ -79.489738423235735, 42.395101452816469, 0.0 ], [ -79.489634118547571, 42.395148280035414, 0.0 ], [ -79.489427962194554, 42.395240832712815, 0.0 ], [ -79.489254889623879, 42.395318532124826, 0.0 ], [ -79.489225658223674, 42.395337282049503, 0.0 ], [ -79.489043509572767, 42.395454117406807, 0.0 ], [ -79.48886136024467, 42.395570952476653, 0.0 ], [ -79.488767087014907, 42.395631421365643, 0.0 ], [ -79.488705660027733, 42.395670821558276, 0.0 ], [ -79.488679337454357, 42.395687894825478, 0.0 ], [ -79.488646452290766, 42.395709224676267, 0.0 ], [ -79.488498062005959, 42.395805469392435, 0.0 ], [ -79.488316785382935, 42.395923043257348, 0.0 ], [ -79.488189629187062, 42.396005514822008, 0.0 ], [ -79.488137396085335, 42.396042143545124, 0.0 ], [ -79.487962441933902, 42.396164830530402, 0.0 ], [ -79.487926908358304, 42.396189748436861, 0.0 ], [ -79.487787487690184, 42.396287517709972, 0.0 ], [ -79.487657076776827, 42.396378968428998, 0.0 ], [ -79.487654737377525, 42.396380176930052, 0.0 ], [ -79.487606742712629, 42.39640497028379, 0.0 ], [ -79.487469874876552, 42.396475674028316, 0.0 ], [ -79.487409045014118, 42.396507097531028, 0.0 ], [ -79.487211346624235, 42.396609224387525, 0.0 ], [ -79.4870136476098, 42.396711350924612, 0.0 ], [ -79.486851126127618, 42.396795305103922, 0.0 ], [ -79.486843093653462, 42.396799454448363, 0.0 ], [ -79.486815948013358, 42.396813477186896, 0.0 ], [ -79.486659001231658, 42.396894551597946, 0.0 ], [ -79.486640316263546, 42.396905451896345, 0.0 ], [ -79.486619975017788, 42.396917318187846, 0.0 ], [ -79.486430651279804, 42.397027761896581, 0.0 ], [ -79.486241326876154, 42.397138205294496, 0.0 ], [ -79.486215353079359, 42.39715335719147, 0.0 ], [ -79.486051491689565, 42.397248169533569, 0.0 ], [ -79.485861574727636, 42.397358057321142, 0.0 ], [ -79.485671657101022, 42.397467944795615, 0.0 ], [ -79.48555141150095, 42.397537519257007, 0.0 ], [ -79.485471969294437, 42.397566340174045, 0.0 ], [ -79.485374567797663, 42.397601676447088, 0.0 ], [ -79.485352795499011, 42.397609574054187, 0.0 ], [ -79.485268864083665, 42.397660341821862, 0.0 ], [ -79.485224890259374, 42.397686940300822, 0.0 ], [ -79.485082212742398, 42.397773241004195, 0.0 ], [ -79.485025642123688, 42.397807458502363, 0.0 ], [ -79.484891221732141, 42.397882056569621, 0.0 ], [ -79.48469834313299, 42.397989096075129, 0.0 ], [ -79.484522609735706, 42.398086620115222, 0.0 ], [ -79.484522314751715, 42.398086780737209, 0.0 ], [ -79.484505347357199, 42.398096019664123, 0.0 ], [ -79.484490409909853, 42.398104153307735, 0.0 ], [ -79.484311155881201, 42.398201757363211, 0.0 ], [ -79.484129897938985, 42.398300452086069, 0.0 ], [ -79.484126603339718, 42.398302245985079, 0.0 ], [ -79.484116134486072, 42.398306541983615, 0.0 ], [ -79.483916368003563, 42.398388517840246, 0.0 ], [ -79.483906963162369, 42.398394858766117, 0.0 ], [ -79.483775434413644, 42.398483537764285, 0.0 ], [ -79.483727017769908, 42.398513502323922, 0.0 ], [ -79.483542097774929, 42.398627946941922, 0.0 ], [ -79.483357177106598, 42.398742391263802, 0.0 ], [ -79.48317225576416, 42.398856835288946, 0.0 ], [ -79.483075090256406, 42.398916968740942, 0.0 ], [ -79.482987852214663, 42.398971732631836, 0.0 ], [ -79.482919058860503, 42.39901491771019, 0.0 ], [ -79.482782201406948, 42.399062007743083, 0.0 ], [ -79.482730068001075, 42.399079945788692, 0.0 ], [ -79.482651095804727, 42.39910194723813, 0.0 ], [ -79.482552169750264, 42.399108756621864, 0.0 ], [ -79.482389991676754, 42.39911991964663, 0.0 ], [ -79.48235300947033, 42.39913793458738, 0.0 ], [ -79.482332461538292, 42.399158022191813, 0.0 ], [ -79.482223100829785, 42.399264932649565, 0.0 ], [ -79.482188642191815, 42.399301059143362, 0.0 ], [ -79.48204970122589, 42.399446724556803, 0.0 ], [ -79.481910759616639, 42.399592389803423, 0.0 ], [ -79.481878611403999, 42.399626093605349, 0.0 ], [ -79.481766700549542, 42.399735295586765, 0.0 ], [ -79.48169950031938, 42.399800868924338, 0.0 ], [ -79.481621100670793, 42.399877370647495, 0.0 ], [ -79.481592630601241, 42.399905151401747, 0.0 ], [ -79.481450952977596, 42.400003124579428, 0.0 ], [ -79.481274838076331, 42.400124911219649, 0.0 ], [ -79.48117749650028, 42.400192224361163, 0.0 ], [ -79.481097250282929, 42.400245512905911, 0.0 ], [ -79.48091784258672, 42.400364650390657, 0.0 ], [ -79.480832057014055, 42.400421616903436, 0.0 ], [ -79.480781130315947, 42.40043657869218, 0.0 ], [ -79.480767195498586, 42.400436591453236, 0.0 ], [ -79.480741045874666, 42.400436617009504, 0.0 ], [ -79.480714454163291, 42.400424827366187, 0.0 ], [ -79.480654458235762, 42.400398227661398, 0.0 ], [ -79.480593800796598, 42.400359923383185, 0.0 ], [ -79.480554699508502, 42.400349931016969, 0.0 ], [ -79.480504586773478, 42.400349898467752, 0.0 ], [ -79.48047780010539, 42.400349881059213, 0.0 ], [ -79.480476164492259, 42.400350518660645, 0.0 ], [ -79.480378812886599, 42.400409022373708, 0.0 ], [ -79.480308265630725, 42.400446781378648, 0.0 ], [ -79.480276166483975, 42.400463961773085, 0.0 ], [ -79.480245832318218, 42.400480198159968, 0.0 ], [ -79.480198891169479, 42.400566481849815, 0.0 ], [ -79.480181073060791, 42.400591476407619, 0.0 ], [ -79.480068678911465, 42.400749138072321, 0.0 ], [ -79.48005488514525, 42.400768487309449, 0.0 ], [ -79.480053591864291, 42.400769906519663, 0.0 ], [ -79.479936712170883, 42.400898166690709, 0.0 ], [ -79.47985139695399, 42.400991788574977, 0.0 ] ] } },
{ "type": "Feature", "properties": { "CalShoreTy": 3, "CalLandcov": 1, "CalSlope": 2, "CalSedi": 2, "CalRetreat": 3 }, "geometry": { "type": "LineString", "coordinates": [ [ -79.443965718819797, 42.418203445172644, 0.0 ], [ -79.443956850597743, 42.418209682970549, 0.0 ], [ -79.443933737800691, 42.418225940217539, 0.0 ], [ -79.443932882332831, 42.418226541942481, 0.0 ], [ -79.443811521564513, 42.418351469720946, 0.0 ], [ -79.443791540560113, 42.418372037941808, 0.0 ], [ -79.443791475405959, 42.418372105011656, 0.0 ], [ -79.443783384380311, 42.41838043393313, 0.0 ] ] } },
{ "type": "Feature", "properties": { "CalShoreTy": 2, "CalLandcov": 1, "CalSlope": 2, "CalSedi": 2, "CalRetreat": 3 }, "geometry": { "type": "LineString", "coordinates": [ [ -79.433911251458582, 42.425437402571411, 0.0 ], [ -79.433875010362087, 42.425456884231167, 0.0 ], [ -79.433807789347384, 42.425493019302522, 0.0 ] ] } },
{ "type": "Feature", "properties": { "CalShoreTy": 2, "CalLandcov": 2, "CalSlope": 2, "CalSedi": 2, "CalRetreat": 3 }, "geometry": { "type": "LineString", "coordinates": [ [ -79.437862104079713, 42.422624331433639, 0.0 ], [ -79.437811404561245, 42.422654608308825, 0.0 ], [ -79.43781132742356, 42.422654654373147, 0.0 ], [ -79.437745053590191, 42.422682603538412, 0.0 ], [ -79.437601836673963, 42.422743000272234, 0.0 ], [ -79.437392258954802, 42.422831381826505, 0.0 ], [ -79.437182680644852, 42.422919762999207, 0.0 ], [ -79.437066379151076, 42.422968808175504, 0.0 ], [ -79.437040738898361, 42.422982888766441, 0.0 ], [ -79.436980188263348, 42.423016140185837, 0.0 ], [ -79.436786530667547, 42.423122486924299, 0.0 ], [ -79.436592872415233, 42.423228833337291, 0.0 ], [ -79.436560900462297, 42.423246390500523, 0.0 ], [ -79.436396844193055, 42.423332778673924, 0.0 ], [ -79.436200346814175, 42.423436248952036, 0.0 ], [ -79.436019318762732, 42.423531572895037, 0.0 ], [ -79.436017576758132, 42.42353289678946, 0.0 ], [ -79.436006078888369, 42.423541634976516, 0.0 ], [ -79.435902588593777, 42.423620285696202, 0.0 ], [ -79.435837906658094, 42.423669442470477, 0.0 ], [ -79.43566973368587, 42.423797249677875, 0.0 ], [ -79.435632758651778, 42.423825349671965, 0.0 ], [ -79.435628653202471, 42.423828469695103, 0.0 ], [ -79.435526082269988, 42.423939815360185, 0.0 ], [ -79.435390356579063, 42.42408715135889, 0.0 ], [ -79.435295089628823, 42.424190567167798, 0.0 ], [ -79.435254428582084, 42.424234385598211, 0.0 ], [ -79.4351180250911, 42.424381380447052, 0.0 ], [ -79.434981620963697, 42.42452837513585, 0.0 ], [ -79.434845216198056, 42.424675369663554, 0.0 ], [ -79.434708810793268, 42.424822364029851, 0.0 ], [ -79.434572404749005, 42.424969358234492, 0.0 ], [ -79.434532914528916, 42.425011913619002, 0.0 ], [ -79.434414370901933, 42.425103392590316, 0.0 ], [ -79.434247524010942, 42.425232146065206, 0.0 ], [ -79.434176414007851, 42.425287020451719, 0.0 ], [ -79.434142925647649, 42.425312864172824, 0.0 ], [ -79.434070129807864, 42.425351996289564, 0.0 ], [ -79.433911251458426, 42.425437402571255, 0.0 ] ] } },
{ "type": "Feature", "properties": { "CalShoreTy": 2, "CalLandcov": 1, "CalSlope": 2, "CalSedi": 2, "CalRetreat": 3 }, "geometry": { "type": "LineString", "coordinates": [ [ -79.439907673007269, 42.421120079873894, 0.0 ], [ -79.439855602086482, 42.421152954693902, 0.0 ], [ -79.439672175749948, 42.421268759913239, 0.0 ], [ -79.439528970101804, 42.421359171497393, 0.0 ], [ -79.439494978862328, 42.421389117770637, 0.0 ], [ -79.439339963368738, 42.421525685887552, 0.0 ], [ -79.439310697457557, 42.421551468963642, 0.0 ], [ -79.439303147188269, 42.421558120766555, 0.0 ], [ -79.439184947972521, 42.421662254273819, 0.0 ], [ -79.439029932077233, 42.421798822560071, 0.0 ], [ -79.438874915514987, 42.42193539064283, 0.0 ], [ -79.438839142061866, 42.421966906646524, 0.0 ], [ -79.438719898197974, 42.422071958467193, 0.0 ], [ -79.438582523794054, 42.422192982504185, 0.0 ], [ -79.438578570448357, 42.422196465310797, 0.0 ], [ -79.438561998641859, 42.422206361935068, 0.0 ], [ -79.438374351118753, 42.422318423979235, 0.0 ], [ -79.438186702928533, 42.422430485720525, 0.0 ], [ -79.437999054066495, 42.422542547155032, 0.0 ], [ -79.437862104079613, 42.422624331433553, 0.0 ] ] } },
{ "type": "Feature", "properties": { "CalShoreTy": 2, "CalLandcov": 2, "CalSlope": 2, "CalSedi": 2, "CalRetreat": 3 }, "geometry": { "type": "LineString", "coordinates": [ [ -79.441336177292612, 42.42030499873816, 0.0 ], [ -79.441190841378202, 42.420373459330577, 0.0 ], [ -79.441178992772009, 42.420379539943177, 0.0 ], [ -79.440980817472521, 42.420481241597138, 0.0 ], [ -79.440782641530603, 42.42058294291018, 0.0 ], [ -79.44077385382694, 42.420587452628837, 0.0 ], [ -79.440591593463296, 42.420691807323806, 0.0 ], [ -79.440532801604022, 42.420725468957677, 0.0 ], [ -79.440529737084631, 42.420727337463276, 0.0 ], [ -79.440405877259053, 42.420805537479083, 0.0 ], [ -79.44022245287907, 42.420921343509839, 0.0 ], [ -79.44003902782201, 42.421037149248619, 0.0 ], [ -79.439995817933124, 42.421064429783698, 0.0 ], [ -79.439907673007269, 42.421120079873894, 0.0 ] ] } },
{ "type": "Feature", "properties": { "CalShoreTy": 2, "CalLandcov": 1, "CalSlope": 2, "CalSedi": 2, "CalRetreat": 3 }, "geometry": { "type": "LineString", "coordinates": [ [ -79.443783384380311, 42.41838043393313, 0.0 ], [ -79.44367086517758, 42.418496257185915, 0.0 ], [ -79.443664833891361, 42.418502465561609, 0.0 ], [ -79.44366386819847, 42.41850345960885, 0.0 ], [ -79.443517238545226, 42.418633645670624, 0.0 ], [ -79.443362932320298, 42.418770646643274, 0.0 ], [ -79.443208625422187, 42.418907647409846, 0.0 ], [ -79.443054317850368, 42.419044647969699, 0.0 ], [ -79.442905837976767, 42.419176473699721, 0.0 ], [ -79.442900283803098, 42.419181810145894, 0.0 ], [ -79.442753234415221, 42.419323094640603, 0.0 ], [ -79.442606184366312, 42.41946437894827, 0.0 ], [ -79.442599876838159, 42.419470439142657, 0.0 ], [ -79.442434813229752, 42.41958146820722, 0.0 ], [ -79.442430045915017, 42.419585926137962, 0.0 ], [ -79.442389908904076, 42.419623458338073, 0.0 ], [ -79.442343902487096, 42.419646491256202, 0.0 ], [ -79.442302730704085, 42.419655630704057, 0.0 ], [ -79.442289826886892, 42.419658494881773, 0.0 ], [ -79.442247679504035, 42.419680106099243, 0.0 ], [ -79.44223683261994, 42.419685667750095, 0.0 ], [ -79.442134384571048, 42.419738197038676, 0.0 ], [ -79.442050759740056, 42.419798202082362, 0.0 ], [ -79.441951259534747, 42.41986959827932, 0.0 ], [ -79.441877649662558, 42.419922357334293, 0.0 ], [ -79.441831327139695, 42.419955558414912, 0.0 ], [ -79.44176367908247, 42.419995106900181, 0.0 ], [ -79.441692733249369, 42.420036584470587, 0.0 ], [ -79.441658275843224, 42.420056729513746, 0.0 ], [ -79.441620004471091, 42.420131109726803, 0.0 ], [ -79.44160136719691, 42.420167333709585, 0.0 ], [ -79.441588183102411, 42.420192958967981, 0.0 ], [ -79.441585846446827, 42.420197500588749, 0.0 ], [ -79.441466846032966, 42.420243447294908, 0.0 ], [ -79.441382140329779, 42.420283347904061, 0.0 ], [ -79.441336177291362, 42.420304998736711, 0.0 ] ] } },
{ "type": "Feature", "properties": { "CalShoreTy": 3, "CalLandcov": 1, "CalSlope": 2, "CalSedi": 2, "CalRetreat": 3 }, "geometry": { "type": "LineString", "coordinates": [ [ -79.433807789348506, 42.425493019303659, 0.0 ], [ -79.433684446409202, 42.425559322991482, 0.0 ], [ -79.433682489527129, 42.425560603756196, 0.0 ], [ -79.433680229347161, 42.42556208302593, 0.0 ], [ -79.433499622026048, 42.425680288794567, 0.0 ], [ -79.433399503725568, 42.425745814677526, 0.0 ], [ -79.433398413538313, 42.42574652818702, 0.0 ], [ -79.433378400191529, 42.425759627226753, 0.0 ], [ -79.433311638430553, 42.425791308141122, 0.0 ], [ -79.433108597722494, 42.42588765799816, 0.0 ], [ -79.433066247029373, 42.425907754787318, 0.0 ], [ -79.432903969960279, 42.425982154417063, 0.0 ], [ -79.432815850683383, 42.426022554541476, 0.0 ] ] } },
{ "type": "Feature", "properties": { "CalShoreTy": 3, "CalLandcov": 1, "CalSlope": 2, "CalSedi": 2, "CalRetreat": 3 }, "geometry": { "type": "LineString", "coordinates": [ [ -79.432815850684023, 42.426022554542222, 0.0 ], [ -79.432698923570783, 42.426076162202584, 0.0 ], [ -79.432493876660672, 42.426170169735805, 0.0 ], [ -79.432374700720374, 42.426224807793254, 0.0 ] ] } },
{ "type": "Feature", "properties": { "CalShoreTy": 2, "CalLandcov": 2, "CalSlope": 2, "CalSedi": 2, "CalRetreat": 3 }, "geometry": { "type": "LineString", "coordinates": [ [ -79.428639465967265, 42.428200036237406, 0.0 ], [ -79.428564051056838, 42.428237705069364, 0.0 ], [ -79.428428254784279, 42.428305533419042, 0.0 ], [ -79.428424876010055, 42.428307221158384, 0.0 ], [ -79.428414565893775, 42.428314997319696, 0.0 ], [ -79.42839435352704, 42.428330245036584, 0.0 ], [ -79.428371664848356, 42.428344390871878, 0.0 ], [ -79.428352397725945, 42.428356403439082, 0.0 ] ] } },
{ "type": "Feature", "properties": { "CalShoreTy": 2, "CalLandcov": 1, "CalSlope": 2, "CalSedi": 2, "CalRetreat": 3 }, "geometry": { "type": "LineString", "coordinates": [ [ -79.430326218110167, 42.42730987158302, 0.0 ], [ -79.430136447574412, 42.427410347396012, 0.0 ], [ -79.429940304975162, 42.427514196963287, 0.0 ], [ -79.429744161408834, 42.427618045867504, 0.0 ], [ -79.429548017051488, 42.427721894290968, 0.0 ], [ -79.429351871982362, 42.427825742315854, 0.0 ], [ -79.429155726236587, 42.427929589978746, 0.0 ], [ -79.428959579829851, 42.428033437295603, 0.0 ], [ -79.428763432768562, 42.428137284273319, 0.0 ], [ -79.428735646540815, 42.428151995198675, 0.0 ], [ -79.428639465967265, 42.428200036237399, 0.0 ] ] } },
{ "type": "Feature", "properties": { "CalShoreTy": 2, "CalLandcov": 1, "CalSlope": 2, "CalSedi": 2, "CalRetreat": 3 }, "geometry": { "type": "LineString", "coordinates": [ [ -79.432374700720501, 42.42622480779341, 0.0 ], [ -79.432288829074707, 42.426264176830614, 0.0 ], [ -79.432151723157901, 42.426327034688008, 0.0 ], [ -79.432084445018774, 42.426358959346111, 0.0 ], [ -79.431907582406993, 42.426442883414815, 0.0 ], [ -79.431882793292132, 42.426456776738149, 0.0 ], [ -79.431690548826765, 42.426564521799484, 0.0 ], [ -79.431498303701744, 42.426672266540741, 0.0 ], [ -79.431306057916416, 42.42678001096133, 0.0 ], [ -79.431113811470368, 42.426887755060832, 0.0 ], [ -79.430948708141713, 42.426980286306708, 0.0 ], [ -79.430921014730032, 42.426994949159386, 0.0 ], [ -79.430883489994088, 42.427014817388212, 0.0 ] ] } },
{ "type": "Feature", "properties": { "CalShoreTy": 2, "CalLandcov": 2, "CalSlope": 2, "CalSedi": 2, "CalRetreat": 3 }, "geometry": { "type": "LineString", "coordinates": [ [ -79.430883489994116, 42.42701481738824, 0.0 ], [ -79.430724873845762, 42.427098799147352, 0.0 ], [ -79.430528732283094, 42.427202648771349, 0.0 ], [ -79.430453292275004, 42.427242590836151, 0.0 ], [ -79.43033258998733, 42.427306497974698, 0.0 ], [ -79.430326218020667, 42.427309871489769, 0.0 ] ] } },
{ "type": "Feature", "properties": { "CalShoreTy": 3, "CalLandcov": 2, "CalSlope": 2, "CalSedi": 2, "CalRetreat": 3 }, "geometry": { "type": "LineString", "coordinates": [ [ -79.428352397727409, 42.428356403440354, 0.0 ], [ -79.428187258692503, 42.428459363455424, 0.0 ], [ -79.428163804481187, 42.428473986507349, 0.0 ] ] } },
{ "type": "Feature", "properties": { "CalShoreTy": 3, "CalLandcov": 2, "CalSlope": 2, "CalSedi": 2, "CalRetreat": 3 }, "geometry": { "type": "LineString", "coordinates": [ [ -79.423066968591712, 42.437159592159986, 0.0 ], [ -79.423062686598243, 42.43733773745047, 0.0 ], [ -79.423060803829074, 42.437416066679447, 0.0 ], [ -79.423056257014636, 42.437515842033427, 0.0 ], [ -79.423048142118873, 42.437693914671506, 0.0 ], [ -79.423047819672675, 42.437700990377571, 0.0 ], [ -79.423037404071252, 42.437871911226637, 0.0 ], [ -79.423035887899644, 42.437896791643055, 0.0 ], [ -79.42301096998257, 42.438048952168991, 0.0 ], [ -79.422986420520743, 42.438198862017209, 0.0 ], [ -79.422986328366605, 42.438200703761879, 0.0 ], [ -79.42298506182847, 42.438226016124929, 0.0 ], [ -79.422976152730342, 42.438404068087209, 0.0 ], [ -79.422970739579867, 42.438512251719281, 0.0 ] ] } },
{ "type": "Feature", "properties": { "CalShoreTy": 1, "CalLandcov": 1, "CalSlope": 2, "CalSedi": 2, "CalRetreat": 3 }, "geometry": { "type": "LineString", "coordinates": [ [ -79.421702252646796, 42.44351245482401, 0.0 ], [ -79.421696590649546, 42.443521370958742, 0.0 ], [ -79.421695984502918, 42.44352232547778, 0.0 ], [ -79.421629059924825, 42.443627726871838, 0.0 ], [ -79.421629019588721, 42.443627815372757, 0.0 ], [ -79.421552048881409, 42.44379669258295, 0.0 ], [ -79.421539614111396, 42.443823974939242, 0.0 ], [ -79.421475078316945, 42.443965569880142, 0.0 ], [ -79.421402110421823, 42.444125664484126, 0.0 ], [ -79.421396902265343, 42.444134095983486, 0.0 ], [ -79.421315395125205, 42.44426604777891, 0.0 ], [ -79.421309497774971, 42.444298920725771, 0.0 ], [ -79.421286567072826, 42.444426740464159, 0.0 ], [ -79.42125016930531, 42.444468007987915, 0.0 ], [ -79.421240037614282, 42.444479495174697, 0.0 ], [ -79.421188157746144, 42.444538316333272, 0.0 ], [ -79.421161641421321, 42.444630548473235, 0.0 ], [ -79.421111532429165, 42.444804842599076, 0.0 ], [ -79.421094134805969, 42.444865356526321, 0.0 ], [ -79.421064592748536, 42.444979607897011, 0.0 ], [ -79.421019338558338, 42.445154623780894, 0.0 ], [ -79.420975192168456, 42.445325354409078, 0.0 ], [ -79.4209739891986, 42.445329625687521, 0.0 ], [ -79.420924857860228, 42.445504071393394, 0.0 ], [ -79.420896595329523, 42.445604419874854, 0.0 ], [ -79.420863268093541, 42.445675993202357, 0.0 ], [ -79.420784806098169, 42.445844496928842, 0.0 ], [ -79.420706343684117, 42.446013000602832, 0.0 ], [ -79.42062788084931, 42.446181504223617, 0.0 ], [ -79.42057063606434, 42.446304440209552, 0.0 ], [ -79.420547382334149, 42.44634946375286, 0.0 ], [ -79.420461392488733, 42.44651595547181, 0.0 ], [ -79.42037540218837, 42.446682447127166, 0.0 ] ] } },
{ "type": "Feature", "properties": { "CalShoreTy": 3, "CalLandcov": 1, "CalSlope": 2, "CalSedi": 2, "CalRetreat": 3 }, "geometry": { "type": "LineString", "coordinates": [ [ -79.422936821575433, 42.439174708290082, 0.0 ], [ -79.422930600517589, 42.439294299930935, 0.0 ], [ -79.422921338874374, 42.439472342099705, 0.0 ], [ -79.422918796617381, 42.439521213177123, 0.0 ], [ -79.422899224212898, 42.439649669883515, 0.0 ], [ -79.422872246582386, 42.439826727379518, 0.0 ], [ -79.422867765487112, 42.439856137258069, 0.0 ], [ -79.422831159204563, 42.440002238750935, 0.0 ], [ -79.42278726110689, 42.440177442136289, 0.0 ], [ -79.42277279766347, 42.440235167522424, 0.0 ], [ -79.422738172229614, 42.440351872224916, 0.0 ], [ -79.42268653259292, 42.440525922323815, 0.0 ], [ -79.422634892671695, 42.440699972399955, 0.0 ], [ -79.422613766823403, 42.440771175853314, 0.0 ], [ -79.422575686562439, 42.440872639063222, 0.0 ], [ -79.422511242042205, 42.441044347936398, 0.0 ], [ -79.422446797172555, 42.441216056774302, 0.0 ], [ -79.422382351951285, 42.441387765576323, 0.0 ], [ -79.422317906377401, 42.441559474342476, 0.0 ], [ -79.422279720171403, 42.441661217194728, 0.0 ], [ -79.422267302963107, 42.441692072877395, 0.0 ], [ -79.422251712814926, 42.441730812995623, 0.0 ], [ -79.42220412693726, 42.441849059321129, 0.0 ], [ -79.422182977506552, 42.441901613450447, 0.0 ], [ -79.42212457097169, 42.44204674715025, 0.0 ], [ -79.422114241820097, 42.442072413863514, 0.0 ], [ -79.422108720937061, 42.442086132590468, 0.0 ], [ -79.422038612862607, 42.442241613071843, 0.0 ], [ -79.422012713685135, 42.442299050138004, 0.0 ], [ -79.421983728986376, 42.442414729086906, 0.0 ], [ -79.421975387415529, 42.442448020506355, 0.0 ], [ -79.421947643667991, 42.442590878452563, 0.0 ], [ -79.42194140304656, 42.442623012532827, 0.0 ], [ -79.421914734074591, 42.442755851031606, 0.0 ], [ -79.421912465713575, 42.442767150176195, 0.0 ], [ -79.421895423610849, 42.442852040033031, 0.0 ], [ -79.42189074720936, 42.442915088739973, 0.0 ], [ -79.421884052836418, 42.44294388188667, 0.0 ], [ -79.421843224192486, 42.443119489255047, 0.0 ], [ -79.421826947644419, 42.443189495755206, 0.0 ], [ -79.421788642849393, 42.443292843694088, 0.0 ], [ -79.421724944188966, 42.44346470456626, 0.0 ], [ -79.421714246084221, 42.443493568272544, 0.0 ], [ -79.421713104331729, 42.443495366236952, 0.0 ], [ -79.421702252646796, 42.44351245482401, 0.0 ] ] } },
{ "type": "Feature", "properties": { "CalShoreTy": 3, "CalLandcov": 2, "CalSlope": 2, "CalSedi": 2, "CalRetreat": 3 }, "geometry": { "type": "LineString", "coordinates": [ [ -79.42295340991619, 42.438855822029993, 0.0 ], [ -79.422949123803235, 42.438938215595719, 0.0 ], [ -79.422946668155447, 42.438985421337428, 0.0 ], [ -79.422939862014275, 42.439116257758748, 0.0 ], [ -79.422937012212557, 42.439171040039838, 0.0 ], [ -79.422936821551815, 42.439174708289407, 0.0 ] ] } },
{ "type": "Feature", "properties": { "CalShoreTy": 3, "CalLandcov": 3, "CalSlope": 2, "CalSedi": 2, "CalRetreat": 3 }, "geometry": { "type": "LineString", "coordinates": [ [ -79.422970739579483, 42.43851225171926, 0.0 ], [ -79.422967243519324, 42.43858212004718, 0.0 ], [ -79.422958334144155, 42.438760172003299, 0.0 ], [ -79.42295711784412, 42.438784479569172, 0.0 ], [ -79.42295704086564, 42.438786017963466, 0.0 ], [ -79.422957023493339, 42.438786351941829, 0.0 ], [ -79.42295340991619, 42.438855822029993, 0.0 ] ] } },
{ "type": "Feature", "properties": { "CalShoreTy": 1, "CalLandcov": 1, "CalSlope": 2, "CalSedi": 1, "CalRetreat": 1 }, "geometry": { "type": "LineString", "coordinates": [ [ -79.598294089209091, 42.342710865517233, 0.0 ], [ -79.598155420898962, 42.342856607677419, 0.0 ], [ -79.598120767826941, 42.342893028365488, 0.0 ], [ -79.598013704669455, 42.343000730517417, 0.0 ], [ -79.597935422554954, 42.343079479552891, 0.0 ], [ -79.597866148950516, 42.343141536695967, 0.0 ], [ -79.597712733683423, 42.343278969601961, 0.0 ], [ -79.597559317747397, 42.343416402304541, 0.0 ], [ -79.597455385725297, 42.343509505985715, 0.0 ], [ -79.59739295384243, 42.343543761635871, 0.0 ], [ -79.597342427543765, 42.343571484776412, 0.0 ], [ -79.597225574197893, 42.34367086087078, 0.0 ], [ -79.597067441390493, 42.343805341757147, 0.0 ], [ -79.59701878510451, 42.343846720321707, 0.0 ], [ -79.596993482411861, 42.343868238636716, 0.0 ], [ -79.596907962293287, 42.343938945758225, 0.0 ], [ -79.596769382405881, 42.344053521656996, 0.0 ], [ -79.596751125226774, 42.344073957702321, 0.0 ], [ -79.59661829342798, 42.344222641551411, 0.0 ], [ -79.596597203575556, 42.344246248171871, 0.0 ], [ -79.596461985744526, 42.344297276259141, 0.0 ] ] } },
{ "type": "Feature", "properties": { "CalShoreTy": 3, "CalLandcov": 1, "CalSlope": 2, "CalSedi": 1, "CalRetreat": 1 }, "geometry": { "type": "LineString", "coordinates": [ [ -79.596461985744526, 42.344297276259141, 0.0 ], [ -79.596411097695196, 42.344295180095337, 0.0 ], [ -79.596311468805979, 42.344291076146654, 0.0 ] ] } },
{ "type": "Feature", "properties": { "CalShoreTy": 2, "CalLandcov": 2, "CalSlope": 2, "CalSedi": 1, "CalRetreat": 1 }, "geometry": { "type": "LineString", "coordinates": [ [ -79.589126465408881, 42.342648097105467, 0.0 ], [ -79.589031564081637, 42.342689538608823, 0.0 ], [ -79.589019720166107, 42.342694710598636, 0.0 ], [ -79.588830062366071, 42.342787311727101, 0.0 ], [ -79.588628925681633, 42.342885516824779, 0.0 ], [ -79.588573207407606, 42.34291272118567, 0.0 ], [ -79.5884486570734, 42.343002826164373, 0.0 ], [ -79.58837798732101, 42.343053951475987, 0.0 ], [ -79.588277348852031, 42.343127068853434, 0.0 ], [ -79.588276637629306, 42.343127644875182, 0.0 ] ] } },
{ "type": "Feature", "properties": { "CalShoreTy": 3, "CalLandcov": 2, "CalSlope": 2, "CalSedi": 1, "CalRetreat": 1 }, "geometry": { "type": "LineString", "coordinates": [ [ -79.596610786862811, 42.34273857091901, 0.0 ], [ -79.596608779534577, 42.342651771397072, 0.0 ], [ -79.59660834760227, 42.342633094052729, 0.0 ], [ -79.596608911842111, 42.342610720323989, 0.0 ], [ -79.59661236487797, 42.342473628449497, 0.0 ], [ -79.59661264396324, 42.342462548214222, 0.0 ], [ -79.596635114576614, 42.342438595322427, 0.0 ], [ -79.596641697177589, 42.342431577860417, 0.0 ], [ -79.596737544692772, 42.342408262963929, 0.0 ], [ -79.59680799858188, 42.342391125061241, 0.0 ], [ -79.596814604145166, 42.34238951825489, 0.0 ], [ -79.596843333886611, 42.342373172409062, 0.0 ], [ -79.59684967752662, 42.342369563765772, 0.0 ], [ -79.596863617917535, 42.342294544045643, 0.0 ], [ -79.596844222640982, 42.342231559981009, 0.0 ], [ -79.596834670348557, 42.342200539896261, 0.0 ], [ -79.596814662616879, 42.342172533906897, 0.0 ], [ -79.596754681004811, 42.342160539192449, 0.0 ], [ -79.596753401535182, 42.342160591915381, 0.0 ], [ -79.596738674821324, 42.3421611938398, 0.0 ], [ -79.596737394138259, 42.342161246573284, 0.0 ], [ -79.596661794562266, 42.342164338078291, 0.0 ], [ -79.596631620872344, 42.342165571960592, 0.0 ], [ -79.596616008291306, 42.342167687893102, 0.0 ], [ -79.596505489895762, 42.342182666883858, 0.0 ], [ -79.596496579117542, 42.342153673284308, 0.0 ], [ -79.596531653852196, 42.342136095522925, 0.0 ], [ -79.596614661819302, 42.342094495859207, 0.0 ], [ -79.596651751744062, 42.342059181670777, 0.0 ], [ -79.596658692795557, 42.342052572474444, 0.0 ], [ -79.596657170062144, 42.342008383219678, 0.0 ], [ -79.596656968366631, 42.342002549286235, 0.0 ], [ -79.596656936213947, 42.342001616060955, 0.0 ], [ -79.596655761371608, 42.341967516846935, 0.0 ], [ -79.596638694290633, 42.341941552815491, 0.0 ], [ -79.596616750870965, 42.341928571824056, 0.0 ], [ -79.596546921322783, 42.341951863792907, 0.0 ], [ -79.596510596041782, 42.34192526135535, 0.0 ], [ -79.59633935878017, 42.341799857087672, 0.0 ], [ -79.596331156171388, 42.341793849951813, 0.0 ], [ -79.596217899296278, 42.341755450925213, 0.0 ], [ -79.596140681877799, 42.341733999299549, 0.0 ], [ -79.596119701778079, 42.341728171146883, 0.0 ], [ -79.596113019178659, 42.341726314756841, 0.0 ], [ -79.59610060528, 42.341722435203963, 0.0 ], [ -79.595991436727104, 42.341688319457511, 0.0 ], [ -79.595894512245536, 42.341665041101905, 0.0 ], [ -79.595863971821373, 42.341657706185956, 0.0 ], [ -79.595830157753099, 42.341642011050546, 0.0 ], [ -79.595774234193101, 42.341616050608835, 0.0 ], [ -79.595773461299316, 42.341613866115843, 0.0 ], [ -79.595759173619427, 42.341573439333594, 0.0 ] ] } },
{ "type": "Feature", "properties": { "CalShoreTy": 3, "CalLandcov": 3, "CalSlope": 2, "CalSedi": 1, "CalRetreat": 1 }, "geometry": { "type": "LineString", "coordinates": [ [ -79.596547582264051, 42.343241004603478, 0.0 ], [ -79.596558782230318, 42.343183353505516, 0.0 ], [ -79.596564256108891, 42.343155177029196, 0.0 ], [ -79.596578751920873, 42.343080554877254, 0.0 ], [ -79.596597937364606, 42.343007599792664, 0.0 ], [ -79.596603734718101, 42.342985554584224, 0.0 ], [ -79.596609875047349, 42.342829905207005, 0.0 ], [ -79.596611781741061, 42.342781572845418, 0.0 ], [ -79.596610786862811, 42.34273857091901, 0.0 ] ] } },
{ "type": "Feature", "properties": { "CalShoreTy": 3, "CalLandcov": 1, "CalSlope": 2, "CalSedi": 1, "CalRetreat": 1 }, "geometry": { "type": "LineString", "coordinates": [ [ -79.596311468805979, 42.344291076146654, 0.0 ], [ -79.596244864993281, 42.344198985684876, 0.0 ], [ -79.59620431821476, 42.344142923102929, 0.0 ], [ -79.596285312706897, 42.344045197782414, 0.0 ], [ -79.59632452759395, 42.343997882244601, 0.0 ], [ -79.596373948355506, 42.343880760186622, 0.0 ], [ -79.596445720394868, 42.343710667117563, 0.0 ], [ -79.596467288323495, 42.343659552941524, 0.0 ], [ -79.596475374973735, 42.34361710458036, 0.0 ], [ -79.596490802060899, 42.34353613966924, 0.0 ], [ -79.596519192195274, 42.343387141152569, 0.0 ], [ -79.59652451973426, 42.343359717948921, 0.0 ], [ -79.596547582264236, 42.343241004603513, 0.0 ] ] } },
{ "type": "Feature", "properties": { "CalShoreTy": 1, "CalLandcov": 1, "CalSlope": 2, "CalSedi": 1, "CalRetreat": 1 }, "geometry": { "type": "LineString", "coordinates": [ [ -79.595759173619427, 42.341573439333594, 0.0 ], [ -79.595748206883613, 42.341542408435188, 0.0 ], [ -79.595741858729582, 42.341524446018489, 0.0 ], [ -79.595593778183343, 42.341489509403154, 0.0 ], [ -79.595536112765757, 42.341475992901294, 0.0 ], [ -79.59536908192743, 42.341436841461579, 0.0 ], [ -79.595303554141992, 42.341432221308736, 0.0 ], [ -79.595212078974711, 42.341425771624294, 0.0 ], [ -79.595211024268693, 42.341425839451922, 0.0 ], [ -79.595063470465533, 42.341435270198581, 0.0 ], [ -79.594949804593611, 42.341442534901176, 0.0 ], [ -79.594828468141529, 42.341470163601414, 0.0 ], [ -79.59459809790846, 42.341522619223809, 0.0 ], [ -79.594589756595241, 42.341524518541355, 0.0 ], [ -79.594522723811949, 42.341570517978418, 0.0 ], [ -79.594505739601445, 42.341590558005251, 0.0 ], [ -79.59451054384644, 42.341623258488809, 0.0 ], [ -79.594511762872685, 42.341631551165285, 0.0 ], [ -79.594536927407802, 42.341666094143477, 0.0 ], [ -79.59454571871224, 42.341678161663282, 0.0 ], [ -79.594562743472594, 42.341701531662984, 0.0 ], [ -79.594568026361671, 42.341726385444204, 0.0 ], [ -79.594568057192589, 42.341726530481495, 0.0 ], [ -79.594571576471253, 42.34174308615134, 0.0 ] ] } },
{ "type": "Feature", "properties": { "CalShoreTy": 1, "CalLandcov": 1, "CalSlope": 2, "CalSedi": 1, "CalRetreat": 1 }, "geometry": { "type": "LineString", "coordinates": [ [ -79.593459991840476, 42.342050000573465, 0.0 ], [ -79.593454363814345, 42.342030380459846, 0.0 ], [ -79.593367388959024, 42.342003773417012, 0.0 ], [ -79.593276602592027, 42.341976000274578, 0.0 ], [ -79.593133819176998, 42.341977638020353, 0.0 ], [ -79.593107502491378, 42.341977939856193, 0.0 ], [ -79.592896147039028, 42.341949888638695, 0.0 ], [ -79.592776772034995, 42.341934044935122, 0.0 ], [ -79.592657113383297, 42.341930207718065, 0.0 ], [ -79.592462112643531, 42.341923954158723, 0.0 ], [ -79.592416284543233, 42.341922484418347, 0.0 ], [ -79.592181228387489, 42.34191494570485, 0.0 ], [ -79.592175455758465, 42.341914760679394, 0.0 ], [ -79.591984996202385, 42.341908652163184, 0.0 ], [ -79.591934627703338, 42.341910279291042, 0.0 ], [ -79.591860361865017, 42.341912678333919, 0.0 ], [ -79.591693802245359, 42.341918059202378, 0.0 ], [ -79.591452976731802, 42.341925838681895, 0.0 ], [ -79.591376327433082, 42.341928314592145, 0.0 ], [ -79.591218096664193, 42.341961107351985, 0.0 ], [ -79.591062231907415, 42.341993409516576, 0.0 ], [ -79.590986244392383, 42.342009860374723, 0.0 ], [ -79.590765080727948, 42.342057740693228, 0.0 ], [ -79.59075512008495, 42.34206042173367, 0.0 ], [ -79.590551503802587, 42.342115227526271, 0.0 ], [ -79.590528484867392, 42.342121117159948, 0.0 ], [ -79.590336573587649, 42.342170219424347, 0.0 ], [ -79.590331790285944, 42.342171807906311, 0.0 ], [ -79.590301936788052, 42.342181721918799, 0.0 ], [ -79.590082053913804, 42.342254742224391, 0.0 ], [ -79.589994831998737, 42.342283707377952, 0.0 ], [ -79.589895999098275, 42.342316528297538, 0.0 ], [ -79.589862170469218, 42.342327762011081, 0.0 ], [ -79.589842952751482, 42.342334143839537, 0.0 ], [ -79.589842568262299, 42.342334271520087, 0.0 ], [ -79.58965400451018, 42.342417415122597, 0.0 ], [ -79.589579531113927, 42.342450252604536, 0.0 ], [ -79.589446650226918, 42.342508279276458, 0.0 ], [ -79.589239107340262, 42.342598908987206, 0.0 ], [ -79.589126465408, 42.342648097104373, 0.0 ] ] } },
{ "type": "Feature", "properties": { "CalShoreTy": 3, "CalLandcov": 1, "CalSlope": 2, "CalSedi": 1, "CalRetreat": 1 }, "geometry": { "type": "LineString", "coordinates": [ [ -79.593489840974826, 42.342138455361479, 0.0 ], [ -79.593488785228914, 42.342135869161133, 0.0 ], [ -79.5934747834132, 42.342101569693732, 0.0 ], [ -79.593461761837574, 42.342056171792962, 0.0 ], [ -79.593459991850423, 42.342050000571895, 0.0 ] ] } },
{ "type": "Feature", "properties": { "CalShoreTy": 3, "CalLandcov": 3, "CalSlope": 2, "CalSedi": 1, "CalRetreat": 1 }, "geometry": { "type": "LineString", "coordinates": [ [ -79.594571576471651, 42.341743086151297, 0.0 ], [ -79.594591705509046, 42.341837785237189, 0.0 ], [ -79.5946037689816, 42.341894538919121, 0.0 ], [ -79.594599980951415, 42.341903821969296, 0.0 ], [ -79.594581738116645, 42.341948542108341, 0.0 ], [ -79.594541698066095, 42.342003541405305, 0.0 ], [ -79.594541293515931, 42.342005379508706, 0.0 ], [ -79.594524744745058, 42.342080569875719, 0.0 ], [ -79.594528682252871, 42.342107496300891, 0.0 ], [ -79.594539570937982, 42.342181973982676, 0.0 ], [ -79.594541705433159, 42.342196573728138, 0.0 ], [ -79.59458139050372, 42.342357409399902, 0.0 ], [ -79.594624640368266, 42.342532691510684, 0.0 ], [ -79.594667890478931, 42.342707973604547, 0.0 ], [ -79.594683184574905, 42.342769956581954, 0.0 ], [ -79.594658167336348, 42.342793021356805, 0.0 ], [ -79.594642771993804, 42.342794924435289, 0.0 ], [ -79.594543933630462, 42.342807143129612, 0.0 ], [ -79.59442410258626, 42.342821956879995, 0.0 ], [ -79.594306042479857, 42.342835926065824, 0.0 ], [ -79.594068014118008, 42.342864089825824, 0.0 ], [ -79.594060118088294, 42.342865024082514, 0.0 ], [ -79.593829191001845, 42.342888289665048, 0.0 ], [ -79.59373464304602, 42.342897815100123, 0.0 ], [ -79.593693138666922, 42.34290199631323, 0.0 ], [ -79.593693012633139, 42.342901931702272, 0.0 ], [ -79.593664129817796, 42.342886955924712, 0.0 ], [ -79.59365208811181, 42.342865019202804, 0.0 ], [ -79.593645757686701, 42.342838610959831, 0.0 ], [ -79.593603702202913, 42.342663170114136, 0.0 ], [ -79.593574317787059, 42.342540587954197, 0.0 ], [ -79.593564127107314, 42.342487437051965, 0.0 ], [ -79.593530303820771, 42.342311026348952, 0.0 ], [ -79.59350374890623, 42.342172524276009, 0.0 ], [ -79.593489840974812, 42.342138455361479, 0.0 ] ] } },
{ "type": "Feature", "properties": { "CalShoreTy": 1, "CalLandcov": 1, "CalSlope": 2, "CalSedi": 1, "CalRetreat": 2 }, "geometry": { "type": "LineString", "coordinates": [ [ -79.606804973942673, 42.338208855646826, 0.0 ], [ -79.60665496545036, 42.338348321007587, 0.0 ], [ -79.60663550196864, 42.338366416465931, 0.0 ], [ -79.606512532853998, 42.33849203529077, 0.0 ], [ -79.606493563197375, 42.338511413643857, 0.0 ], [ -79.606350446577252, 42.338623676926041, 0.0 ], [ -79.606196536166834, 42.338744406408203, 0.0 ], [ -79.606186199525084, 42.338754027867019, 0.0 ], [ -79.606036298378442, 42.338893557040265, 0.0 ], [ -79.606008490935821, 42.338919440337513, 0.0 ], [ -79.605899242740051, 42.339040018530987, 0.0 ], [ -79.605765112239794, 42.339188058771938, 0.0 ], [ -79.605668629577323, 42.339294546452301, 0.0 ], [ -79.605667583408135, 42.339295585071092, 0.0 ], [ -79.605628224856915, 42.339334659532703, 0.0 ], [ -79.605606078876747, 42.339356645667515, 0.0 ], [ -79.605526971294907, 42.339435181675185, 0.0 ], [ -79.605525617087011, 42.339436526096918, 0.0 ], [ -79.605475679710011, 42.339471968125231, 0.0 ], [ -79.605391672407436, 42.339531590442725, 0.0 ], [ -79.605288788358038, 42.33958352173692, 0.0 ], [ -79.605089726443282, 42.339683998837259, 0.0 ], [ -79.604890663893059, 42.339784475594072, 0.0 ], [ -79.604691600706957, 42.339884952006784, 0.0 ], [ -79.604656669205795, 42.339902583484267, 0.0 ], [ -79.604503720642654, 42.339996395564683, 0.0 ], [ -79.604459241468973, 42.340023677088055, 0.0 ], [ -79.604394802006496, 42.340052259182229, 0.0 ], [ -79.60429123840143, 42.340075160220515, 0.0 ], [ -79.604281820112575, 42.340077242882096, 0.0 ], [ -79.604102771622365, 42.340088228998816, 0.0 ], [ -79.60410263783298, 42.340088210383456, 0.0 ], [ -79.604052122376302, 42.340081123956487, 0.0 ], [ -79.603895796872763, 42.340059194093705, 0.0 ], [ -79.603827964834892, 42.340025227143599, 0.0 ], [ -79.603734424459972, 42.339978386594396, 0.0 ], [ -79.60360999562603, 42.339955995200022, 0.0 ], [ -79.603594846134243, 42.339953268986108, 0.0 ], [ -79.603449853629115, 42.339983880870314, 0.0 ], [ -79.603376411238614, 42.33997393531763, 0.0 ], [ -79.603263377665741, 42.339958628235877, 0.0 ], [ -79.603138966605997, 42.339973981040892, 0.0 ], [ -79.603120174549261, 42.339976300040014, 0.0 ], [ -79.602906400746178, 42.340020544419318, 0.0 ], [ -79.602817429904093, 42.340038958417878, 0.0 ], [ -79.602807947161921, 42.340041086154102, 0.0 ], [ -79.602675183916489, 42.340070875453605, 0.0 ], [ -79.602444528463892, 42.3401226292847, 0.0 ], [ -79.602320329774159, 42.340150496435179, 0.0 ], [ -79.602213872604011, 42.340174382586049, 0.0 ], [ -79.602140876338709, 42.34019076096763, 0.0 ], [ -79.602137417894681, 42.340191536946605, 0.0 ], [ -79.602022474966674, 42.340220277475829, 0.0 ], [ -79.60198476624231, 42.340229706225777, 0.0 ], [ -79.601849476595774, 42.340263534137634, 0.0 ], [ -79.601760048283225, 42.340293571346585, 0.0 ], [ -79.601578457469245, 42.340354563820398, 0.0 ], [ -79.601542630025747, 42.340370175485987, 0.0 ], [ -79.601334977399816, 42.34046065891269, 0.0 ], [ -79.601275480146313, 42.3404865843778, 0.0 ], [ -79.601139081167574, 42.340564015016341, 0.0 ], [ -79.6011015141098, 42.340585340928911, 0.0 ], [ -79.600939922584473, 42.340664264835901, 0.0 ], [ -79.600803879563699, 42.340730710110783, 0.0 ], [ -79.600741795168219, 42.34076559989046, 0.0 ], [ -79.600549906348647, 42.340873435847776, 0.0 ], [ -79.600358016871795, 42.340981271486072, 0.0 ], [ -79.60022041579883, 42.34105859838359, 0.0 ], [ -79.600168223898351, 42.341091044737361, 0.0 ], [ -79.600068575748566, 42.341152993252159, 0.0 ], [ -79.599999839153952, 42.341217268817651, 0.0 ], [ -79.599944525371725, 42.341268992589413, 0.0 ], [ -79.599830336640252, 42.34134298288528, 0.0 ], [ -79.599708886849044, 42.341421677776879, 0.0 ], [ -79.599655982345226, 42.341465582671162, 0.0 ], [ -79.599586317885866, 42.341523396345387, 0.0 ], [ -79.599495657249292, 42.341598634267861, 0.0 ], [ -79.599347663978463, 42.341721451157362, 0.0 ], [ -79.599335331473867, 42.341731685640575, 0.0 ], [ -79.599175005016107, 42.3418647367874, 0.0 ], [ -79.599104927561399, 42.341922892169066, 0.0 ], [ -79.599014677881911, 42.341997787712323, 0.0 ], [ -79.598896122799417, 42.342096172694752, 0.0 ], [ -79.598856766847888, 42.342132350444388, 0.0 ], [ -79.598759078749595, 42.342222149469791, 0.0 ], [ -79.598710090300585, 42.34227363804353, 0.0 ], [ -79.598571423911267, 42.342419380700903, 0.0 ], [ -79.598432756881763, 42.342565123192685, 0.0 ], [ -79.598294089209119, 42.342710865517247, 0.0 ] ] } },
{ "type": "Feature", "properties": { "CalShoreTy": 2, "CalLandcov": 2, "CalSlope": 2, "CalSedi": 2, "CalRetreat": 2 }, "geometry": { "type": "LineString", "coordinates": [ [ -79.58827663762888, 42.343127644874905, 0.0 ], [ -79.588135756727866, 42.343241744392927, 0.0 ], [ -79.588105923747847, 42.34325043727533, 0.0 ], [ -79.588087747737134, 42.343255733485563, 0.0 ], [ -79.587979149844841, 42.343265282055434, 0.0 ], [ -79.587892703809729, 42.343318101345318, 0.0 ], [ -79.587807330924605, 42.343370264778819, 0.0 ], [ -79.587677971024149, 42.343381774728982, 0.0 ], [ -79.587669787700037, 42.343382502844086, 0.0 ], [ -79.587528486391534, 42.343423213098468, 0.0 ], [ -79.587464441781904, 42.343460062128635, 0.0 ], [ -79.587420393358002, 42.343485406005172, 0.0 ], [ -79.58731222242308, 42.343587410563423, 0.0 ], [ -79.587303349014761, 42.343590640991636, 0.0 ], [ -79.587163383560366, 42.343641596274729, 0.0 ], [ -79.587107828557436, 42.343672410027906, 0.0 ], [ -79.587093313780557, 42.343676597197323, 0.0 ], [ -79.587038983876695, 42.343692270063016, 0.0 ], [ -79.586913335179815, 42.343730658412028, 0.0 ], [ -79.586872120654263, 42.343747016125036, 0.0 ], [ -79.586823110404495, 42.34376646786167, 0.0 ], [ -79.586770986329242, 42.343787155482417, 0.0 ], [ -79.586684580411728, 42.343855210524396, 0.0 ], [ -79.586660475136455, 42.343874196286031, 0.0 ], [ -79.586512277753812, 42.343979779304348, 0.0 ], [ -79.586466591780876, 42.344012328101073, 0.0 ], [ -79.586358699903244, 42.344116603848228, 0.0 ], [ -79.586343532021061, 42.344131263323035, 0.0 ], [ -79.586214554637905, 42.344180895907762, 0.0 ], [ -79.586156861078649, 42.344211078630536, 0.0 ], [ -79.585980423743067, 42.34430338249188, 0.0 ], [ -79.585957250727461, 42.344310119985487, 0.0 ], [ -79.585831020508749, 42.344346820978416, 0.0 ], [ -79.585738111725476, 42.344383636690011, 0.0 ], [ -79.585718660433841, 42.344391344375246, 0.0 ], [ -79.585697959796875, 42.344424572503883, 0.0 ], [ -79.585682727680833, 42.344497600799286, 0.0 ], [ -79.58564754035288, 42.344541922333434, 0.0 ], [ -79.585609517579243, 42.344589815276436, 0.0 ], [ -79.585473119567979, 42.344647682977943, 0.0 ], [ -79.585466450357629, 42.34465177028256, 0.0 ], [ -79.585331714868062, 42.344734344308925, 0.0 ], [ -79.585277067273992, 42.344761745703508, 0.0 ], [ -79.585083866778234, 42.344858619886196, 0.0 ], [ -79.585077992343159, 42.344862186057057, 0.0 ], [ -79.584891706650836, 42.344975273406618, 0.0 ], [ -79.584705420289708, 42.345088360455861, 0.0 ], [ -79.584559391577187, 42.345177008190078, 0.0 ], [ -79.584551870303542, 42.345181104493491, 0.0 ], [ -79.584517451443773, 42.34519984998812, 0.0 ], [ -79.584323381493476, 42.345305545625564, 0.0 ], [ -79.584129310887661, 42.345411240932883, 0.0 ], [ -79.584009882513286, 42.345476284061867, 0.0 ], [ -79.583945879668875, 42.345511141024282, 0.0 ], [ -79.583945029080354, 42.345511604267983, 0.0 ], [ -79.583934241802766, 42.34550745571255, 0.0 ], [ -79.583886559999314, 42.345489118292448, 0.0 ], [ -79.583720392645517, 42.345425210493197, 0.0 ], [ -79.583714477951617, 42.345422935700341, 0.0 ], [ -79.583640624006051, 42.345505407933302, 0.0 ], [ -79.58368132486946, 42.345573395493837, 0.0 ], [ -79.583698482433249, 42.345602055792732, 0.0 ], [ -79.583714106727214, 42.345628152271154, 0.0 ], [ -79.583616763119068, 42.345722054338509, 0.0 ], [ -79.583577356780012, 42.345760067379032, 0.0 ], [ -79.583494982055413, 42.345819237681653, 0.0 ], [ -79.583460405930822, 42.345844075050948, 0.0 ], [ -79.583449702153942, 42.345849774218486, 0.0 ], [ -79.583391433045449, 42.345880799245563, 0.0 ], [ -79.583336433768835, 42.345910083919286, 0.0 ], [ -79.583247101086656, 42.34594565184139, 0.0 ], [ -79.583034866306093, 42.346030152951251, 0.0 ], [ -79.582889393947141, 42.346088072297803, 0.0 ], [ -79.582821469770764, 42.346112994920738, 0.0 ], [ -79.582605542531695, 42.346192222175823, 0.0 ], [ -79.582389614748791, 42.34627144902646, 0.0 ], [ -79.582173686421783, 42.346350675472202, 0.0 ], [ -79.581957757550512, 42.346429901512856, 0.0 ], [ -79.581892396554096, 42.346453882868332, 0.0 ], [ -79.581783279593651, 42.346548391682056, 0.0 ], [ -79.581725547528251, 42.34659839464932, 0.0 ], [ -79.58159740034985, 42.346658995005846, 0.0 ], [ -79.581483398606977, 42.346712905815572, 0.0 ], [ -79.581377820282484, 42.346717133515867, 0.0 ], [ -79.581265663030379, 42.346721624549531, 0.0 ], [ -79.581264659671106, 42.346721977571981, 0.0 ], [ -79.581149411486166, 42.346762526470592, 0.0 ], [ -79.580931742836512, 42.346839109957308, 0.0 ], [ -79.580885914093969, 42.346855234065323, 0.0 ], [ -79.580883659240584, 42.346856027397799, 0.0 ], [ -79.580708340067531, 42.346905824752504, 0.0 ], [ -79.580483311141393, 42.346969741072002, 0.0 ], [ -79.580286318530838, 42.347025693599306, 0.0 ], [ -79.580258160763478, 42.347033420241559, 0.0 ], [ -79.580212586506306, 42.347045926041211, 0.0 ], [ -79.580195284254941, 42.347050672488713, 0.0 ], [ -79.580116043359169, 42.347019977148932, 0.0 ], [ -79.580042732370032, 42.346991578173125, 0.0 ], [ -79.580042243932738, 42.346991543706579, 0.0 ], [ -79.580040970764216, 42.346991454903439, 0.0 ], [ -79.579953549975613, 42.346985357243305, 0.0 ], [ -79.579875598294564, 42.346887827206608, 0.0 ], [ -79.579875104351828, 42.346887209203864, 0.0 ], [ -79.579765545982212, 42.346882065528305, 0.0 ], [ -79.579757973020563, 42.346978222698183, 0.0 ], [ -79.579757788129001, 42.346980570337678, 0.0 ], [ -79.579715369872673, 42.347037852050335, 0.0 ], [ -79.579683653561602, 42.347080681034875, 0.0 ], [ -79.579620240980603, 42.347083384697314, 0.0 ], [ -79.579600312507509, 42.347084234503043, 0.0 ], [ -79.579546792077238, 42.347086516743666, 0.0 ], [ -79.579453786609818, 42.347119501392662, 0.0 ], [ -79.579452551665199, 42.34711953733045, 0.0 ], [ -79.579380561718338, 42.347088901690526, 0.0 ], [ -79.579276397664032, 42.347044574082425, 0.0 ], [ -79.579211405888358, 42.34711990035273, 0.0 ], [ -79.579205656059315, 42.347126564463935, 0.0 ], [ -79.579169286152407, 42.347169239264026, 0.0 ], [ -79.579128389678786, 42.34721724890445, 0.0 ], [ -79.579061783177778, 42.347256728353315, 0.0 ], [ -79.579042189431632, 42.347268342071025, 0.0 ], [ -79.578838630079304, 42.347321648209167, 0.0 ], [ -79.578836251852579, 42.347322270992514, 0.0 ], [ -79.57872523806013, 42.347376231641391, 0.0 ], [ -79.57863375892147, 42.347415341922584, 0.0 ], [ -79.578442252908431, 42.347497216522626, 0.0 ], [ -79.578424230967727, 42.347503343881939, 0.0 ], [ -79.578205217074469, 42.347577807055558, 0.0 ], [ -79.578120980518975, 42.347606446655732, 0.0 ], [ -79.577986202828086, 42.347652270080587, 0.0 ], [ -79.57777474895839, 42.347724162086223, 0.0 ], [ -79.577768137475644, 42.347727898086276, 0.0 ], [ -79.577579608838093, 42.347834431001758, 0.0 ], [ -79.577576623469341, 42.347836117972449, 0.0 ], [ -79.577413803690789, 42.347928123787099, 0.0 ], [ -79.577387610365349, 42.347946505446011, 0.0 ], [ -79.577212787410161, 42.348069190311136, 0.0 ], [ -79.577138837503355, 42.348121085641864, 0.0 ], [ -79.577008072589791, 42.34815614462044, 0.0 ], [ -79.577001499119746, 42.348157907007447, 0.0 ], [ -79.576879765819825, 42.348190545251036, 0.0 ], [ -79.57680703890577, 42.348246098199439, 0.0 ], [ -79.576646795794161, 42.34836850048098, 0.0 ], [ -79.576637730977367, 42.348372603661417, 0.0 ], [ -79.57657370516138, 42.348401584841412, 0.0 ], [ -79.576496771930508, 42.348423569392224, 0.0 ], [ -79.576415417972825, 42.348437524599902, 0.0 ], [ -79.576389062457395, 42.348442045529787, 0.0 ], [ -79.576419710639257, 42.3484559263999, 0.0 ], [ -79.576242785526716, 42.348470884903399, 0.0 ], [ -79.576199708598182, 42.348474526889021, 0.0 ], [ -79.576144907027725, 42.348533387394419, 0.0 ], [ -79.576099727491567, 42.34858191109452, 0.0 ], [ -79.576089933706641, 42.348595930939446, 0.0 ], [ -79.576036310758823, 42.348672692285398, 0.0 ], [ -79.575953289408702, 42.348740954902745, 0.0 ], [ -79.575927803434851, 42.348761910183768, 0.0 ], [ -79.575867525153498, 42.348803953641678, 0.0 ], [ -79.575828803461548, 42.348830963694184, 0.0 ], [ -79.575782670067383, 42.348852135557209, 0.0 ], [ -79.575772030407848, 42.348857018701231, 0.0 ], [ -79.575741763952848, 42.348870909683555, 0.0 ], [ -79.575642199238374, 42.348914655223986, 0.0 ], [ -79.575573891388018, 42.348902568458612, 0.0 ], [ -79.575555038650876, 42.348899232509581, 0.0 ], [ -79.575442996068404, 42.348879406753099, 0.0 ], [ -79.575317124170738, 42.348879038115491, 0.0 ], [ -79.575231787964611, 42.348878788114014, 0.0 ], [ -79.575159498953482, 42.348929972376773, 0.0 ], [ -79.575119325739706, 42.34895841724844, 0.0 ], [ -79.575088438717913, 42.348980286874031, 0.0 ], [ -79.575056153141148, 42.349003146449242, 0.0 ], [ -79.574922719955339, 42.349059371317388, 0.0 ], [ -79.574876949837261, 42.349078657455628, 0.0 ], [ -79.574776608442093, 42.349124321188135, 0.0 ], [ -79.574762219764992, 42.349129636715332, 0.0 ], [ -79.574717668295861, 42.349152799689158, 0.0 ], [ -79.574520488541921, 42.34925531597181, 0.0 ], [ -79.574412162800456, 42.349311635627267, 0.0 ], [ -79.574326610154785, 42.349361119455224, 0.0 ], [ -79.574136756710544, 42.349470930576267, 0.0 ], [ -79.573946902604035, 42.349580741385104, 0.0 ], [ -79.573757047834519, 42.349690551881125, 0.0 ], [ -79.573687189106181, 42.349730957440329, 0.0 ], [ -79.57356217729459, 42.349795345903622, 0.0 ], [ -79.573364386450109, 42.349897219318656, 0.0 ], [ -79.57324523015194, 42.349958591193307, 0.0 ], [ -79.57316625027606, 42.349998724396485, 0.0 ], [ -79.572967591154594, 42.350099671503912, 0.0 ], [ -79.572768931395942, 42.35020061826917, 0.0 ], [ -79.572570270999364, 42.350301564691755, 0.0 ], [ -79.572532878744298, 42.350320564952717, 0.0 ], [ -79.572368104422537, 42.350398608893393, 0.0 ], [ -79.57216512441849, 42.35049474803818, 0.0 ], [ -79.572133896750145, 42.350509538603056, 0.0 ] ] } },
{ "type": "Feature", "properties": { "CalShoreTy": 2, "CalLandcov": 2, "CalSlope": 3, "CalSedi": 2, "CalRetreat": 2 }, "geometry": { "type": "LineString", "coordinates": [ [ -79.572133896750813, 42.350509538603852, 0.0 ], [ -79.572104430029356, 42.35052349517882, 0.0 ], [ -79.571951951854913, 42.350577354246283, 0.0 ], [ -79.571785045555586, 42.350636309346001, 0.0 ], [ -79.571729695490546, 42.350643058381394, 0.0 ], [ -79.571690719578214, 42.350647810838446, 0.0 ], [ -79.57149182248024, 42.350672062943183, 0.0 ], [ -79.571490389421982, 42.350672237678104, 0.0 ], [ -79.571264787521429, 42.350707565735817, 0.0 ], [ -79.571256122939886, 42.350709433912307, 0.0 ], [ -79.571060788257086, 42.350751549938117, 0.0 ], [ -79.571027997874722, 42.350765165038453, 0.0 ], [ -79.570954739272494, 42.35079558314429, 0.0 ], [ -79.570918405519052, 42.350851754924506, 0.0 ], [ -79.570887000815219, 42.350900305653667, 0.0 ], [ -79.570877764005289, 42.350914585467031, 0.0 ], [ -79.570677422276034, 42.350981178806542, 0.0 ], [ -79.570661836822694, 42.350986359370268, 0.0 ], [ -79.570468794150059, 42.351050525505798, 0.0 ], [ -79.570457102338011, 42.351053422397356, 0.0 ], [ -79.570419409117761, 42.351062761669596, 0.0 ], [ -79.570351822977386, 42.351079509233223, 0.0 ], [ -79.57035055525202, 42.351079549856763, 0.0 ], [ -79.570336414900822, 42.351079999297255, 0.0 ], [ -79.570230330840445, 42.351112093451583, 0.0 ], [ -79.570202773523533, 42.351120430485459, 0.0 ], [ -79.570158243255406, 42.351133901366488, 0.0 ], [ -79.570056190802958, 42.351188004251036, 0.0 ], [ -79.570019355338189, 42.351182420689952, 0.0 ], [ -79.569980232990162, 42.3511764904651, 0.0 ], [ -79.56991473575971, 42.351166561162472, 0.0 ], [ -79.569913790115422, 42.351166474768981, 0.0 ], [ -79.56978553352711, 42.351139524629481, 0.0 ], [ -79.569748837942029, 42.351131813874076, 0.0 ], [ -79.569607901161319, 42.351092190793672, 0.0 ], [ -79.56959777949757, 42.351129998524279, 0.0 ], [ -79.56959256771556, 42.351149466216825, 0.0 ], [ -79.569575029106517, 42.351214985700892, 0.0 ], [ -79.569524483567946, 42.351226531933108, 0.0 ], [ -79.569453534825755, 42.351227414997382, 0.0 ], [ -79.569351216274953, 42.351228688427291, 0.0 ], [ -79.569252038162418, 42.351300406632767, 0.0 ], [ -79.569222925321014, 42.351321458817488, 0.0 ], [ -79.569198145135104, 42.351420609808763, 0.0 ], [ -79.569136710405132, 42.351433672884475, 0.0 ], [ -79.569022396818625, 42.351457979667416, 0.0 ], [ -79.569022353001017, 42.351458037248861, 0.0 ], [ -79.569017069660177, 42.351464980173205, 0.0 ] ] } },
{ "type": "Feature", "properties": { "CalShoreTy": 2, "CalLandcov": 2, "CalSlope": 2, "CalSedi": 2, "CalRetreat": 2 }, "geometry": { "type": "LineString", "coordinates": [ [ -79.569017069660177, 42.351464980173205, 0.0 ], [ -79.568962524154799, 42.351536656140112, 0.0 ], [ -79.568894428266944, 42.351626137833613, 0.0 ], [ -79.568893391221678, 42.351627500565144, 0.0 ], [ -79.568829873702356, 42.351684638957188, 0.0 ], [ -79.568676830751883, 42.351822311082294, 0.0 ], [ -79.568619047789866, 42.351874290418571, 0.0 ], [ -79.56848874303401, 42.351929299755895, 0.0 ], [ -79.568469474563372, 42.351937434094268, 0.0 ], [ -79.568281150287987, 42.351984627757744, 0.0 ], [ -79.568274493000615, 42.351998601532671, 0.0 ], [ -79.568207865636595, 42.352138453282301, 0.0 ], [ -79.568172162392472, 42.352152532549169, 0.0 ], [ -79.567959455230223, 42.35223641142202, 0.0 ], [ -79.567903658618704, 42.352258414136571, 0.0 ], [ -79.567783530233797, 42.352355336709543, 0.0 ], [ -79.567642736145146, 42.352468932346689, 0.0 ], [ -79.56761261011836, 42.352478230909966, 0.0 ], [ -79.567390138212687, 42.352546897748162, 0.0 ], [ -79.567167665821017, 42.352615564156451, 0.0 ], [ -79.567086197648806, 42.352640709273359, 0.0 ], [ -79.566953719019068, 42.352696990010529, 0.0 ], [ -79.566851285322684, 42.352740506619838, 0.0 ], [ -79.566731567700302, 42.352761184754605, 0.0 ], [ -79.566556372276224, 42.352791444999227, 0.0 ], [ -79.566526012744305, 42.352830698289694, 0.0 ], [ -79.566488771541643, 42.352878849141192, 0.0 ], [ -79.566410370517715, 42.352936744161667, 0.0 ], [ -79.566364874571505, 42.352959865976707, 0.0 ], [ -79.566213603446144, 42.353036744285028, 0.0 ], [ -79.566181499550027, 42.353053059215256, 0.0 ], [ -79.566166399472735, 42.353060733072212, 0.0 ], [ -79.566166235291405, 42.353060842057758, 0.0 ], [ -79.565986871277389, 42.353179904660024, 0.0 ], [ -79.565925401078417, 42.353220708673192, 0.0 ], [ -79.565897737900002, 42.353251497255044, 0.0 ], [ -79.565863399329288, 42.353289717351394, 0.0 ], [ -79.565826099075423, 42.353310089778006, 0.0 ], [ -79.565632206709111, 42.353415988324386, 0.0 ], [ -79.565524233143805, 42.35347496014608, 0.0 ], [ -79.565454351214441, 42.353513127194418, 0.0 ], [ -79.565444787827857, 42.353523576910312, 0.0 ], [ -79.56544248823856, 42.353524847955541, 0.0 ], [ -79.565249416934932, 42.353631563267136, 0.0 ], [ -79.56520022090757, 42.353658755024561, 0.0 ], [ -79.565160721640794, 42.353680586027842, 0.0 ], [ -79.565077042699883, 42.353754437722522, 0.0 ], [ -79.565032720605529, 42.353793554538527, 0.0 ], [ -79.565019618538699, 42.353838373556002, 0.0 ], [ -79.565003358726329, 42.353893991634493, 0.0 ], [ -79.56497557817643, 42.353907178314159, 0.0 ], [ -79.564817070783747, 42.353982417269314, 0.0 ], [ -79.564772176160986, 42.354002831642219, 0.0 ], [ -79.564654007159376, 42.35405656501122, 0.0 ], [ -79.564616759404828, 42.354073503260253, 0.0 ], [ -79.564597607671374, 42.354114445579192, 0.0 ], [ -79.564580710435678, 42.354150568213655, 0.0 ], [ -79.56455905350488, 42.354218586261318, 0.0 ], [ -79.564537335416546, 42.35428680138719, 0.0 ], [ -79.564532028084358, 42.354303471352772, 0.0 ], [ -79.564362677242443, 42.354404833330342, 0.0 ], [ -79.56434470846132, 42.354415588194527, 0.0 ], [ -79.564197719106431, 42.35450356761153, 0.0 ], [ -79.564181101192858, 42.354520973146045, 0.0 ], [ -79.564042104055545, 42.354666557699609, 0.0 ], [ -79.563964746245915, 42.354747581321519, 0.0 ], [ -79.563894176128116, 42.354806938995345, 0.0 ], [ -79.563756746581063, 42.354922532775248, 0.0 ], [ -79.563737438084843, 42.354942206161894, 0.0 ], [ -79.563693882081807, 42.354986585222115, 0.0 ], [ -79.563643718001913, 42.355037697141626, 0.0 ], [ -79.5635958810863, 42.355086437943669, 0.0 ], [ -79.563515589059023, 42.355168246885569, 0.0 ], [ -79.563428660291223, 42.355210905008263, 0.0 ], [ -79.563300403627451, 42.355273843536693, 0.0 ], [ -79.563230258691746, 42.355308265346359, 0.0 ], [ -79.563228054017969, 42.355309707878114, 0.0 ], [ -79.56304753731203, 42.355427820638212, 0.0 ], [ -79.562867019929428, 42.355545933116723, 0.0 ], [ -79.562686501869024, 42.355664045312729, 0.0 ], [ -79.562526743883012, 42.35576857367348, 0.0 ], [ -79.562506605489361, 42.3557826595855, 0.0 ], [ -79.56233149761222, 42.355905139347399, 0.0 ], [ -79.562253739146939, 42.355959527514386, 0.0 ], [ -79.562198782251997, 42.356008536119091, 0.0 ], [ -79.562174355879506, 42.356038994438684, 0.0 ], [ -79.562051432050936, 42.356192273045252, 0.0 ], [ -79.561928507625709, 42.356345551521812, 0.0 ], [ -79.561809795180224, 42.356493577109696, 0.0 ], [ -79.561803132724648, 42.356497188581109, 0.0 ], [ -79.561691826512103, 42.356557523439328, 0.0 ], [ -79.561690550257254, 42.356557569441854, 0.0 ], [ -79.561675917124361, 42.356558104848084, 0.0 ], [ -79.561612037427338, 42.356596624356847, 0.0 ], [ -79.561608401472853, 42.356598816801757, 0.0 ], [ -79.561467134660091, 42.356683999060031, 0.0 ], [ -79.561420430257058, 42.356657622302997, 0.0 ], [ -79.561333178353635, 42.356608345846297, 0.0 ], [ -79.561205464595943, 42.356585836982106, 0.0 ], [ -79.561097023251321, 42.356566724651735, 0.0 ], [ -79.561096818891698, 42.356566775010478, 0.0 ], [ -79.561044500643732, 42.356579838873891, 0.0 ], [ -79.561021072985184, 42.356585688848135, 0.0 ], [ -79.560985400515833, 42.356611005846915, 0.0 ], [ -79.560976045382958, 42.356617645243119, 0.0 ], [ -79.560929317350812, 42.356677493732093, 0.0 ], [ -79.560926057350542, 42.356681670085905, 0.0 ], [ -79.560922855718459, 42.35677631195081, 0.0 ], [ -79.560922747626876, 42.356779507176938, 0.0 ], [ -79.560897802585913, 42.356887552621643, 0.0 ], [ -79.56085533661016, 42.356944898480428, 0.0 ], [ -79.560739591244925, 42.357101199880695, 0.0 ], [ -79.560643815159096, 42.357230534288639, 0.0 ], [ -79.560621960691435, 42.357256690942478, 0.0 ], [ -79.560495290846561, 42.357408296010156, 0.0 ], [ -79.560425769111006, 42.357491502874261, 0.0 ], [ -79.560350950973373, 42.35754985539814, 0.0 ], [ -79.560216760933002, 42.357654513148937, 0.0 ], [ -79.560181596321868, 42.357676439504225, 0.0 ], [ -79.559997318440537, 42.357791342728341, 0.0 ], [ -79.55994079642403, 42.357826585891189, 0.0 ], [ -79.559802909151387, 42.357896415461326, 0.0 ], [ -79.55971772767144, 42.357939553336081, 0.0 ], [ -79.55959576267837, 42.357987027665018, 0.0 ], [ -79.559460814832121, 42.358039555275788, 0.0 ], [ -79.559378081652895, 42.358062967117839, 0.0 ], [ -79.559152910159526, 42.358126685774579, 0.0 ], [ -79.559149746810888, 42.358127580928823, 0.0 ], [ -79.558924647792082, 42.3581840808327, 0.0 ], [ -79.558696340973327, 42.358241385340882, 0.0 ], [ -79.558691794743694, 42.358242526428029, 0.0 ], [ -79.558686366398419, 42.358244697693578, 0.0 ], [ -79.558483970618155, 42.358325653011413, 0.0 ], [ -79.558467658892368, 42.358332177465741, 0.0 ], [ -79.558271923424883, 42.35841046803386, 0.0 ], [ -79.558135116286891, 42.358465188081496, 0.0 ], [ -79.558126798363105, 42.3584685150715, 0.0 ], [ -79.558062551785625, 42.358498651054909, 0.0 ], [ -79.557858982843669, 42.358594138206406, 0.0 ], [ -79.557655413283797, 42.358689624998711, 0.0 ], [ -79.557451843105497, 42.358785111431217, 0.0 ], [ -79.557318800087543, 42.358847516109236, 0.0 ], [ -79.55724978802688, 42.358882299237749, 0.0 ], [ -79.557050591561705, 42.358982696837806, 0.0 ], [ -79.556851394461205, 42.359083094094331, 0.0 ], [ -79.556652196724542, 42.359183491006611, 0.0 ], [ -79.556452998351674, 42.359283887574186, 0.0 ], [ -79.556253799342144, 42.359384283797034, 0.0 ], [ -79.556216116023791, 42.359403276098902, 0.0 ], [ -79.556054599664947, 42.359484679641284, 0.0 ], [ -79.555855399345347, 42.359585075134333, 0.0 ], [ -79.555656198389698, 42.359685470283104, 0.0 ], [ -79.555456996797545, 42.359785865087161, 0.0 ], [ -79.555449744805657, 42.359789519975749, 0.0 ], [ -79.555417028614855, 42.359807469248445, 0.0 ], [ -79.555416723372531, 42.359807636716056, 0.0 ], [ -79.555367440717731, 42.35983467504164, 0.0 ], [ -79.555263195979151, 42.359891866610489, 0.0 ], [ -79.555233649081373, 42.359908076867868, 0.0 ], [ -79.555232802120912, 42.359908541532981, 0.0 ], [ -79.555137440186073, 42.359988772036679, 0.0 ], [ -79.555098664732313, 42.360021395512376, 0.0 ], [ -79.554953776516527, 42.36014329585128, 0.0 ], [ -79.554938448028437, 42.360154501863533, 0.0 ], [ -79.554767036363828, 42.360279813294127, 0.0 ], [ -79.554730789139313, 42.360306311927424, 0.0 ], [ -79.554601239293888, 42.360409149312197, 0.0 ], [ -79.554496796815883, 42.360492055977893, 0.0 ], [ -79.554428594656613, 42.360522545956023, 0.0 ], [ -79.554421641900149, 42.36052565424518, 0.0 ], [ -79.554215335066488, 42.360617885120099, 0.0 ], [ -79.554204327617768, 42.360622806056135, 0.0 ], [ -79.55407478633812, 42.360761680643769, 0.0 ], [ -79.553998518181032, 42.360843443483063, 0.0 ], [ -79.553993145391516, 42.360849204937487, 0.0 ], [ -79.553924508719504, 42.360900132106515, 0.0 ], [ -79.553754358329357, 42.36102638008505, 0.0 ], [ -79.553646631201318, 42.36110631093522, 0.0 ], [ -79.553592178203985, 42.361157827051464, 0.0 ], [ -79.553443753174349, 42.361298246329866, 0.0 ], [ -79.553335538794542, 42.361400623325132, 0.0 ], [ -79.553329222112495, 42.361405776773204, 0.0 ], [ -79.553291685443099, 42.361436400939724, 0.0 ], [ -79.553265669485782, 42.361457625951864, 0.0 ], [ -79.55314902843358, 42.361552786941608, 0.0 ] ] } },
{ "type": "Feature", "properties": { "CalShoreTy": 1, "CalLandcov": 2, "CalSlope": 2, "CalSedi": 2, "CalRetreat": 2 }, "geometry": { "type": "LineString", "coordinates": [ [ -79.553149028433495, 42.361552786941552, 0.0 ], [ -79.553129815822501, 42.361568461325334, 0.0 ], [ -79.553081445008146, 42.361607924038964, 0.0 ], [ -79.553080761860599, 42.361608481375704, 0.0 ], [ -79.553066930218975, 42.361619425076285, 0.0 ], [ -79.552966055966252, 42.361699237391797, 0.0 ], [ -79.552826794613097, 42.361809421336048, 0.0 ], [ -79.552801473981646, 42.36182945498976, 0.0 ], [ -79.55279104914672, 42.361837703109209, 0.0 ], [ -79.55278909634184, 42.361839248165268, 0.0 ], [ -79.552668344937985, 42.361977774222275, 0.0 ], [ -79.552593343868693, 42.362063815106623, 0.0 ], [ -79.552537913750385, 42.362127632184894, 0.0 ], [ -79.552470367297431, 42.362205398670206, 0.0 ], [ -79.552416908879593, 42.362281529868433, 0.0 ], [ -79.55239465166305, 42.362313226751048, 0.0 ], [ -79.552310126390154, 42.362388056052666, 0.0 ], [ -79.552269559910002, 42.362421613701009, 0.0 ], [ -79.552267562213785, 42.36242326621791, 0.0 ] ] } },
{ "type": "Feature", "properties": { "CalShoreTy": 3, "CalLandcov": 2, "CalSlope": 2, "CalSedi": 2, "CalRetreat": 2 }, "geometry": { "type": "LineString", "coordinates": [ [ -79.552267562232586, 42.362423266230422, 0.0 ], [ -79.552156994082793, 42.36251473139891, 0.0 ], [ -79.552089556609715, 42.362533700458563, 0.0 ] ] } },
{ "type": "Feature", "properties": { "CalShoreTy": 2, "CalLandcov": 2, "CalSlope": 3, "CalSedi": 2, "CalRetreat": 3 }, "geometry": { "type": "LineString", "coordinates": [ [ -79.523890375580152, 42.375312816653953, 0.0 ], [ -79.523871550795491, 42.375365845983431, 0.0 ], [ -79.523859546780173, 42.375399661189704, 0.0 ], [ -79.523859323572779, 42.375400289962613, 0.0 ], [ -79.523699881070144, 42.375480607066478, 0.0 ], [ -79.523561676543935, 42.375550225467734, 0.0 ], [ -79.523495314989361, 42.375574260131721, 0.0 ], [ -79.523407624648073, 42.375606019514244, 0.0 ], [ -79.523284837249122, 42.375650488826409, 0.0 ], [ -79.523279790950937, 42.375653827022461, 0.0 ], [ -79.523145019954896, 42.375742979661119, 0.0 ], [ -79.523132847851429, 42.375786592214745, 0.0 ], [ -79.523132064318276, 42.375789399603875, 0.0 ], [ -79.523109678948899, 42.375869608289314, 0.0 ], [ -79.523001301294599, 42.375917728951222, 0.0 ], [ -79.522813664525103, 42.376001040962059, 0.0 ], [ -79.522794580479498, 42.376009514610452, 0.0 ], [ -79.522733173268961, 42.376036780440103, 0.0 ], [ -79.522699661258116, 42.376076820047921, 0.0 ], [ -79.522644011587133, 42.376143307900861, 0.0 ], [ -79.522584350993327, 42.37621458764567, 0.0 ], [ -79.522487681264934, 42.37627627664601, 0.0 ], [ -79.522305162346541, 42.376392749055974, 0.0 ] ] } },
{ "type": "Feature", "properties": { "CalShoreTy": 3, "CalLandcov": 2, "CalSlope": 2, "CalSedi": 2, "CalRetreat": 3 }, "geometry": { "type": "LineString", "coordinates": [ [ -79.552089556609715, 42.362533700458563, 0.0 ], [ -79.552008912539591, 42.362556384251356, 0.0 ], [ -79.551854560369179, 42.362565503010941, 0.0 ], [ -79.551767821926191, 42.362570627218815, 0.0 ], [ -79.551715667225324, 42.362558357621424, 0.0 ] ] } },
{ "type": "Feature", "properties": { "CalShoreTy": 1, "CalLandcov": 2, "CalSlope": 2, "CalSedi": 2, "CalRetreat": 3 }, "geometry": { "type": "LineString", "coordinates": [ [ -79.551715667225309, 42.362558357621424, 0.0 ], [ -79.551625753150319, 42.362537205518862, 0.0 ], [ -79.55162096610708, 42.36253607931873, 0.0 ], [ -79.551554810184939, 42.362520515437652, 0.0 ], [ -79.551413747122623, 42.362552505716721, 0.0 ], [ -79.551412632903279, 42.362552518726446, 0.0 ], [ -79.551391624382831, 42.362559498168828, 0.0 ], [ -79.55129981794164, 42.362589998000878, 0.0 ], [ -79.551245080194576, 42.362608182423109, 0.0 ], [ -79.551196079936972, 42.362607960729932, 0.0 ], [ -79.551164621875841, 42.362607818694464, 0.0 ], [ -79.551083662614559, 42.362607452812789, 0.0 ], [ -79.550929112707095, 42.362576366347511, 0.0 ], [ -79.550904658446541, 42.362571447547893, 0.0 ], [ -79.550707000090995, 42.362518230942051, 0.0 ], [ -79.55070190824803, 42.36251685999359, 0.0 ], [ -79.550518603977764, 42.362467506194243, 0.0 ], [ -79.550473117531681, 42.362462248050349, 0.0 ], [ -79.550405604670217, 42.362454443659495, 0.0 ], [ -79.550237652424727, 42.362484475299098, 0.0 ], [ -79.550188822110698, 42.362493206623803, 0.0 ], [ -79.550188153993702, 42.362493257273002, 0.0 ], [ -79.550017858887301, 42.362506218870266, 0.0 ], [ -79.549999564110777, 42.362510080818772, 0.0 ], [ -79.549885624870882, 42.36253413281942, 0.0 ], [ -79.549814391340846, 42.362545976216424, 0.0 ], [ -79.549813431776982, 42.362546205946892, 0.0 ], [ -79.549767185380631, 42.362557277846975, 0.0 ], [ -79.549714248576322, 42.362569951488105, 0.0 ], [ -79.549694321171302, 42.362574722097541, 0.0 ], [ -79.549668891461167, 42.362580809963426, 0.0 ] ] } },
{ "type": "Feature", "properties": { "CalShoreTy": 1, "CalLandcov": 1, "CalSlope": 2, "CalSedi": 2, "CalRetreat": 3 }, "geometry": { "type": "LineString", "coordinates": [ [ -79.549668891461167, 42.362580809963426, 0.0 ], [ -79.549537791204145, 42.362612196402864, 0.0 ], [ -79.549308396767572, 42.362667114825065, 0.0 ], [ -79.5492622623144, 42.362678159611271, 0.0 ] ] } },
{ "type": "Feature", "properties": { "CalShoreTy": 2, "CalLandcov": 2, "CalSlope": 2, "CalSedi": 2, "CalRetreat": 3 }, "geometry": { "type": "LineString", "coordinates": [ [ -79.540421885529454, 42.367091358150638, 0.0 ], [ -79.540411742513896, 42.367112208781691, 0.0 ], [ -79.540402015763803, 42.367132203697288, 0.0 ] ] } },
{ "type": "Feature", "properties": { "CalShoreTy": 2, "CalLandcov": 1, "CalSlope": 2, "CalSedi": 2, "CalRetreat": 3 }, "geometry": { "type": "LineString", "coordinates": [ [ -79.540588099628195, 42.366808132647911, 0.0 ], [ -79.540579586058428, 42.366821491190336, 0.0 ], [ -79.540549042880556, 42.366869416080505, 0.0 ], [ -79.540548654233646, 42.366870025900617, 0.0 ], [ -79.540476853937008, 42.366982688127273, 0.0 ], [ -79.540467965306433, 42.366996635292146, 0.0 ], [ -79.540421885529454, 42.367091358150631, 0.0 ] ] } },
{ "type": "Feature", "properties": { "CalShoreTy": 2, "CalLandcov": 2, "CalSlope": 2, "CalSedi": 2, "CalRetreat": 3 }, "geometry": { "type": "LineString", "coordinates": [ [ -79.540666918561854, 42.366715905663519, 0.0 ], [ -79.540650873556388, 42.366726696293469, 0.0 ], [ -79.540631954099638, 42.36673941945503, 0.0 ], [ -79.540631843697412, 42.366739493699498, 0.0 ], [ -79.540631403447634, 42.366740184497544, 0.0 ], [ -79.540588099628195, 42.366808132647911, 0.0 ] ] } },
{ "type": "Feature", "properties": { "CalShoreTy": 2, "CalLandcov": 3, "CalSlope": 2, "CalSedi": 2, "CalRetreat": 3 }, "geometry": { "type": "LineString", "coordinates": [ [ -79.540835996186388, 42.366625810443459, 0.0 ], [ -79.54073883503149, 42.366667541013172, 0.0 ], [ -79.54073761933553, 42.366668358583624, 0.0 ], [ -79.540719464486642, 42.366680567938396, 0.0 ], [ -79.540666918562081, 42.366715905663703, 0.0 ] ] } },
{ "type": "Feature", "properties": { "CalShoreTy": 2, "CalLandcov": 2, "CalSlope": 2, "CalSedi": 2, "CalRetreat": 3 }, "geometry": { "type": "LineString", "coordinates": [ [ -79.549262262314514, 42.362678159611534, 0.0 ], [ -79.549180173945359, 42.362697811605329, 0.0 ], [ -79.549079001869089, 42.362722032650176, 0.0 ], [ -79.54901599920349, 42.362737115634623, 0.0 ], [ -79.548854426216067, 42.362786610818041, 0.0 ], [ -79.548631674967368, 42.362854846438964, 0.0 ], [ -79.548408923234874, 42.362923081628871, 0.0 ], [ -79.5481861710186, 42.3629913163875, 0.0 ], [ -79.548094771001956, 42.363019314405371, 0.0 ], [ -79.547959121198019, 42.363050819293115, 0.0 ], [ -79.547857173787961, 42.363074496617635, 0.0 ], [ -79.547729080902798, 42.363104246172121, 0.0 ], [ -79.547499040242585, 42.363157672653102, 0.0 ], [ -79.547361800612933, 42.363189546017999, 0.0 ], [ -79.547268815373059, 42.363210661700244, 0.0 ], [ -79.547176783364307, 42.363231560827096, 0.0 ], [ -79.547033323266788, 42.363246388160334, 0.0 ], [ -79.546992767999697, 42.363250579719434, 0.0 ], [ -79.546804639566844, 42.363301141472029, 0.0 ], [ -79.546791966722054, 42.363304547434879, 0.0 ], [ -79.546567409434218, 42.363332190136511, 0.0 ], [ -79.546507716385108, 42.363339538192108, 0.0 ], [ -79.54632880966885, 42.363321190500812, 0.0 ], [ -79.546217517786857, 42.363309776868746, 0.0 ], [ -79.546217101062069, 42.36331007399675, 0.0 ], [ -79.546191587802298, 42.363328265139515, 0.0 ], [ -79.546124848755383, 42.363375850088474, 0.0 ], [ -79.546062929054358, 42.36341999880046, 0.0 ], [ -79.546060832086681, 42.363421493934581, 0.0 ], [ -79.545911069958663, 42.36344144323391, 0.0 ], [ -79.545673757464925, 42.363473054390603, 0.0 ], [ -79.545669783168464, 42.363473583780625, 0.0 ], [ -79.545654528859728, 42.363476644980743, 0.0 ], [ -79.545495782942837, 42.363508496415101, 0.0 ], [ -79.545446483651915, 42.363529337812885, 0.0 ], [ -79.545346752992614, 42.363571499087683, 0.0 ], [ -79.54524892171824, 42.363630448189461, 0.0 ], [ -79.545145830475448, 42.363692566520726, 0.0 ], [ -79.545050243866584, 42.363729891364727, 0.0 ], [ -79.54492461928082, 42.363778945306215, 0.0 ], [ -79.54489657016336, 42.363849136403203, 0.0 ], [ -79.544860196726077, 42.363940158325882, 0.0 ], [ -79.544837563690493, 42.363996800152954, 0.0 ], [ -79.544810955963996, 42.364010924560631, 0.0 ], [ -79.544642168803378, 42.364100522999607, 0.0 ], [ -79.544615117182587, 42.364114882984538, 0.0 ], [ -79.544458948257045, 42.364197782876303, 0.0 ], [ -79.544427774624793, 42.364225569156218, 0.0 ], [ -79.544273880251581, 42.364362740753975, 0.0 ], [ -79.544218295099427, 42.36441228560372, 0.0 ], [ -79.5441199854518, 42.364499912296296, 0.0 ], [ -79.543966090120904, 42.364637083719074, 0.0 ], [ -79.543812194119468, 42.364774254936982, 0.0 ], [ -79.543681471907092, 42.364890770165076, 0.0 ], [ -79.543654953935601, 42.36490909930253, 0.0 ], [ -79.543478853229288, 42.365030819114551, 0.0 ], [ -79.543302751381646, 42.36515253898439, 0.0 ], [ -79.543126649083533, 42.36527425842317, 0.0 ], [ -79.543081795234812, 42.365305260654829, 0.0 ], [ -79.542984504308762, 42.365319725329385, 0.0 ], [ -79.542905601865314, 42.365331455487876, 0.0 ], [ -79.542901948514256, 42.365331998616938, 0.0 ], [ -79.542814557099774, 42.365418930432092, 0.0 ], [ -79.542760380175366, 42.365472821482541, 0.0 ], [ -79.542747864388289, 42.365485271209884, 0.0 ], [ -79.542574478404802, 42.365585511846227, 0.0 ], [ -79.54238456123592, 42.365695309086874, 0.0 ], [ -79.542194643403931, 42.365805106014655, 0.0 ], [ -79.542004724908111, 42.365914902629292, 0.0 ], [ -79.54193379088251, 42.36595591117711, 0.0 ], [ -79.541806736356008, 42.36601630914376, 0.0 ], [ -79.541761263826075, 42.366037925377128, 0.0 ], [ -79.541603937010009, 42.366112714211333, 0.0 ], [ -79.541574800368934, 42.366126564923697, 0.0 ], [ -79.541460094301968, 42.36623812825173, 0.0 ], [ -79.541449884067887, 42.366248058683674, 0.0 ], [ -79.541367750115967, 42.366327941673461, 0.0 ], [ -79.541328386968644, 42.366400159499399, 0.0 ], [ -79.541318301736567, 42.366418662398353, 0.0 ], [ -79.541133158321756, 42.366498180915762, 0.0 ], [ -79.540924674040014, 42.366587723664964, 0.0 ], [ -79.540910380889926, 42.366593862463183, 0.0 ], [ -79.540835996186388, 42.366625810443445, 0.0 ] ] } },
{ "type": "Feature", "properties": { "CalShoreTy": 2, "CalLandcov": 2, "CalSlope": 2, "CalSedi": 2, "CalRetreat": 3 }, "geometry": { "type": "LineString", "coordinates": [ [ -79.540402015763803, 42.367132203697288, 0.0 ], [ -79.540399986983843, 42.36713637379335, 0.0 ], [ -79.540399968545799, 42.367136411692194, 0.0 ], [ -79.540399629669238, 42.367136744056332, 0.0 ], [ -79.540388382782922, 42.367147774800827, 0.0 ], [ -79.540338658456491, 42.367196543469952, 0.0 ] ] } },
{ "type": "Feature", "properties": { "CalShoreTy": 2, "CalLandcov": 2, "CalSlope": 2, "CalSedi": 2, "CalRetreat": 3 }, "geometry": { "type": "LineString", "coordinates": [ [ -79.540338658456051, 42.367196543469703, 0.0 ], [ -79.540243281862303, 42.367290086063143, 0.0 ], [ -79.540098179984753, 42.367432396974621, 0.0 ], [ -79.539953077535841, 42.367574707751388, 0.0 ], [ -79.539807974464537, 42.367717018364772, 0.0 ], [ -79.539755413402887, 42.367768567709049, 0.0 ], [ -79.539751951813557, 42.367771962662538, 0.0 ], [ -79.53966751861104, 42.367861812955617, 0.0 ], [ -79.539529985143773, 42.36800816965674, 0.0 ], [ -79.539392451037941, 42.368154526194722, 0.0 ], [ -79.539254916292208, 42.368300882568867, 0.0 ], [ -79.539119477150521, 42.368445008096828, 0.0 ], [ -79.539117127136237, 42.3684470961648, 0.0 ], [ -79.538962941133249, 42.368584095221337, 0.0 ], [ -79.538808754459822, 42.368721094072654, 0.0 ], [ -79.538720977699981, 42.368799085636596, 0.0 ], [ -79.538719392700571, 42.36880051406434, 0.0 ], [ -79.538655125051235, 42.368858433062755, 0.0 ], [ -79.538537515349333, 42.368964424384323, 0.0 ], [ -79.538502232274212, 42.368996221608306, 0.0 ], [ -79.538456251751342, 42.369037659505203, 0.0 ], [ -79.538455536593716, 42.369038304007546, 0.0 ], [ -79.538373331689158, 42.369111623577275, 0.0 ], [ -79.538353605559152, 42.369136172848854, 0.0 ], [ -79.538261847864277, 42.369250365476617, 0.0 ], [ -79.53820195980353, 42.369260417082408, 0.0 ], [ -79.538114711953838, 42.369275060688828, 0.0 ], [ -79.537963849554387, 42.369286747973241, 0.0 ], [ -79.537844476584823, 42.369295995632136, 0.0 ], [ -79.537748089722982, 42.369350200742147, 0.0 ], [ -79.537692349073254, 42.369381547548166, 0.0 ], [ -79.537692194740032, 42.369381457903337, 0.0 ], [ -79.537659295003294, 42.36936260054874, 0.0 ], [ -79.537633381255375, 42.369330113119517, 0.0 ], [ -79.537593659714929, 42.369280317494997, 0.0 ], [ -79.537533412126862, 42.369204789876029, 0.0 ], [ -79.53749818877985, 42.369204944394234, 0.0 ], [ -79.537410914522852, 42.369205328106034, 0.0 ], [ -79.537296613025347, 42.369205830544409, 0.0 ], [ -79.537169814554119, 42.369202994785937, 0.0 ], [ -79.537161619726561, 42.369202811508785, 0.0 ], [ -79.5371609262383, 42.369202875797576, 0.0 ], [ -79.536987573835717, 42.369218806357019, 0.0 ], [ -79.53693131687821, 42.369227853775357, 0.0 ], [ -79.536695674663846, 42.369265750156252, 0.0 ], [ -79.536695551688624, 42.36926576993244, 0.0 ], [ -79.536463228672162, 42.369313213617964, 0.0 ], [ -79.536411611625709, 42.369323754483347, 0.0 ], [ -79.536237430363926, 42.369375247760686, 0.0 ], [ -79.536130573280886, 42.369406837790144, 0.0 ], [ -79.53601755426277, 42.369448102617703, 0.0 ], [ -79.535801352734566, 42.369527040364602, 0.0 ], [ -79.535722543112115, 42.369555814542949, 0.0 ], [ -79.535683845235241, 42.369568462147235, 0.0 ], [ -79.535582390469997, 42.369601620462554, 0.0 ], [ -79.535361844418134, 42.369673700782833, 0.0 ], [ -79.535327913746499, 42.369684790182269, 0.0 ], [ -79.535266339743316, 42.369704914051908, 0.0 ], [ -79.535259860461238, 42.369707031635421, 0.0 ], [ -79.535140605441157, 42.369744602964317, 0.0 ], [ -79.534918770387392, 42.369814491713456, 0.0 ], [ -79.534805744380321, 42.369850100135864, 0.0 ], [ -79.534699813382502, 42.369888991231946, 0.0 ], [ -79.534587739384023, 42.369930137485326, 0.0 ], [ -79.534490060724167, 42.36997638309866, 0.0 ], [ -79.534361722084824, 42.370037144338866, 0.0 ], [ -79.534290657674802, 42.370076402885296, 0.0 ], [ -79.53409751724773, 42.370183100161341, 0.0 ], [ -79.53401306223418, 42.370229755738428, 0.0 ], [ -79.533904375957363, 42.37028979690875, 0.0 ], [ -79.533781861343456, 42.370357476955753, 0.0 ], [ -79.533703639532447, 42.370387564366823, 0.0 ], [ -79.533563663052945, 42.370441405023932, 0.0 ], [ -79.53348972926652, 42.370469843450422, 0.0 ], [ -79.533404824342242, 42.370502501802648, 0.0 ], [ -79.533299458908658, 42.370445096278942, 0.0 ], [ -79.533288672594551, 42.370437909367304, 0.0 ], [ -79.533109582552342, 42.370318581430347, 0.0 ], [ -79.533049740960678, 42.370278708733089, 0.0 ], [ -79.532905447805859, 42.370301718973565, 0.0 ], [ -79.532894300520283, 42.370306609597897, 0.0 ], [ -79.532791985864208, 42.3703514977894, 0.0 ], [ -79.532762200127692, 42.370364566436848, 0.0 ], [ -79.532691759809566, 42.370402949919722, 0.0 ], [ -79.5326536300838, 42.370423727068065, 0.0 ], [ -79.532575601050439, 42.370554777589007, 0.0 ], [ -79.532570872142358, 42.370562719815695, 0.0 ], [ -79.532351160798825, 42.370611508462886, 0.0 ], [ -79.53233664664539, 42.370614731427487, 0.0 ], [ -79.53223776812564, 42.370657681791783, 0.0 ], [ -79.532198660814544, 42.370674668996273, 0.0 ], [ -79.532137113149645, 42.370692155247774, 0.0 ], [ -79.531975177532061, 42.370738162423422, 0.0 ], [ -79.531969615147759, 42.370739743449654, 0.0 ], [ -79.531916120160545, 42.370762471004639, 0.0 ], [ -79.531707056864064, 42.370851291966609, 0.0 ], [ -79.531696639247372, 42.370855717894614, 0.0 ], [ -79.531608624182965, 42.370921688366316, 0.0 ], [ -79.5315476287319, 42.370981726537735, 0.0 ], [ -79.531546736224939, 42.370983179985515, 0.0 ], [ -79.53151567613898, 42.371033761250203, 0.0 ], [ -79.531479968424435, 42.371061595629108, 0.0 ], [ -79.531433828553446, 42.371097561287584, 0.0 ], [ -79.531405240088858, 42.371125127532828, 0.0 ], [ -79.531258563147659, 42.371266559345585, 0.0 ], [ -79.531210843911822, 42.371312571975999, 0.0 ], [ -79.531082996265496, 42.371386925621159, 0.0 ], [ -79.531064818443824, 42.371397497453415, 0.0 ], [ -79.530847016256118, 42.371404925684928, 0.0 ], [ -79.530785841497007, 42.371407011999239, 0.0 ], [ -79.530616745155385, 42.371452438721136, 0.0 ], [ -79.53057783536741, 42.371462891557762, 0.0 ], [ -79.530459536678819, 42.37158181641405, 0.0 ], [ -79.530449837935421, 42.371591566467501, 0.0 ], [ -79.530281788383263, 42.371701867890444, 0.0 ], [ -79.530101494390038, 42.371820205403743, 0.0 ], [ -79.529921199718061, 42.371938542635178, 0.0 ], [ -79.529765780349607, 42.372040552262128, 0.0 ], [ -79.529739406613331, 42.372055541790651, 0.0 ], [ -79.52954825520608, 42.372164182405427, 0.0 ], [ -79.529399853159887, 42.3722485260068, 0.0 ], [ -79.529373017549702, 42.37226556583424, 0.0 ], [ -79.529358948819635, 42.372274499077207, 0.0 ], [ -79.529176048882448, 42.372390634830175, 0.0 ], [ -79.529051739446302, 42.372469567029448, 0.0 ], [ -79.528981164604062, 42.372492788927239, 0.0 ], [ -79.528817835742132, 42.372546530309812, 0.0 ], [ -79.528764802777033, 42.372570791029034, 0.0 ], [ -79.528594837531443, 42.372648543866319, 0.0 ], [ -79.528565543280223, 42.372670010949641, 0.0 ], [ -79.528489765297905, 42.372725541611501, 0.0 ], [ -79.528406018684635, 42.372803237745536, 0.0 ], [ -79.528324835377717, 42.372878555522746, 0.0 ], [ -79.52827467369886, 42.372951583927801, 0.0 ], [ -79.52824174833215, 42.372999518561826, 0.0 ], [ -79.528225805532202, 42.373071550030396, 0.0 ], [ -79.52818039999363, 42.373110537671792, 0.0 ], [ -79.528140838926376, 42.373144506879463, 0.0 ], [ -79.528139733792472, 42.373144733858013, 0.0 ], [ -79.528137949590914, 42.373145099676236, 0.0 ], [ -79.528136206544573, 42.373145457052694, 0.0 ], [ -79.527966928042261, 42.373180257233031, 0.0 ], [ -79.527960759375361, 42.373181525377859, 0.0 ], [ -79.527863839170877, 42.373211563636445, 0.0 ], [ -79.527762069144046, 42.373270927383118, 0.0 ], [ -79.527618773260599, 42.37335451334404, 0.0 ], [ -79.527576270307563, 42.373384313936114, 0.0 ], [ -79.527401335980642, 42.373506967219981, 0.0 ], [ -79.527226400972665, 42.373629620239626, 0.0 ], [ -79.527051465282355, 42.373752272994047, 0.0 ], [ -79.526876528909014, 42.373874925482887, 0.0 ], [ -79.526701591852586, 42.373997577705687, 0.0 ], [ -79.526678773831947, 42.374013575866577, 0.0 ], [ -79.526646298219205, 42.3740341149811, 0.0 ], [ -79.526519459391992, 42.374114333698174, 0.0 ], [ -79.526444444921694, 42.374161776137917, 0.0 ], [ -79.526336246806309, 42.374230204798799, 0.0 ], [ -79.526240807032977, 42.374290564382662, 0.0 ], [ -79.526154844005561, 42.374307561267678, 0.0 ], [ -79.526154397226819, 42.3743074830154, 0.0 ], [ -79.526148036486944, 42.374306373948805, 0.0 ], [ -79.526128999848524, 42.37430305174307, 0.0 ], [ -79.526051794948202, 42.374289578182129, 0.0 ], [ -79.526023038651786, 42.374298954413767, 0.0 ], [ -79.525903726941706, 42.37433785940356, 0.0 ], [ -79.52586389233889, 42.374350848573862, 0.0 ], [ -79.525840048982545, 42.374495788236686, 0.0 ], [ -79.525837069708729, 42.374513898680462, 0.0 ], [ -79.52572011638199, 42.374585225177263, 0.0 ], [ -79.525655823684019, 42.374591368276306, 0.0 ], [ -79.525464850053055, 42.374609615381871, 0.0 ], [ -79.525449062469391, 42.374643584546341, 0.0 ], [ -79.52538138688783, 42.374789197452799, 0.0 ], [ -79.525361396636583, 42.374808390021698, 0.0 ], [ -79.525214318237843, 42.374949598994625, 0.0 ], [ -79.525195063717078, 42.374968085067543, 0.0 ], [ -79.524999081370851, 42.375023004554095, 0.0 ], [ -79.524917924701782, 42.375045746692891, 0.0 ], [ -79.524777358601327, 42.375009089732046, 0.0 ], [ -79.524772139444167, 42.375008343034239, 0.0 ], [ -79.524579120421549, 42.374980727857299, 0.0 ], [ -79.524535356789187, 42.374974466139669, 0.0 ], [ -79.524477082878107, 42.374966128256268, 0.0 ], [ -79.524462415207623, 42.375002145125428, 0.0 ], [ -79.524424699189382, 42.375094756512922, 0.0 ], [ -79.524406089207915, 42.375140453070237, 0.0 ], [ -79.524242418711992, 42.375189428480262, 0.0 ], [ -79.524185931445345, 42.375206331191471, 0.0 ], [ -79.524015738559356, 42.375250161417654, 0.0 ], [ -79.523902241214401, 42.37527939051531, 0.0 ], [ -79.523902156556829, 42.375279629000445, 0.0 ], [ -79.523890375580152, 42.375312816653953, 0.0 ] ] } },
{ "type": "Feature", "properties": { "CalShoreTy": 2, "CalLandcov": 2, "CalSlope": 3, "CalSedi": 2, "CalRetreat": 2 }, "geometry": { "type": "LineString", "coordinates": [ [ -79.68552114271192, 42.297480739601035, 0.0 ], [ -79.685476974204093, 42.29754097928857, 0.0 ], [ -79.685472207740858, 42.297547480072097, 0.0 ], [ -79.685471863932293, 42.297547948978433, 0.0 ], [ -79.685465918721832, 42.297556055703424, 0.0 ], [ -79.685441082592078, 42.297566426392265, 0.0 ], [ -79.685362876788901, 42.29759907926293, 0.0 ], [ -79.685296839601762, 42.297607966960726, 0.0 ], [ -79.685265110483115, 42.297612237800237, 0.0 ], [ -79.685236919524428, 42.297616032382933, 0.0 ], [ -79.685232420560993, 42.297615139304419, 0.0 ], [ -79.6850958590191, 42.297588045265066, 0.0 ], [ -79.685052170086777, 42.297551272417927, 0.0 ], [ -79.685011473793836, 42.297517018411895, 0.0 ], [ -79.684910182706702, 42.2974881700057, 0.0 ], [ -79.68484952016037, 42.297515019351408, 0.0 ], [ -79.684840671697117, 42.297518935690618, 0.0 ], [ -79.684788874826566, 42.297563069887417, 0.0 ], [ -79.684760883192936, 42.297578594346916, 0.0 ], [ -79.684726374415632, 42.297597735782375, 0.0 ], [ -79.684667619596937, 42.297630324319805, 0.0 ], [ -79.684474899174262, 42.297737216834804, 0.0 ], [ -79.684378648882259, 42.297790601868272, 0.0 ], [ -79.684279409137332, 42.297841262884766, 0.0 ], [ -79.684081155823279, 42.297942468956499, 0.0 ], [ -79.684002640430933, 42.297982549990088, 0.0 ], [ -79.683866425940877, 42.298020353644311, 0.0 ], [ -79.68386563244303, 42.298020573862622, 0.0 ], [ -79.68374871494828, 42.298150642293713, 0.0 ], [ -79.68374038957198, 42.298159902547233, 0.0 ], [ -79.683730065687541, 42.298166713811753, 0.0 ], [ -79.6837198719778, 42.298173439188169, 0.0 ], [ -79.683655416451188, 42.29821596217112, 0.0 ], [ -79.683583367385111, 42.298250858615582, 0.0 ], [ -79.683537575380555, 42.298273038776273, 0.0 ], [ -79.683525470266432, 42.298278902093905, 0.0 ], [ -79.683448828477367, 42.298305230251252, 0.0 ], [ -79.683359433402501, 42.298335935521358, 0.0 ], [ -79.683316307004645, 42.298339191127454, 0.0 ], [ -79.68316563387566, 42.298350565289134, 0.0 ], [ -79.683118352926542, 42.298367334014074, 0.0 ], [ -79.683084993412052, 42.298379167160668, 0.0 ], [ -79.683041675076936, 42.298394532835182, 0.0 ], [ -79.683007915590821, 42.298406750463087, 0.0 ], [ -79.682958649604842, 42.298424580706332, 0.0 ], [ -79.682896696058037, 42.298455306047835, 0.0 ], [ -79.682875126911952, 42.298465809333955, 0.0 ], [ -79.682797505833079, 42.298503607537135, 0.0 ], [ -79.682650903626211, 42.298518378485909, 0.0 ], [ -79.682627829699527, 42.298520703287714, 0.0 ], [ -79.682509363909347, 42.298577921327848, 0.0 ], [ -79.682491910181795, 42.298586350687799, 0.0 ], [ -79.68244060311963, 42.298601552553016, 0.0 ] ] } },
{ "type": "Feature", "properties": { "CalShoreTy": 2, "CalLandcov": 2, "CalSlope": 3, "CalSedi": 2, "CalRetreat": 2 }, "geometry": { "type": "LineString", "coordinates": [ [ -79.66885131732127, 42.305539072492607, 0.0 ], [ -79.668833228334023, 42.305536091536254, 0.0 ], [ -79.668731175018948, 42.305519273704824, 0.0 ], [ -79.668720695677507, 42.305517546760647, 0.0 ], [ -79.668596087860664, 42.305505756729119, 0.0 ], [ -79.668516299278977, 42.305498207289574, 0.0 ], [ -79.66850048695342, 42.305498899817422, 0.0 ], [ -79.668418522485467, 42.305494285400826, 0.0 ], [ -79.668410688212077, 42.305512341213507, 0.0 ], [ -79.668399446580736, 42.305538252500142, 0.0 ] ] } },
{ "type": "Feature", "properties": { "CalShoreTy": 2, "CalLandcov": 2, "CalSlope": 2, "CalSedi": 2, "CalRetreat": 2 }, "geometry": { "type": "LineString", "coordinates": [ [ -79.686990176098135, 42.2968007781597, 0.0 ], [ -79.686953320330858, 42.296788832434437, 0.0 ], [ -79.686906306145147, 42.296782835168834, 0.0 ], [ -79.686897335035766, 42.296784386296324, 0.0 ], [ -79.686831232902449, 42.296795813447694, 0.0 ], [ -79.686831096391657, 42.296795912894147, 0.0 ], [ -79.686777015297849, 42.29683503686136, 0.0 ], [ -79.686686536560941, 42.296900491862878, 0.0 ], [ -79.686638348233785, 42.29693414779392, 0.0 ], [ -79.686603414546354, 42.296958547888714, 0.0 ], [ -79.686570551951831, 42.29698150136074, 0.0 ], [ -79.68647546118207, 42.29702050880752, 0.0 ], [ -79.686390864312301, 42.29703536658554, 0.0 ], [ -79.68625351291368, 42.297059489510566, 0.0 ], [ -79.686175209573051, 42.297063143411918, 0.0 ], [ -79.6861539973075, 42.297064132095969, 0.0 ], [ -79.686153913689012, 42.297064135992592, 0.0 ], [ -79.686052199487008, 42.297121602619214, 0.0 ], [ -79.686031678522866, 42.297133439040344, 0.0 ], [ -79.686002836101849, 42.297150077553255, 0.0 ], [ -79.685988666591868, 42.297155759658743, 0.0 ], [ -79.685958696958721, 42.297167776712222, 0.0 ], [ -79.685843669132382, 42.297213899798443, 0.0 ], [ -79.685809252108058, 42.297283247704748, 0.0 ], [ -79.68580574824017, 42.297290308039571, 0.0 ], [ -79.685801958202049, 42.29729794500593, 0.0 ], [ -79.68571894008673, 42.297359055153223, 0.0 ], [ -79.685682084673047, 42.297377127372634, 0.0 ], [ -79.685624955318914, 42.297405142024701, 0.0 ], [ -79.685595693055632, 42.297419491405734, 0.0 ], [ -79.685540191351777, 42.297454759389623, 0.0 ], [ -79.685540059599589, 42.297454939084922, 0.0 ], [ -79.68552114271192, 42.297480739601035, 0.0 ] ] } },
{ "type": "Feature", "properties": { "CalShoreTy": 2, "CalLandcov": 2, "CalSlope": 2, "CalSedi": 2, "CalRetreat": 2 }, "geometry": { "type": "LineString", "coordinates": [ [ -79.68244060311963, 42.298601552553016, 0.0 ], [ -79.682369636173803, 42.298622579485603, 0.0 ], [ -79.68227108311703, 42.298667669344887, 0.0 ], [ -79.682266394466055, 42.298666261196111, 0.0 ], [ -79.682226096174006, 42.29865415247059, 0.0 ], [ -79.682143571319457, 42.298629355557267, 0.0 ], [ -79.682035742331294, 42.298708399928955, 0.0 ], [ -79.682020896610624, 42.298719282605695, 0.0 ], [ -79.681813635533302, 42.298744380817027, 0.0 ], [ -79.68180516286175, 42.298748264713957, 0.0 ], [ -79.681625169726331, 42.298830773804042, 0.0 ], [ -79.68160145799915, 42.298843292036054, 0.0 ], [ -79.681481618298406, 42.298906559358159, 0.0 ], [ -79.681390336175809, 42.298922054844454, 0.0 ], [ -79.681383700992569, 42.298923181188009, 0.0 ], [ -79.681316696045712, 42.298934554387628, 0.0 ], [ -79.681304560195315, 42.298934554455187, 0.0 ], [ -79.681171644139781, 42.298934545075461, 0.0 ], [ -79.681156134744853, 42.298924875244005, 0.0 ], [ -79.681051383168395, 42.298859564364989, 0.0 ], [ -79.680972391073269, 42.298809657035427, 0.0 ], [ -79.680945383890631, 42.298792593823435, 0.0 ], [ -79.680870074201067, 42.298699226146645, 0.0 ], [ -79.680822465298348, 42.298674234662158, 0.0 ], [ -79.680766905280223, 42.298645069323641, 0.0 ], [ -79.680676647289161, 42.298626532558146, 0.0 ], [ -79.680598102354296, 42.298633366142901, 0.0 ], [ -79.680591875733768, 42.298633907869622, 0.0 ], [ -79.680529995644747, 42.29867760365174, 0.0 ], [ -79.680518565738709, 42.298681659934488, 0.0 ], [ -79.680446897074134, 42.298707094019612, 0.0 ], [ -79.680395358619236, 42.298724927424956, 0.0 ], [ -79.680314188173355, 42.298753014062207, 0.0 ], [ -79.680226328313097, 42.298820588390086, 0.0 ], [ -79.680209328964949, 42.298833663019927, 0.0 ], [ -79.680158157371139, 42.29887302033886, 0.0 ], [ -79.68005784419644, 42.298971835723727, 0.0 ], [ -79.679913203839064, 42.299114315738926, 0.0 ], [ -79.679814063843097, 42.299211974506854, 0.0 ], [ -79.679812353693904, 42.299213370288513, 0.0 ], [ -79.679763177187979, 42.299253506904854, 0.0 ], [ -79.679601415323035, 42.299385532319391, 0.0 ], [ -79.679539199270025, 42.29943631115426, 0.0 ], [ -79.679466925846981, 42.299495297797122, 0.0 ], [ -79.679466484213648, 42.299495658240296, 0.0 ], [ -79.679436271871509, 42.299514999165197, 0.0 ], [ -79.679374826213547, 42.299554334544112, 0.0 ], [ -79.679353685677881, 42.299561332078483, 0.0 ], [ -79.679260811744129, 42.29959207460815, 0.0 ], [ -79.679253235338194, 42.299617133897179, 0.0 ], [ -79.679240330501585, 42.299659817148857, 0.0 ], [ -79.67922805698889, 42.299700419131149, 0.0 ], [ -79.679153429367176, 42.299775057923682, 0.0 ], [ -79.679010194499853, 42.299918313601417, 0.0 ], [ -79.679008443886644, 42.299920064462775, 0.0 ], [ -79.678850790935499, 42.300051889142935, 0.0 ], [ -79.678691186647796, 42.30018534469361, 0.0 ], [ -79.678531581684396, 42.30031880002354, 0.0 ], [ -79.67852391286668, 42.300325212363447, 0.0 ], [ -79.67835295407194, 42.300438260297078, 0.0 ], [ -79.678316908542769, 42.300462095619771, 0.0 ], [ -79.678173366342975, 42.300557014475622, 0.0 ], [ -79.678134724495933, 42.3005825667409, 0.0 ], [ -79.678037773736634, 42.300702617418644, 0.0 ], [ -79.67800065583576, 42.300748579051898, 0.0 ], [ -79.677905349649251, 42.30085136734791, 0.0 ], [ -79.677827885903952, 42.300934912157985, 0.0 ], [ -79.677784069247707, 42.30100461709246, 0.0 ], [ -79.677753222931841, 42.301053688291788, 0.0 ], [ -79.677730978571518, 42.301089073505295, 0.0 ], [ -79.677708033129377, 42.30110211636844, 0.0 ], [ -79.677639820761286, 42.301140892490459, 0.0 ], [ -79.677587697372658, 42.301170522582176, 0.0 ], [ -79.677510649876709, 42.301212567170197, 0.0 ], [ -79.677442974219304, 42.301234974978158, 0.0 ], [ -79.67743771390721, 42.301234853906898, 0.0 ], [ -79.67729022306635, 42.301231459139956, 0.0 ], [ -79.677201560018176, 42.301253031636826, 0.0 ], [ -79.67710214763504, 42.301277219440621, 0.0 ], [ -79.677038372621269, 42.301313737206392, 0.0 ], [ -79.67699441425691, 42.301338908062924, 0.0 ], [ -79.676907705795927, 42.301388557651478, 0.0 ], [ -79.676810436897711, 42.301400820947244, 0.0 ], [ -79.676796917361841, 42.301422737816402, 0.0 ], [ -79.676763719967695, 42.301476554894897, 0.0 ], [ -79.676651357990281, 42.301561756811083, 0.0 ], [ -79.676647633194094, 42.301564581245238, 0.0 ], [ -79.676566590588649, 42.301607800369212, 0.0 ], [ -79.676527693954398, 42.301628544087471, 0.0 ], [ -79.676444066271543, 42.301648080268798, 0.0 ], [ -79.676407644926542, 42.301656588599691, 0.0 ], [ -79.676324640402584, 42.301667943947209, 0.0 ], [ -79.676268728498513, 42.301675591955487, 0.0 ], [ -79.67626024342519, 42.301675218179845, 0.0 ], [ -79.676207403415859, 42.301672890842624, 0.0 ], [ -79.676160931309155, 42.301670843957943, 0.0 ], [ -79.676109691969856, 42.301668587275493, 0.0 ], [ -79.676074305450001, 42.301658852858331, 0.0 ], [ -79.676007670753137, 42.301640522147579, 0.0 ], [ -79.675982115333014, 42.301623748839468, 0.0 ], [ -79.675937680782468, 42.301594584171582, 0.0 ], [ -79.675916713667803, 42.301569939292186, 0.0 ], [ -79.675880680801754, 42.301527587718759, 0.0 ], [ -79.67582400019873, 42.301501784099962, 0.0 ], [ -79.675817263685332, 42.301498717054791, 0.0 ], [ -79.675803736342417, 42.301492558231196, 0.0 ], [ -79.675693692826357, 42.301485530929774, 0.0 ], [ -79.675688213328357, 42.3014868561539, 0.0 ], [ -79.675584801958905, 42.301511861619197, 0.0 ], [ -79.675577648589567, 42.30151359134009, 0.0 ], [ -79.675413724946765, 42.301589526430242, 0.0 ], [ -79.675385976334979, 42.301610786849658, 0.0 ], [ -79.675218664689424, 42.301738977164248, 0.0 ], [ -79.675054742607358, 42.301864569732878, 0.0 ], [ -79.675050948708233, 42.301866841451343, 0.0 ], [ -79.674902729382296, 42.301955592249442, 0.0 ], [ -79.674856119887181, 42.301969376654661, 0.0 ], [ -79.67472364002424, 42.302008556431929, 0.0 ], [ -79.674629388029928, 42.30202900671496, 0.0 ], [ -79.674604172541336, 42.302034477817635, 0.0 ], [ -79.674497679333655, 42.302057582818975, 0.0 ], [ -79.674394431204021, 42.302064275018601, 0.0 ], [ -79.674219698480087, 42.302075600394879, 0.0 ], [ -79.674213800638668, 42.302075599786136, 0.0 ], [ -79.674154198116284, 42.302075589446453, 0.0 ], [ -79.674055895231163, 42.302075572323744, 0.0 ], [ -79.67405441923033, 42.302075572072646, 0.0 ], [ -79.673913295336888, 42.302075547977296, 0.0 ], [ -79.673876233407086, 42.302075541660315, 0.0 ], [ -79.673825099108029, 42.302075532608534, 0.0 ], [ -79.673824668765022, 42.302075532532584, 0.0 ], [ -79.673810996049539, 42.302076185636693, 0.0 ], [ -79.673689333915718, 42.302053741241416, 0.0 ], [ -79.673676218506799, 42.302054743858797, 0.0 ], [ -79.673436592323455, 42.30207306198141, 0.0 ], [ -79.673423709476992, 42.302074046789969, 0.0 ], [ -79.673368128212729, 42.30208656086181, 0.0 ], [ -79.673299640731884, 42.302101980415529, 0.0 ], [ -79.673217793680294, 42.302142194645242, 0.0 ], [ -79.673196553369038, 42.30215263071085, 0.0 ], [ -79.673134758616769, 42.302182993646511, 0.0 ], [ -79.673031452386368, 42.302254201232884, 0.0 ], [ -79.672978636405688, 42.30229060647428, 0.0 ], [ -79.672838876799005, 42.30236049505536, 0.0 ], [ -79.672802148030897, 42.302378861691338, 0.0 ], [ -79.672697705796978, 42.302445590255637, 0.0 ], [ -79.672666152699776, 42.30248207017295, 0.0 ], [ -79.672633691596488, 42.302519599820684, 0.0 ], [ -79.67259600681615, 42.302628547441365, 0.0 ], [ -79.67258891376828, 42.302649052123769, 0.0 ], [ -79.672588002179538, 42.302651687354277, 0.0 ], [ -79.672446406821365, 42.302792459344204, 0.0 ], [ -79.672438548703241, 42.302800271743273, 0.0 ], [ -79.672378046415744, 42.302962655348871, 0.0 ], [ -79.672374088590345, 42.302973277823988, 0.0 ], [ -79.672242543270258, 42.303109201911639, 0.0 ], [ -79.672102326204296, 42.303254085595455, 0.0 ], [ -79.671970176602215, 42.303390632552912, 0.0 ], [ -79.671962108497397, 42.303398969110717, 0.0 ], [ -79.671865720056715, 42.303498564491491, 0.0 ], [ -79.671816931763757, 42.303540988547184, 0.0 ], [ -79.671660849999952, 42.303676709546821, 0.0 ], [ -79.671629939384516, 42.303703587797379, 0.0 ], [ -79.671537814078917, 42.303786043663195, 0.0 ], [ -79.671505925370028, 42.303813141392141, 0.0 ], [ -79.671427649399703, 42.303879656991441, 0.0 ], [ -79.671421274268653, 42.303885818888574, 0.0 ], [ -79.671353707262881, 42.303951128024359, 0.0 ], [ -79.671207311853806, 42.304092630584371, 0.0 ], [ -79.671060915763277, 42.30423413294497, 0.0 ], [ -79.671032423227629, 42.304261672933144, 0.0 ], [ -79.67091451902688, 42.304375635126071, 0.0 ], [ -79.670768121639483, 42.304517137125146, 0.0 ], [ -79.670731362991404, 42.30455266646927, 0.0 ], [ -79.670622337478193, 42.304658984798735, 0.0 ], [ -79.670476758479339, 42.304800948245948, 0.0 ], [ -79.670387176311735, 42.304888305170714, 0.0 ], [ -79.670323542404887, 42.304938126508716, 0.0 ], [ -79.670158109242877, 42.305067649713124, 0.0 ], [ -79.670056554335858, 42.305147160094506, 0.0 ], [ -79.669983596984551, 42.30518984250623, 0.0 ], [ -79.669942747365809, 42.305213740808497, 0.0 ], [ -79.669906719502421, 42.305222700784221, 0.0 ], [ -79.66981866177008, 42.305244597699577, 0.0 ], [ -79.669788631594727, 42.305281223989525, 0.0 ], [ -79.669786736995121, 42.305283534734144, 0.0 ], [ -79.669774947310046, 42.305324755003198, 0.0 ], [ -79.669758701438113, 42.305381555756199, 0.0 ], [ -79.669740326315377, 42.305401570649906, 0.0 ], [ -79.669724694249865, 42.305418598467384, 0.0 ], [ -79.669686697680476, 42.305429599098566, 0.0 ], [ -79.669686259228016, 42.305429541047069, 0.0 ], [ -79.669677268047195, 42.30542835059228, 0.0 ], [ -79.66952769700282, 42.305408540302118, 0.0 ], [ -79.669509330791868, 42.305408548626218, 0.0 ], [ -79.669460628813894, 42.305408575110739, 0.0 ], [ -79.6694587878779, 42.305409220957451, 0.0 ], [ -79.669449094448652, 42.305412615176451, 0.0 ], [ -79.669443299484385, 42.305414644319995, 0.0 ], [ -79.669400687478657, 42.305429569764982, 0.0 ], [ -79.669410119464573, 42.305463057984703, 0.0 ], [ -79.669411954892922, 42.30546957046802, 0.0 ], [ -79.669380113750137, 42.305501328512335, 0.0 ], [ -79.669373186002161, 42.305501688526682, 0.0 ], [ -79.669314160333286, 42.305504764810649, 0.0 ], [ -79.669305654236467, 42.3055106045854, 0.0 ], [ -79.669304794501016, 42.305510857331342, 0.0 ], [ -79.669220661741647, 42.305535590647125, 0.0 ], [ -79.669076731417576, 42.30555253958326, 0.0 ], [ -79.669072096225747, 42.305552453086165, 0.0 ], [ -79.669067706029594, 42.305552371159365, 0.0 ], [ -79.669040955030582, 42.305551872707738, 0.0 ], [ -79.668914703970259, 42.305549518182154, 0.0 ], [ -79.668909542623666, 42.305548667628713, 0.0 ], [ -79.66885131732127, 42.305539072492607, 0.0 ] ] } },
{ "type": "Feature", "properties": { "CalShoreTy": 1, "CalLandcov": 1, "CalSlope": 2, "CalSedi": 2, "CalRetreat": 2 }, "geometry": { "type": "LineString", "coordinates": [ [ -79.608441967377999, 42.336242417070736, 0.0 ], [ -79.608431178789203, 42.336254673901678, 0.0 ], [ -79.608299724766297, 42.336404017320042, 0.0 ], [ -79.60828481807745, 42.336420952584206, 0.0 ], [ -79.608180037647756, 42.336558629832929, 0.0 ], [ -79.608061855037604, 42.336713916171455, 0.0 ], [ -79.60802376718712, 42.33676396160859, 0.0 ], [ -79.607951709276193, 42.33687233062544, 0.0 ], [ -79.607876599233208, 42.336985289346416, 0.0 ], [ -79.607846985993476, 42.337032795934256, 0.0 ], [ -79.607769392416785, 42.337157273864591, 0.0 ], [ -79.607762337669456, 42.337168591468796, 0.0 ], [ -79.607749983312786, 42.337195752621319, 0.0 ], [ -79.607692295640675, 42.337322579099045, 0.0 ], [ -79.60766491495221, 42.337362063992543, 0.0 ], [ -79.607554964036183, 42.337520620441182, 0.0 ], [ -79.607474860323165, 42.337636134693163, 0.0 ], [ -79.607444325195402, 42.337678912527458, 0.0 ], [ -79.607427747608469, 42.337702136676818, 0.0 ], [ -79.607418631892443, 42.33771073489855, 0.0 ], [ -79.607405362854578, 42.337723248691567, 0.0 ], [ -79.607358841159623, 42.337767125995896, 0.0 ], [ -79.607306815040744, 42.337799112716361, 0.0 ], [ -79.60728820523326, 42.337812682360699, 0.0 ], [ -79.607116604948231, 42.337937807079058, 0.0 ], [ -79.607008973468737, 42.338016287674499, 0.0 ], [ -79.607002101017443, 42.338022917593584, 0.0 ], [ -79.606954323551932, 42.338069010329335, 0.0 ], [ -79.606925998595258, 42.33809633644816, 0.0 ], [ -79.606804973942673, 42.338208855646826, 0.0 ] ] } },
{ "type": "Feature", "properties": { "CalShoreTy": 2, "CalLandcov": 2, "CalSlope": 2, "CalSedi": 2, "CalRetreat": 2 }, "geometry": { "type": "LineString", "coordinates": [ [ -79.61223413548673, 42.332511857582595, 0.0 ], [ -79.612119913088861, 42.332636015194865, 0.0 ], [ -79.612117635765031, 42.332638490596096, 0.0 ], [ -79.612116877425024, 42.332639337737326, 0.0 ], [ -79.611986860539844, 42.332784579122965, 0.0 ], [ -79.611948633950405, 42.33282728125338, 0.0 ], [ -79.611948415449049, 42.332827525336512, 0.0 ], [ -79.611866489795148, 42.332938784529091, 0.0 ], [ -79.611806054681963, 42.333020858187638, 0.0 ], [ -79.611732144551752, 42.333085615814426, 0.0 ], [ -79.611618981689446, 42.333184765043484, 0.0 ], [ -79.611577164621991, 42.333222069112971, 0.0 ], [ -79.611423376648858, 42.333359259407224, 0.0 ], [ -79.611414975611368, 42.333366753732506, 0.0 ], [ -79.61131603013763, 42.333435746538697, 0.0 ], [ -79.611240070484683, 42.333473905940707, 0.0 ], [ -79.611105003356258, 42.333541758575684, 0.0 ], [ -79.611036313475068, 42.333568637197018, 0.0 ], [ -79.610867790614748, 42.333634580583173, 0.0 ], [ -79.610824339004054, 42.33365338108873, 0.0 ], [ -79.610616326020065, 42.333743383102821, 0.0 ], [ -79.610497453196587, 42.33379481611442, 0.0 ], [ -79.610411504125096, 42.333837159023275, 0.0 ], [ -79.610302200986823, 42.333891007163238, 0.0 ], [ -79.610232733536009, 42.333953743505425, 0.0 ], [ -79.61013454162719, 42.334042420738157, 0.0 ], [ -79.610069538095217, 42.334079433360202, 0.0 ], [ -79.610067273478947, 42.334081827903219, 0.0 ], [ -79.609929170799333, 42.334227853388413, 0.0 ], [ -79.609791067481183, 42.334373878709364, 0.0 ], [ -79.609720182230689, 42.334448829813127, 0.0 ], [ -79.609654753159205, 42.334520810675293, 0.0 ], [ -79.609520325467813, 42.334668698760879, 0.0 ], [ -79.609468621893242, 42.334725579207863, 0.0 ], [ -79.609421694578884, 42.334777205304782, 0.0 ], [ -79.609390824150566, 42.334818803230398, 0.0 ], [ -79.609378371699108, 42.334835582898762, 0.0 ], [ -79.609311189610509, 42.334958413725964, 0.0 ], [ -79.609309715445448, 42.334960771714954, 0.0 ], [ -79.60929612575832, 42.334982508981788, 0.0 ], [ -79.609195010989652, 42.335144245717501, 0.0 ], [ -79.609173672965184, 42.335178376548626, 0.0 ] ] } },
{ "type": "Feature", "properties": { "CalShoreTy": 2, "CalLandcov": 1, "CalSlope": 2, "CalSedi": 2, "CalRetreat": 2 }, "geometry": { "type": "LineString", "coordinates": [ [ -79.612450038496988, 42.332265597136264, 0.0 ], [ -79.612387809865183, 42.332339826872271, 0.0 ], [ -79.612341412937567, 42.332395171544825, 0.0 ], [ -79.612340677644852, 42.33239604863936, 0.0 ], [ -79.612255453545302, 42.332488685371942, 0.0 ], [ -79.612234135481955, 42.33251185758018, 0.0 ] ] } },
{ "type": "Feature", "properties": { "CalShoreTy": 2, "CalLandcov": 2, "CalSlope": 2, "CalSedi": 2, "CalRetreat": 2 }, "geometry": { "type": "LineString", "coordinates": [ [ -79.619325594435281, 42.32849245571937, 0.0 ], [ -79.619249890432272, 42.328544086555198, 0.0 ], [ -79.619215243603534, 42.32856112074105, 0.0 ], [ -79.619156549006675, 42.328589978015295, 0.0 ], [ -79.619096295794108, 42.328638395630165, 0.0 ], [ -79.61903209802901, 42.328675542691947, 0.0 ], [ -79.618954619398465, 42.328720374416875, 0.0 ], [ -79.618875575323983, 42.328808134005541, 0.0 ], [ -79.618812120708611, 42.328878585001412, 0.0 ], [ -79.618730907676095, 42.328950303588435, 0.0 ], [ -79.618676436614976, 42.328998406427033, 0.0 ], [ -79.618558778735661, 42.329055661749315, 0.0 ], [ -79.618548821670132, 42.329064239821527, 0.0 ], [ -79.618391871887823, 42.329199452571551, 0.0 ], [ -79.618305486114437, 42.329273873858192, 0.0 ], [ -79.618258235194816, 42.329345962588604, 0.0 ], [ -79.618204624048047, 42.329427754624056, 0.0 ], [ -79.618095861042562, 42.329461715018297, 0.0 ], [ -79.617981604902369, 42.32949739044895, 0.0 ], [ -79.617954432746245, 42.329581505694009, 0.0 ], [ -79.61791568536394, 42.329701453287093, 0.0 ], [ -79.617860440336074, 42.329738069915066, 0.0 ], [ -79.617839142729707, 42.329752186034995, 0.0 ], [ -79.617654652320425, 42.329753676725836, 0.0 ], [ -79.617649690678789, 42.32977397647624, 0.0 ], [ -79.617623779901194, 42.329879985986068, 0.0 ], [ -79.617553234299834, 42.329901019468316, 0.0 ], [ -79.617535458739923, 42.3299064327799, 0.0 ], [ -79.617395074173686, 42.329949184905431, 0.0 ], [ -79.617353735826725, 42.329961774749201, 0.0 ], [ -79.617339534291006, 42.329992930243769, 0.0 ], [ -79.617337572627491, 42.329997233759876, 0.0 ], [ -79.617321771548731, 42.330031893718569, 0.0 ], [ -79.617298421152569, 42.330083115036118, 0.0 ], [ -79.617212389287886, 42.330136449978383, 0.0 ], [ -79.617059362456928, 42.330231317667199, 0.0 ], [ -79.617039988638922, 42.330258281375464, 0.0 ], [ -79.616971515388087, 42.33035357950331, 0.0 ], [ -79.616886377749083, 42.330384816310236, 0.0 ], [ -79.616862091022966, 42.330393727036736, 0.0 ], [ -79.616802838090777, 42.330417558118384, 0.0 ], [ -79.616683249512704, 42.330480044936202, 0.0 ], [ -79.616664091153282, 42.330490055441039, 0.0 ], [ -79.616559146866621, 42.330530031765583, 0.0 ], [ -79.616465374478523, 42.330554615496126, 0.0 ], [ -79.616460095720313, 42.330555999392026, 0.0 ], [ -79.616293186791026, 42.330570024559243, 0.0 ], [ -79.616292773901606, 42.330570003070726, 0.0 ], [ -79.616279323526712, 42.330569309478548, 0.0 ], [ -79.616225923244215, 42.330566552165457, 0.0 ], [ -79.616158108519173, 42.330563050527687, 0.0 ], [ -79.615989276638089, 42.330535037781836, 0.0 ], [ -79.61598307049502, 42.330534008046804, 0.0 ], [ -79.615761037588911, 42.330477888862305, 0.0 ], [ -79.615532986598083, 42.330420248045073, 0.0 ], [ -79.615472793042755, 42.330405033784729, 0.0 ], [ -79.615302197935051, 42.330369067409812, 0.0 ], [ -79.615080542208176, 42.330322335539655, 0.0 ], [ -79.615070720845736, 42.330319553342271, 0.0 ], [ -79.614925614106866, 42.330278447341641, 0.0 ], [ -79.614840003360882, 42.330279121962917, 0.0 ], [ -79.614792601751603, 42.330279495463763, 0.0 ], [ -79.614738056513843, 42.33041682625867, 0.0 ], [ -79.614721342198294, 42.330458908454503, 0.0 ], [ -79.6146125394541, 42.330525321614687, 0.0 ], [ -79.614587196637643, 42.330548758540132, 0.0 ], [ -79.614572534383768, 42.330562318116023, 0.0 ], [ -79.614460604593688, 42.330614400422022, 0.0 ], [ -79.614416975336468, 42.330668565255131, 0.0 ], [ -79.614406963105438, 42.330680995218934, 0.0 ], [ -79.614398540974648, 42.330691452279851, 0.0 ], [ -79.614340511280261, 42.330742409637764, 0.0 ], [ -79.61432827561346, 42.330749303399159, 0.0 ], [ -79.614322213208553, 42.330751572705239, 0.0 ], [ -79.614239513311688, 42.330782530387715, 0.0 ], [ -79.614116876081994, 42.330828437889885, 0.0 ], [ -79.614058840567921, 42.330891836054384, 0.0 ], [ -79.61401249798719, 42.330942460710276, 0.0 ], [ -79.613961532301317, 42.331000428006348, 0.0 ], [ -79.613902755904846, 42.331020610253631, 0.0 ], [ -79.613840309714206, 42.331042052561642, 0.0 ], [ -79.613812343686945, 42.33115335552305, 0.0 ], [ -79.613809468387203, 42.3311672594104, 0.0 ], [ -79.613793506910085, 42.331244443090661, 0.0 ], [ -79.613695572370929, 42.331313558256525, 0.0 ], [ -79.613521240540507, 42.331436588564088, 0.0 ], [ -79.613346908029186, 42.331559618608409, 0.0 ], [ -79.613275901249096, 42.331609729341295, 0.0 ], [ -79.613200639137631, 42.331699485940078, 0.0 ], [ -79.613147422930112, 42.33176295070021, 0.0 ], [ -79.613147303954918, 42.331763021091646, 0.0 ], [ -79.613037912894228, 42.331827443032786, 0.0 ], [ -79.612950482333645, 42.331878931954357, 0.0 ], [ -79.612868324265094, 42.331952679103651, 0.0 ], [ -79.612735403464313, 42.332071991667533, 0.0 ], [ -79.612708778815417, 42.332085024652315, 0.0 ], [ -79.612526695428272, 42.332174155652993, 0.0 ], [ -79.612526187903967, 42.332174761062745, 0.0 ], [ -79.612514772106806, 42.332188378604187, 0.0 ], [ -79.612450038497187, 42.332265597136349, 0.0 ] ] } },
{ "type": "Feature", "properties": { "CalShoreTy": 2, "CalLandcov": 1, "CalSlope": 2, "CalSedi": 2, "CalRetreat": 2 }, "geometry": { "type": "LineString", "coordinates": [ [ -79.619582692415477, 42.328333076342567, 0.0 ], [ -79.619520209861619, 42.328369092676475, 0.0 ], [ -79.619518730473118, 42.328369945427994, 0.0 ], [ -79.619457797810369, 42.328402291869232, 0.0 ], [ -79.619396448028084, 42.328444133005121, 0.0 ], [ -79.619325594434898, 42.328492455719044, 0.0 ] ] } },
{ "type": "Feature", "properties": { "CalShoreTy": 2, "CalLandcov": 2, "CalSlope": 2, "CalSedi": 2, "CalRetreat": 2 }, "geometry": { "type": "LineString", "coordinates": [ [ -79.622596176231283, 42.327592087214924, 0.0 ], [ -79.622491299892815, 42.3276894196173, 0.0 ], [ -79.622440297746422, 42.327736752948418, 0.0 ], [ -79.622438790371916, 42.327738151889235, 0.0 ], [ -79.622354905098362, 42.327798116525578, 0.0 ], [ -79.622318215540147, 42.327809972281074, 0.0 ], [ -79.622253347768151, 42.327830933419492, 0.0 ], [ -79.6222499733408, 42.327832023645186, 0.0 ], [ -79.622187332054793, 42.327887091610535, 0.0 ], [ -79.622188067056413, 42.327936992018557, 0.0 ], [ -79.622188085542504, 42.327938248904928, 0.0 ], [ -79.622188138509415, 42.327941850274406, 0.0 ], [ -79.622156589337038, 42.328021196609555, 0.0 ], [ -79.622094524859449, 42.328093122760798, 0.0 ], [ -79.622088252746821, 42.328097752667233, 0.0 ], [ -79.622014529363767, 42.328152173215585, 0.0 ], [ -79.621900960829038, 42.328208584911799, 0.0 ], [ -79.621700916391745, 42.328307950349192, 0.0 ], [ -79.62157707096857, 42.328369466122119, 0.0 ], [ -79.621500871179677, 42.328407315281638, 0.0 ], [ -79.621412552421205, 42.328451183926852, 0.0 ], [ -79.621299561672743, 42.328487167201153, 0.0 ], [ -79.621288590425877, 42.328489893448058, 0.0 ], [ -79.621147072633306, 42.328525059101203, 0.0 ], [ -79.621146584216547, 42.328525018507257, 0.0 ], [ -79.621063075954567, 42.328518007488832, 0.0 ], [ -79.621056896920408, 42.328515319112469, 0.0 ], [ -79.620849192229812, 42.328424950533559, 0.0 ], [ -79.620841141588144, 42.3284214478306, 0.0 ], [ -79.620783247440386, 42.328396414057849, 0.0 ], [ -79.620650314103671, 42.328324662467281, 0.0 ], [ -79.620555727387156, 42.328273608507892, 0.0 ], [ -79.62050165095016, 42.328262557680716, 0.0 ], [ -79.620500609173988, 42.328262658934754, 0.0 ], [ -79.620434431468297, 42.328269019556529, 0.0 ], [ -79.620417671411872, 42.32827063042992, 0.0 ], [ -79.620227729703913, 42.328357619954872, 0.0 ], [ -79.620227081501113, 42.328357738710416, 0.0 ], [ -79.620143739102204, 42.328373007517129, 0.0 ], [ -79.6200677898197, 42.328423093580582, 0.0 ], [ -79.62001490989033, 42.328417783880731, 0.0 ], [ -79.619981981720358, 42.328414477533059, 0.0 ], [ -79.619981353441659, 42.328414222470116, 0.0 ], [ -79.619832360795087, 42.328353735612197, 0.0 ], [ -79.619816604295806, 42.328347338597808, 0.0 ], [ -79.619816536812053, 42.328347311199948, 0.0 ], [ -79.619799729298336, 42.328340722021011, 0.0 ], [ -79.619700847504461, 42.328301956548643, 0.0 ], [ -79.6196274018709, 42.328307304636539, 0.0 ], [ -79.619626356424533, 42.32830790725977, 0.0 ], [ -79.619583808770969, 42.328332432846373, 0.0 ], [ -79.619582692428466, 42.328333076354987, 0.0 ] ] } },
{ "type": "Feature", "properties": { "CalShoreTy": 2, "CalLandcov": 3, "CalSlope": 2, "CalSedi": 2, "CalRetreat": 2 }, "geometry": { "type": "LineString", "coordinates": [ [ -79.623504611049029, 42.327067444412243, 0.0 ], [ -79.623451204172383, 42.327113461939753, 0.0 ], [ -79.623450779068776, 42.327113828225848, 0.0 ], [ -79.623389883087782, 42.327169121398377, 0.0 ], [ -79.623348347389523, 42.327174870970779, 0.0 ], [ -79.623292896182832, 42.327182546768455, 0.0 ], [ -79.62311091557622, 42.327205386155399, 0.0 ], [ -79.623068693918029, 42.327210685119475, 0.0 ], [ -79.622963589313287, 42.327222078028868, 0.0 ], [ -79.622880213042251, 42.327250733299593, 0.0 ], [ -79.622877740441524, 42.327251583096071, 0.0 ], [ -79.622866153346848, 42.327327830781385, 0.0 ], [ -79.622789668160536, 42.327409616201614, 0.0 ], [ -79.622771784558026, 42.327428739054284, 0.0 ], [ -79.622722156221499, 42.327474924200359, 0.0 ], [ -79.622641436381969, 42.327550044527257, 0.0 ], [ -79.622626643682352, 42.327563810999443, 0.0 ], [ -79.622626356447213, 42.327564077576625, 0.0 ], [ -79.622596176231283, 42.327592087214924, 0.0 ] ] } },
{ "type": "Feature", "properties": { "CalShoreTy": 2, "CalLandcov": 2, "CalSlope": 2, "CalSedi": 2, "CalRetreat": 2 }, "geometry": { "type": "LineString", "coordinates": [ [ -79.628859206253139, 42.323369657626777, 0.0 ], [ -79.628842476815038, 42.323386017055462, 0.0 ], [ -79.628716543476799, 42.323509164741765, 0.0 ], [ -79.628699616803303, 42.323529394975893, 0.0 ], [ -79.628639587233806, 42.323601140322303, 0.0 ], [ -79.628580630064306, 42.323684207261991, 0.0 ], [ -79.628501694536212, 42.32379542206003, 0.0 ], [ -79.628500500638069, 42.323797102094645, 0.0 ], [ -79.628456410942462, 42.323835904618321, 0.0 ], [ -79.628342552495852, 42.323936109024359, 0.0 ], [ -79.628290338686909, 42.323963443062304, 0.0 ], [ -79.628259092764836, 42.323979800343636, 0.0 ], [ -79.62825457624821, 42.323982164271932, 0.0 ], [ -79.628187451206443, 42.324000856662188, 0.0 ], [ -79.628070062595128, 42.324033546517143, 0.0 ], [ -79.628063604968546, 42.324035344802766, 0.0 ], [ -79.627929556420739, 42.32406534774578, 0.0 ], [ -79.627912270567947, 42.324072607831624, 0.0 ], [ -79.627847797901737, 42.324099687382606, 0.0 ], [ -79.627836578194533, 42.324104399814011, 0.0 ], [ -79.627752508317101, 42.324162360635974, 0.0 ], [ -79.627750621761137, 42.324164047872436, 0.0 ], [ -79.627680423620319, 42.32422682835476, 0.0 ], [ -79.627614605322321, 42.324285691647113, 0.0 ], [ -79.627526874217381, 42.324364151185399, 0.0 ], [ -79.627373323742006, 42.324501473565384, 0.0 ], [ -79.627219772597869, 42.324638795741386, 0.0 ], [ -79.627169685460103, 42.324683588946549, 0.0 ], [ -79.627066837990682, 42.324776493081501, 0.0 ], [ -79.627003678974575, 42.324833545676221, 0.0 ], [ -79.626896714195155, 42.324901773982575, 0.0 ], [ -79.626749741885675, 42.324995520994847, 0.0 ], [ -79.626709423301932, 42.32501320601439, 0.0 ], [ -79.626610684975716, 42.325056515695664, 0.0 ], [ -79.626575920120629, 42.325067121516632, 0.0 ], [ -79.626495693772455, 42.325091596791879, 0.0 ], [ -79.626494584858591, 42.325091596077279, 0.0 ], [ -79.626493906773305, 42.32509159584945, 0.0 ], [ -79.626482371095904, 42.325091591959932, 0.0 ], [ -79.626326040178995, 42.325114065796306, 0.0 ], [ -79.626300593263011, 42.325117053083616, 0.0 ], [ -79.626256711998138, 42.32512220369042, 0.0 ], [ -79.626206331251197, 42.325128117157014, 0.0 ], [ -79.62616337659739, 42.325198936307693, 0.0 ], [ -79.626123253825071, 42.325254339264234, 0.0 ], [ -79.62611093156741, 42.32527135425368, 0.0 ], [ -79.626008537095913, 42.325411030845082, 0.0 ], [ -79.625986461370829, 42.325441144310702, 0.0 ], [ -79.625880174255741, 42.325539123236098, 0.0 ], [ -79.62586122974912, 42.325550936692302, 0.0 ], [ -79.625717188847815, 42.325640757773137, 0.0 ], [ -79.625715206682727, 42.325679588127407, 0.0 ], [ -79.625710049228545, 42.325780621747235, 0.0 ], [ -79.62561133452553, 42.325802478963375, 0.0 ], [ -79.625610196703462, 42.325802745802505, 0.0 ], [ -79.625511422770543, 42.325825909891279, 0.0 ], [ -79.625461764780241, 42.325837555542918, 0.0 ], [ -79.625415746248947, 42.3258585924074, 0.0 ], [ -79.625415360934312, 42.32585863454706, 0.0 ], [ -79.625384913304032, 42.325861964425606, 0.0 ], [ -79.625366574380351, 42.325863970094673, 0.0 ], [ -79.625224907715619, 42.325879462414996, 0.0 ], [ -79.625223766237056, 42.325879587243982, 0.0 ], [ -79.625199961650978, 42.325918522638979, 0.0 ], [ -79.625195083808777, 42.32592650308333, 0.0 ], [ -79.625193168135326, 42.325932591441095, 0.0 ], [ -79.625172307988308, 42.325998888672586, 0.0 ], [ -79.625118319659052, 42.32610150497613, 0.0 ], [ -79.625101879093464, 42.326132753695312, 0.0 ], [ -79.625033227575443, 42.326234279152281, 0.0 ], [ -79.624995924030088, 42.326248734616286, 0.0 ], [ -79.624894116091639, 42.326288186022531, 0.0 ], [ -79.624859685393886, 42.326301528791909, 0.0 ], [ -79.624825729294813, 42.326326579206601, 0.0 ], [ -79.624788026741555, 42.326334532696393, 0.0 ], [ -79.624665961994879, 42.326360282593591, 0.0 ], [ -79.624643177809915, 42.326401606094905, 0.0 ], [ -79.624622907886078, 42.326438370687818, 0.0 ], [ -79.624597945134227, 42.326483646835463, 0.0 ], [ -79.624459858498483, 42.326562962547435, 0.0 ], [ -79.62443622571918, 42.326576536963984, 0.0 ], [ -79.624283019162533, 42.326621438461316, 0.0 ], [ -79.624256191040075, 42.326649304361062, 0.0 ], [ -79.624193534433161, 42.32671438455489, 0.0 ], [ -79.624104958993541, 42.326787683238791, 0.0 ], [ -79.624053560211649, 42.326830217075241, 0.0 ], [ -79.623919445962429, 42.326899808356778, 0.0 ], [ -79.623919092899101, 42.326899991558442, 0.0 ], [ -79.623770482337292, 42.326939005929674, 0.0 ], [ -79.623689938527733, 42.326953403760953, 0.0 ], [ -79.623647484765982, 42.326960992673961, 0.0 ], [ -79.623556579696086, 42.326990870033285, 0.0 ], [ -79.62352858018393, 42.327046791228994, 0.0 ], [ -79.623528389162843, 42.32704695582381, 0.0 ], [ -79.623517391302258, 42.327056432214384, 0.0 ], [ -79.623504611052141, 42.327067444414233, 0.0 ] ] } },
{ "type": "Feature", "properties": { "CalShoreTy": 2, "CalLandcov": 1, "CalSlope": 2, "CalSedi": 2, "CalRetreat": 2 }, "geometry": { "type": "LineString", "coordinates": [ [ -79.62911511624992, 42.323240583542997, 0.0 ], [ -79.629078400948785, 42.323248201612977, 0.0 ], [ -79.62902875687179, 42.323276791163771, 0.0 ], [ -79.629005420248433, 42.323290230485071, 0.0 ], [ -79.628884260644554, 42.323345157874776, 0.0 ], [ -79.628859206253125, 42.32336965762677, 0.0 ] ] } },
{ "type": "Feature", "properties": { "CalShoreTy": 2, "CalLandcov": 2, "CalSlope": 2, "CalSedi": 2, "CalRetreat": 2 }, "geometry": { "type": "LineString", "coordinates": [ [ -79.632710131132228, 42.32171504466271, 0.0 ], [ -79.632618637396519, 42.321785381635458, 0.0 ], [ -79.632588868190126, 42.321808267041931, 0.0 ], [ -79.632588118349389, 42.321808843489968, 0.0 ], [ -79.632468558322003, 42.321924563203559, 0.0 ], [ -79.632453264621077, 42.321939365624281, 0.0 ], [ -79.632377398221522, 42.321999013965836, 0.0 ], [ -79.632316094565368, 42.322062081125033, 0.0 ], [ -79.632301879935426, 42.322076704638818, 0.0 ], [ -79.632268577679071, 42.322181041400675, 0.0 ], [ -79.632226065321959, 42.322223667509526, 0.0 ], [ -79.63222193838557, 42.322227805483351, 0.0 ], [ -79.632214678303072, 42.322235085982975, 0.0 ], [ -79.632053646856647, 42.322347850771315, 0.0 ], [ -79.631878683624663, 42.322470370798207, 0.0 ], [ -79.631860562978304, 42.322483059947039, 0.0 ], [ -79.631779307381024, 42.32252026503695, 0.0 ], [ -79.631689767859228, 42.322561260439841, 0.0 ], [ -79.631683679023126, 42.322564047614705, 0.0 ], [ -79.631675987207402, 42.322565590270273, 0.0 ], [ -79.631649626497108, 42.322570877114906, 0.0 ], [ -79.631521938524884, 42.32259648576769, 0.0 ], [ -79.631443410551782, 42.322612235356083, 0.0 ], [ -79.631394578140942, 42.322622029163384, 0.0 ], [ -79.631383414238883, 42.322631451990233, 0.0 ], [ -79.631335059156683, 42.322672261520296, 0.0 ], [ -79.631317982008682, 42.322697392763708, 0.0 ], [ -79.631298658462285, 42.322725036560158, 0.0 ], [ -79.631293669753518, 42.322739306825312, 0.0 ], [ -79.631261205427009, 42.322832171271784, 0.0 ], [ -79.63124061468055, 42.322891068766474, 0.0 ], [ -79.631222010639789, 42.322907493495883, 0.0 ], [ -79.631171571320579, 42.322952024199033, 0.0 ], [ -79.631044660580088, 42.323018024270453, 0.0 ], [ -79.631038656621001, 42.323021045475784, 0.0 ], [ -79.630839435839633, 42.323121293437254, 0.0 ], [ -79.630778137235311, 42.323152138758338, 0.0 ], [ -79.630727390277883, 42.323177674655554, 0.0 ], [ -79.630626201580455, 42.323199614597343, 0.0 ], [ -79.63039495614656, 42.323249753315551, 0.0 ], [ -79.63035203397601, 42.323259059655179, 0.0 ], [ -79.630324573518351, 42.323265012895732, 0.0 ], [ -79.630282600238388, 42.323277011802126, 0.0 ], [ -79.630196909785482, 42.32325393092507, 0.0 ], [ -79.630193920759098, 42.323230793452652, 0.0 ], [ -79.630183743044427, 42.323152009615548, 0.0 ], [ -79.630060929670861, 42.32311248872449, 0.0 ], [ -79.630044010634833, 42.323107044226198, 0.0 ], [ -79.629879017951666, 42.323217448232931, 0.0 ], [ -79.629868821211943, 42.323224271307517, 0.0 ], [ -79.629778330384099, 42.323280398898881, 0.0 ], [ -79.629669243084621, 42.323278592592118, 0.0 ], [ -79.629652983960213, 42.323278323357975, 0.0 ], [ -79.629569155360812, 42.323238510096836, 0.0 ], [ -79.629536188761904, 42.323222464203056, 0.0 ], [ -79.629469081265668, 42.323192497900052, 0.0 ], [ -79.629463575560678, 42.323189043640092, 0.0 ], [ -79.629420270179949, 42.323161873969205, 0.0 ], [ -79.629332669785597, 42.323183269267176, 0.0 ], [ -79.629293591672649, 42.32319281419759, 0.0 ], [ -79.629244824436967, 42.323203270260592, 0.0 ], [ -79.6292114232198, 42.323210431718117, 0.0 ], [ -79.629155482725267, 42.323232207905882, 0.0 ], [ -79.629154835890773, 42.323232342548351, 0.0 ], [ -79.62911511624992, 42.323240583542997, 0.0 ] ] } },
{ "type": "Feature", "properties": { "CalShoreTy": 2, "CalLandcov": 2, "CalSlope": 2, "CalSedi": 2, "CalRetreat": 2 }, "geometry": { "type": "LineString", "coordinates": [ [ -79.644577081102852, 42.31558861554133, 0.0 ], [ -79.64454780786582, 42.315602180125843, 0.0 ], [ -79.644547569269562, 42.315602290686122, 0.0 ], [ -79.644516495440328, 42.315622466177224, 0.0 ], [ -79.644393589310951, 42.315702265962472, 0.0 ], [ -79.644338947171889, 42.315742794256515, 0.0 ], [ -79.64427351621913, 42.315791324536484, 0.0 ], [ -79.644168825809246, 42.315868973626685, 0.0 ], [ -79.643998703785257, 42.31599515276077, 0.0 ], [ -79.643992418780414, 42.315999814318914, 0.0 ], [ -79.64382858062207, 42.31612133130654, 0.0 ], [ -79.643665594538035, 42.316242215623454, 0.0 ], [ -79.643659358426262, 42.316248099454917, 0.0 ], [ -79.643510724478602, 42.31638833656649, 0.0 ], [ -79.643460673526377, 42.316435559786335, 0.0 ], [ -79.643411908473581, 42.316531854596285, 0.0 ], [ -79.643404628754823, 42.316546230626045, 0.0 ], [ -79.643383680583526, 42.316587599148662, 0.0 ], [ -79.643349710861287, 42.316610586308322, 0.0 ], [ -79.643293536539687, 42.316622201792377, 0.0 ], [ -79.643292553739187, 42.316622406242445, 0.0 ], [ -79.643291753480554, 42.316622572993069, 0.0 ], [ -79.643290473394771, 42.316622628040946, 0.0 ], [ -79.643216892967715, 42.316625828867458, 0.0 ], [ -79.643199726243651, 42.316626575630416, 0.0 ], [ -79.643087695067436, 42.316645526173154, 0.0 ], [ -79.642998702170345, 42.316672548238266, 0.0 ], [ -79.642987894420145, 42.316677384838712, 0.0 ], [ -79.642817724250904, 42.316753537825143, 0.0 ], [ -79.642787527690302, 42.316775177266912, 0.0 ], [ -79.642764717853737, 42.316791523222015, 0.0 ], [ -79.64272171337808, 42.316856562874563, 0.0 ], [ -79.642696765202444, 42.31693675719179, 0.0 ], [ -79.642691903112109, 42.316952386044335, 0.0 ], [ -79.64267973232009, 42.316991515613076, 0.0 ], [ -79.642656720142185, 42.317003523026663, 0.0 ], [ -79.642594760616234, 42.317010537975428, 0.0 ], [ -79.642594553230992, 42.317010468767776, 0.0 ], [ -79.64252065559657, 42.317010468490096, 0.0 ], [ -79.642508339284234, 42.317010468438355, 0.0 ], [ -79.642501648413088, 42.317014983119904, 0.0 ], [ -79.642442533986724, 42.317054864998788, 0.0 ], [ -79.642361197700765, 42.317120544871131, 0.0 ], [ -79.642347325332139, 42.317130279409753, 0.0 ], [ -79.642284259187932, 42.317174534211524, 0.0 ], [ -79.642157559528741, 42.31720572562584, 0.0 ], [ -79.642151023708095, 42.317207335393483, 0.0 ], [ -79.642149804394549, 42.317217343607979, 0.0 ], [ -79.642140759059743, 42.317291588250797, 0.0 ], [ -79.642090654728833, 42.317370601030582, 0.0 ], [ -79.642076406004136, 42.317383117517196, 0.0 ], [ -79.642024679369129, 42.317428555609133, 0.0 ], [ -79.642022961766628, 42.317429432153254, 0.0 ], [ -79.641892487105693, 42.317496041881995, 0.0 ], [ -79.641739954608212, 42.317573912169152, 0.0 ], [ -79.641694195327673, 42.317597273068216, 0.0 ], [ -79.641505677802442, 42.317693513780867, 0.0 ], [ -79.641496619564521, 42.317699195396912, 0.0 ], [ -79.64131286373248, 42.317814452529042, 0.0 ], [ -79.641220455843296, 42.317872413239307, 0.0 ], [ -79.641129107257939, 42.317929709394633, 0.0 ], [ -79.640966700829566, 42.31803157439785, 0.0 ], [ -79.640942466297432, 42.31804194068549, 0.0 ], [ -79.640889402332988, 42.318064638690458, 0.0 ], [ -79.640793693289154, 42.31810557747589, 0.0 ], [ -79.640725818577238, 42.31811512176958, 0.0 ], [ -79.640658731513497, 42.318124555263346, 0.0 ], [ -79.640658238013387, 42.318124496793239, 0.0 ], [ -79.640574155723556, 42.318140687922572, 0.0 ], [ -79.640520210828072, 42.318143993347476, 0.0 ], [ -79.640489158736983, 42.318145895480441, 0.0 ], [ -79.640459119547671, 42.318147735557332, 0.0 ], [ -79.640388854597887, 42.318168500515149, 0.0 ], [ -79.6403453359857, 42.318166567234414, 0.0 ], [ -79.640344960244093, 42.318166658927503, 0.0 ], [ -79.640307659888265, 42.318228163671456, 0.0 ], [ -79.640302391607932, 42.318236850553312, 0.0 ], [ -79.640316647161271, 42.318348850360465, 0.0 ], [ -79.640272374380743, 42.318394480471277, 0.0 ], [ -79.640242062114226, 42.318425722012144, 0.0 ], [ -79.64013939407829, 42.318464436739696, 0.0 ], [ -79.640071031676626, 42.318444042431551, 0.0 ], [ -79.640068624443799, 42.318443324288893, 0.0 ], [ -79.640037881131661, 42.318434152693534, 0.0 ], [ -79.63999272841275, 42.31847253798076, 0.0 ], [ -79.639883799575585, 42.318533259703408, 0.0 ], [ -79.639861743719138, 42.3185455545796, 0.0 ], [ -79.639765250220648, 42.318624601245823, 0.0 ], [ -79.639718795339192, 42.318662656719333, 0.0 ], [ -79.6396815147056, 42.318693196672648, 0.0 ], [ -79.639522558796088, 42.31876365055497, 0.0 ], [ -79.639419687337252, 42.318809245975402, 0.0 ], [ -79.639301675680159, 42.31882910420962, 0.0 ], [ -79.639128774775386, 42.318858198606421, 0.0 ], [ -79.639102627937064, 42.318862597841978, 0.0 ], [ -79.639069636053165, 42.318874702214515, 0.0 ], [ -79.638853780496021, 42.31895389697732, 0.0 ], [ -79.638822184300523, 42.318965489183292, 0.0 ], [ -79.638820457043622, 42.318965861782729, 0.0 ], [ -79.638710737603205, 42.318989542863207, 0.0 ], [ -79.638709788209567, 42.319028043841605, 0.0 ], [ -79.638709125861169, 42.319054830201459, 0.0 ], [ -79.638707864224216, 42.319055016577359, 0.0 ], [ -79.638670545489859, 42.319060529473866, 0.0 ], [ -79.638642442479252, 42.319064681021402, 0.0 ], [ -79.638609762582334, 42.319045543464043, 0.0 ], [ -79.63858854614773, 42.319045537062046, 0.0 ], [ -79.638533730823823, 42.319045518461699, 0.0 ], [ -79.638481708115791, 42.319029156243147, 0.0 ], [ -79.638259967818172, 42.318959413966319, 0.0 ], [ -79.638217959986946, 42.318946201498562, 0.0 ], [ -79.638031575544318, 42.31890302651238, 0.0 ], [ -79.637801628824207, 42.318849760052444, 0.0 ], [ -79.637789645782931, 42.318846984201528, 0.0 ], [ -79.637762501546746, 42.318840695863315, 0.0 ], [ -79.637615623472385, 42.318794871767281, 0.0 ], [ -79.63759192034648, 42.318785934581477, 0.0 ], [ -79.63759090264422, 42.318786086186002, 0.0 ], [ -79.637578252971196, 42.318787962164805, 0.0 ], [ -79.637510915910667, 42.318797948392607, 0.0 ], [ -79.637481276483328, 42.318813979709489, 0.0 ], [ -79.637416570889243, 42.318902063544392, 0.0 ], [ -79.637382078434712, 42.318949018064494, 0.0 ], [ -79.637272654811611, 42.319043958596687, 0.0 ], [ -79.637116357450523, 42.319179568079001, 0.0 ], [ -79.636960059417547, 42.319315177350305, 0.0 ], [ -79.636803760711516, 42.319450786409696, 0.0 ], [ -79.63674845549231, 42.319498770548286, 0.0 ], [ -79.636653142442299, 42.319589807954991, 0.0 ], [ -79.636550511369194, 42.319687834722785, 0.0 ], [ -79.63653131722549, 42.319740150055829, 0.0 ], [ -79.636497175220811, 42.319833206878606, 0.0 ], [ -79.636496145648167, 42.319836430398958, 0.0 ], [ -79.636466875103309, 42.319886118401854, 0.0 ], [ -79.636453781963283, 42.319908345674492, 0.0 ], [ -79.636453113432438, 42.319909480588905, 0.0 ], [ -79.636392143735733, 42.319951475875634, 0.0 ], [ -79.636365484140939, 42.31995375539389, 0.0 ], [ -79.636356975161419, 42.319954482654843, 0.0 ], [ -79.636346089409358, 42.319955414503625, 0.0 ], [ -79.636345926122729, 42.319955370988325, 0.0 ], [ -79.636297196936638, 42.319942365347437, 0.0 ], [ -79.636296539403091, 42.319942582955825, 0.0 ], [ -79.636249122030591, 42.319919315208288, 0.0 ], [ -79.63619394292715, 42.319892238724698, 0.0 ], [ -79.636193359938957, 42.319892289793039, 0.0 ], [ -79.636130855893882, 42.319897764978165, 0.0 ], [ -79.636020410252883, 42.319907439187958, 0.0 ], [ -79.636005307195504, 42.319908762105221, 0.0 ], [ -79.63600417550137, 42.319908861232527, 0.0 ], [ -79.635930004081374, 42.319969632549267, 0.0 ], [ -79.635909998133116, 42.320052550403652, 0.0 ], [ -79.635904174942112, 42.320076685506855, 0.0 ], [ -79.635900152210837, 42.320078799422674, 0.0 ], [ -79.63582435982822, 42.320118614011392, 0.0 ], [ -79.635810857520411, 42.320126256339812, 0.0 ], [ -79.635727993331699, 42.320157313686941, 0.0 ], [ -79.635698811314782, 42.320168251031106, 0.0 ], [ -79.63566519851382, 42.320173919004404, 0.0 ], [ -79.635653541403983, 42.32017588510675, 0.0 ], [ -79.635634426162738, 42.320179106248801, 0.0 ], [ -79.635597734510043, 42.320185291320612, 0.0 ], [ -79.635556809949748, 42.320192190449369, 0.0 ], [ -79.635494713438348, 42.320198103837946, 0.0 ], [ -79.635471992746531, 42.320200267496965, 0.0 ], [ -79.635398861417769, 42.32020723162497, 0.0 ], [ -79.635398361227885, 42.32020720920557, 0.0 ], [ -79.635370872722191, 42.320205982235798, 0.0 ], [ -79.635254795427073, 42.320200798690749, 0.0 ], [ -79.635174777004124, 42.320197225319838, 0.0 ], [ -79.635113355197888, 42.320194590906034, 0.0 ], [ -79.635074681676556, 42.320212677022205, 0.0 ], [ -79.635032861482969, 42.320232235165363, 0.0 ], [ -79.635029835894528, 42.320234214107764, 0.0 ], [ -79.634974751452035, 42.320270243057934, 0.0 ], [ -79.634901480220989, 42.320381554690883, 0.0 ], [ -79.634870755103591, 42.320428231309691, 0.0 ], [ -79.634864283642656, 42.320434392878035, 0.0 ], [ -79.634831724685398, 42.320465404230355, 0.0 ], [ -79.634766041013464, 42.320527968285838, 0.0 ], [ -79.634724839101281, 42.320567213247827, 0.0 ], [ -79.634628808305195, 42.320609186076851, 0.0 ], [ -79.634570310386351, 42.320624873780446, 0.0 ], [ -79.634501859166491, 42.320643230665247, 0.0 ], [ -79.634335056885746, 42.320658994823816, 0.0 ], [ -79.634127523536435, 42.320678608045768, 0.0 ], [ -79.634096027670552, 42.320681585358386, 0.0 ], [ -79.634046791270563, 42.320686239668625, 0.0 ], [ -79.634028710828858, 42.320694869052794, 0.0 ], [ -79.633981858349003, 42.320717229638106, 0.0 ], [ -79.633920905775568, 42.320788505283375, 0.0 ], [ -79.633890479026434, 42.320824085104789, 0.0 ], [ -79.633832442353736, 42.320891953723134, 0.0 ], [ -79.633831910426835, 42.32089257620094, 0.0 ], [ -79.633831167861715, 42.320893444589252, 0.0 ], [ -79.633806194332976, 42.320922649477403, 0.0 ], [ -79.63379284001978, 42.32093826505006, 0.0 ], [ -79.633791560551487, 42.320938554344046, 0.0 ], [ -79.633741036369386, 42.3209499780599, 0.0 ], [ -79.633667704829662, 42.32096655809945, 0.0 ], [ -79.633580456350856, 42.321017840510351, 0.0 ], [ -79.633536754010692, 42.321043527563916, 0.0 ], [ -79.633521832917282, 42.321049484655937, 0.0 ], [ -79.633520556652357, 42.321049994210213, 0.0 ], [ -79.633437689092347, 42.32111995097182, 0.0 ], [ -79.633433274483679, 42.321123677222069, 0.0 ], [ -79.633402296835399, 42.321134506382364, 0.0 ], [ -79.633393612568767, 42.321137542223369, 0.0 ], [ -79.633329347517147, 42.321160007988553, 0.0 ], [ -79.633201200848873, 42.321204805381861, 0.0 ], [ -79.633192357302008, 42.321207896927632, 0.0 ], [ -79.633186827941543, 42.321212914853724, 0.0 ], [ -79.63306597052771, 42.321322593355369, 0.0 ], [ -79.633037746546705, 42.321352783581432, 0.0 ], [ -79.63293466390617, 42.321463047244556, 0.0 ] ] } },
{ "type": "Feature", "properties": { "CalShoreTy": 2, "CalLandcov": 2, "CalSlope": 2, "CalSedi": 2, "CalRetreat": 2 }, "geometry": { "type": "LineString", "coordinates": [ [ -79.647525569647144, 42.314694648362355, 0.0 ], [ -79.647421121637194, 42.314722635475206, 0.0 ], [ -79.647412312260769, 42.314724995963971, 0.0 ], [ -79.647314285214577, 42.314813348915202, 0.0 ], [ -79.647272708643129, 42.314850821603045, 0.0 ], [ -79.64726213293028, 42.314854129529472, 0.0 ], [ -79.64721474067666, 42.314868953104217, 0.0 ], [ -79.647177122224605, 42.31488071882444, 0.0 ], [ -79.647060626436556, 42.314878202941458, 0.0 ], [ -79.647063140743697, 42.31490186919666, 0.0 ], [ -79.647069443003716, 42.31496118447587, 0.0 ], [ -79.64707023598389, 42.314968654097044, 0.0 ], [ -79.647057176130232, 42.314980309878244, 0.0 ], [ -79.647005247523239, 42.3150266636165, 0.0 ], [ -79.646987481271879, 42.315028466069634, 0.0 ], [ -79.646957211402921, 42.315031538581053, 0.0 ], [ -79.646917733858785, 42.315035545693647, 0.0 ], [ -79.64688210253891, 42.3150453131285, 0.0 ], [ -79.646833665919317, 42.315058588947799, 0.0 ], [ -79.646724528505018, 42.315075279032357, 0.0 ], [ -79.646704655718409, 42.31507831810994, 0.0 ], [ -79.646578754949417, 42.315097570845055, 0.0 ], [ -79.646500081320653, 42.315132971013831, 0.0 ], [ -79.646467682843806, 42.315147549079356, 0.0 ], [ -79.646312386557383, 42.315244254366341, 0.0 ], [ -79.646227909687553, 42.315296859145022, 0.0 ], [ -79.646186647052687, 42.315322552625481, 0.0 ], [ -79.646115178035672, 42.315342869116307, 0.0 ], [ -79.646105731703969, 42.315345554418911, 0.0 ], [ -79.646019412514477, 42.315357691922053, 0.0 ], [ -79.645970655140289, 42.315364545820749, 0.0 ], [ -79.645915381651378, 42.315368468393579, 0.0 ], [ -79.645877745337145, 42.315371139780368, 0.0 ], [ -79.645801706306543, 42.315376536911799, 0.0 ], [ -79.645697272229143, 42.315436472310026, 0.0 ], [ -79.645696584187988, 42.3154384773472, 0.0 ], [ -79.645689308393258, 42.315459670732615, 0.0 ], [ -79.645661514138681, 42.315540631416582, 0.0 ], [ -79.645552589578216, 42.315547593320204, 0.0 ], [ -79.645537927558166, 42.315548831113709, 0.0 ], [ -79.645534047097613, 42.31554915845404, 0.0 ], [ -79.645481757805356, 42.315553569348133, 0.0 ], [ -79.645439683470798, 42.315570913509738, 0.0 ], [ -79.645390299723545, 42.315617863247411, 0.0 ], [ -79.645391393929003, 42.315627603342833, 0.0 ], [ -79.645395245653049, 42.315661870164419, 0.0 ], [ -79.645396166876537, 42.315670065816541, 0.0 ], [ -79.645345838799358, 42.315684020245335, 0.0 ], [ -79.645324077117195, 42.315639977546404, 0.0 ], [ -79.645320544843358, 42.315620291929477, 0.0 ], [ -79.64530925191211, 42.315557387969335, 0.0 ], [ -79.645299767288279, 42.315504556557087, 0.0 ], [ -79.645189664994007, 42.315453516499545, 0.0 ], [ -79.645158650125865, 42.315436116937342, 0.0 ], [ -79.645123431024118, 42.315416358747058, 0.0 ], [ -79.645109499454819, 42.315413277292457, 0.0 ], [ -79.645098795759139, 42.315415098680518, 0.0 ], [ -79.644974593215622, 42.31543622185491, 0.0 ], [ -79.644973764019369, 42.315436449916717, 0.0 ], [ -79.644933563790516, 42.315447506562059, 0.0 ], [ -79.644866279203924, 42.315466012432495, 0.0 ] ] } },
{ "type": "Feature", "properties": { "CalShoreTy": 2, "CalLandcov": 2, "CalSlope": 2, "CalSedi": 2, "CalRetreat": 2 }, "geometry": { "type": "LineString", "coordinates": [ [ -79.657143983942461, 42.31024882804072, 0.0 ], [ -79.657055335025859, 42.310346259793718, 0.0 ], [ -79.657040695552553, 42.310362349627198, 0.0 ], [ -79.657028509791701, 42.310375742241654, 0.0 ], [ -79.656901972599528, 42.310483395964596, 0.0 ], [ -79.656853493670468, 42.310524640123667, 0.0 ], [ -79.656811780877021, 42.310644252470617, 0.0 ], [ -79.656789706056188, 42.310707552311825, 0.0 ], [ -79.65670076829521, 42.310799196735509, 0.0 ], [ -79.656690733918566, 42.310809536468419, 0.0 ], [ -79.65661365849185, 42.310869575930404, 0.0 ], [ -79.656600374332854, 42.310873659788044, 0.0 ], [ -79.65654217789033, 42.310895819778757, 0.0 ], [ -79.656512690271299, 42.310904885103575, 0.0 ], [ -79.656501691882283, 42.310908266314442, 0.0 ], [ -79.656486746392162, 42.310908592556061, 0.0 ], [ -79.656433433649994, 42.310945911028128, 0.0 ], [ -79.656420595422972, 42.310954897319505, 0.0 ], [ -79.656354109463422, 42.310956352298106, 0.0 ], [ -79.656351928395523, 42.310956700417499, 0.0 ], [ -79.65632163322384, 42.310952910967224, 0.0 ], [ -79.656298447075812, 42.310950010411318, 0.0 ], [ -79.656247824978209, 42.310943677635684, 0.0 ], [ -79.656135003882028, 42.310961715602595, 0.0 ], [ -79.656085877704626, 42.311002806011842, 0.0 ], [ -79.656083275370904, 42.311004982668138, 0.0 ], [ -79.656066774459376, 42.311017929389678, 0.0 ], [ -79.656025636480805, 42.31105020733461, 0.0 ], [ -79.655961070258584, 42.311092361935046, 0.0 ], [ -79.65593912464162, 42.311106044698818, 0.0 ], [ -79.655909967805627, 42.311124223729934, 0.0 ], [ -79.655725764275459, 42.311239072594837, 0.0 ], [ -79.655657816882922, 42.311281436862224, 0.0 ], [ -79.655657192133305, 42.311282617093802, 0.0 ], [ -79.655615899102074, 42.311360624784683, 0.0 ], [ -79.655602387128724, 42.311386150332844, 0.0 ], [ -79.655594022116077, 42.311401952773736, 0.0 ], [ -79.65559369331271, 42.311402573918372, 0.0 ], [ -79.655572848128941, 42.311437863391014, 0.0 ], [ -79.655550716643887, 42.311413596630288, 0.0 ], [ -79.655547026696851, 42.311411091392102, 0.0 ], [ -79.655519684132202, 42.31139253262895, 0.0 ], [ -79.65551626894117, 42.311374556791982, 0.0 ], [ -79.655510886029049, 42.311372071884527, 0.0 ], [ -79.655502104428578, 42.311368018927162, 0.0 ], [ -79.655468832945786, 42.311348985150296, 0.0 ], [ -79.655446125462078, 42.311335994758075, 0.0 ], [ -79.655431901296481, 42.311337661864918, 0.0 ], [ -79.65538611280509, 42.311343029020321, 0.0 ], [ -79.655264148901523, 42.311368521457645, 0.0 ], [ -79.655242513152245, 42.311377371773901, 0.0 ], [ -79.655088387093599, 42.311440418359183, 0.0 ], [ -79.655031680523052, 42.311463614323948, 0.0 ], [ -79.654820846909743, 42.311549855944484, 0.0 ], [ -79.654745710188976, 42.311580590515561, 0.0 ], [ -79.654671042654073, 42.311632362134738, 0.0 ], [ -79.654632585480826, 42.311659028044019, 0.0 ], [ -79.654608734327766, 42.311675566232012, 0.0 ], [ -79.654620490260513, 42.311704872754234, 0.0 ], [ -79.654630527471966, 42.311729891904569, 0.0 ], [ -79.65456630099203, 42.311814845825417, 0.0 ], [ -79.654558091258437, 42.311825705018478, 0.0 ], [ -79.654531509415833, 42.311860866935966, 0.0 ], [ -79.654477337634461, 42.311979747665696, 0.0 ], [ -79.654475453443638, 42.311983882538691, 0.0 ], [ -79.654397698554789, 42.311997334600107, 0.0 ], [ -79.654394486282456, 42.311997890380546, 0.0 ], [ -79.654312139459435, 42.311998636148857, 0.0 ], [ -79.654257518210059, 42.312030455483104, 0.0 ], [ -79.654248724856117, 42.312035578000746, 0.0 ], [ -79.654218167169191, 42.31206168846397, 0.0 ], [ -79.654161522180175, 42.312147859290342, 0.0 ], [ -79.654138138377036, 42.312183430910004, 0.0 ], [ -79.65406650606316, 42.312292398249362, 0.0 ], [ -79.653994422557744, 42.312312623965447, 0.0 ], [ -79.65397710662738, 42.312317482585904, 0.0 ], [ -79.653877843846558, 42.312345333729766, 0.0 ], [ -79.653762098106384, 42.312353362191473, 0.0 ], [ -79.653711798078703, 42.312356851109875, 0.0 ], [ -79.653655145619879, 42.312376922733392, 0.0 ], [ -79.65361878143058, 42.312401130888702, 0.0 ], [ -79.653616174984322, 42.312459276914495, 0.0 ], [ -79.653615144215181, 42.31248227183606, 0.0 ], [ -79.653612298981855, 42.312486808889922, 0.0 ], [ -79.653563915872851, 42.312563966835519, 0.0 ], [ -79.653561206490409, 42.312568289249342, 0.0 ], [ -79.653509909017345, 42.312612835850771, 0.0 ], [ -79.653508294751987, 42.312614237691783, 0.0 ], [ -79.653461021434225, 42.312655290151412, 0.0 ], [ -79.653403377929592, 42.312700512636198, 0.0 ], [ -79.653357169604618, 42.312727851085171, 0.0 ], [ -79.653368828424973, 42.312744046428399, 0.0 ], [ -79.653396167108667, 42.312782022733714, 0.0 ], [ -79.653315742803983, 42.3128615196648, 0.0 ], [ -79.653315732770139, 42.312897389904862, 0.0 ], [ -79.653315721265045, 42.312938507090607, 0.0 ], [ -79.653315719990815, 42.312943522665769, 0.0 ], [ -79.653273697981049, 42.312985567102849, 0.0 ], [ -79.653185765532882, 42.313031755559834, 0.0 ], [ -79.653134732508875, 42.313058561717632, 0.0 ], [ -79.653011749582518, 42.313101559468123, 0.0 ], [ -79.652971420594611, 42.313111024685163, 0.0 ], [ -79.652941669926946, 42.313118007157257, 0.0 ], [ -79.652896682292649, 42.313128565072546, 0.0 ], [ -79.652796741834379, 42.313166572466521, 0.0 ], [ -79.652769443660787, 42.313197682321793, 0.0 ], [ -79.652719371988184, 42.313254745471788, 0.0 ], [ -79.652706373064603, 42.313269559575971, 0.0 ], [ -79.65266284185266, 42.31329185271121, 0.0 ], [ -79.65261284553641, 42.313317458899, 0.0 ], [ -79.652604889404799, 42.313323400822142, 0.0 ], [ -79.652533073400164, 42.313377035492934, 0.0 ], [ -79.652481203160818, 42.313415773744573, 0.0 ], [ -79.652467594578908, 42.313420015899794, 0.0 ], [ -79.652421165474124, 42.313434490283413, 0.0 ], [ -79.652279769978634, 42.313478570505126, 0.0 ], [ -79.652204383861232, 42.3135114169405, 0.0 ], [ -79.652130690381711, 42.313543525795296, 0.0 ], [ -79.652066688814145, 42.313602793906405, 0.0 ], [ -79.652061081557278, 42.313607986874331, 0.0 ], [ -79.652049237705967, 42.313608922840857, 0.0 ], [ -79.652017471593197, 42.313611432869159, 0.0 ], [ -79.651874823992628, 42.31362270418451, 0.0 ], [ -79.651822689797513, 42.313635549314064, 0.0 ], [ -79.651780636420824, 42.31364027116971, 0.0 ], [ -79.65154241975894, 42.313667018409333, 0.0 ], [ -79.651421697832546, 42.313680573007467, 0.0 ], [ -79.65130581341522, 42.313700055336916, 0.0 ], [ -79.65116028888238, 42.313724520537804, 0.0 ], [ -79.651124738012982, 42.313730497384945, 0.0 ], [ -79.651106689820452, 42.313733532008889, 0.0 ], [ -79.651091097772962, 42.313734113852256, 0.0 ], [ -79.651069994166392, 42.313734901263778, 0.0 ], [ -79.650998654688749, 42.313737563029115, 0.0 ], [ -79.65096278074769, 42.313735694932923, 0.0 ], [ -79.650934486346586, 42.313734219906969, 0.0 ], [ -79.650863731542373, 42.313730532036402, 0.0 ], [ -79.650834694715897, 42.313717087297874, 0.0 ], [ -79.650671716822274, 42.313641624424704, 0.0 ], [ -79.650623596110265, 42.313636303173844, 0.0 ], [ -79.650385298924476, 42.313609951647315, 0.0 ], [ -79.650318152478803, 42.313602526323493, 0.0 ], [ -79.650282897461182, 42.31362170933582, 0.0 ], [ -79.650247179618674, 42.31364114152494, 0.0 ], [ -79.650192073627878, 42.3136889396811, 0.0 ], [ -79.650170465262448, 42.313707682442953, 0.0 ], [ -79.650167847001143, 42.313707810694254, 0.0 ], [ -79.650055748921005, 42.313713301580854, 0.0 ], [ -79.650050537633675, 42.313713556776953, 0.0 ], [ -79.650050413619141, 42.313713562849934, 0.0 ], [ -79.650034184685865, 42.313714357543255, 0.0 ], [ -79.649991231539232, 42.313752710112951, 0.0 ], [ -79.649988859338023, 42.313754828278135, 0.0 ], [ -79.649969999928601, 42.313771668041284, 0.0 ], [ -79.649888169791595, 42.313774993287296, 0.0 ], [ -79.649859293322848, 42.313768643792585, 0.0 ], [ -79.649764111706105, 42.313747716789727, 0.0 ], [ -79.649708643214311, 42.313735521226079, 0.0 ], [ -79.649702390494411, 42.313735976409255, 0.0 ], [ -79.649534868040575, 42.313777762032217, 0.0 ], [ -79.649497289039076, 42.313787135432058, 0.0 ], [ -79.64941858469291, 42.313806767193768, 0.0 ], [ -79.649369184839074, 42.31379644811468, 0.0 ], [ -79.649304810299355, 42.313783000404406, 0.0 ], [ -79.649215940802847, 42.313764435677172, 0.0 ], [ -79.64906742647959, 42.313768166109682, 0.0 ], [ -79.649039614196894, 42.313768864685656, 0.0 ], [ -79.648949363295941, 42.313794627340208, 0.0 ], [ -79.648850589412518, 42.313822822506218, 0.0 ], [ -79.648844687768459, 42.313829244072068, 0.0 ], [ -79.648737161120991, 42.313946243277641, 0.0 ], [ -79.64873484309318, 42.313948764044682, 0.0 ], [ -79.648709028515384, 42.31397649327495, 0.0 ], [ -79.648636611248634, 42.314054281524335, 0.0 ], [ -79.648535618242349, 42.314071043439448, 0.0 ], [ -79.648526123194188, 42.314072619460227, 0.0 ], [ -79.648464096934475, 42.314082914765258, 0.0 ], [ -79.648334371526843, 42.314172370838925, 0.0 ], [ -79.648271870130188, 42.314215470421132, 0.0 ], [ -79.64815815369829, 42.314293885817001, 0.0 ], [ -79.648056352479955, 42.31436408458169, 0.0 ], [ -79.648011496610891, 42.314431621937331, 0.0 ], [ -79.648010464763487, 42.314433175537786, 0.0 ], [ -79.647986657878434, 42.314469021400463, 0.0 ], [ -79.647836691981496, 42.314548624951229, 0.0 ], [ -79.647778662201389, 42.314579427690823, 0.0 ] ] } },
{ "type": "Feature", "properties": { "CalShoreTy": 2, "CalLandcov": 1, "CalSlope": 2, "CalSedi": 2, "CalRetreat": 2 }, "geometry": { "type": "LineString", "coordinates": [ [ -79.657255775738818, 42.310114771688973, 0.0 ], [ -79.657190693554085, 42.310154886838326, 0.0 ], [ -79.657182658555868, 42.310159839418837, 0.0 ], [ -79.65718049183721, 42.310172374764441, 0.0 ], [ -79.657176622982234, 42.310194759407281, 0.0 ], [ -79.657172740509736, 42.310217222818082, 0.0 ], [ -79.657143983942447, 42.310248828040713, 0.0 ] ] } },
{ "type": "Feature", "properties": { "CalShoreTy": 2, "CalLandcov": 2, "CalSlope": 2, "CalSedi": 2, "CalRetreat": 2 }, "geometry": { "type": "LineString", "coordinates": [ [ -79.659130602806854, 42.30969662026493, 0.0 ], [ -79.659098358537022, 42.309697950347449, 0.0 ], [ -79.658925422712471, 42.309751000472758, 0.0 ], [ -79.658906705341494, 42.309758692818193, 0.0 ], [ -79.65869610826033, 42.309845242311454, 0.0 ], [ -79.658656399594591, 42.309861561388594, 0.0 ], [ -79.658543408285325, 42.309907997844277, 0.0 ], [ -79.658482679081757, 42.309927553908246, 0.0 ], [ -79.658391395381358, 42.309956949069182, 0.0 ], [ -79.6582710560712, 42.309948167700909, 0.0 ], [ -79.658268442081734, 42.309947663731137, 0.0 ], [ -79.658251269592355, 42.309944356838677, 0.0 ], [ -79.65819403982735, 42.309933336125063, 0.0 ], [ -79.658183074014033, 42.309931224183757, 0.0 ], [ -79.658159814857484, 42.309906498457607, 0.0 ], [ -79.658138284810462, 42.309883610388638, 0.0 ], [ -79.658120019828431, 42.309864194695393, 0.0 ], [ -79.65811724110624, 42.309856432256751, 0.0 ], [ -79.658099211191228, 42.309822587234855, 0.0 ], [ -79.658077538474004, 42.309781904040641, 0.0 ], [ -79.657993755264968, 42.309766276870697, 0.0 ], [ -79.657993604133452, 42.309766234172507, 0.0 ], [ -79.657943834982177, 42.30975228323134, 0.0 ], [ -79.657935854618501, 42.309755183160391, 0.0 ], [ -79.657906129695206, 42.309765983120919, 0.0 ], [ -79.657866815942072, 42.309780266972908, 0.0 ], [ -79.657826740551499, 42.309799896314303, 0.0 ], [ -79.657768444461681, 42.309828451784888, 0.0 ], [ -79.657700563613787, 42.309858534877662, 0.0 ], [ -79.657647366157022, 42.309882110609436, 0.0 ], [ -79.657597189550032, 42.309922016510853, 0.0 ], [ -79.657592456333404, 42.309929131802939, 0.0 ], [ -79.657569240890084, 42.309964033315552, 0.0 ], [ -79.657541202025968, 42.309987068023602, 0.0 ], [ -79.657523235984669, 42.310001827612993, 0.0 ], [ -79.657493288163721, 42.310026431541843, 0.0 ], [ -79.657338265047386, 42.310076781895049, 0.0 ], [ -79.657294179278907, 42.310091100570318, 0.0 ], [ -79.657289974645735, 42.310093692217535, 0.0 ], [ -79.657255775738818, 42.310114771688973, 0.0 ] ] } },
{ "type": "Feature", "properties": { "CalShoreTy": 2, "CalLandcov": 3, "CalSlope": 2, "CalSedi": 2, "CalRetreat": 2 }, "geometry": { "type": "LineString", "coordinates": [ [ -79.647778662201674, 42.314579427691136, 0.0 ], [ -79.647640951250239, 42.31465252577636, 0.0 ], [ -79.64759831951271, 42.314675154978353, 0.0 ], [ -79.647558088731714, 42.314685934936058, 0.0 ], [ -79.647525569647129, 42.314694648362327, 0.0 ] ] } },
{ "type": "Feature", "properties": { "CalShoreTy": 2, "CalLandcov": 3, "CalSlope": 2, "CalSedi": 2, "CalRetreat": 2 }, "geometry": { "type": "LineString", "coordinates": [ [ -79.644866279203612, 42.315466012431855, 0.0 ], [ -79.644832766872298, 42.315475229325493, 0.0 ], [ -79.644832508671897, 42.315475300338285, 0.0 ], [ -79.644717419599758, 42.315524790807459, 0.0 ], [ -79.644681532282192, 42.315540222989512, 0.0 ], [ -79.644620925484773, 42.315568300693897, 0.0 ], [ -79.644592823021782, 42.315581320732178, 0.0 ], [ -79.644592695569628, 42.315581379793564, 0.0 ], [ -79.644577081102852, 42.31558861554133, 0.0 ] ] } },
{ "type": "Feature", "properties": { "CalShoreTy": 2, "CalLandcov": 1, "CalSlope": 2, "CalSedi": 2, "CalRetreat": 2 }, "geometry": { "type": "LineString", "coordinates": [ [ -79.632934663906255, 42.321463047244606, 0.0 ], [ -79.632909733578373, 42.321489714440112, 0.0 ], [ -79.632901647331067, 42.321499787734602, 0.0 ], [ -79.6327786526209, 42.321653005659378, 0.0 ], [ -79.63275902484105, 42.321677456447581, 0.0 ], [ -79.632758730610092, 42.321677682644911, 0.0 ], [ -79.632710131132228, 42.32171504466271, 0.0 ] ] } },
{ "type": "Feature", "properties": { "CalShoreTy": 1, "CalLandcov": 1, "CalSlope": 2, "CalSedi": 2, "CalRetreat": 2 }, "geometry": { "type": "LineString", "coordinates": [ [ -79.609173672963763, 42.33517837654815, 0.0 ], [ -79.609093895597169, 42.335305982328698, 0.0 ], [ -79.608992779626874, 42.335467718831119, 0.0 ], [ -79.608891663181552, 42.335629455260246, 0.0 ], [ -79.608806832862342, 42.335765141239435, 0.0 ], [ -79.608802440555237, 42.335772166709205, 0.0 ], [ -79.608788996922172, 42.335790619236306, 0.0 ], [ -79.608674708275927, 42.335947489593089, 0.0 ], [ -79.608560419062329, 42.336104359837606, 0.0 ], [ -79.608545682214285, 42.336124587165337, 0.0 ], [ -79.608441967377999, 42.336242417070736, 0.0 ] ] } },
{ "type": "Feature", "properties": { "CalShoreTy": 2, "CalLandcov": 2, "CalSlope": 2, "CalSedi": 2, "CalRetreat": 3 }, "geometry": { "type": "LineString", "coordinates": [ [ -79.691221917185516, 42.295057910770602, 0.0 ], [ -79.691195246954393, 42.295076942423883, 0.0 ], [ -79.691194703455722, 42.295077330258806, 0.0 ], [ -79.691156026216461, 42.295138315739415, 0.0 ], [ -79.691012674492171, 42.295165000835823, 0.0 ], [ -79.691011480959375, 42.295165223008368, 0.0 ], [ -79.690983020957063, 42.295170520728753, 0.0 ], [ -79.690889016898083, 42.295186529475941, 0.0 ], [ -79.690833479531619, 42.29520889456829, 0.0 ], [ -79.690817582127565, 42.295215297093868, 0.0 ], [ -79.690784960602073, 42.295221641277799, 0.0 ], [ -79.690743028117964, 42.295229796225414, 0.0 ], [ -79.690690293064364, 42.295259424814986, 0.0 ], [ -79.690640643478218, 42.295324104678429, 0.0 ], [ -79.6906369794049, 42.295346681951557, 0.0 ], [ -79.690633127485512, 42.295370416670849, 0.0 ], [ -79.690567364737987, 42.295413275774905, 0.0 ], [ -79.690485802595575, 42.295395179522458, 0.0 ], [ -79.690497397139367, 42.295370157608495, 0.0 ], [ -79.690509274103704, 42.295344526184913, 0.0 ], [ -79.690458832491259, 42.295223822020638, 0.0 ], [ -79.690425645037521, 42.295220757538118, 0.0 ], [ -79.690305153975345, 42.295209631479096, 0.0 ], [ -79.690189987329731, 42.295233080945593, 0.0 ], [ -79.690098111855292, 42.295251787922112, 0.0 ], [ -79.690091459865428, 42.29525314315724, 0.0 ], [ -79.690087219248781, 42.295256748375529, 0.0 ], [ -79.690000435720933, 42.295330538339442, 0.0 ], [ -79.689969564579712, 42.295356787275921, 0.0 ], [ -79.689783517084095, 42.295397037020237, 0.0 ], [ -79.689736726611585, 42.295407159672273, 0.0 ], [ -79.689559050282952, 42.295461231472821, 0.0 ], [ -79.68947548685189, 42.295486661998453, 0.0 ], [ -79.689349800525505, 42.295547920325099, 0.0 ], [ -79.689283486480946, 42.29558024105873, 0.0 ], [ -79.689170424240686, 42.295656339078775, 0.0 ], [ -79.689162794961092, 42.295659273404056, 0.0 ], [ -79.688949080956888, 42.295741470392564, 0.0 ], [ -79.688927018281362, 42.2957499559285, 0.0 ], [ -79.688920866553673, 42.295752322711159, 0.0 ], [ -79.688885442142436, 42.295777848352813, 0.0 ], [ -79.688771105207607, 42.295860237535358, 0.0 ], [ -79.688755856615856, 42.295871225376253, 0.0 ], [ -79.688715620520554, 42.295891779078602, 0.0 ], [ -79.688575167796344, 42.295963527635216, 0.0 ], [ -79.688481780496232, 42.296011233209143, 0.0 ], [ -79.688414049814739, 42.29609103530435, 0.0 ], [ -79.688408016978116, 42.296098143340451, 0.0 ], [ -79.688407862191781, 42.296098325722951, 0.0 ], [ -79.68838449512711, 42.296125858783405, 0.0 ], [ -79.688374883990775, 42.296137182941024, 0.0 ], [ -79.688374820979064, 42.296137257183481, 0.0 ], [ -79.688243609258365, 42.296213788473509, 0.0 ], [ -79.688228149842516, 42.296222805396717, 0.0 ], [ -79.688224661155331, 42.296314449041539, 0.0 ], [ -79.688157283242631, 42.296366316835062, 0.0 ], [ -79.688139681017049, 42.29637986707872, 0.0 ], [ -79.68799776194254, 42.296403205294787, 0.0 ], [ -79.687953786145442, 42.296443576503556, 0.0 ], [ -79.687900951750763, 42.296492080099824, 0.0 ], [ -79.687772806416731, 42.296558750927538, 0.0 ], [ -79.687698720219331, 42.296597296001465, 0.0 ], [ -79.68759847827954, 42.296680135437782, 0.0 ], [ -79.687437826952504, 42.296812896253428, 0.0 ], [ -79.687434242766457, 42.296815858182697, 0.0 ], [ -79.687380216651874, 42.296842830990379, 0.0 ], [ -79.687313306738062, 42.296862857759699, 0.0 ], [ -79.687305595124357, 42.296862506163052, 0.0 ], [ -79.687301321834923, 42.29686231232656, 0.0 ], [ -79.687215344797423, 42.296858402245405, 0.0 ], [ -79.687160228972786, 42.29685589564145, 0.0 ], [ -79.686990176098149, 42.296800778159685, 0.0 ] ] } },
{ "type": "Feature", "properties": { "CalShoreTy": 2, "CalLandcov": 2, "CalSlope": 2, "CalSedi": 2, "CalRetreat": 3 }, "geometry": { "type": "LineString", "coordinates": [ [ -79.70711586173546, 42.288261371446154, 0.0 ], [ -79.70708346004065, 42.28829056875481, 0.0 ], [ -79.707008447202355, 42.288328587103308, 0.0 ], [ -79.706976185695581, 42.288332834851644, 0.0 ], [ -79.70691112019334, 42.288341401174172, 0.0 ], [ -79.706818486609023, 42.288353596955581, 0.0 ], [ -79.706797078170439, 42.288359261627363, 0.0 ], [ -79.70673548374333, 42.288375557319704, 0.0 ], [ -79.706690771083359, 42.288403589170727, 0.0 ], [ -79.706630208263917, 42.288441557943457, 0.0 ], [ -79.706625439126029, 42.288444546844367, 0.0 ], [ -79.706562085526201, 42.288474305666725, 0.0 ], [ -79.706494407956484, 42.288506095523985, 0.0 ], [ -79.706478182348377, 42.288513717088613, 0.0 ], [ -79.706422181389925, 42.288603262106335, 0.0 ], [ -79.706388355773086, 42.288657348546714, 0.0 ], [ -79.706381912746707, 42.288660468446572, 0.0 ], [ -79.706272539693799, 42.288713429926908, 0.0 ], [ -79.706200406515123, 42.28874835672309, 0.0 ], [ -79.706182822341972, 42.288760352827097, 0.0 ], [ -79.706156445055797, 42.288778347667439, 0.0 ], [ -79.706126362019447, 42.288825321919987, 0.0 ], [ -79.706060747519516, 42.288865315612824, 0.0 ], [ -79.706022400002993, 42.28888868987476, 0.0 ], [ -79.705971691189234, 42.288919598766753, 0.0 ], [ -79.705961136844707, 42.288972630769095, 0.0 ], [ -79.705947610329602, 42.289040604446889, 0.0 ], [ -79.705946750723669, 42.289047833953724, 0.0 ], [ -79.705941358510785, 42.289093183787273, 0.0 ], [ -79.705937249235987, 42.289127736139797, 0.0 ], [ -79.705895238084466, 42.289149721322936, 0.0 ], [ -79.705876028808731, 42.289145277325986, 0.0 ], [ -79.705817963850791, 42.289131844926509, 0.0 ], [ -79.705803690590898, 42.289128543029868, 0.0 ], [ -79.705706275883756, 42.289181136003108, 0.0 ], [ -79.705700010307709, 42.289222639966546, 0.0 ], [ -79.705694587779078, 42.289258550905508, 0.0 ], [ -79.705687887856286, 42.289302921382244, 0.0 ], [ -79.705600404199814, 42.289367433372767, 0.0 ], [ -79.70559977019353, 42.289367351863604, 0.0 ], [ -79.705562523740184, 42.289362563375697, 0.0 ], [ -79.705544269604204, 42.289360216490756, 0.0 ], [ -79.705475898208292, 42.28935142628729, 0.0 ], [ -79.705474447888662, 42.289351239825059, 0.0 ], [ -79.705465793558574, 42.289350127115746, 0.0 ], [ -79.705353465534074, 42.289360665038579, 0.0 ], [ -79.705308272632678, 42.289372572833024, 0.0 ], [ -79.705281399877663, 42.289379653473972, 0.0 ], [ -79.705280291301008, 42.289380182893694, 0.0 ], [ -79.705218406385612, 42.289409704227815, 0.0 ], [ -79.705212381572451, 42.289442724977654, 0.0 ], [ -79.705238731568016, 42.289477364624666, 0.0 ], [ -79.70525647543667, 42.289500694264511, 0.0 ], [ -79.705255478645526, 42.289502320137643, 0.0 ], [ -79.705237450691854, 42.289531725599915, 0.0 ], [ -79.705197995015567, 42.28954051952946, 0.0 ], [ -79.705179482199171, 42.289544645765702, 0.0 ], [ -79.705170477548691, 42.28954374533118, 0.0 ], [ -79.705051145733592, 42.289531819656332, 0.0 ], [ -79.7050440476131, 42.289531110380452, 0.0 ], [ -79.70490948643716, 42.28951766432759, 0.0 ], [ -79.704805436330815, 42.289506852840013, 0.0 ], [ -79.704697151430082, 42.289495601224012, 0.0 ], [ -79.704567032162103, 42.289509695722273, 0.0 ], [ -79.704410445676515, 42.289526656940133, 0.0 ], [ -79.704409126108175, 42.289527049767962, 0.0 ], [ -79.704373806632361, 42.289537569365486, 0.0 ], [ -79.704333823702314, 42.289549476840982, 0.0 ], [ -79.704329491399378, 42.289550767059367, 0.0 ], [ -79.704270283375834, 42.289683554096307, 0.0 ], [ -79.704225279538761, 42.289694008010351, 0.0 ], [ -79.703995486626752, 42.289747386134621, 0.0 ], [ -79.703808475997249, 42.28979082604387, 0.0 ], [ -79.7037671173034, 42.289803645008007, 0.0 ], [ -79.70354497200006, 42.289872497721639, 0.0 ], [ -79.703503604396687, 42.289885319317733, 0.0 ], [ -79.703322826590636, 42.289941350676756, 0.0 ], [ -79.703182567447044, 42.289984823172759, 0.0 ], [ -79.703125677297493, 42.29003155786129, 0.0 ], [ -79.703121926252606, 42.290031818266158, 0.0 ], [ -79.703104669986999, 42.290033016224051, 0.0 ], [ -79.702997883478858, 42.290040433103151, 0.0 ], [ -79.702970923502605, 42.290094663961888, 0.0 ], [ -79.702957752636678, 42.290121156811402, 0.0 ], [ -79.702920595546146, 42.290195897186962, 0.0 ], [ -79.702851836017871, 42.290185714489894, 0.0 ], [ -79.702802261867191, 42.290195942428468, 0.0 ], [ -79.702791905750658, 42.290199835029476, 0.0 ], [ -79.702761551695588, 42.29021124433568, 0.0 ], [ -79.702709194650595, 42.290230921046351, 0.0 ], [ -79.70269561988431, 42.290251109610921, 0.0 ] ] } },
{ "type": "Feature", "properties": { "CalShoreTy": 2, "CalLandcov": 2, "CalSlope": 3, "CalSedi": 2, "CalRetreat": 3 }, "geometry": { "type": "LineString", "coordinates": [ [ -79.702426921763077, 42.290516039248807, 0.0 ], [ -79.702408088201608, 42.290531389514172, 0.0 ], [ -79.702406045232166, 42.290606471103494, 0.0 ], [ -79.702372139227009, 42.290636405674285, 0.0 ], [ -79.702331346112686, 42.290648693241408, 0.0 ], [ -79.702279038098041, 42.290664449258706, 0.0 ], [ -79.702214760381935, 42.290676081742347, 0.0 ], [ -79.702174110422433, 42.290683438601846, 0.0 ], [ -79.7021091991041, 42.29071318674437, 0.0 ], [ -79.702078077188247, 42.290727449551518, 0.0 ], [ -79.702060332637899, 42.290728495063448, 0.0 ], [ -79.70199167165238, 42.290732539239372, 0.0 ], [ -79.70187762469169, 42.290753670155112, 0.0 ], [ -79.701812757855635, 42.290765688792249, 0.0 ], [ -79.701710708318004, 42.290784597420576, 0.0 ], [ -79.701650630711839, 42.29080937940941, 0.0 ], [ -79.701630707769127, 42.290817597603059, 0.0 ], [ -79.701608646308301, 42.290853525872834, 0.0 ], [ -79.701608674992031, 42.290874133471299, 0.0 ], [ -79.701611280092337, 42.290888554285779, 0.0 ], [ -79.701619320960333, 42.290933051543, 0.0 ], [ -79.70159382470753, 42.290959686195222, 0.0 ], [ -79.701586674914736, 42.290967155317091, 0.0 ], [ -79.701577244694462, 42.290977006710591, 0.0 ], [ -79.701497273830057, 42.290999021044222, 0.0 ], [ -79.701359301351673, 42.291012741487151, 0.0 ], [ -79.701297304367174, 42.291018906616856, 0.0 ], [ -79.701120588215971, 42.291036480308236, 0.0 ], [ -79.701065266191492, 42.291041981796297, 0.0 ], [ -79.700978626252521, 42.29105956107356, 0.0 ], [ -79.70093062486464, 42.291107636809393, 0.0 ], [ -79.700927842923804, 42.291118092610823, 0.0 ], [ -79.700909531821907, 42.291186913973846, 0.0 ], [ -79.700850664655334, 42.291275134635065, 0.0 ], [ -79.700838914056547, 42.291279323508675, 0.0 ], [ -79.700760028558747, 42.291307444693601, 0.0 ], [ -79.700723058736585, 42.291215022696015, 0.0 ], [ -79.700728234550525, 42.291198445706527, 0.0 ], [ -79.700750995063316, 42.291125548697266, 0.0 ], [ -79.700739209767789, 42.29106956492204, 0.0 ], [ -79.700731639454162, 42.291033612270247, 0.0 ], [ -79.700730677328337, 42.291033855723036, 0.0 ], [ -79.70071845416112, 42.291036961108979, 0.0 ], [ -79.70061369960878, 42.291063574703344, 0.0 ], [ -79.700513613742118, 42.291108561943268, 0.0 ], [ -79.700501561584687, 42.291112139529474, 0.0 ], [ -79.700395690003873, 42.291143566578924, 0.0 ], [ -79.700330091727054, 42.29114742057132, 0.0 ], [ -79.70029366583698, 42.291149558889671, 0.0 ], [ -79.700289793077644, 42.291149503882473, 0.0 ], [ -79.700288150989351, 42.291149480659215, 0.0 ], [ -79.700269232205684, 42.291149213098358, 0.0 ], [ -79.700102513294937, 42.291146855124843, 0.0 ], [ -79.700081904248862, 42.291146563446269, 0.0 ], [ -79.700081719514344, 42.291146560831727, 0.0 ], [ -79.700029213313798, 42.291139721453185, 0.0 ], [ -79.699988594458233, 42.291134430483602, 0.0 ], [ -79.699967044512292, 42.291131623431177, 0.0 ], [ -79.699848864931624, 42.291142826952473, 0.0 ], [ -79.699790750627969, 42.291148336144921, 0.0 ], [ -79.699723973963586, 42.291154666483592, 0.0 ], [ -79.699681834061352, 42.291126647054831, 0.0 ], [ -79.699625975150411, 42.291089503375645, 0.0 ], [ -79.699587469887788, 42.291101473522829, 0.0 ], [ -79.699516711103598, 42.291123470288042, 0.0 ], [ -79.699369532523278, 42.291169222825246, 0.0 ], [ -79.699365084060744, 42.291168970158267, 0.0 ], [ -79.699324931306791, 42.29116668951837, 0.0 ], [ -79.699246218570238, 42.291162218503636, 0.0 ], [ -79.699187780317288, 42.291206450862987, 0.0 ], [ -79.699161194558059, 42.291226573701834, 0.0 ], [ -79.699122989226311, 42.291255491393521, 0.0 ], [ -79.699043688717794, 42.291266502124373, 0.0 ], [ -79.698939984568284, 42.291280900622539, 0.0 ], [ -79.698931604929086, 42.291282064063729, 0.0 ], [ -79.698874205728217, 42.291346027042309, 0.0 ], [ -79.698835530466198, 42.291389126143116, 0.0 ], [ -79.698788688464134, 42.291415196789423, 0.0 ], [ -79.69859621933368, 42.29152231805449, 0.0 ], [ -79.698589347420139, 42.291526142696156, 0.0 ], [ -79.69848972712505, 42.291526435429027, 0.0 ], [ -79.698410311219078, 42.291526668447524, 0.0 ], [ -79.698374225107173, 42.291555609821124, 0.0 ], [ -79.698299037784366, 42.291615910579466, 0.0 ], [ -79.69822122523513, 42.291678317029678, 0.0 ], [ -79.698206711698717, 42.291681647791911, 0.0 ], [ -79.698113199354069, 42.291703108208786, 0.0 ], [ -79.697976665847364, 42.29173444364573, 0.0 ], [ -79.697958721281779, 42.291738562039349, 0.0 ], [ -79.697899156822857, 42.291819477524989, 0.0 ], [ -79.697884526822847, 42.29183935251119, 0.0 ], [ -79.697834913743208, 42.291872584594998, 0.0 ], [ -79.69781304073328, 42.291887235665818, 0.0 ], [ -79.697697613405097, 42.291964551691407, 0.0 ], [ -79.697670448095735, 42.292000470212422, 0.0 ], [ -79.697666944933246, 42.29200510215987, 0.0 ], [ -79.697647716184491, 42.292030523541364, 0.0 ], [ -79.697578671272822, 42.292088552619454, 0.0 ], [ -79.697501187372183, 42.292122137077605, 0.0 ], [ -79.697495619129029, 42.292124550560843, 0.0 ], [ -79.697284200412824, 42.292138802770125, 0.0 ], [ -79.697262175365339, 42.292140286739084, 0.0 ], [ -79.697242715517078, 42.292141597869147, 0.0 ], [ -79.697159982261098, 42.292191303144342, 0.0 ], [ -79.697132532071436, 42.292207794991917, 0.0 ], [ -79.697130242230187, 42.292208111023307, 0.0 ], [ -79.697054500131202, 42.292218564507216, 0.0 ], [ -79.697036286276088, 42.292221078271126, 0.0 ], [ -79.697034938986903, 42.292221264149589, 0.0 ], [ -79.696908555304915, 42.292238707906165, 0.0 ], [ -79.696819893045443, 42.292257955784336, 0.0 ], [ -79.69680762916073, 42.292260618169919, 0.0 ], [ -79.696784327895315, 42.292287476218391, 0.0 ], [ -79.696773584074407, 42.292299860639922, 0.0 ], [ -79.696722745377912, 42.292328768659274, 0.0 ], [ -79.696669161177937, 42.292366413718852, 0.0 ], [ -79.696649564566187, 42.292380181462043, 0.0 ], [ -79.696601747259294, 42.292413775818922, 0.0 ], [ -79.696552951679493, 42.292413423971723, 0.0 ], [ -79.696443070316747, 42.292412628850336, 0.0 ], [ -79.696445157057354, 42.292424538036244, 0.0 ], [ -79.6964516415308, 42.292461545392626, 0.0 ], [ -79.696414250945338, 42.29252408669425, 0.0 ], [ -79.696362257565994, 42.292533992318795, 0.0 ], [ -79.696319374425983, 42.292542161611912, 0.0 ], [ -79.696270148450807, 42.292551539199323, 0.0 ], [ -79.69611957979663, 42.292637302235455, 0.0 ], [ -79.696077154901417, 42.292661467132142, 0.0 ], [ -79.695907433312058, 42.292720106241411, 0.0 ], [ -79.695854180662366, 42.292738505050941, 0.0 ], [ -79.6957221503081, 42.292771472920769, 0.0 ], [ -79.695684165323939, 42.292785969358604, 0.0 ], [ -79.695570156892373, 42.292829478963114, 0.0 ], [ -79.695482443968672, 42.292881683760577, 0.0 ], [ -79.695454151511854, 42.292898522772973, 0.0 ], [ -79.695304984011386, 42.293002060332675, 0.0 ], [ -79.69527245092857, 42.2930246415604, 0.0 ], [ -79.695120554544928, 42.293116567675781, 0.0 ], [ -79.695082380256792, 42.293139670284248, 0.0 ], [ -79.694980373027974, 42.293186621371191, 0.0 ], [ -79.694912658242757, 42.293203378971562, 0.0 ], [ -79.694693406117239, 42.293257637677705, 0.0 ], [ -79.694685875523462, 42.293262127615684, 0.0 ], [ -79.694524628961162, 42.293358266763072, 0.0 ], [ -79.6944911403329, 42.293361453766039, 0.0 ], [ -79.694337978093486, 42.293376029581637, 0.0 ], [ -79.694252239718139, 42.293384188358289, 0.0 ], [ -79.694215063012422, 42.293387726034197, 0.0 ], [ -79.694162564985035, 42.29344535866808, 0.0 ], [ -79.694111095947036, 42.293501862236518, 0.0 ], [ -79.694095477777324, 42.293507416445898, 0.0 ], [ -79.693995284645467, 42.293543047528665, 0.0 ], [ -79.693878392544292, 42.293584617307808, 0.0 ], [ -79.693742453914723, 42.293632960192497, 0.0 ], [ -79.69367657631949, 42.293678360020181, 0.0 ], [ -79.693608105229046, 42.293725547055374, 0.0 ], [ -79.693476104662736, 42.293728567164401, 0.0 ], [ -79.693468178419053, 42.293728748336164, 0.0 ], [ -79.693462261206406, 42.29373190392154, 0.0 ], [ -79.693441438032124, 42.293743008685524, 0.0 ], [ -79.693309870835748, 42.293813175102599, 0.0 ], [ -79.693260151252204, 42.293826761077376, 0.0 ], [ -79.693034203519105, 42.293888501395692, 0.0 ], [ -79.692976847181882, 42.293904173949578, 0.0 ], [ -79.692907624217071, 42.293919678050869, 0.0 ], [ -79.692866529373362, 42.293928882433057, 0.0 ], [ -79.692849177593018, 42.293946490945643, 0.0 ], [ -79.692828557504711, 42.29396741521176, 0.0 ], [ -79.692819947353016, 42.29397615236968, 0.0 ], [ -79.692727079010297, 42.294128765617153, 0.0 ], [ -79.692701144730322, 42.294171384027521, 0.0 ], [ -79.692532800546672, 42.294206207546956, 0.0 ], [ -79.692529915635518, 42.294206150630707, 0.0 ], [ -79.692497220135834, 42.294205505568968, 0.0 ], [ -79.692323954338576, 42.294202082118403, 0.0 ], [ -79.692309234064368, 42.294225438304863, 0.0 ], [ -79.692257643597827, 42.294307295085588, 0.0 ], [ -79.692235280396602, 42.29434277701268, 0.0 ], [ -79.692174738499702, 42.294361938007576, 0.0 ], [ -79.691995555076758, 42.29441864777742, 0.0 ], [ -79.691953284262681, 42.294432026082006, 0.0 ], [ -79.691731829672321, 42.294502113971745, 0.0 ], [ -79.691654691531795, 42.294526527188992, 0.0 ], [ -79.691602963156683, 42.294573535767796, 0.0 ], [ -79.691570604563992, 42.294623607667852, 0.0 ], [ -79.691543626410791, 42.294665353770654, 0.0 ], [ -79.691520939589481, 42.294700459658614, 0.0 ], [ -79.691460371158328, 42.294781947835567, 0.0 ], [ -79.691352936787396, 42.294926488394687, 0.0 ], [ -79.691343065742871, 42.294937517888819, 0.0 ], [ -79.691259000903159, 42.295031448239676, 0.0 ], [ -79.691221917185501, 42.295057910770581, 0.0 ] ] } },
{ "type": "Feature", "properties": { "CalShoreTy": 2, "CalLandcov": 1, "CalSlope": 2, "CalSedi": 2, "CalRetreat": 3 }, "geometry": { "type": "LineString", "coordinates": [ [ -79.70269561988431, 42.290251109610921, 0.0 ], [ -79.702682060186703, 42.290271276307372, 0.0 ], [ -79.702677419448179, 42.290278179197323, 0.0 ], [ -79.702641444195194, 42.290328317128889, 0.0 ], [ -79.702627655327419, 42.29034753435063, 0.0 ], [ -79.702649767498215, 42.290376271201218, 0.0 ] ] } },
{ "type": "Feature", "properties": { "CalShoreTy": 2, "CalLandcov": 1, "CalSlope": 3, "CalSedi": 2, "CalRetreat": 3 }, "geometry": { "type": "LineString", "coordinates": [ [ -79.702649767498215, 42.290376271201218, 0.0 ], [ -79.702677682877066, 42.290412549175301, 0.0 ], [ -79.70266215771295, 42.2904696258244, 0.0 ], [ -79.702655921281959, 42.290492552765492, 0.0 ], [ -79.70265563773971, 42.290493595147119, 0.0 ], [ -79.702578466121366, 42.290522848334966, 0.0 ], [ -79.702507398334561, 42.290529420947422, 0.0 ], [ -79.702507137260639, 42.29052946851052, 0.0 ], [ -79.702441124624258, 42.290504463220273, 0.0 ], [ -79.702436652931226, 42.290508107870806, 0.0 ], [ -79.702426921763077, 42.290516039248807, 0.0 ] ] } },
{ "type": "Feature", "properties": { "CalShoreTy": 2, "CalLandcov": 2, "CalSlope": 3, "CalSedi": 2, "CalRetreat": 3 }, "geometry": { "type": "LineString", "coordinates": [ [ -79.668399446580707, 42.305538252500135, 0.0 ], [ -79.668385640766161, 42.30557007404483, 0.0 ], [ -79.668374417577397, 42.305588050286765, 0.0 ], [ -79.668328575031566, 42.305588973839548, 0.0 ], [ -79.668251504754807, 42.305590526857856, 0.0 ], [ -79.668208492686105, 42.305578471342365, 0.0 ], [ -79.668189310527012, 42.305573094917811, 0.0 ], [ -79.668112574810138, 42.305590953597168, 0.0 ], [ -79.668098012195102, 42.305595983591999, 0.0 ], [ -79.668052110596619, 42.305611835453739, 0.0 ], [ -79.66799717541592, 42.305599420528814, 0.0 ], [ -79.667984946465651, 42.305600925369745, 0.0 ], [ -79.667981606863151, 42.305601336199345, 0.0 ], [ -79.6679161621948, 42.305609387003621, 0.0 ], [ -79.667867199419192, 42.305634432792218, 0.0 ], [ -79.667853923661568, 42.305670200303148, 0.0 ], [ -79.667814049491838, 42.305700584408626, 0.0 ], [ -79.667808731846847, 42.305704636118698, 0.0 ], [ -79.667804677741515, 42.305707725089007, 0.0 ], [ -79.667800536592452, 42.305710880190716, 0.0 ], [ -79.667799542905357, 42.305710718531941, 0.0 ], [ -79.667749628188105, 42.305702569339431, 0.0 ], [ -79.667656762055074, 42.305685858425214, 0.0 ], [ -79.66760543925929, 42.305685413741337, 0.0 ], [ -79.667586073299717, 42.305702469458055, 0.0 ], [ -79.667566648621403, 42.30571957687421, 0.0 ], [ -79.667525150102264, 42.305728324943701, 0.0 ], [ -79.667445420814843, 42.305745132923661, 0.0 ], [ -79.667364009063206, 42.305762294541893, 0.0 ], [ -79.667272735071251, 42.305781535041625, 0.0 ], [ -79.667169720129422, 42.305850398577164, 0.0 ], [ -79.6671650104484, 42.305854374399736, 0.0 ], [ -79.667154974144211, 42.305862846850133, 0.0 ], [ -79.667154513555033, 42.305863235652794, 0.0 ], [ -79.667128402807052, 42.305885276820455, 0.0 ] ] } },
{ "type": "Feature", "properties": { "CalShoreTy": 2, "CalLandcov": 2, "CalSlope": 2, "CalSedi": 2, "CalRetreat": 3 }, "geometry": { "type": "LineString", "coordinates": [ [ -79.666250089198613, 42.306747532629977, 0.0 ], [ -79.666240673429925, 42.306748801633489, 0.0 ], [ -79.666154978683934, 42.306785207847085, 0.0 ], [ -79.666146411931507, 42.306827924884317, 0.0 ], [ -79.666135652269304, 42.306881576504558, 0.0 ], [ -79.666130017087568, 42.306893459648713, 0.0 ], [ -79.666125684839429, 42.306902599882491, 0.0 ], [ -79.666135871642609, 42.306921337940857, 0.0 ], [ -79.6661506809358, 42.306948577083958, 0.0 ], [ -79.666195544078576, 42.306988749614248, 0.0 ], [ -79.666217709168407, 42.307008597233455, 0.0 ], [ -79.666220712908967, 42.307047551813547, 0.0 ], [ -79.666219933525227, 42.307048218192968, 0.0 ], [ -79.666194954097691, 42.307069594018678, 0.0 ], [ -79.666181791947963, 42.307080855018, 0.0 ], [ -79.666171663693632, 42.307089524213538, 0.0 ], [ -79.666157100321627, 42.307088948707019, 0.0 ], [ -79.666097702275181, 42.307086599851353, 0.0 ], [ -79.666094804395613, 42.307084274318477, 0.0 ], [ -79.666025992241075, 42.307029052847795, 0.0 ], [ -79.665982086169222, 42.30699023328399, 0.0 ], [ -79.665949792553405, 42.306943514368903, 0.0 ], [ -79.665926270316987, 42.306909484888045, 0.0 ], [ -79.665914429683781, 42.306815322765381, 0.0 ], [ -79.665858844923576, 42.306796084411019, 0.0 ], [ -79.665826134196593, 42.306784762933717, 0.0 ], [ -79.665793833526791, 42.306784818484523, 0.0 ], [ -79.665740116298238, 42.30678490964231, 0.0 ], [ -79.665704198903768, 42.306784971399907, 0.0 ], [ -79.665621838205155, 42.306791752241836, 0.0 ], [ -79.665551711415134, 42.306797525804356, 0.0 ], [ -79.665385007651736, 42.306823491181959, 0.0 ], [ -79.665290377445388, 42.306838230437265, 0.0 ], [ -79.665161408768611, 42.306885958761669, 0.0 ], [ -79.665143934641819, 42.306892425514192, 0.0 ], [ -79.665044695354538, 42.306891395507691, 0.0 ], [ -79.664950777403774, 42.306869843318474, 0.0 ], [ -79.664928733698346, 42.306863213479545, 0.0 ], [ -79.664891324746009, 42.306851962392436, 0.0 ], [ -79.664800065766855, 42.306820148598057, 0.0 ], [ -79.664707676315615, 42.306792538985498, 0.0 ], [ -79.664660966156262, 42.306778580108741, 0.0 ], [ -79.664516723303635, 42.306707553543355, 0.0 ], [ -79.664499550822754, 42.306706342358609, 0.0 ], [ -79.664474658155967, 42.306704586658427, 0.0 ], [ -79.664471349198067, 42.306706133961647, 0.0 ], [ -79.664414749131595, 42.306732599833978, 0.0 ], [ -79.664325695459098, 42.306817260921001, 0.0 ], [ -79.664208223061266, 42.306928938521516, 0.0 ], [ -79.664206428075133, 42.306930645303368, 0.0 ], [ -79.664174085038184, 42.306955536336673, 0.0 ], [ -79.664007152154255, 42.307084006557453, 0.0 ], [ -79.663840218591645, 42.307212476537977, 0.0 ], [ -79.66372464827208, 42.307301417554868, 0.0 ], [ -79.663673284360712, 42.30734094628577, 0.0 ], [ -79.663659676913738, 42.307351418312507, 0.0 ], [ -79.663658042222011, 42.307351790232552, 0.0 ], [ -79.663588644685177, 42.307367517762607, 0.0 ], [ -79.663456123794205, 42.307414551062607, 0.0 ], [ -79.663447639648751, 42.307417562182088, 0.0 ], [ -79.663368363083833, 42.307388673787173, 0.0 ], [ -79.663273280450284, 42.307397624325041, 0.0 ], [ -79.663229849187985, 42.307411451832586, 0.0 ], [ -79.66314474185522, 42.307438547967728, 0.0 ], [ -79.663063687103815, 42.307460886918101, 0.0 ], [ -79.663006733146091, 42.307476584248995, 0.0 ], [ -79.663005866673089, 42.307476928382087, 0.0 ], [ -79.662855667867092, 42.307536581842861, 0.0 ], [ -79.662802443584383, 42.307570700010658, 0.0 ], [ -79.662699681987746, 42.307636572725528, 0.0 ], [ -79.662614034976642, 42.307681406966054, 0.0 ], [ -79.662485749001505, 42.307748561483209, 0.0 ], [ -79.662427573633849, 42.307793119184389, 0.0 ], [ -79.662348684908707, 42.30785354151913, 0.0 ], [ -79.662279469663417, 42.307932598957841, 0.0 ], [ -79.662221740192123, 42.307998537196276, 0.0 ], [ -79.662162329264774, 42.30808794532399, 0.0 ], [ -79.662124707177441, 42.308144563049709, 0.0 ], [ -79.662091875335321, 42.308167749436123, 0.0 ], [ -79.662039748265784, 42.308204565102628, 0.0 ], [ -79.662001940841577, 42.308208314328461, 0.0 ], [ -79.661941001028637, 42.308214357480701, 0.0 ], [ -79.661763151681129, 42.30823199351191, 0.0 ], [ -79.661762128355718, 42.30823209498611, 0.0 ], [ -79.661757740185976, 42.308232530588604, 0.0 ], [ -79.661542242431935, 42.30830270911428, 0.0 ], [ -79.661531587627891, 42.308306178919011, 0.0 ], [ -79.661420421041058, 42.308406871976011, 0.0 ], [ -79.661376561009433, 42.308429540455542, 0.0 ], [ -79.661223699255586, 42.308508544777602, 0.0 ], [ -79.661189679552066, 42.308514747128662, 0.0 ], [ -79.661170846427851, 42.308518179623093, 0.0 ], [ -79.661146742244853, 42.308522572805245, 0.0 ], [ -79.661054657826924, 42.308571520614088, 0.0 ], [ -79.66106376487879, 42.308603824170085, 0.0 ], [ -79.661065673111011, 42.308610596287217, 0.0 ], [ -79.661061377131574, 42.308624542684043, 0.0 ], [ -79.661054850464723, 42.308645729207754, 0.0 ], [ -79.661046369863129, 42.308673258466101, 0.0 ], [ -79.661040729106574, 42.308691563243251, 0.0 ], [ -79.660998734082796, 42.308712541477895, 0.0 ], [ -79.66098689946935, 42.308711113194462, 0.0 ], [ -79.660973061823881, 42.308709442648357, 0.0 ], [ -79.660915218472994, 42.308702463367318, 0.0 ], [ -79.6608827094757, 42.308698541073142, 0.0 ], [ -79.660882057173751, 42.308701044632357, 0.0 ], [ -79.660881972782178, 42.308701368338646, 0.0 ], [ -79.660880982315277, 42.308705167537568, 0.0 ], [ -79.660877473766703, 42.308718625518537, 0.0 ], [ -79.660871853628123, 42.308740182518171, 0.0 ], [ -79.660871748591703, 42.308740585403406, 0.0 ], [ -79.660874387530356, 42.308774055324804, 0.0 ], [ -79.660875688079983, 42.308790569889958, 0.0 ], [ -79.660874903078792, 42.308791978132078, 0.0 ], [ -79.660836710181584, 42.308860585101449, 0.0 ], [ -79.660817949174941, 42.308869173073639, 0.0 ], [ -79.660766137510549, 42.308892890166916, 0.0 ], [ -79.660751648159405, 42.308899521071936, 0.0 ], [ -79.660649668889434, 42.308924563161561, 0.0 ], [ -79.660637693964887, 42.308924226422448, 0.0 ], [ -79.660597799158481, 42.30891137097727, 0.0 ], [ -79.66046876424231, 42.308869791464012, 0.0 ], [ -79.660372341115902, 42.308889880561416, 0.0 ], [ -79.660258638197448, 42.308913569663112, 0.0 ], [ -79.660256327056814, 42.308914606906768, 0.0 ], [ -79.660180682412999, 42.308948527569221, 0.0 ], [ -79.660158921331529, 42.30896550501685, 0.0 ], [ -79.66010373014494, 42.309008563727588, 0.0 ], [ -79.660024034369357, 42.309098933257374, 0.0 ], [ -79.660016870616715, 42.309108521371719, 0.0 ], [ -79.65999285519014, 42.309140664084431, 0.0 ], [ -79.659920559086061, 42.309178928586029, 0.0 ], [ -79.659941342642995, 42.309253055526, 0.0 ], [ -79.659943777760532, 42.309261740640601, 0.0 ], [ -79.659875882443387, 42.309360955440106, 0.0 ], [ -79.659895957387235, 42.309417134078274, 0.0 ], [ -79.659906033023532, 42.309445330158795, 0.0 ], [ -79.659910167380545, 42.309456898892719, 0.0 ], [ -79.659894322879012, 42.309474058804611, 0.0 ], [ -79.659810381636305, 42.309564967706798, 0.0 ], [ -79.659805955921399, 42.309570213856851, 0.0 ], [ -79.659778370996179, 42.309602912419699, 0.0 ], [ -79.659725306337549, 42.30963496514854, 0.0 ], [ -79.659609118570913, 42.309658028347769, 0.0 ], [ -79.659584362383882, 42.30966294241717, 0.0 ], [ -79.659370586740522, 42.309681851394721, 0.0 ], [ -79.65926741873065, 42.309690976709689, 0.0 ], [ -79.659251421536268, 42.309691636387129, 0.0 ], [ -79.659130602806854, 42.309696620264916, 0.0 ] ] } },
{ "type": "Feature", "properties": { "CalShoreTy": 2, "CalLandcov": 2, "CalSlope": 3, "CalSedi": 2, "CalRetreat": 3 }, "geometry": { "type": "LineString", "coordinates": [ [ -79.666593081533293, 42.306412610650007, 0.0 ], [ -79.666585012386079, 42.306434622528464, 0.0 ], [ -79.666584961648596, 42.306434760935502, 0.0 ], [ -79.666581735817331, 42.306443557622941, 0.0 ], [ -79.666521669515262, 42.306482560634542, 0.0 ], [ -79.666516817162531, 42.306483788280282, 0.0 ], [ -79.666454636840172, 42.306499519874535, 0.0 ], [ -79.666426721591222, 42.306520557962692, 0.0 ], [ -79.666351920380208, 42.306581740289936, 0.0 ], [ -79.666348636851481, 42.306599184094601, 0.0 ], [ -79.666336906473333, 42.306661501848929, 0.0 ], [ -79.666361718882698, 42.306704614189911, 0.0 ], [ -79.666376606630195, 42.306730484109146, 0.0 ], [ -79.666337387579858, 42.30673576927633, 0.0 ], [ -79.666323018075914, 42.306737705555534, 0.0 ], [ -79.66625008919857, 42.306747532629757, 0.0 ] ] } },
{ "type": "Feature", "properties": { "CalShoreTy": 2, "CalLandcov": 2, "CalSlope": 3, "CalSedi": 2, "CalRetreat": 3 }, "geometry": { "type": "LineString", "coordinates": [ [ -79.666959547374233, 42.306024098232839, 0.0 ], [ -79.666939306706567, 42.306042193693401, 0.0 ], [ -79.666927706359544, 42.306052564029024, 0.0 ], [ -79.666871812280363, 42.30613190955377, 0.0 ], [ -79.666870634141603, 42.306133581999852, 0.0 ], [ -79.666828732838098, 42.306288527797328, 0.0 ], [ -79.666812576799543, 42.306302353580385, 0.0 ], [ -79.666807631585542, 42.306306585521732, 0.0 ], [ -79.666775841180382, 42.306311556661832, 0.0 ], [ -79.666747500504343, 42.306345968290053, 0.0 ], [ -79.666742520278675, 42.306344898975404, 0.0 ], [ -79.666724856372809, 42.306341107277213, 0.0 ] ] } },
{ "type": "Feature", "properties": { "CalShoreTy": 2, "CalLandcov": 1, "CalSlope": 3, "CalSedi": 2, "CalRetreat": 3 }, "geometry": { "type": "LineString", "coordinates": [ [ -79.667128402807052, 42.305885276820455, 0.0 ], [ -79.667072441588914, 42.305932515567896, 0.0 ], [ -79.667071458423905, 42.305933345489713, 0.0 ], [ -79.667021520591689, 42.305958430742756, 0.0 ], [ -79.667001576581015, 42.305982858418027, 0.0 ], [ -79.66699049580221, 42.305996430283855, 0.0 ], [ -79.666959547374248, 42.306024098232839, 0.0 ] ] } },
{ "type": "Feature", "properties": { "CalShoreTy": 2, "CalLandcov": 1, "CalSlope": 3, "CalSedi": 2, "CalRetreat": 3 }, "geometry": { "type": "LineString", "coordinates": [ [ -79.666724856372795, 42.306341107277234, 0.0 ], [ -79.666680067275578, 42.30633149300153, 0.0 ], [ -79.666613133030893, 42.306325603613296, 0.0 ], [ -79.666609769884531, 42.306331584468488, 0.0 ], [ -79.666599451702112, 42.306349933806928, 0.0 ], [ -79.666599470627304, 42.306353371870436, 0.0 ], [ -79.666599695467752, 42.306394567433642, 0.0 ], [ -79.66659965504347, 42.30639467771357, 0.0 ], [ -79.666593081533293, 42.306412610650007, 0.0 ] ] } },
{ "type": "Feature", "properties": { "CalShoreTy": 2, "CalLandcov": 2, "CalSlope": 1, "CalSedi": 2, "CalRetreat": 2 }, "geometry": { "type": "LineString", "coordinates": [ [ -79.759943736745072, 42.26975800338505, 0.0 ], [ -79.759790333369168, 42.269810081164472, 0.0 ], [ -79.759695550845265, 42.269842258037805, 0.0 ], [ -79.759565325356732, 42.26987252699687, 0.0 ], [ -79.759363061267919, 42.269919539895021, 0.0 ], [ -79.75933634237181, 42.269927439169109, 0.0 ], [ -79.759112747163016, 42.269993543363313, 0.0 ], [ -79.75903580326603, 42.270016291098052, 0.0 ], [ -79.758891939140341, 42.270064490721225, 0.0 ], [ -79.758715151472785, 42.270123720558999, 0.0 ], [ -79.758672451076137, 42.270137744324352, 0.0 ], [ -79.758452372051508, 42.270210022846655, 0.0 ], [ -79.758367726657283, 42.270237821970632, 0.0 ], [ -79.758232292575002, 42.270282301037071, 0.0 ], [ -79.758115269309769, 42.270320733416888, 0.0 ], [ -79.758012212503147, 42.270354578655386, 0.0 ], [ -79.757876354910024, 42.270399195914159, 0.0 ], [ -79.757871320285872, 42.270401127412505, 0.0 ], [ -79.757824511711064, 42.270419085178617, 0.0 ] ] } },
{ "type": "Feature", "properties": { "CalShoreTy": 1, "CalLandcov": 1, "CalSlope": 1, "CalSedi": 2, "CalRetreat": 2 }, "geometry": { "type": "LineString", "coordinates": [ [ -79.757352228076186, 42.270622006560927, 0.0 ], [ -79.757212416701336, 42.270686232143305, 0.0 ], [ -79.757210297832145, 42.270687205492472, 0.0 ], [ -79.757208183983735, 42.270687953397648, 0.0 ], [ -79.757171927756914, 42.270700781281136, 0.0 ], [ -79.757052823033945, 42.270742921829211, 0.0 ] ] } },
{ "type": "Feature", "properties": { "CalShoreTy": 2, "CalLandcov": 2, "CalSlope": 2, "CalSedi": 2, "CalRetreat": 2 }, "geometry": { "type": "LineString", "coordinates": [ [ -79.745426738614327, 42.274295865761331, 0.0 ], [ -79.74540648021582, 42.274307343247855, 0.0 ], [ -79.745404709740484, 42.274308352723693, 0.0 ], [ -79.745404054531733, 42.274312630556189, 0.0 ], [ -79.745401967253912, 42.274326248706089, 0.0 ], [ -79.745396754984583, 42.274360258525135, 0.0 ], [ -79.74539674047854, 42.274360353176853, 0.0 ], [ -79.74540560814529, 42.27439960919402, 0.0 ], [ -79.745401107659191, 42.274404394890055, 0.0 ], [ -79.74538966563783, 42.274416564078038, 0.0 ], [ -79.745373699746921, 42.274417203029373, 0.0 ], [ -79.745289919078914, 42.27445295760549, 0.0 ], [ -79.745280141006447, 42.274457130527637, 0.0 ], [ -79.745277463514341, 42.274458274031787, 0.0 ], [ -79.745269644464415, 42.274457551090578, 0.0 ], [ -79.74515843652911, 42.274447273740904, 0.0 ], [ -79.745157735873349, 42.274447473504225, 0.0 ], [ -79.745152749161846, 42.27444888888482, 0.0 ], [ -79.745059037292137, 42.27447549610114, 0.0 ], [ -79.745031432924065, 42.27448333367316, 0.0 ], [ -79.744907413612012, 42.274533312508872, 0.0 ], [ -79.744850352082906, 42.274563326931094, 0.0 ], [ -79.744682913726706, 42.274651399345473, 0.0 ], [ -79.744674030031916, 42.274676726615596, 0.0 ], [ -79.744658280134516, 42.274721629262451, 0.0 ], [ -79.744579262759402, 42.274745571718086, 0.0 ], [ -79.744486604854117, 42.274748011133532, 0.0 ], [ -79.744481791264334, 42.274748137858666, 0.0 ], [ -79.744320890085092, 42.274770379393026, 0.0 ], [ -79.744262824456399, 42.274797704410688, 0.0 ], [ -79.744262422942256, 42.274800264153974, 0.0 ], [ -79.744253599641411, 42.274856514570182, 0.0 ], [ -79.744241571516824, 42.274872367308795, 0.0 ], [ -79.744192538787203, 42.274889343708551, 0.0 ], [ -79.744111509926086, 42.274909676189395, 0.0 ], [ -79.744062050627718, 42.274922086919638, 0.0 ], [ -79.74405173849965, 42.274926021182253, 0.0 ], [ -79.744037588713624, 42.274926938664649, 0.0 ], [ -79.743974769501605, 42.274931010946034, 0.0 ], [ -79.743875148101836, 42.27493406592837, 0.0 ], [ -79.743867846555275, 42.274934289832863, 0.0 ], [ -79.74386487527137, 42.274959262758749, 0.0 ], [ -79.743867126378106, 42.274980333143347, 0.0 ], [ -79.743892060101359, 42.275023323184968, 0.0 ], [ -79.743892126884006, 42.275061316136743, 0.0 ], [ -79.743863491571346, 42.275097331893249, 0.0 ], [ -79.74386111255096, 42.275100324077123, 0.0 ], [ -79.743820121879594, 42.27511624840384, 0.0 ], [ -79.743748542984449, 42.275122921050354, 0.0 ], [ -79.743641345217853, 42.275139123635526, 0.0 ], [ -79.743633146665061, 42.275139834909893, 0.0 ], [ -79.74353618145139, 42.275148247177356, 0.0 ], [ -79.7434967435467, 42.275233361859279, 0.0 ], [ -79.743480937354448, 42.275244217564712, 0.0 ], [ -79.743347638507316, 42.275335767075795, 0.0 ], [ -79.743291334130063, 42.275348633838156, 0.0 ], [ -79.743061256496162, 42.275401211186832, 0.0 ], [ -79.743053741432746, 42.275402928519334, 0.0 ], [ -79.742839430550703, 42.275470459498763, 0.0 ], [ -79.742617882756448, 42.27554027031244, 0.0 ], [ -79.74257375738145, 42.275554174367699, 0.0 ], [ -79.742553758632653, 42.275560475178153, 0.0 ], [ -79.742549757404518, 42.275561822978858, 0.0 ], [ -79.742431852256857, 42.27560154309954, 0.0 ], [ -79.742417846620086, 42.275601537916828, 0.0 ], [ -79.742394694021073, 42.275601530039296, 0.0 ], [ -79.742222843113538, 42.275601471416358, 0.0 ], [ -79.742154254289545, 42.275596251826521, 0.0 ], [ -79.742078845808294, 42.27559051321294, 0.0 ], [ -79.742067081614053, 42.275591496376634, 0.0 ], [ -79.74197615262058, 42.275593334358234, 0.0 ], [ -79.741915085543951, 42.275584616390908, 0.0 ], [ -79.741896702557213, 42.275581992018537, 0.0 ], [ -79.741800938715969, 42.275626570107733, 0.0 ], [ -79.741789062743862, 42.275697298031567, 0.0 ], [ -79.741779115411276, 42.275703040353939, 0.0 ], [ -79.741673063361119, 42.275764261165655, 0.0 ], [ -79.741576153843482, 42.2757942963649, 0.0 ], [ -79.741574964903535, 42.275794512436555, 0.0 ], [ -79.741499129126609, 42.275808294348678, 0.0 ], [ -79.741425128419777, 42.27583827990572, 0.0 ], [ -79.7413695500084, 42.27587913291093, 0.0 ], [ -79.741361135783094, 42.275885317793374, 0.0 ], [ -79.74136090984031, 42.275897342701569, 0.0 ], [ -79.741359234172094, 42.275986972934966, 0.0 ], [ -79.741278186496999, 42.276018461542286, 0.0 ], [ -79.74124352671889, 42.276031927515916, 0.0 ], [ -79.741164917195107, 42.276122475908203, 0.0 ], [ -79.741109402729364, 42.276128980374743, 0.0 ], [ -79.741088046712235, 42.276131482587857, 0.0 ], [ -79.741007739414385, 42.276140890335114, 0.0 ], [ -79.740965738410424, 42.276202562758037, 0.0 ], [ -79.740945695598839, 42.276231991964565, 0.0 ], [ -79.740928921182189, 42.27625662210432, 0.0 ], [ -79.740762612239138, 42.276343432146824, 0.0 ], [ -79.74067998347833, 42.276386562578203, 0.0 ], [ -79.74063037510318, 42.276415392131931, 0.0 ], [ -79.740565296291365, 42.276445290258224, 0.0 ], [ -79.740517286921971, 42.276467346398086, 0.0 ], [ -79.740379340100347, 42.276514388150311, 0.0 ], [ -79.740347476449273, 42.276518735957922, 0.0 ], [ -79.740181332915839, 42.276541406150407, 0.0 ], [ -79.740177417339169, 42.276540421108692, 0.0 ], [ -79.740109703185581, 42.276541290006875, 0.0 ], [ -79.740047813638867, 42.27654208412816, 0.0 ], [ -79.739888484858753, 42.27651156392691, 0.0 ], [ -79.739874396435653, 42.276509647165561, 0.0 ], [ -79.739744073612158, 42.276491916360747, 0.0 ], [ -79.739645472988443, 42.276478503127933, 0.0 ], [ -79.739637431730742, 42.276478347531395, 0.0 ], [ -79.739491402654195, 42.276475521789621, 0.0 ], [ -79.739487670651883, 42.276476421005093, 0.0 ], [ -79.739486858473498, 42.276476380590793, 0.0 ], [ -79.739471000871163, 42.27647559150936, 0.0 ] ] } },
{ "type": "Feature", "properties": { "CalShoreTy": 2, "CalLandcov": 2, "CalSlope": 2, "CalSedi": 2, "CalRetreat": 2 }, "geometry": { "type": "LineString", "coordinates": [ [ -79.732998339495992, 42.278687863430569, 0.0 ], [ -79.732886878038684, 42.278736886973299, 0.0 ], [ -79.73267987698452, 42.278827930765672, 0.0 ], [ -79.732511308385568, 42.278902070566033, 0.0 ], [ -79.732470780005826, 42.278916040590239, 0.0 ], [ -79.732252492460873, 42.278991283368022, 0.0 ], [ -79.732052720646109, 42.279060143332536, 0.0 ], [ -79.732037674088559, 42.279070365041065, 0.0 ], [ -79.731922582443602, 42.27914855106502, 0.0 ], [ -79.731842390364747, 42.279168417199138, 0.0 ], [ -79.731719844407579, 42.279198775604939, 0.0 ], [ -79.731614960917199, 42.279226950252081, 0.0 ], [ -79.731531177674327, 42.279249456692838, 0.0 ], [ -79.731390273759828, 42.279291003250208, 0.0 ], [ -79.731166568006444, 42.279356964072591, 0.0 ], [ -79.730942861784754, 42.279422924460391, 0.0 ], [ -79.73087768854873, 42.279442140857618, 0.0 ], [ -79.730721976208343, 42.279493815353277, 0.0 ], [ -79.730550356725971, 42.27955076842904, 0.0 ], [ -79.730500033531399, 42.279562406496098, 0.0 ], [ -79.730345856143572, 42.279598062388011, 0.0 ], [ -79.730291560279213, 42.279610619094512, 0.0 ], [ -79.730273702642435, 42.279620620014221, 0.0 ], [ -79.730247631549474, 42.279635220752198, 0.0 ], [ -79.730115587154756, 42.279709172254428, 0.0 ], [ -79.73007764424473, 42.279723356234719, 0.0 ], [ -79.729862704277807, 42.27980370564881, 0.0 ], [ -79.72968083186386, 42.279871693189129, 0.0 ], [ -79.729647763772689, 42.279884054676387, 0.0 ], [ -79.729471035664304, 42.279950118705969, 0.0 ], [ -79.729430505159968, 42.279960324230423, 0.0 ], [ -79.72927556004656, 42.279999339027846, 0.0 ], [ -79.729202527727665, 42.280017728292194, 0.0 ], [ -79.729003857231362, 42.280067752487405, 0.0 ], [ -79.728976064305542, 42.280077841677652, 0.0 ], [ -79.728759866521358, 42.280156323914291, 0.0 ], [ -79.728583390874661, 42.280220386120085, 0.0 ], [ -79.728546667190614, 42.28023864599799, 0.0 ], [ -79.72834679088389, 42.280338028795668, 0.0 ] ] } },
{ "type": "Feature", "properties": { "CalShoreTy": 2, "CalLandcov": 2, "CalSlope": 3, "CalSedi": 2, "CalRetreat": 2 }, "geometry": { "type": "LineString", "coordinates": [ [ -79.739471000871163, 42.27647559150936, 0.0 ], [ -79.739397074315704, 42.276471912719074, 0.0 ], [ -79.739320252540963, 42.276468089803771, 0.0 ], [ -79.739312708321123, 42.276467714374689, 0.0 ], [ -79.739247248926262, 42.276475812523387, 0.0 ], [ -79.739158599583817, 42.276486780892938, 0.0 ], [ -79.739127597250317, 42.276490616718924, 0.0 ], [ -79.738999672488788, 42.27656305773948, 0.0 ], [ -79.738961331290966, 42.276584769362486, 0.0 ], [ -79.738929684146981, 42.276602690294396, 0.0 ], [ -79.738820025590456, 42.276662569692718, 0.0 ], [ -79.738775113862289, 42.276696993794268, 0.0 ], [ -79.7387156503531, 42.276742571510042, 0.0 ], [ -79.738607296072743, 42.276794701272699, 0.0 ], [ -79.738582896846665, 42.276801222340957, 0.0 ], [ -79.7384736742179, 42.276830413683314, 0.0 ], [ -79.73836718915409, 42.276878394387467, 0.0 ], [ -79.738359824770129, 42.27688171267021, 0.0 ], [ -79.73831074313162, 42.276870692173858, 0.0 ], [ -79.73822981011331, 42.276893707834148, 0.0 ], [ -79.738140845710731, 42.276916591681577, 0.0 ], [ -79.738133960379969, 42.276918362754699, 0.0 ], [ -79.73799303369907, 42.27702976448726, 0.0 ], [ -79.737969863976389, 42.277040433710127, 0.0 ], [ -79.737856610799412, 42.277092584550502, 0.0 ], [ -79.737755272659868, 42.277118931361329, 0.0 ], [ -79.737528082581861, 42.27717799789778, 0.0 ], [ -79.737371555365172, 42.277218692661023, 0.0 ], [ -79.737356513256046, 42.277218909762652, 0.0 ], [ -79.73729667107645, 42.277219776774274, 0.0 ], [ -79.737167496263297, 42.277221648189418, 0.0 ], [ -79.737056280557809, 42.277214729023541, 0.0 ], [ -79.736892169605639, 42.277204518835305, 0.0 ], [ -79.736879041973836, 42.277205612415379, 0.0 ], [ -79.736816529628229, 42.277210818125212, 0.0 ], [ -79.736807094758788, 42.277211603809178, 0.0 ], [ -79.736713024837783, 42.277233265043634, 0.0 ], [ -79.73662009244417, 42.27727010734764, 0.0 ], [ -79.736593639047911, 42.277275279624618, 0.0 ], [ -79.736471887538414, 42.27729908488751, 0.0 ], [ -79.73642521492873, 42.277313338730835, 0.0 ], [ -79.73636570037992, 42.277331514521094, 0.0 ], [ -79.736334902953601, 42.277340920061995, 0.0 ], [ -79.736329317087055, 42.277361295129872, 0.0 ], [ -79.736302701732299, 42.277458375751856, 0.0 ], [ -79.736301977181725, 42.277458573527056, 0.0 ], [ -79.736260003241284, 42.277470030831665, 0.0 ], [ -79.736242624589593, 42.277474774583943, 0.0 ], [ -79.73614044065566, 42.277502666440448, 0.0 ], [ -79.736139188717061, 42.277503008166093, 0.0 ], [ -79.736047004123463, 42.277550117344369, 0.0 ], [ -79.735984141379561, 42.277582242066615, 0.0 ], [ -79.735822789604939, 42.277605595285436, 0.0 ], [ -79.73573091698789, 42.27761889234138, 0.0 ], [ -79.735623418532711, 42.277689332718175, 0.0 ], [ -79.735619910792707, 42.277689932540383, 0.0 ], [ -79.735394811842696, 42.277728424076543, 0.0 ], [ -79.735386181763658, 42.277731824115158, 0.0 ], [ -79.735198108484909, 42.277805920084951, 0.0 ], [ -79.735171127291579, 42.277810675315493, 0.0 ], [ -79.734990673177265, 42.277842478796273, 0.0 ], [ -79.734947899629248, 42.277868420541111, 0.0 ], [ -79.734887104432289, 42.277905292176229, 0.0 ], [ -79.734773175767117, 42.277903300457467, 0.0 ], [ -79.734724948970666, 42.277902457468528, 0.0 ], [ -79.734671501613448, 42.27790152320064, 0.0 ], [ -79.734524790286613, 42.27797272087038, 0.0 ], [ -79.734514400497588, 42.277977005658961, 0.0 ], [ -79.734414623415773, 42.278018154021112, 0.0 ], [ -79.73430405712638, 42.27806375119247, 0.0 ], [ -79.734186495375837, 42.278112233078595, 0.0 ], [ -79.734112008411728, 42.278142950741689, 0.0 ], [ -79.734094901658764, 42.278151893290342, 0.0 ], [ -79.734036045909562, 42.27818266006819, 0.0 ], [ -79.733898226576571, 42.278254705896011, 0.0 ], [ -79.733701551168537, 42.278357518496485, 0.0 ], [ -79.733504875119309, 42.278460330761611, 0.0 ], [ -79.733447664207205, 42.278490237598348, 0.0 ], [ -79.73330087850843, 42.278554798467191, 0.0 ], [ -79.733093878555124, 42.278645842884437, 0.0 ], [ -79.732998339495538, 42.278687863430001, 0.0 ] ] } },
{ "type": "Feature", "properties": { "CalShoreTy": 2, "CalLandcov": 2, "CalSlope": 2, "CalSedi": 2, "CalRetreat": 2 }, "geometry": { "type": "LineString", "coordinates": [ [ -79.745572269844828, 42.274263702959807, 0.0 ], [ -79.74544955613456, 42.274283254066809, 0.0 ], [ -79.745448780829818, 42.274283377590166, 0.0 ], [ -79.745447037561135, 42.27428436525156, 0.0 ], [ -79.745426738614327, 42.274295865761331, 0.0 ] ] } },
{ "type": "Feature", "properties": { "CalShoreTy": 2, "CalLandcov": 2, "CalSlope": 1, "CalSedi": 2, "CalRetreat": 2 }, "geometry": { "type": "LineString", "coordinates": [ [ -79.756977773004721, 42.270769475364929, 0.0 ], [ -79.756954698865243, 42.270777639169168, 0.0 ], [ -79.756737469199749, 42.270854496266864, 0.0 ], [ -79.756560370001509, 42.270917154648252, 0.0 ], [ -79.756557994941559, 42.270917994950118, 0.0 ], [ -79.756518427079584, 42.270928080607796, 0.0 ], [ -79.756290771064428, 42.270986108699645, 0.0 ], [ -79.756211833834499, 42.27100622917402, 0.0 ], [ -79.756061898276158, 42.271041414989462, 0.0 ], [ -79.755832379473915, 42.271095276382205, 0.0 ], [ -79.755602860279424, 42.271149137317202, 0.0 ], [ -79.755549150214293, 42.271161741299721, 0.0 ], [ -79.755374501084646, 42.271205613533411, 0.0 ], [ -79.755146495980085, 42.271262888410519, 0.0 ], [ -79.755083275352888, 42.271278769331367, 0.0 ], [ -79.755082267282759, 42.271279030908332, 0.0 ], [ -79.754971493467067, 42.271307774751548, 0.0 ] ] } },
{ "type": "Feature", "properties": { "CalShoreTy": 2, "CalLandcov": 2, "CalSlope": 2, "CalSedi": 2, "CalRetreat": 2 }, "geometry": { "type": "LineString", "coordinates": [ [ -79.754971493467067, 42.271307774751548, 0.0 ], [ -79.754919058303358, 42.271321380562846, 0.0 ], [ -79.754793575334389, 42.27135394060732, 0.0 ], [ -79.75479196465399, 42.27135435854202, 0.0 ], [ -79.754694849953211, 42.271385985937563, 0.0 ], [ -79.754537917857817, 42.271437093853315, 0.0 ], [ -79.754470937063061, 42.271450326740087, 0.0 ], [ -79.754238299951211, 42.271496286738724, 0.0 ], [ -79.75400566250002, 42.271542246267025, 0.0 ], [ -79.753940135496961, 42.271555191591943, 0.0 ], [ -79.753774761336814, 42.271592689101787, 0.0 ], [ -79.753621785058854, 42.271627375220213, 0.0 ], [ -79.753548281806744, 42.2716521854286, 0.0 ], [ -79.753390007956369, 42.27170560878529, 0.0 ], [ -79.753328550303806, 42.271725023174774, 0.0 ], [ -79.753207674210685, 42.271763207636482, 0.0 ], [ -79.753129044166386, 42.27181944567868, 0.0 ], [ -79.753043783357811, 42.271880426022712, 0.0 ], [ -79.752924836896511, 42.27190118132674, 0.0 ], [ -79.752791151022521, 42.271924508387819, 0.0 ], [ -79.752693922048238, 42.27195062091517, 0.0 ], [ -79.752629987084276, 42.27196779170081, 0.0 ], [ -79.75254822907246, 42.272023594159258, 0.0 ], [ -79.752486750222715, 42.272025702949058, 0.0 ], [ -79.752396630752841, 42.272028794081073, 0.0 ], [ -79.752256737697081, 42.272070005070908, 0.0 ], [ -79.752208361876143, 42.272084256014381, 0.0 ], [ -79.752093045130678, 42.272146469143138, 0.0 ], [ -79.752061391719394, 42.272171174649998, 0.0 ], [ -79.751992469043074, 42.272224968741178, 0.0 ], [ -79.751898383616819, 42.272302291710638, 0.0 ], [ -79.751876331727743, 42.272320414749302, 0.0 ], [ -79.751745927546907, 42.272323864624667, 0.0 ], [ -79.751677252534293, 42.272350192539385, 0.0 ], [ -79.751644360652975, 42.272362802235882, 0.0 ], [ -79.751592203051857, 42.272382798049726, 0.0 ], [ -79.75146053078349, 42.272427735985637, 0.0 ], [ -79.751444211652384, 42.272433305464993, 0.0 ], [ -79.751255543358212, 42.272413740556914, 0.0 ], [ -79.75122583598575, 42.272423134117034, 0.0 ], [ -79.7511010742802, 42.272462584023359, 0.0 ], [ -79.75102639399033, 42.272498440960568, 0.0 ], [ -79.751010806408232, 42.272501391546648, 0.0 ], [ -79.75087019284031, 42.272528008287189, 0.0 ], [ -79.750778401469461, 42.272547903671679, 0.0 ], [ -79.750681885984733, 42.272568822893447, 0.0 ], [ -79.750548782136036, 42.272601454607248, 0.0 ], [ -79.75050739693468, 42.272611600555962, 0.0 ], [ -79.750328798624679, 42.272673454602952, 0.0 ], [ -79.750307556665135, 42.272680811314558, 0.0 ], [ -79.750111731947882, 42.272750571343941, 0.0 ], [ -79.750097875636996, 42.272755507456594, 0.0 ], [ -79.750025240012846, 42.272718378884989, 0.0 ], [ -79.749994223590832, 42.272702524123048, 0.0 ], [ -79.74995726345233, 42.27266615432481, 0.0 ], [ -79.749919362201283, 42.272667339281412, 0.0 ], [ -79.749912656094168, 42.272667548941079, 0.0 ], [ -79.749883829030935, 42.272690934935859, 0.0 ], [ -79.749777177288834, 42.272777454865121, 0.0 ], [ -79.749744188082701, 42.272778824232489, 0.0 ], [ -79.749718024445301, 42.272779910265427, 0.0 ], [ -79.749621403853808, 42.272817270577605, 0.0 ], [ -79.749538269113813, 42.272865414897836, 0.0 ], [ -79.749355543528267, 42.2729712329945, 0.0 ], [ -79.749347620612369, 42.272973993736315, 0.0 ], [ -79.749129774796401, 42.273049901828209, 0.0 ], [ -79.749126599454755, 42.273051008266613, 0.0 ], [ -79.749041062985839, 42.273056346012282, 0.0 ], [ -79.748895867160059, 42.273088196763062, 0.0 ], [ -79.748783245187354, 42.273112901830444, 0.0 ], [ -79.748666523638775, 42.273083441225893, 0.0 ], [ -79.748604342774968, 42.273067746669462, 0.0 ], [ -79.748447858465326, 42.273125870248926, 0.0 ], [ -79.748411058675671, 42.273139538891357, 0.0 ], [ -79.748324566405827, 42.273153343456592, 0.0 ], [ -79.748215930118661, 42.273170682664833, 0.0 ], [ -79.748159626612207, 42.273179669046662, 0.0 ], [ -79.748005569753545, 42.273253018991667, 0.0 ], [ -79.747983417133398, 42.273263566321795, 0.0 ], [ -79.74781888065182, 42.27336533687842, 0.0 ], [ -79.747634132403547, 42.273479608324791, 0.0 ], [ -79.747610832860644, 42.273494019627762, 0.0 ], [ -79.747552359201734, 42.273530187815936, 0.0 ], [ -79.747425420019169, 42.273562437861912, 0.0 ], [ -79.747422341558092, 42.273563219969795, 0.0 ], [ -79.747304378776448, 42.273571176854801, 0.0 ], [ -79.747240330347566, 42.273585177522307, 0.0 ], [ -79.747200046412246, 42.273609860127145, 0.0 ], [ -79.747191312997018, 42.273615211223394, 0.0 ], [ -79.747160311771566, 42.273651159801418, 0.0 ], [ -79.747147279552934, 42.273684202593245, 0.0 ], [ -79.747114361381989, 42.273717169007732, 0.0 ], [ -79.747099493201915, 42.273716711294981, 0.0 ], [ -79.74704451153562, 42.273715016387925, 0.0 ], [ -79.747017274216674, 42.273714176738608, 0.0 ], [ -79.746959338040099, 42.273698212603215, 0.0 ], [ -79.746907334914866, 42.273698210005442, 0.0 ], [ -79.746906611272081, 42.27369887276781, 0.0 ], [ -79.746871384225827, 42.273731212522698, 0.0 ], [ -79.746865275830416, 42.273753163537144, 0.0 ], [ -79.746867227813297, 42.273756670212585, 0.0 ], [ -79.746869897379625, 42.273761463940176, 0.0 ], [ -79.746885318190621, 42.273789155001815, 0.0 ], [ -79.746881761786199, 42.273791743443752, 0.0 ], [ -79.746869621152413, 42.27380057704827, 0.0 ], [ -79.746825219191805, 42.273847452521061, 0.0 ], [ -79.746725158234241, 42.273857296854615, 0.0 ], [ -79.746632196036742, 42.273866442706101, 0.0 ], [ -79.746569237397807, 42.273880400433036, 0.0 ], [ -79.74651920647571, 42.27392443121456, 0.0 ], [ -79.746519206177396, 42.273927055980835, 0.0 ], [ -79.746519206125328, 42.273927510249798, 0.0 ], [ -79.74651918008955, 42.273993395489086, 0.0 ], [ -79.746515578712618, 42.273997824591262, 0.0 ], [ -79.746497209083799, 42.274020416728177, 0.0 ], [ -79.746464167239381, 42.274040423467284, 0.0 ], [ -79.746449273474823, 42.274040424183397, 0.0 ], [ -79.746398340410437, 42.27404042587721, 0.0 ], [ -79.746288260511506, 42.274040429458623, 0.0 ], [ -79.746283239417323, 42.274041092584845, 0.0 ], [ -79.746159576270813, 42.274057415209214, 0.0 ], [ -79.746114205290937, 42.274063403807858, 0.0 ], [ -79.746093960209791, 42.274079141994484, 0.0 ], [ -79.746071778882225, 42.274096382607091, 0.0 ], [ -79.746064127107957, 42.274101130057218, 0.0 ], [ -79.746018975115746, 42.274129142499682, 0.0 ], [ -79.746020342085345, 42.274176684037378, 0.0 ], [ -79.746021290974411, 42.27420968521168, 0.0 ], [ -79.746021683703461, 42.274223333403654, 0.0 ], [ -79.746007962279094, 42.274224396235851, 0.0 ], [ -79.745875337021317, 42.274234661939062, 0.0 ], [ -79.745853785818113, 42.274236329905953, 0.0 ], [ -79.745844904080116, 42.274236960956706, 0.0 ], [ -79.745844415164399, 42.274236995693521, 0.0 ], [ -79.745655785290424, 42.274250396541866, 0.0 ], [ -79.74565526103224, 42.274250480071515, 0.0 ], [ -79.745606115842151, 42.274258310324754, 0.0 ], [ -79.745572269845539, 42.274263702962251, 0.0 ] ] } },
{ "type": "Feature", "properties": { "CalShoreTy": 1, "CalLandcov": 2, "CalSlope": 1, "CalSedi": 2, "CalRetreat": 2 }, "geometry": { "type": "LineString", "coordinates": [ [ -79.759944752124838, 42.26975765883072, 0.0 ], [ -79.759943736745072, 42.26975800338505, 0.0 ] ] } },
{ "type": "Feature", "properties": { "CalShoreTy": 1, "CalLandcov": 1, "CalSlope": 1, "CalSedi": 2, "CalRetreat": 2 }, "geometry": { "type": "LineString", "coordinates": [ [ -79.760688181960958, 42.269558358222156, 0.0 ], [ -79.760543682245412, 42.269588053920636, 0.0 ], [ -79.760456183701507, 42.269606035094334, 0.0 ], [ -79.760291982307507, 42.269639778689694, 0.0 ], [ -79.760228028647717, 42.269661490768101, 0.0 ], [ -79.760191922869879, 42.26967374854938, 0.0 ], [ -79.760009181331668, 42.269735786279149, 0.0 ], [ -79.759944752124198, 42.269757658829683, 0.0 ] ] } },
{ "type": "Feature", "properties": { "CalShoreTy": 2, "CalLandcov": 2, "CalSlope": 1, "CalSedi": 2, "CalRetreat": 2 }, "geometry": { "type": "LineString", "coordinates": [ [ -79.75705282303386, 42.270742921829097, 0.0 ], [ -79.756977773004721, 42.270769475364929, 0.0 ] ] } },
{ "type": "Feature", "properties": { "CalShoreTy": 1, "CalLandcov": 1, "CalSlope": 1, "CalSedi": 2, "CalRetreat": 2 }, "geometry": { "type": "LineString", "coordinates": [ [ -79.757824511711064, 42.270419085178617, 0.0 ], [ -79.757794550362476, 42.270430579601637, 0.0 ], [ -79.757657312363037, 42.270483229669416, 0.0 ], [ -79.757639197291212, 42.270490179327638, 0.0 ], [ -79.757634850388854, 42.270492176206687, 0.0 ], [ -79.75758330104712, 42.270515856910002, 0.0 ], [ -79.757378732814288, 42.270609830929388, 0.0 ], [ -79.757352228077607, 42.270622006562611, 0.0 ] ] } },
{ "type": "Feature", "properties": { "CalShoreTy": 2, "CalLandcov": 2, "CalSlope": 2, "CalSedi": 2, "CalRetreat": 2 }, "geometry": { "type": "LineString", "coordinates": [ [ -79.717524834386168, 42.284446719408471, 0.0 ], [ -79.717472833773613, 42.284430305309677, 0.0 ], [ -79.717391319069876, 42.284427058342565, 0.0 ], [ -79.717386923412846, 42.284428179474588, 0.0 ], [ -79.717326734622262, 42.284468738166758, 0.0 ], [ -79.717326212516809, 42.284471130027761, 0.0 ], [ -79.717324086385517, 42.284480864085722, 0.0 ], [ -79.717315217516031, 42.284521468349126, 0.0 ], [ -79.717314961826062, 42.284521493169713, 0.0 ], [ -79.717278499063198, 42.284525032713361, 0.0 ], [ -79.717250466850885, 42.284527753494153, 0.0 ], [ -79.717250270070252, 42.284527772593471, 0.0 ], [ -79.717130743392516, 42.284532997315367, 0.0 ], [ -79.717068260262664, 42.284535728512253, 0.0 ], [ -79.716941251030889, 42.284565721778414, 0.0 ], [ -79.716919002315976, 42.28459459225644, 0.0 ], [ -79.716870820979366, 42.284657113431855, 0.0 ], [ -79.716729735953578, 42.284676736016813, 0.0 ], [ -79.716715204052974, 42.284678757151539, 0.0 ], [ -79.716603690788176, 42.284787416429076, 0.0 ], [ -79.716565081341955, 42.284798952220591, 0.0 ], [ -79.716416455990242, 42.28484335857469, 0.0 ], [ -79.716375622783971, 42.284850878028742, 0.0 ], [ -79.716338292376918, 42.284857751512931, 0.0 ], [ -79.716135378592838, 42.284895112895185, 0.0 ], [ -79.716109022232857, 42.284908187638756, 0.0 ], [ -79.715975958175562, 42.284974197273073, 0.0 ], [ -79.715930568663538, 42.285023496291146, 0.0 ], [ -79.715904164454315, 42.285052174712121, 0.0 ], [ -79.715867615190888, 42.285091872542829, 0.0 ], [ -79.71575103574375, 42.285132748745148, 0.0 ], [ -79.71566996052654, 42.285161176012181, 0.0 ], [ -79.71566365585474, 42.285163013662391, 0.0 ], [ -79.715529365769726, 42.285202165303566, 0.0 ], [ -79.715518899370466, 42.285205216723426, 0.0 ], [ -79.715399398659983, 42.285230365253348, 0.0 ], [ -79.715338845599604, 42.285243108099579, 0.0 ], [ -79.715296476992791, 42.285242072739088, 0.0 ], [ -79.715221783546653, 42.285240247417285, 0.0 ], [ -79.715137967481724, 42.285238199160197, 0.0 ], [ -79.715055976968159, 42.285242957760069, 0.0 ], [ -79.715049691801028, 42.285243322538456, 0.0 ], [ -79.715056465430095, 42.285276555115523, 0.0 ], [ -79.715067709211851, 42.285331719918453, 0.0 ], [ -79.715042329286234, 42.285413710021558, 0.0 ], [ -79.715035142400509, 42.285436927285971, 0.0 ], [ -79.714930779228226, 42.28544089490272, 0.0 ], [ -79.714910308391097, 42.285441674006194, 0.0 ], [ -79.714835135118022, 42.285468810224579, 0.0 ], [ -79.71481346912168, 42.285476631250518, 0.0 ], [ -79.714728136947357, 42.285519695525721, 0.0 ], [ -79.714665315154988, 42.285589570970338, 0.0 ], [ -79.714654152157223, 42.285601987332313, 0.0 ], [ -79.714606235158868, 42.285693746071573, 0.0 ], [ -79.714528245198721, 42.285723447803733, 0.0 ], [ -79.714524780415815, 42.285724767330485, 0.0 ], [ -79.714370121284787, 42.28577113418735, 0.0 ], [ -79.714369963079378, 42.285771280659304, 0.0 ], [ -79.714361076757015, 42.285779507917439, 0.0 ], [ -79.714326381443101, 42.285811629425083, 0.0 ], [ -79.714318382064107, 42.285819035392635, 0.0 ], [ -79.714317611412682, 42.28581974887426, 0.0 ], [ -79.71432799563344, 42.285937236546339, 0.0 ], [ -79.714304734016508, 42.285984225957847, 0.0 ], [ -79.71427375568129, 42.28604680333568, 0.0 ], [ -79.714262926611937, 42.286068677610714, 0.0 ], [ -79.714175689055011, 42.286127231033532, 0.0 ], [ -79.714174593092039, 42.286127966627895, 0.0 ], [ -79.714113866772763, 42.286168725151697, 0.0 ], [ -79.714028875956103, 42.286212649826879, 0.0 ], [ -79.713983616737423, 42.286235991357721, 0.0 ], [ -79.713957876219467, 42.286249266494586, 0.0 ], [ -79.713815709015975, 42.286249054813638, 0.0 ], [ -79.713751080894099, 42.286262935882327, 0.0 ], [ -79.713676731008619, 42.2862789049735, 0.0 ], [ -79.713540543364246, 42.286314076149573, 0.0 ], [ -79.713524714528646, 42.286322082622242, 0.0 ], [ -79.713407507474983, 42.286381367644921, 0.0 ], [ -79.713309474432535, 42.286386632659351, 0.0 ], [ -79.71330898839544, 42.286386849349753, 0.0 ], [ -79.71321913351278, 42.286426909218989, 0.0 ], [ -79.713102410242698, 42.286478447651589, 0.0 ], [ -79.713074636010532, 42.286490711159878, 0.0 ], [ -79.712981488822777, 42.286545223726606, 0.0 ], [ -79.712915395357484, 42.286590119594997, 0.0 ], [ -79.712898884821215, 42.286601334829861, 0.0 ], [ -79.712815490871407, 42.286688503226685, 0.0 ], [ -79.712789286451525, 42.286724413244002, 0.0 ], [ -79.712778364441093, 42.286735835136007, 0.0 ], [ -79.712726191732358, 42.286790395622084, 0.0 ], [ -79.712620267385603, 42.286829755633661, 0.0 ], [ -79.712607772581364, 42.286851524507803, 0.0 ], [ -79.71257842620426, 42.286902652698515, 0.0 ], [ -79.712509689480157, 42.286951062629583, 0.0 ], [ -79.712442850596574, 42.286968460880644, 0.0 ], [ -79.712382272796788, 42.286984229319792, 0.0 ], [ -79.712236420275048, 42.286992637237447, 0.0 ], [ -79.712210914904361, 42.287004782094868, 0.0 ], [ -79.712185812554637, 42.287016735034527, 0.0 ], [ -79.712154455751445, 42.287031664603099, 0.0 ], [ -79.712124407273308, 42.28705576435145, 0.0 ], [ -79.712033807621637, 42.287124096990219, 0.0 ], [ -79.712017620460372, 42.28713630574854, 0.0 ], [ -79.711890201923438, 42.287169471910374, 0.0 ], [ -79.71181306276479, 42.287191431687809, 0.0 ], [ -79.711725286227761, 42.287216419603652, 0.0 ], [ -79.711722562402798, 42.287216665694899, 0.0 ], [ -79.711579574136181, 42.287229584258618, 0.0 ], [ -79.711542794544499, 42.287232907183288, 0.0 ], [ -79.711459230603168, 42.287240456649307, 0.0 ], [ -79.711457969483178, 42.28724057058335, 0.0 ], [ -79.711344463445855, 42.287265331142891, 0.0 ], [ -79.711113451173503, 42.287315724470439, 0.0 ], [ -79.711040738486076, 42.287331586000292, 0.0 ], [ -79.710960683460371, 42.287349050438223, 0.0 ], [ -79.710955938146327, 42.287355670197712, 0.0 ], [ -79.710922467749484, 42.287402366253488, 0.0 ], [ -79.710907582378283, 42.287423133477233, 0.0 ], [ -79.710759569921692, 42.287453001418122, 0.0 ], [ -79.71072966174728, 42.287459036688404, 0.0 ], [ -79.710705104539187, 42.28746062718303, 0.0 ], [ -79.710465175342023, 42.287476166370105, 0.0 ], [ -79.710225246026383, 42.287491705056134, 0.0 ], [ -79.710172636443829, 42.287495112173325, 0.0 ], [ -79.710113026900004, 42.287503760125531, 0.0 ], [ -79.71004872248669, 42.287513088889568, 0.0 ], [ -79.709993234456832, 42.287533153588178, 0.0 ], [ -79.709981139504407, 42.287537527166151, 0.0 ], [ -79.709943641574725, 42.28755108679043, 0.0 ], [ -79.709765789929264, 42.28759046569246, 0.0 ], [ -79.70959280996523, 42.287628765622102, 0.0 ], [ -79.709538953869682, 42.287648806963944, 0.0 ], [ -79.709487804767576, 42.28766784092192, 0.0 ], [ -79.70939979381771, 42.287716838010766, 0.0 ], [ -79.709397658993822, 42.287718631667097, 0.0 ], [ -79.709351256792999, 42.287757613820673, 0.0 ], [ -79.70928120259606, 42.287816465716347, 0.0 ], [ -79.709192085383492, 42.287891331658635, 0.0 ], [ -79.70914386810658, 42.287931838116265, 0.0 ], [ -79.70912887514335, 42.287934215359513, 0.0 ], [ -79.709098424919787, 42.287939043721529, 0.0 ], [ -79.709074842448175, 42.287942783711877, 0.0 ], [ -79.709063911389592, 42.287942638940692, 0.0 ], [ -79.709018659032893, 42.287942040635237, 0.0 ], [ -79.708977562110618, 42.287941497426047, 0.0 ], [ -79.708925792987174, 42.287940813131662, 0.0 ], [ -79.708924476805379, 42.28794166513152, 0.0 ], [ -79.708891915012643, 42.287962739384611, 0.0 ], [ -79.708820761805669, 42.288008788627302, 0.0 ], [ -79.708812675448016, 42.288011170964467, 0.0 ], [ -79.708774757452389, 42.28802234425261, 0.0 ], [ -79.708762861882164, 42.288025849513417, 0.0 ], [ -79.708753546969717, 42.288024539166905, 0.0 ], [ -79.70870588090223, 42.28801783788041, 0.0 ], [ -79.708613685255614, 42.287912137200856, 0.0 ], [ -79.70851402005529, 42.28790138423706, 0.0 ], [ -79.708471960969163, 42.287907976594219, 0.0 ], [ -79.708431570474986, 42.28791430588187, 0.0 ], [ -79.708379673977234, 42.287929567749295, 0.0 ], [ -79.708346807610411, 42.287939233165254, 0.0 ], [ -79.708301584505563, 42.287979934683747, 0.0 ], [ -79.708300591212705, 42.287980409075814, 0.0 ], [ -79.70828217684705, 42.287989203689051, 0.0 ], [ -79.708188787456066, 42.288033805733157, 0.0 ], [ -79.708184672516168, 42.288035770993893, 0.0 ], [ -79.708179460082334, 42.288038260407234, 0.0 ], [ -79.708135460142586, 42.288029889776112, 0.0 ], [ -79.708093618797207, 42.288050499341047, 0.0 ], [ -79.707995462895653, 42.288098852112647, 0.0 ], [ -79.707981102335339, 42.288104270809704, 0.0 ], [ -79.707937328073129, 42.288120788213668, 0.0 ], [ -79.707868431562332, 42.288136768098767, 0.0 ], [ -79.707857909293224, 42.288136157349463, 0.0 ], [ -79.707848977080246, 42.288135639042224, 0.0 ], [ -79.707749290957153, 42.288129857682542, 0.0 ], [ -79.70759234517773, 42.288120755333587, 0.0 ], [ -79.707509670334716, 42.288112513930614, 0.0 ], [ -79.707482398341568, 42.288109795320302, 0.0 ], [ -79.707473945420588, 42.288111205230756, 0.0 ], [ -79.707467946096699, 42.288114902159073, 0.0 ], [ -79.707374280013752, 42.288172620327217, 0.0 ], [ -79.707299329543915, 42.288172140985019, 0.0 ], [ -79.707215481326216, 42.28817160467824, 0.0 ], [ -79.707124643568392, 42.288253458091916, 0.0 ], [ -79.707115861735517, 42.288261371446175, 0.0 ] ] } },
{ "type": "Feature", "properties": { "CalShoreTy": 1, "CalLandcov": 1, "CalSlope": 1, "CalSedi": 2, "CalRetreat": 3 }, "geometry": { "type": "LineString", "coordinates": [ [ -79.761121017311112, 42.269470029376173, 0.0 ], [ -79.760920233951495, 42.269510825806016, 0.0 ], [ -79.760852990317346, 42.269524488701009, 0.0 ], [ -79.760688181960958, 42.269558358222156, 0.0 ] ] } },
{ "type": "Feature", "properties": { "CalShoreTy": 2, "CalLandcov": 2, "CalSlope": 1, "CalSedi": 2, "CalRetreat": 3 }, "geometry": { "type": "LineString", "coordinates": [ [ -79.761861873017509, 42.269384179619543, 0.0 ], [ -79.76162126272709, 42.269390825013531, 0.0 ], [ -79.761493452498669, 42.269394354786201, 0.0 ], [ -79.761384602778207, 42.269416472072443, 0.0 ], [ -79.761235916652794, 42.269446683565441, 0.0 ], [ -79.761152418525498, 42.269463649137009, 0.0 ], [ -79.761121017309961, 42.269470029373053, 0.0 ] ] } },
{ "type": "Feature", "properties": { "CalShoreTy": 2, "CalLandcov": 2, "CalSlope": 2, "CalSedi": 2, "CalRetreat": 3 }, "geometry": { "type": "LineString", "coordinates": [ [ -79.728346790883876, 42.280338028795661, 0.0 ], [ -79.728146913948507, 42.280437411248435, 0.0 ], [ -79.727988247068851, 42.28051630284093, 0.0 ], [ -79.727942192129646, 42.280530030842939, 0.0 ], [ -79.727829597293919, 42.28056359287342, 0.0 ], [ -79.727806285918547, 42.280582298814906, 0.0 ], [ -79.727748641353173, 42.280628557169535, 0.0 ], [ -79.72768731017554, 42.280677773832473, 0.0 ], [ -79.727541465017964, 42.280662151376887, 0.0 ], [ -79.72753852073086, 42.280661835995538, 0.0 ], [ -79.727514231801806, 42.28065923424397, 0.0 ], [ -79.727480135359968, 42.280680644199791, 0.0 ], [ -79.72734933424654, 42.280762775613603, 0.0 ], [ -79.727299201903818, 42.280794254148994, 0.0 ], [ -79.727158743788152, 42.280871569762894, 0.0 ], [ -79.72709143434777, 42.280908620328177, 0.0 ], [ -79.727006284910601, 42.28091453289106, 0.0 ], [ -79.726935194108918, 42.280919468866806, 0.0 ], [ -79.726803675151785, 42.280928600369563, 0.0 ], [ -79.726703177523774, 42.280959296583653, 0.0 ], [ -79.726682657247395, 42.280965564326046, 0.0 ], [ -79.726680852616923, 42.281004689602817, 0.0 ], [ -79.726679500053976, 42.281034016895539, 0.0 ], [ -79.726655808878206, 42.281081364970234, 0.0 ], [ -79.726598462641448, 42.281086745820303, 0.0 ], [ -79.726578361732024, 42.281088631899131, 0.0 ], [ -79.726543739026411, 42.281093769547326, 0.0 ], [ -79.726504380003107, 42.281099610381787, 0.0 ], [ -79.726492812651642, 42.28109961496051, 0.0 ], [ -79.726394415524609, 42.281099649624707, 0.0 ], [ -79.726388769162625, 42.281100306409293, 0.0 ], [ -79.726359701074415, 42.281103688099854, 0.0 ], [ -79.726273659365972, 42.28111369787517, 0.0 ], [ -79.726154380352696, 42.281127572824182, 0.0 ], [ -79.72614764404841, 42.281127156496765, 0.0 ], [ -79.726121515237182, 42.281125542930084, 0.0 ], [ -79.726067995520566, 42.28112223783608, 0.0 ], [ -79.726057426192938, 42.28112158420835, 0.0 ], [ -79.726016452441073, 42.281107778558336, 0.0 ], [ -79.725977447485036, 42.281094635703788, 0.0 ], [ -79.725903197383346, 42.281058832016278, 0.0 ], [ -79.72579463366516, 42.281006482007889, 0.0 ], [ -79.725708601147218, 42.280984466058435, 0.0 ], [ -79.725694920484003, 42.280973468003317, 0.0 ], [ -79.725661499528059, 42.280946600456986, 0.0 ], [ -79.725624077140438, 42.280980852479587, 0.0 ], [ -79.725510680586467, 42.281014518902779, 0.0 ], [ -79.725502708207699, 42.281018676844042, 0.0 ], [ -79.725412303992485, 42.281065826474681, 0.0 ], [ -79.725348237243651, 42.281097425894693, 0.0 ], [ -79.725304169018969, 42.281119496791646, 0.0 ], [ -79.725104742548652, 42.281219376084969, 0.0 ], [ -79.724995265717553, 42.281274205377507, 0.0 ], [ -79.724904057145054, 42.281317848188699, 0.0 ], [ -79.724701839660142, 42.281414607693414, 0.0 ], [ -79.7244996215546, 42.281511366843553, 0.0 ], [ -79.724498229793525, 42.28151203278285, 0.0 ], [ -79.724312359502179, 42.281623386697994, 0.0 ], [ -79.724272949609613, 42.281646996867629, 0.0 ], [ -79.724125200022371, 42.281735511631517, 0.0 ], [ -79.724079211367169, 42.281763062717637, 0.0 ], [ -79.72404948552267, 42.281774415024685, 0.0 ], [ -79.723922205052617, 42.281823024342316, 0.0 ], [ -79.723917664039618, 42.2818244999524, 0.0 ], [ -79.723697169051235, 42.281896149843284, 0.0 ], [ -79.723592382204615, 42.28193020014421, 0.0 ], [ -79.723540859907459, 42.281946549654812, 0.0 ], [ -79.723470881933522, 42.281951642299646, 0.0 ], [ -79.723323393011171, 42.281962375657599, 0.0 ] ] } },
{ "type": "Feature", "properties": { "CalShoreTy": 2, "CalLandcov": 2, "CalSlope": 2, "CalSedi": 2, "CalRetreat": 3 }, "geometry": { "type": "LineString", "coordinates": [ [ -79.720063285939389, 42.282997101471977, 0.0 ], [ -79.719920502684516, 42.283094892099221, 0.0 ], [ -79.719898870787773, 42.283125141939799, 0.0 ], [ -79.71984950385459, 42.283194176067155, 0.0 ], [ -79.719741905124835, 42.283254820403613, 0.0 ], [ -79.719726374928157, 42.283263573447776, 0.0 ], [ -79.71954107147117, 42.283353088467678, 0.0 ], [ -79.719339420208016, 42.283450500037475, 0.0 ], [ -79.719279763825753, 42.283479318088403, 0.0 ], [ -79.719186281805264, 42.283583997380411, 0.0 ], [ -79.719183495316102, 42.283587117627476, 0.0 ], [ -79.719018683394125, 42.283711856295589, 0.0 ], [ -79.718889112879168, 42.283809921829132, 0.0 ], [ -79.718842974760548, 42.283832705038549, 0.0 ], [ -79.71864266303416, 42.283931619457292, 0.0 ], [ -79.718582298519422, 42.283961427471759, 0.0 ], [ -79.718509989816397, 42.284071257091455, 0.0 ], [ -79.718507420313045, 42.284072578895923, 0.0 ], [ -79.718374064881388, 42.284141179422825, 0.0 ], [ -79.718299667405049, 42.28415949689542, 0.0 ], [ -79.718293575603838, 42.28416099676005, 0.0 ], [ -79.718146291496311, 42.284295914237745, 0.0 ], [ -79.718098152603787, 42.284340011007664, 0.0 ], [ -79.717941842607345, 42.284377258468083, 0.0 ], [ -79.717931295174594, 42.284379771829464, 0.0 ], [ -79.717820174786866, 42.284401729422406, 0.0 ], [ -79.717750322566062, 42.284469071022826, 0.0 ], [ -79.71774261697341, 42.284476499649436, 0.0 ], [ -79.717648950064259, 42.284483137748374, 0.0 ], [ -79.717638946195564, 42.284482738839628, 0.0 ], [ -79.717546103964636, 42.284453433184765, 0.0 ], [ -79.717524834386168, 42.284446719408493, 0.0 ] ] } },
{ "type": "Feature", "properties": { "CalShoreTy": 2, "CalLandcov": 2, "CalSlope": 3, "CalSedi": 2, "CalRetreat": 3 }, "geometry": { "type": "LineString", "coordinates": [ [ -79.723323393011171, 42.281962375657585, 0.0 ], [ -79.723237821911738, 42.281968602920486, 0.0 ], [ -79.723231934362985, 42.281970876144463, 0.0 ], [ -79.723018433547907, 42.282053309965605, 0.0 ], [ -79.722978809725959, 42.282068608869807, 0.0 ], [ -79.722787375249894, 42.28210017413938, 0.0 ], [ -79.722699877067654, 42.282114601431843, 0.0 ], [ -79.722650402715601, 42.28211880313777, 0.0 ], [ -79.722628012228014, 42.282123128269397, 0.0 ], [ -79.722552308626391, 42.28213775131487, 0.0 ], [ -79.722482830387548, 42.282151171806632, 0.0 ], [ -79.722373408222481, 42.282198581057074, 0.0 ], [ -79.722332800820382, 42.282207116548683, 0.0 ], [ -79.722136255890177, 42.282248429161044, 0.0 ], [ -79.722107808572389, 42.282265352954063, 0.0 ], [ -79.722029822286089, 42.282311748235728, 0.0 ], [ -79.721891672587759, 42.282331692226442, 0.0 ], [ -79.721823135875752, 42.282341586466188, 0.0 ], [ -79.721678893979828, 42.282409533360536, 0.0 ], [ -79.721613028473598, 42.282440559996161, 0.0 ], [ -79.7214586362647, 42.282478637029897, 0.0 ], [ -79.721394726828933, 42.282494398642207, 0.0 ], [ -79.721222408449677, 42.282509105196993, 0.0 ], [ -79.721073252887649, 42.282521834700006, 0.0 ], [ -79.720983721309551, 42.282532493549084, 0.0 ], [ -79.72085949190695, 42.282547283095404, 0.0 ], [ -79.720786839247353, 42.282555932733629, 0.0 ], [ -79.720747017093586, 42.28256434400015, 0.0 ], [ -79.720677319129706, 42.282579065617874, 0.0 ], [ -79.720606471080188, 42.282605408867383, 0.0 ], [ -79.720603381765173, 42.282610663053525, 0.0 ], [ -79.720570965495398, 42.28266583032412, 0.0 ], [ -79.72053930251306, 42.282719715516933, 0.0 ], [ -79.720462737821549, 42.282824842275019, 0.0 ], [ -79.720435025277283, 42.282862892742273, 0.0 ], [ -79.720260700118075, 42.282902617744504, 0.0 ], [ -79.72017159319546, 42.282922923197638, 0.0 ], [ -79.720063285939389, 42.282997101471977, 0.0 ] ] } }
]
}
